haematocrit,haemoglobins,erythrocyte,leucocyte,thrombocyte,mch,mchc,mcv,age,sex,source
38.22611060743427,8.489011549541232,3.12,15.346371751046739,192,32.2,33.3,78.8,47,F,1
25.4,13.888511665111501,4.33,4.9,102,28.6,38.2,88.5,54,M,0
41.8,15.0,4.93,8.715533393774555,345,27.4,32.3,77.4,47,M,0
47.93856556200299,12.4,5.287846564502916,2.0,111,27.8,32.07525972088002,83.0,22,M,1
42.7,13.4,4.55,16.14798613695769,434,30.5,33.6,87.7,46,F,0
46.2,15.2,5.66,5.1,68,23.58781181404061,31.0119390033928,84.61133272892113,37,F,0
51.7,16.5,7.3194590173039655,9.7,69,21.8,31.9,68.3,58,M,0
42.1,7.4,5.12,8.0,103,27.3,33.3,82.2,49,M,0
34.7,13.4,5.16,7.1,321,29.3,33.6,87.42299596023256,80,M,1
46.3,15.1,5.91,8.715533393774555,150,28.2300392867936,33.8,78.3,32,M,1
35.4,15.3,4.94,9.2,244,30.635254870247312,34.3,76.1,56,M,1
30.054109856404,13.5,5.127307505310117,6.3,247,28.3,33.33647627682079,80.2,35,M,0
26.709945374260748,12.749350256875191,3.03,8.4,354,30.4,32.5,93.4,92,F,1
33.3,12.749350256875191,4.544802055001511,12.39015874088241,142,30.77110716463841,32.7,91.42250787166806,46,M,1
30.5,11.803450698174903,3.66,7.3,529,27.3,26.4,83.3,68,M,1
44.4,12.5,4.58,-0.9081079935993994,195,29.1,32.6,84.61133272892113,60,M,0
44.6,12.0,3.93,12.7,289,30.45029136208432,33.9,76.86296287255072,73,M,1
38.22611060743427,11.5,4.64,9.7,170,24.8,33.2,74.6,42,F,1
36.8,13.0,4.44,10.2,259,29.3,35.3,82.9,42,M,0
41.2,13.8,4.61,6.2,418,28.2300392867936,33.5,89.4,25,F,0
45.35104688966198,12.9,4.7,5.8,273,27.4,33.9,77.35124876935215,19,F,0
38.3,12.9,4.95,13.0,412,26.1,33.301565630498075,84.8,10,M,1
35.0,11.8,7.12,2.7,361,26.4,34.549828953776505,78.3,3,F,0
45.7,12.173243334084903,5.189501061102325,8.8,258,28.9,34.6,86.1,67,F,0
42.7,13.8,5.21,5.5,168,26.5,32.3,95.0,46,M,0
38.1,12.6,4.544802055001511,24.8,258,29.8,33.33647627682079,87.4,46,F,1
