age,sex,bmi,children,smoker,region,charges
62,female,38.095,2,no,southeast,25081.76784
57,male,17.29,0,yes,northwest,1875.344
39,female,36.955,2,yes,northwest,47496.49445
26,female,30.062781275367296,0,no,northwest,3176.8159
36,female,29.8,0,yes,southwest,18608.262
18,female,28.5,1,no,southeast,26053.12639361454
48,male,25.8,1,no,southwest,2007.945
19,male,30.78,3,yes,northeast,46702.43936287708
22,female,20.298760011935123,0,no,southwest,2154.361
18,male,53.13,0,no,southeast,1163.4627
21,male,27.265,1,no,southeast,5910.944
41,male,28.70398667048746,0,no,northwest,2130.6759
39,female,21.78,1,yes,southeast,6272.4772
18,female,35.75,0,yes,southeast,2219.4451
36,male,35.11108029018703,2,no,northwest,15019.76005
19,female,33.11,2,yes,northeast,34439.8559
34,male,36.955,0,yes,southeast,12741.16745
19,male,38.38,0,no,northwest,2709.1119
36,female,44.22,0,no,northwest,24513.09126
40,male,30.66339686098655,3,no,southeast,7196.867
55,female,28.93,1,yes,southwest,7117.946544621587
39,male,25.85,3,no,southeast,8615.3
63,female,33.66,3,no,southeast,15161.5344
29,male,29.735,1,no,northwest,37742.5757
36,female,39.432477767247676,2,no,southeast,44400.4064
45,male,25.175,0,yes,northeast,13270.422265141257
39,male,30.66339686098655,-1,no,southwest,10959.33
44,male,29.735,0,no,northeast,32108.66282
43,female,42.790567857744584,1,no,northwest,-9453.575130726818
57,male,34.01,0,no,northeast,11356.6609
54,male,25.365,2,no,northwest,30284.64294
19,male,27.9,0,no,southwest,13270.422265141257
37,female,35.6289046842457,1,no,northwest,-11434.42589669169
39,male,30.66339686098655,3,no,northwest,11436.73815
38,female,21.5,1,no,southeast,5974.3847
35,female,42.24,0,yes,southeast,27351.328972402363
61,male,24.51,0,no,southeast,15306.784005586334
43,female,20.69646625751589,2,yes,northwest,21880.82
62,male,39.93,3,no,southeast,5399.24660501788
26,male,24.225,2,no,northwest,13270.422265141257
48,female,35.91,1,no,northeast,2710.82855
23,male,30.66339686098655,0,no,southwest,13822.803
19,female,33.755188047409845,3,yes,southeast,13270.422265141257
53,male,31.35,0,no,southeast,22662.239420442394
45,male,36.48,3,no,southeast,42760.5022
58,female,31.825,4,no,southwest,30166.61817
52,male,42.9,1,no,southwest,4536.259
48,female,30.66339686098655,1,no,northeast,18157.876
52,male,29.6,0,no,southwest,9447.25035
57,male,25.974518082776697,1,yes,southwest,24656.895415596446
36,male,19.855,0,no,northwest,5458.04645
10,male,23.845,0,no,northeast,13270.422265141257
