age,sex,bmi,children,smoker,region,charges
29,male,30.66339686098655,1,no,southeast,10226.2842
63,male,31.8,0,no,southwest,13270.422265141257
62,male,31.73,0,no,northeast,14043.4767
51,male,24.6,1,no,southeast,21659.9301
39,male,21.349897596963462,0,no,southeast,1141.4451
39,female,22.895,1,no,northeast,4719.52405
29,female,32.11,2,no,northwest,4922.9159
32,male,39.2,2,no,southeast,4686.3887
44,female,23.98,1,no,southwest,8211.1002
45,male,55.13294874096562,1,no,southeast,9748.9106
57,female,28.975,0,yes,northeast,9724.53
30,female,43.12,2,no,southeast,4753.6368
34,female,53.13,2,no,northeast,15543.571562418798
59,female,27.5,0,no,southwest,16888.34463817581
30,male,25.46,3,no,northeast,3645.0894
61,female,30.2,4,no,southwest,27218.43725
33,male,19.095,2,yes,northeast,16776.30405
36,male,25.9,5,no,southeast,5472.449
44,female,30.66339686098655,0,no,northwest,7421.19455
26,male,30.0,1,no,southwest,13270.422265141257
49,female,32.3,0,yes,northeast,-10863.442672222463
61,female,34.74664321024451,1,no,northeast,13616.3586
62,female,46.53,0,no,southeast,-1319.1967727076535
55,male,27.94,0,no,southeast,31620.00106
60,male,32.19744224483079,1,no,southeast,10085.846
53,female,53.13,1,yes,southeast,23244.7902
