,synth,train,val,test,synth_value,real_value,jsd,wasserstein,diff_corr,dcr_rf,nndr_rf,dcr_rr,nndr_rr,dcr_ff,nndr_ff
0,0/synth.csv,0/train.csv,0/val.csv,0/test.csv,0.4609544015301284,0.49584429115300654,0.052685769983473074,0.031132251265839052,0.7191791568340304,0.0,,0.0,,0.0,
1,1/synth.csv,1/train.csv,1/val.csv,1/test.csv,0.39221566036548633,0.5629760811578994,0.08553214844464915,0.03536992057984424,0.6390707196120841,0.0,,0.0,,0.0,
2,2/synth.csv,2/train.csv,2/val.csv,2/test.csv,0.49297682983295027,0.4864045383411581,0.04697193133121935,0.01735741640321793,0.3994571101434023,0.0,,0.0,,0.0,
3,3/synth.csv,3/train.csv,3/val.csv,3/test.csv,0.4478234911403229,0.45152450610540273,0.0431892515664581,0.03134686560259079,0.63452996350447,0.0,,0.12317923819397492,,0.0,
4,4/synth.csv,4/train.csv,4/val.csv,4/test.csv,0.4773345995568217,0.5638491302208116,0.06048683467211906,0.03267515633927848,0.5176407205769612,0.0,,0.0,0.0,0.0,
