,synth,train,val,test,synth_value,real_value
0,0/synth.csv,0/train.csv,0/val.csv,0/test.csv,0.4609544015301284,0.49584429115300654
1,1/synth.csv,1/train.csv,1/val.csv,1/test.csv,0.39221566036548633,0.5629760811578994
2,2/synth.csv,2/train.csv,2/val.csv,2/test.csv,0.49297682983295027,0.4864045383411581
3,3/synth.csv,3/train.csv,3/val.csv,3/test.csv,0.4478234911403229,0.45152450610540273
4,4/synth.csv,4/train.csv,4/val.csv,4/test.csv,0.4773345995568217,0.5638491302208116
