haematocrit,haemoglobins,erythrocyte,leucocyte,thrombocyte,mch,mchc,mcv,age,sex,source
32.4,12.8,4.32,13.482479393541741,334,23.4,34.2,75.0,20,F,0
36.6,13.6,6.11707929970202,20.1,316,29.8,37.2,80.3,62,M,1
50.5,17.2,6.37,17.6,303,30.1,34.1,79.3,5,M,0
27.8,12.749350256875191,4.8482180268860615,13.3,460,29.00878634899656,35.8,84.5,63,M,0
41.3,14.2,5.11,13.5,279,16.1,34.4,80.8,30,M,0
30.756758449771187,11.1,4.544802055001511,12.4,258,27.293071082278765,37.3,75.0,56,M,1
38.22611060743427,10.3,5.27,16.2,572,23.1,33.265077827230314,64.5,46,F,0
42.2,14.5,4.81,5.9,207,27.0,34.4,87.7,46,M,0
46.9,7.4,5.479990884768257,7.0,50,28.0,34.5,81.1,34,M,0
47.1,15.7,5.44,7.7,174,28.9,33.3,84.61133272892113,74,M,1
30.9,10.1,3.19,7.4,219,31.7,33.33647627682079,96.9,69,M,1
30.0,9.739519387332807,3.16,10.1,220,31.0,32.7,94.9,39,F,0
38.6,10.6,3.58,6.5,403,28.1,31.2,82.1,30,M,0
35.4,12.749350256875191,4.544802055001511,1.3,49,29.5,34.5,89.51453543164203,44,F,0
37.1,10.5,3.36,8.715533393774555,107,31.3,31.591006247120717,94.0,45,F,1
50.0,17.0,5.8,4.4,105,29.314370445202975,34.0,86.2,25,M,0
26.8,8.9,4.7,19.648649585891185,10,25.786933754679634,33.2,74.9,32,F,1
44.45827402432335,10.1,4.28,2.3,267,29.9,33.33647627682079,102.67042855628979,40,M,0
18.8,14.4,4.81,5.2,258,29.9,32.4,84.7,72,M,1
31.670356287031947,12.9,4.82,-3.131999720916151,128,26.8,33.01295871686624,80.68378052229276,53,F,1
41.4,14.07518527450191,4.41,9.2,247,30.5,34.8,87.7,35,F,0
44.99283242854074,13.7,4.21,5.4,430,30.2,33.4,84.61133272892113,70,F,0
31.6,9.675135419125237,3.9339251151765295,4.151226793879052,341,28.2300392867936,33.4,87.1,32,M,0
23.9,7.4,2.89,8.715533393774555,119,25.6,31.0,85.45342471084177,84,M,1
38.22611060743427,8.1,3.1,5.3,125,26.1,34.25559024808844,80.4,62,F,0
41.5,16.251210072824065,4.9,5.1,291,28.2300392867936,34.0,92.3,91,F,0
