age,sex,bmi,children,smoker,region,charges
38,male,28.025,0,no,northeast,6067.12675
22,male,36.0,1,no,southwest,13270.422265141257
54,male,30.66339686098655,3,no,northwest,2680.9493
23,male,28.49,1,yes,southeast,18328.2381
39,male,27.94,0,no,southwest,25117.91026596621
51,male,23.655,0,no,northwest,3556.9223
36,female,41.47,4,no,southeast,-2561.164208068534
41,male,24.32,3,no,northwest,11436.73815
37,male,23.6094911370759,0,no,southwest,10594.50155
11,male,34.22690417597945,2,yes,southwest,44585.45587
59,female,31.9,1,no,northwest,39792.7671749872
31,male,39.49,1,no,southwest,14328.25842412436
43,male,30.66339686098655,3,yes,southeast,42124.5153
34,male,31.4,0,no,southeast,3935.1799
22,female,33.50976974478189,0,no,southeast,2154.361
32,female,44.22,0,no,southeast,3241.2443471835336
46,male,30.305,1,no,northeast,9500.57305
53,male,30.66339686098655,1,no,northwest,10942.13205
54,female,26.695,0,no,northeast,10928.849
18,female,30.115,0,no,northeast,8944.1151
38,male,34.21,1,no,southeast,13270.422265141257
46,male,25.8,1,no,southeast,10096.97
39,male,24.51,0,no,northeast,5757.41345
28,male,23.32,1,no,southeast,1711.0268
17,female,28.6,0,no,southeast,4687.797
39,male,40.42253481159003,3,no,southeast,13270.422265141257
33,female,29.06552361466127,1,yes,southeast,8083.9198
39,female,29.04,5,no,southeast,-9059.008057725046
55,male,39.7,1,no,southeast,14319.031
44,male,29.735,2,no,northeast,32108.66282
29,male,30.66339686098655,0,no,northeast,16138.76205
47,male,38.03979608617399,5,no,southeast,10983.699315097485
59,female,36.52,3,no,northwest,-2311.021040407213
41,male,34.43,3,yes,southeast,13270.422265141257
21,male,32.11,0,no,northeast,4433.9159
21,male,20.235,3,yes,northeast,3861.20965
18,female,41.14,0,no,southeast,421.40320979202727
55,male,17.86,1,no,northwest,5116.5004
41,male,33.155,1,no,northeast,42760.5022
47,female,17.1336854479482,2,yes,northwest,3994.1778
39,female,33.33,0,no,southeast,1135.9407
18,male,22.633259332132404,5,no,northwest,2352.96845
40,male,25.46,1,no,northeast,7077.1894
58,female,25.2,0,no,southwest,11837.16
23,female,27.28,4,yes,southeast,13270.422265141257
26,male,52.58,1,yes,southeast,-1407.1386691265943
39,male,30.66339686098655,1,no,northwest,3981.9768
33,male,21.001580169515535,2,no,northwest,8765.249
56,male,25.215203088437903,1,no,southeast,22412.6485
33,male,27.645,0,no,northwest,12957.118
35,male,26.125,0,no,southeast,5227.98875
36,male,29.92,1,no,southwest,9549.5651
