age,sex,bmi,children,smoker,region,charges
32,female,30.66339686098655,0,no,northeast,13270.422265141257
25,male,24.13,0,no,northwest,15817.9857
61,female,25.473856097806593,0,no,southeast,18033.9679
39,female,23.275,3,no,northeast,-1541.2807534472404
43,male,35.72,1,no,northeast,19144.57652
25,male,25.74,0,no,southeast,2137.6536
34,male,17.765,3,no,southeast,36649.12238844203
59,male,21.66,1,no,northwest,14349.8544
52,male,36.48,1,no,southeast,12235.8392
63,female,32.2,2,yes,northwest,47305.305
36,female,34.43,0,yes,southeast,37742.5757
53,male,31.26317390140154,0,yes,southeast,9487.6442
41,male,30.66339686098655,1,no,southeast,19730.76250211256
39,male,40.28,0,no,southeast,20709.02034
45,female,36.765,1,yes,southeast,8515.7587
23,male,37.1,-1,yes,southwest,4719.73655
18,male,21.12,2,yes,northwest,32734.1863
32,female,37.38810121833012,0,no,southwest,13270.422265141257
43,male,39.82,1,no,southeast,1633.9618
39,female,26.03,0,no,southwest,8964.06055
19,male,24.75791410827763,0,no,southwest,23082.95533
26,female,28.785,0,no,southeast,3385.39915
51,male,24.795,2,yes,northwest,23967.38305
48,male,31.445,-1,no,northeast,4883.866
33,male,19.8,0,yes,northeast,23931.69313649521
33,male,35.53,0,no,southwest,55135.40209
