age,sex,bmi,children,smoker,region,charges
54,female,24.605,3,no,southeast,12479.70895
24,male,20.8,-1,no,southwest,2302.3
20,male,30.685,0,yes,southwest,33475.81715
39,female,30.66339686098655,1,no,southeast,23670.396597435334
49,female,25.27,0,no,northeast,3044.2133
18,male,34.81529780389645,1,no,northeast,-13938.136247097224
19,female,25.895643636104584,1,no,northeast,1242.26
25,male,24.3,3,yes,southwest,12845.848958387747
22,male,27.9,0,yes,northeast,13270.422265141257
22,female,28.05,0,no,southeast,2155.6815
46,male,34.865,0,no,northeast,11944.59435
40,male,29.355,1,no,northwest,6393.60345
47,female,33.915,3,yes,northwest,30009.228473756455
18,male,34.1,0,no,southeast,14394.39815
39,female,24.225,1,yes,northeast,3556.9223
16,male,22.99,0,no,northeast,1704.5681
50,male,36.11046219968791,2,no,southeast,9058.7303
21,male,25.8,0,no,southeast,2007.945
24,female,33.345,2,yes,southeast,11931.12525
57,female,28.785,4,no,southwest,1137.011
24,male,24.7,0,no,southeast,1986.9334
20,female,30.66339686098655,0,no,southwest,48173.361
51,male,24.415,4,no,northwest,11520.09985
18,male,30.972166816238886,1,no,southwest,17178.6824
64,male,35.86,0,yes,northwest,13270.422265141257
64,female,20.52,0,no,northeast,35147.52848
