age,sex,bmi,children,smoker,region,charges
47,male,24.32,0,no,northeast,8534.6718
47,male,19.95,4,no,northeast,17128.42608
37,male,25.745,2,no,northwest,13462.52
35,male,35.86,2,no,southeast,5836.5204
56,male,36.1,2,no,southwest,12363.547
39,male,25.175,2,no,southeast,17673.401085178248
38,female,18.128966914361648,0,no,southeast,5383.536
45,female,35.815,1,no,northeast,16455.70785
52,male,34.485,3,no,southeast,60021.39897
35,male,27.61,1,no,southeast,4747.0529
29,male,23.998816433513703,2,yes,northeast,13270.422265141257
45,male,23.9,0,no,southeast,2497.0383
47,male,22.22005840099515,3,no,southwest,25382.297
62,male,33.2,0,no,southwest,3279.86855
24,female,30.66339686098655,0,yes,southeast,2480.9791
39,female,33.33,5,no,southeast,5727.001318563631
54,female,24.605,3,no,southeast,-1328.1629340180043
44,female,36.955,1,no,northwest,8023.13545
45,female,31.79,2,yes,northwest,17222.669838061498
27,female,35.3,1,no,southeast,7348.142
91,female,30.66339686098655,3,yes,northeast,13270.422265141257
48,male,37.29,0,yes,southeast,8978.1851
45,male,27.5,2,no,southeast,8615.3
18,female,33.5,0,yes,southwest,37079.372
24,female,32.918317778022626,0,yes,southeast,8162.71625
25,male,27.74,4,no,northeast,8026.6666
