age,sex,bmi,children,smoker,region,charges
39,male,22.705,3,no,northeast,13716.517368349563
35,male,24.13,5,no,northwest,2710.82855
28,male,32.9,2,no,southwest,36085.219
29,female,36.63,3,no,southeast,10381.4787
62,male,31.4,2,no,northwest,13270.422265141257
44,male,30.2,2,yes,southeast,13270.422265141257
32,female,32.24539576897877,1,yes,northeast,19717.255682641087
28,male,30.99709455291512,0,yes,southeast,34672.1472
54,male,34.21,0,no,southeast,3935.1799
48,male,44.22,2,no,southeast,4266.1658
37,male,25.555,1,yes,southeast,7319.590145955484
50,male,30.66339686098655,1,no,southwest,5312.16985
64,male,27.455,1,no,northeast,9617.66245
24,female,22.6,0,no,southwest,2457.502
28,female,27.669788657276193,1,no,northeast,3594.17085
54,female,30.66339686098655,1,no,southeast,-1787.831011038199
23,female,27.21001759932607,0,no,southwest,7443.64305
28,female,38.44448418316448,2,no,southeast,4349.462
60,female,23.81025115714603,2,yes,southwest,13224.693
52,female,32.205,2,no,northwest,11488.31695
52,female,24.86,1,no,southeast,1733.9057123476905
51,male,35.97,2,no,southeast,6455.86265
19,female,21.26715392804668,1,no,northwest,2730.10785
70,male,27.72,1,no,southeast,14349.8544
54,male,29.0,1,no,northeast,42983.4585
23,male,27.55,0,no,southwest,13270.422265141257
18,male,42.4,0,no,southeast,1607.5101
59,female,21.66,3,no,southeast,14001.1338
42,male,30.66339686098655,0,no,northeast,6600.20595
34,male,30.66339686098655,1,no,northwest,16325.846218347786
39,male,36.52,0,no,southeast,10086.344251179842
45,male,28.7,3,no,southwest,8027.968
51,female,23.714086116452588,0,no,southwest,9644.2525
36,female,30.66339686098655,4,no,southeast,7243.8136
28,male,19.95,3,no,southwest,4685.741619099172
36,male,30.97,3,no,southeast,13270.422265141257
31,female,36.63,0,yes,southeast,4949.7587
45,male,24.035,1,no,northeast,8604.48365
49,male,22.61,1,no,northwest,11946.6259
25,female,22.515,1,no,northwest,23288.9284
48,male,33.63,2,yes,southeast,44260.7499
39,female,25.2,0,no,southwest,47305.305
50,male,33.82,1,yes,northeast,5377.4578
39,male,25.46,0,no,northwest,13270.422265141257
47,male,17.40472620858962,1,no,southwest,8539.671
4,female,31.79,2,no,southeast,3056.3881
39,male,32.01,1,yes,southeast,9566.9909
53,female,23.465,0,no,northwest,1737.376
19,female,24.6,2,no,southwest,7223.360844073964
52,female,25.3,0,yes,southeast,38924.21822609044
20,male,41.8,0,no,southeast,5662.225
21,male,33.92303594115186,3,no,southwest,4260.744
