,synth,train,val,test,synth_value,real_value,jsd,wasserstein,diff_corr,dcr_rf,nndr_rf,dcr_rr,nndr_rr,dcr_ff,nndr_ff
lct_gan_0_0_0,lct_gan_0_0_0\synth.csv,lct_gan_0_0_0\train.csv,lct_gan_0_0_0\val.csv,lct_gan_0_0_0\test.csv,0.0,0.6454183266932271,0.5306003172456664,0.1109358911435742,5.688335716383439,1.8756743441968755,0.9989159680687838,0.398074352757757,0.5208718334592021,0.0258109671043766,0.4441956971125352
lct_gan_0_1_0,lct_gan_0_1_0\synth.csv,lct_gan_0_1_0\train.csv,lct_gan_0_1_0\val.csv,lct_gan_0_1_0\test.csv,0.0,0.59765625,0.5112865772211915,0.1067669693928583,5.292606432310144,1.6918326148605511,0.9987845907925936,0.401289244802445,0.5217034059483369,0.035168063524922,0.3836812855414526
lct_gan_0_2_0,lct_gan_0_2_0\synth.csv,lct_gan_0_2_0\train.csv,lct_gan_0_2_0\val.csv,lct_gan_0_2_0\test.csv,0.0,0.5750528541226215,0.5110506541550177,0.1288568723173284,6.561365060796553,2.7436234750335013,0.99988850526001,0.3912883171565151,0.4975364194359013,0.0309779662497198,0.4876106129643526
lct_gan_0_3_0,lct_gan_0_3_0\synth.csv,lct_gan_0_3_0\train.csv,lct_gan_0_3_0\val.csv,lct_gan_0_3_0\test.csv,0.0,0.6134453781512605,0.5118369889306873,0.110760155501074,6.8657709342780535,1.6125702681542229,0.9992746069808396,0.4055680591745615,0.5142310533025557,0.0322454087901359,0.4457037383207858
lct_gan_0_4_0,lct_gan_0_4_0\synth.csv,lct_gan_0_4_0\train.csv,lct_gan_0_4_0\val.csv,lct_gan_0_4_0\test.csv,0.0,0.6612244897959185,0.5312074958838044,0.1126348594873648,6.304651133035985,2.267024964422681,0.9998927274075122,0.3996885764564001,0.5212078162604378,0.0587492262279205,0.5192528464238714
