,synth,train,val,test,synth_value,real_value,jsd,wasserstein,diff_corr,dcr_rf,nndr_rf,dcr_rr,nndr_rr,dcr_ff,nndr_ff
lct_gan_0_0,lct_gan_0_0\synth.csv,lct_gan_0_0\train.csv,lct_gan_0_0\val.csv,lct_gan_0_0\test.csv,0.4650283553875236,0.6454183266932271,0.0437551753266618,0.046107898333295,3.970431947999794,0.8955892213436082,0.8739655749911206,0.398074352757757,0.5208718334592021,0.0002879216109106,0.008511190148386
lct_gan_1_0,lct_gan_1_0\synth.csv,lct_gan_1_0\train.csv,lct_gan_1_0\val.csv,lct_gan_1_0\test.csv,0.4351145038167939,0.6035502958579881,0.0935377957612227,0.0663518649526068,3.166773002678232,0.9822161826623804,0.863249337451185,0.4012892448024449,0.5217034059483369,0.0011911934151692,0.1767656020314198
lct_gan_2_0,lct_gan_2_0\synth.csv,lct_gan_2_0\train.csv,lct_gan_2_0\val.csv,lct_gan_2_0\test.csv,0.3971631205673759,0.5750528541226215,0.0133203944102718,0.0488994100677568,2.3556511468140275,0.7320698111467526,0.8538618236108232,0.391240014065082,0.4975527914636806,0.0003626936941161,0.0203353069320589
lct_gan_3_0,lct_gan_3_0\synth.csv,lct_gan_3_0\train.csv,lct_gan_3_0\val.csv,lct_gan_3_0\test.csv,0.3885918003565063,0.625,0.0522829757961971,0.0630585384761385,4.318698103359632,1.2262480735462302,0.9172170609385428,0.405782341910377,0.5144504354962349,0.0003707739033306,0.1980125055908386
lct_gan_4_0,lct_gan_4_0\synth.csv,lct_gan_4_0\train.csv,lct_gan_4_0\val.csv,lct_gan_4_0\test.csv,0.5089605734767025,0.6612244897959185,0.0084086799028815,0.039324184331322,1.804514666930617,0.8599152295456037,0.8589472727332376,0.3996885764564001,0.5212078162604378,0.0013985936758755,0.0269867950186035
