age,sex,bmi,children,smoker,region,charges
52,male,29.2,1,no,southwest,19050.34824281037
49,female,21.3,1,no,southwest,13270.422265141257
43,female,23.297125435297964,0,no,southeast,18767.7377
39,female,33.2,0,no,southwest,23343.764213652594
18,female,21.66,0,yes,southeast,34454.459262481716
19,female,39.615,1,no,northwest,16450.8947
48,female,22.135,0,no,southeast,8283.6807
28,female,29.26,-1,no,northeast,4438.2634
52,male,23.37,2,no,southwest,39241.442
33,female,28.27,1,yes,northeast,4779.6023
43,male,31.57,2,yes,southeast,5469.0066
32,male,33.63,1,yes,southeast,37607.5277
27,male,30.66339686098655,5,no,southeast,3070.8087
26,female,29.64,5,no,southeast,26788.228743962434
63,female,28.88,1,no,northeast,12096.6512
44,male,16.325129441418948,3,no,northeast,1712.227
45,male,32.9,2,yes,southwest,13270.422265141257
21,female,33.33,0,no,northeast,2585.85065
62,female,26.90191938503593,0,no,southeast,13937.6665
43,female,46.2,0,yes,southeast,45863.205
29,male,24.6,2,no,northeast,4529.477
37,male,30.78,1,no,northeast,37270.1512
36,female,30.66339686098655,1,no,southeast,5245.2269
30,female,38.14042139815797,2,no,northwest,26467.09737
39,male,26.18,1,yes,southeast,7046.7222
41,male,21.375,1,no,northeast,4500.33925
