haematocrit,haemoglobins,erythrocyte,leucocyte,thrombocyte,mch,mchc,mcv,age,sex,source
44.5,14.1,3.59,8.1,258,30.6,33.2,90.4,48,M,1
38.9,13.7,4.7,10.8,205,17.9,31.4,86.38609104131297,29,F,0
44.9,17.931698002808204,2.8,15.65888151233765,241,28.9,33.4,81.8,17,M,0
42.5,14.8,4.63,9.1,895,33.68404655793892,34.49779232966498,96.1,59,M,1
22.5,8.1,2.72,4.6,223,29.8,36.9503915374376,82.7,70,M,0
30.4,10.5,3.19,4.4,184,32.9,30.8,78.0,78,M,0
40.1,12.2,6.417472014284224,6.4,326,28.2300392867936,30.4,72.5,32,M,0
47.5,10.979496434656573,4.52,8.715533393774555,321,31.0,32.5,82.1,46,M,0
31.213831823870255,14.6,2.83,5.7,-40,31.8,33.0,96.5,46,M,0
39.794921375967924,12.749350256875191,5.63,7.5,329,29.3,35.7,82.1,46,F,1
38.22611060743427,14.7,4.544802055001511,6.7,254,30.2,34.3,88.1,41,M,0
29.335480278753526,10.4,5.24,5.839491591033704,258,25.546053770517016,32.4,54.0,45,M,1
28.982271714097475,14.7,4.151138884686496,5.6,247,27.3,33.1,82.4,30,M,0
41.9,9.0,5.26,17.4,303,27.215684446100255,34.8,84.61133272892113,82,M,0
37.7,10.1,4.76,13.6,151,29.1,34.9,84.61133272892113,53,M,1
69.0,12.1,5.102783056124791,6.2,328,30.0,34.8,86.1,69,M,0
26.8,8.8,3.24,15.6,207,27.2,33.33647627682079,82.7,58,M,1
39.6,13.1,4.53,8.1,227,27.3,33.1,90.45332506725497,31,F,0
36.2,12.3,4.170048670161214,-2.6039435919574947,81,28.3,34.0,83.2,37,M,1
32.6,7.5,4.544802055001511,8.0,244,28.2,34.4,95.4,24,F,1
26.5,8.9,2.77,8.493716873207054,247,28.2300392867936,33.33647627682079,95.7,72,M,1
35.9,15.904318824958354,4.34,9.2,320,27.6582563222907,31.393699077993578,82.7,28,M,0
44.6,12.749350256875191,6.83,3.4,150,20.6,33.793638815411626,65.3,36,M,1
30.3,9.9,4.7,17.2,282,27.6,33.0,90.33381701068677,47,M,1
34.8,11.5,4.03,6.3,211,28.5,32.7,72.71632261100609,100,F,1
38.22611060743427,13.617436589494982,4.83,8.715533393774555,416,28.4,36.8,84.9,87,F,0
