age,sex,bmi,children,smoker,region,charges
20,male,27.93,0,no,southwest,1967.0227
45,female,22.6,0,no,southeast,13270.422265141257
38,female,27.6,0,no,southeast,48173.361
60,male,39.9,0,yes,southwest,5383.536
33,male,32.49,1,no,southeast,3490.5491
32,male,28.31,1,no,northeast,11272.33139
49,female,23.051087179018126,2,no,southwest,9182.17
29,male,38.83,3,no,northeast,4527.18295
54,male,35.53,0,yes,southeast,36950.2567
30,male,30.66339686098655,1,no,northwest,5138.2567
27,male,22.914938520261735,0,yes,southeast,20034.97626982174
53,male,20.9,0,no,southeast,10179.772610582488
16,female,42.4,1,no,southwest,-6779.462190496832
18,female,38.28,2,yes,southeast,2294.9830555243043
27,female,40.15,0,yes,southeast,35332.7261521216
19,male,29.275610165240117,1,yes,southeast,39722.7462
54,male,35.2,1,no,southwest,7772.607991906959
33,female,29.355,2,no,northwest,4564.19145
39,male,26.885,1,no,southwest,4441.21315
33,male,33.44,1,no,southeast,2198.18985
53,male,31.16,1,no,northeast,10461.9794
24,female,27.645,0,no,northwest,2855.43755
49,female,30.66339686098655,1,no,southeast,9377.9047
63,female,25.84,1,no,southeast,10199.73076976126
39,female,25.35202201890853,1,no,southeast,6117.4945
30,female,28.12,0,no,northwest,2690.1138
45,male,33.345,2,no,northeast,5125.2157
29,male,30.66339686098655,0,no,southeast,3943.5954
60,female,29.657828556051474,3,no,northwest,10564.8845
19,female,28.31,0,yes,northeast,17081.08
39,male,31.35,0,no,southeast,27346.04207
55,male,31.69156621235299,3,no,southeast,9406.699943735055
53,female,32.3,5,no,northwest,29186.48236
32,female,37.335,0,yes,northeast,13270.422265141257
63,male,31.445,0,no,southeast,13974.45555
16,male,33.63,4,no,northeast,13270.422265141257
37,male,34.1,2,yes,southwest,40182.246
52,male,30.008245618330438,1,no,northwest,60021.39897
39,female,26.22,1,no,northeast,24059.68019
17,female,27.1,1,no,southwest,2968.021852039838
39,male,19.95,4,no,northeast,4005.4225
18,female,37.4,0,yes,southeast,12979.358
49,male,28.284797632502887,3,no,southeast,1141.4451
62,male,30.66339686098655,1,no,northeast,13270.422265141257
60,male,24.985,0,no,southeast,12142.5786
0,female,25.3,0,no,southeast,19539.243
27,female,18.842009521462295,1,yes,northeast,3561.8889
9,female,36.3,2,yes,southwest,9469.193161267014
51,female,39.5,0,no,southwest,9880.068
39,male,30.875,0,no,northwest,3062.50825
38,female,30.66339686098655,0,yes,southwest,13270.422265141257
30,male,39.94448012290861,0,no,northwest,24476.47851
