haematocrit,haemoglobins,erythrocyte,leucocyte,thrombocyte,mch,mchc,mcv,age,sex,source
35.4,12.0,4.59,10.9,252,26.1,33.9,57.3,4,M,0
42.868178340057575,12.749350256875191,5.59,5.076699405599378,247,25.1,33.4,87.3,69,M,1
41.2,13.4,4.58,11.5,337,32.27613558634036,33.7,90.0,24,M,0
38.8,13.2,4.49,4.8,57,28.2300392867936,34.0,86.4,80,M,1
45.9,15.1,6.11,16.1,51,34.8,33.33647627682079,75.1,-2,M,0
40.3,13.0,4.77,7.9,270,27.3,32.3,88.7,77,F,0
35.3,11.8,5.82,11.553989395467102,185,28.2,33.4,84.2,3,F,0
37.3,16.9,5.216084232298689,28.7,259,27.9,33.1,84.61133272892113,46,F,0
40.1,16.00983590477802,5.04,7.408638039259739,150,31.7,35.8,84.5,46,M,1
37.4,13.1,3.5,4.6,306,27.9,34.01434680674679,79.7,6,M,1
38.22611060743427,17.1,5.55,14.6,229,30.8,32.9327331450074,91.0,73,M,0
36.7,13.6,6.91,8.715533393774555,480,24.0,31.9,75.2,37,F,0
42.72001872347275,13.5,5.07,6.3,331,26.6,32.5,76.5,8,M,0
36.457185724423724,13.7,4.544802055001511,7.2,252,28.1,31.3,82.1,16,M,1
34.0,7.2,4.544802055001511,5.6,119,29.324455823175004,32.1,81.16767084613845,82,M,0
41.0,11.973796568346177,4.19,2.5,258,29.2,35.6,70.4,60,M,0
36.8,12.8,4.64,5.576897903826012,442,27.6,34.8,79.3,65,M,1
28.5,12.749350256875191,3.27,11.3,60,30.6,35.1,82.13401743508729,61,M,0
38.7,11.7,4.47,5.3,248,30.4,35.1,84.61133272892113,51,M,0
44.7,9.708045119046071,4.3,5.3,249,24.58632533292607,32.7,93.3,60,F,0
42.4,14.3,4.863803716949494,2.4,258,32.2,32.5,86.76017236487783,26,F,1
53.2,16.0423255906907,4.12043408319219,6.1,12,23.1,33.33647627682079,72.3743511580946,35,M,1
39.4,13.0,4.84,4.0,111,26.9,33.0,81.4,10,M,1
36.27693712907973,13.6,4.89,8.0,253,30.254464757509602,36.18911135467918,84.9,3,F,0
25.9,8.2,3.22,8.715533393774555,76,28.2300392867936,36.37334906739073,76.0,26,M,0
38.22611060743427,16.3,5.284984855933154,5.6,179,28.8,33.8,85.2,33,M,1
