haematocrit,haemoglobins,erythrocyte,leucocyte,thrombocyte,mch,mchc,mcv,age,sex,source
37.4,15.0,5.36,8.715533393774555,258,28.0,33.6,83.4,21,M,1
31.9,14.8,6.8,13.2,97,31.3,34.091235687642076,89.9,46,F,0
27.8,13.2,5.309859794304456,6.6,185,28.7,32.4,84.25045246335017,76,F,1
38.22611060743427,11.8,4.544802055001511,18.9,259,29.6,33.6,88.2,56,F,0
38.22611060743427,12.8,4.72,6.4,523,27.1,34.49880671098032,93.2,32,F,0
13.064710271402788,9.8,3.73,8.715533393774555,233,19.8,33.1,84.61133272892113,19,F,1
23.4,7.7,2.66,5.4,290,28.9,32.9,88.0,34,M,0
44.1,15.7,4.66,16.430820105218483,353,29.2,35.6,82.1,21,M,0
40.1,9.0,4.35,7.226148622372588,67,30.16611046520955,32.9,92.2,59,M,0
50.47619772136143,8.738780602757451,4.010099004863959,2.5,258,20.6,33.4,68.7,38,F,0
48.8,16.7,5.64,4.5,292,25.6,34.247589374224034,86.5,46,F,0
44.4,12.3,4.81,5.2,213,35.1,32.4,92.3,72,M,0
45.5,14.346030151160132,5.42,8.7,317,27.1,32.3,91.2,67,M,0
41.7,12.749350256875191,5.46,4.5,213,29.6,36.3,75.1,27,F,0
41.0,8.6,2.59,15.809958596343723,62,28.2300392867936,34.86835707331264,99.6,79,M,0
43.0,14.730323273359476,4.544802055001511,3.0,235,30.3,34.9,86.9,32,M,0
27.696624177048673,12.155082736697135,5.37,16.4,324,29.0,35.0,82.8,28,F,0
37.563885424428896,12.7,4.86135916491248,3.3,237,28.2300392867936,33.2,82.7,32,F,0
52.2,14.8,5.66,3.9,240,26.1,33.33647627682079,84.61133272892113,35,M,0
40.2,13.0,4.41,11.0,267,23.45324802287855,33.33647627682079,83.9,59,M,0
32.6,12.749350256875191,5.16756793295727,11.1,297,29.71089328759623,33.1,78.7,21,M,0
35.1,12.2,5.33,5.4,210,29.162398142281535,34.8,87.7711013638782,24,F,0
37.1,12.4,4.65,2.6844303417118596,133,26.7,29.9,79.8,88,F,0
40.7,13.6,4.52,8.2,132,30.1,33.4,83.88622961513586,38,F,1
25.8,13.7,4.53,1.6,225,30.2,36.9,98.42015479779077,70,F,0
