haematocrit,haemoglobins,erythrocyte,leucocyte,thrombocyte,mch,mchc,mcv,age,sex,source
53.2,9.1,7.35,7.3519938369579005,243,23.1,33.889474702871794,91.6,25,M,1
36.6,11.4,5.15,8.2,301,22.1,35.4,71.1,55,M,0
38.22611060743427,12.1,5.21,10.2,430,26.23914202990917,32.7,84.61133272892113,34,F,1
39.03079994626792,13.2,3.7999400488580557,7.7,288,31.0,35.5,84.9,24,F,0
36.8,12.7,4.83,9.7,258,31.3,33.0,76.2,11,F,1
46.5,15.7,5.68,6.9,148,27.6,36.19056462152084,81.9,29,M,0
34.3,12.749350256875191,4.41,8.0,215,25.4,32.7,93.31006620968391,8,F,0
42.5,13.4,4.99,11.0,347,26.9,31.5,84.0,47,M,0
40.0,12.9,4.57,8.715533393774555,258,28.2300392867936,32.3,87.5,46,F,1
21.7318665092364,9.0,3.36204938223068,26.8,678,27.9,33.0,91.93282925452088,35,F,0
43.0,11.9,3.9,5.3,12,28.2300392867936,33.6,90.8,35,F,0
47.5,12.9,4.71,2.7,107,27.4,34.1,80.3,48,F,0
31.7,13.739961926966334,3.46,11.1,135,31.8,34.7,72.4,49,F,1
28.6,14.8,3.59,7.4,360,24.685322626333633,33.33647627682079,79.7,74,M,0
38.249889025270335,10.5,3.34,17.0,275,31.4,34.4,91.3,83,M,0
46.5,15.957446181352639,5.16,14.194193808186231,280,30.0,33.3,92.67089531489039,37,M,0
45.1,12.963774371357873,4.59,7.1,362,30.7,34.0,83.11232836689845,46,M,0
33.0,10.996267096367587,3.88,10.2,331,28.1,33.0,85.1,99,F,0
35.4,14.5,4.45,-1.509824968665793,255,32.6,35.270882905668024,96.6,67,M,0
42.4,12.4,4.544802055001511,-1.5163905158886273,251,27.99966502128999,33.8,87.6,21,M,0
38.72337150131222,15.3,6.14,9.2,244,28.9,34.3,59.4,64,M,1
44.9,14.9,4.544802055001511,6.3,179,25.0,33.33647627682079,75.5,16,M,0
38.22611060743427,12.5,5.34,8.715533393774555,481,29.4,31.600374266016154,90.6,45,F,0
48.4,10.3,4.584037758080179,7.2,338,20.4,35.3,82.3,34,M,0
39.2,12.749350256875191,4.894528540426608,10.5,230,29.0,34.2,84.61133272892113,65,F,0
31.9,17.1,3.42,8.7,110,27.03362240626192,32.3,93.3,45,M,0
