haematocrit,haemoglobins,erythrocyte,leucocyte,thrombocyte,mch,mchc,mcv,age,sex,source
40.0,12.8,4.79,9.8,436,26.7,33.33647627682079,83.5,42,F,0
54.6692199461688,18.382764573629633,7.803423810783054,10.1,347,29.3,33.3,84.2,40,F,0
33.18328205063413,13.5,4.51,17.9,261,31.4,37.0,85.5,54,M,0
34.4,10.9,5.02,8.715533393774555,176,33.235946641073724,31.7,84.61133272892113,87,F,1
41.2,13.2,4.544802055001511,3.1,226,25.1,32.0,78.5,12,M,0
49.5,16.7,5.92,18.8,283,28.2,33.7,83.6,93,M,0
38.22611060743427,11.3,3.98,13.4,142,27.877310826680514,32.4,87.7,53,M,0
38.053423058892406,12.1,4.544802055001511,5.3,258,24.8,32.62439971538548,77.60856563457317,29,F,1
47.4,12.1,4.06,1.4,123,29.8,34.9,90.9,58,M,1
36.2,12.3,4.35,-0.5544199947379269,81,28.3,34.0,83.2,37,F,1
35.7,12.749350256875191,4.04,1.871467767821101,259,24.0,33.6,84.5069800661694,62,M,1
42.7,15.1,4.98,10.8,322,30.3,35.4,85.7,38,M,0
35.0,12.2,4.3198432988557665,8.4,94,28.2,31.3,80.8,76,F,0
44.4,12.0,4.85,8.715533393774555,186,24.7,31.2,79.4,26,F,0
31.7,16.5,3.59,6.0,382,28.2300392867936,30.9,63.1,8,M,0
39.6,13.3,2.997421154816708,5.6,276,31.1,33.6,77.63749036871113,65,M,0
42.4,14.3,5.09,2.9,60,28.1,32.8,93.4,53,F,0
40.5,16.4,4.38,6.5,258,28.2300392867936,34.1,92.5,46,M,0
34.7,9.8,5.94,9.4,380,30.424384604482654,35.037432731912894,84.61133272892113,24,M,0
40.6,10.763759863096613,5.54,6.57573657255009,319,27.9,33.33647627682079,83.4,51,M,0
38.22611060743427,12.9,4.8,3.6,271,23.95807551138108,31.7,91.8,56,M,0
36.8,11.7,4.33,9.520496619007234,223,27.0,33.7,82.4,41,F,1
44.5,13.035924094692813,5.36,3.8,200,29.5,35.5,83.0,38,M,0
31.491078954853826,12.749350256875191,4.303814716491992,8.5,268,28.3,32.59421154830531,84.8,24,F,1
43.6,12.2,5.04,2.7,105,30.2,34.9,84.07395519756928,75,M,0
41.8,9.477657088155295,5.14,6.1,187,28.1,34.037761609344415,86.4,46,M,0
