haematocrit,haemoglobins,erythrocyte,leucocyte,thrombocyte,mch,mchc,mcv,age,sex,source
34.9,11.6,3.74,7.6,344,31.0,33.2,80.78471164648019,73,M,0
27.066061738917142,9.5,3.87,9.7,329,27.1,35.0,78.0,46,F,0
38.22611060743427,14.1,4.7,8.0,291,26.740359634159283,33.2,89.8,41,F,1
38.6,13.0,4.12,9.8,258,31.6,33.7,93.7,80,M,1
38.6,12.749350256875191,4.31,8.715533393774555,360,29.5,31.3,89.6,65,M,0
36.4,13.699853988141928,4.54,7.6,234,24.5,32.48381607909429,80.2,4,F,0
41.4,13.4,5.76,16.751371033145602,171,25.9,32.009424091713726,86.9,16,M,0
43.9,14.4,5.636317302948348,5.9,572,28.351099004498423,32.8,89.2,24,M,0
42.127549632378404,7.97533499365519,2.3220201339048416,9.2,19,30.3,37.0,82.1,70,F,0
36.4,13.6,5.1,21.7,459,29.1,31.5,83.3,62,M,1
38.6,13.0,4.58,8.9,206,28.229285654081753,33.7,84.61133272892113,65,M,0
37.7,7.2,4.544802055001511,12.4,354,28.1,33.33647627682079,89.8,70,M,0
45.0,15.3,5.49,10.014253148791596,312,27.415250825795393,34.0,78.6,19,M,0
45.29425717262227,13.1,4.23,8.6,120,26.4,32.71993191433391,93.48673645219438,76,M,0
35.21141856504472,10.7,3.49,17.0,202,30.7,33.33647627682079,91.4,84,F,1
43.2,14.4,4.66,7.5,398,28.2,33.3,88.73846664764513,32,M,1
41.3,15.3,6.269226396386274,24.8,176,28.8,32.7,79.17798833872331,24,M,0
34.1,11.5,3.55,8.9,252,32.4,31.413200420607843,84.61133272892113,43,F,0
45.9,15.0,5.35,10.832806962679506,-198,18.3,32.7,85.8,46,M,0
45.6,18.511236311452578,4.52,14.786662202019969,273,31.2,34.4,90.7,63,M,1
26.9,12.749350256875191,4.544802055001511,7.1,279,23.8,34.0,69.9,25,M,0
34.3,11.6,4.457347293112677,19.1,258,28.2,33.8,83.5,66,M,1
40.5,13.8,5.1,8.715533393774555,514,28.2300392867936,36.0,80.1,43,F,0
40.2,10.4,4.4,4.7,166,30.7,33.6,91.4,10,F,1
38.22611060743427,11.390278010929723,5.33,4.1,254,28.7,33.8,85.0,86,M,0
41.0,13.5,5.43,7.2,176,28.2300392867936,33.6,84.0,55,M,1
