age,sex,bmi,children,smoker,region,charges
48,female,28.9,0,yes,southwest,13270.422265141257
30,female,30.66339686098655,1,no,southeast,4237.12655
24,male,18.442697798716924,0,no,southeast,13457.78565025407
18,male,27.36,4,yes,northeast,17178.6824
56,male,39.6,1,no,southwest,10601.412
47,male,29.64,0,no,southwest,-4253.80674256997
39,female,31.68883998413558,0,no,southwest,13224.693
37,male,25.4,0,no,northwest,11566.411804448955
56,male,22.1,0,yes,southeast,3691.113591729374
53,female,38.40204165474806,0,no,southeast,48673.5588
41,male,38.81973933242786,0,no,southeast,6933.24225
0,male,33.535,0,yes,northeast,34617.84065
54,female,32.3,1,no,northeast,1986.9334
27,male,35.936448092556184,0,no,southwest,27146.808371124745
46,male,42.9,1,no,southeast,9186.506291851882
22,male,30.66339686098655,0,no,southwest,20773.62775
56,male,31.785955566867063,0,no,northeast,1629.8335
47,male,19.19,1,no,southeast,13270.422265141257
38,female,19.95,2,no,southeast,1621.3402
39,male,21.375,0,yes,northeast,4500.33925
37,male,34.8,2,no,southeast,39836.519
54,male,39.9,0,yes,southwest,48173.361
36,male,28.025,1,yes,northeast,7348.142
72,male,38.9,1,no,northwest,10461.9794
39,male,32.395,2,no,southwest,40103.89
39,male,28.31,1,no,southwest,32787.45859
39,female,28.12,3,no,northwest,11085.5868
34,female,44.7,2,no,southeast,11411.685
61,male,26.8,3,no,southeast,3906.127
68,male,25.88926888634075,2,no,northeast,8347.1643
28,male,22.515,2,no,northwest,4428.88785
33,male,36.63,3,no,southeast,32244.312658579318
29,male,30.66339686098655,0,yes,southeast,48824.45
24,male,36.38143153129657,2,no,northwest,3537.703
24,male,29.92,1,no,northeast,11512.405
29,male,30.66339686098655,0,no,northeast,3943.5954
52,male,39.1,4,no,northeast,9369.622294482791
39,female,31.79,1,no,southeast,13270.422265141257
51,female,37.05,3,yes,southeast,46255.1125
49,female,30.78,2,no,northeast,13270.422265141257
54,female,21.85,1,no,southeast,10923.9332
42,female,32.87,0,no,northeast,7050.0213
39,male,38.94,2,no,southeast,13270.422265141257
35,male,23.9,5,no,southwest,5080.096
24,male,32.042727826566875,3,no,southeast,7325.0482
54,female,27.645,2,no,northwest,11305.93455
25,female,28.2,0,no,southwest,13041.921
25,female,33.99,1,no,southeast,3227.1211
29,male,28.7,2,no,southwest,8027.968
58,female,35.3,1,no,northeast,16663.411336196197
52,female,30.66339686098655,1,no,southwest,5012.471
40,male,38.61593992739018,1,no,northeast,-8271.295337560525
