haematocrit,haemoglobins,erythrocyte,leucocyte,thrombocyte,mch,mchc,mcv,age,sex,source
47.4,15.9,5.64,7.063975317965452,130,28.2,35.9,84.0,22,F,1
38.7,12.7,4.27,5.4,277,29.7,32.8,90.6,67,F,0
69.0,10.5,3.96,11.8,201,27.9,33.8,78.44090378731795,45,F,0
33.91137652073395,10.1,5.839607013164452,9.0,336,23.4,31.2,75.0,52,F,0
39.9,13.4,4.55,30.0,429,29.3,33.6,96.0,28,F,0
39.14118909650767,13.9,4.811516732001099,11.5,196,26.0,33.33647627682079,81.8,64,M,1
44.5,15.1,4.210480292913346,10.7,353,29.5,33.5,86.9,28,M,0
41.6,16.624313908769157,5.19,5.5,50,28.240881522015712,30.3,80.2,54,M,1
45.8,14.5,4.544802055001511,18.1,258,30.9,31.7,84.61133272892113,74,F,1
45.1,12.0,4.09,4.5,316,29.3,33.8,76.52436749641565,51,F,0
38.5,7.7,3.24,76.6,300,28.2300392867936,32.31572980465474,87.67058957499434,46,M,0
46.6,12.749350256875191,5.52,7.8,478,28.3,33.5,90.1,23,M,0
34.3,12.4,4.51,2.7,290,27.5,33.33647627682079,68.3,9,M,0
36.9,9.766437242363642,5.09,8.3,244,24.4,32.950145148797255,72.5,45,M,0
21.607862833885935,8.8,5.18,18.8,234,28.9,32.9,88.0,26,M,0
27.0,15.6,3.13,2.8,338,29.4,31.7907265775387,90.6,7,F,0
43.2,12.749350256875191,4.544802055001511,12.3,306,28.25015585511957,32.2,65.8446516630563,16,M,0
37.0,12.4,4.07,3.7,50,28.68195213868788,33.9,90.9,50,F,0
38.22611060743427,13.6,4.72,22.546080031914627,145,28.8,34.5,83.5,90,M,0
37.0,11.2,2.66,11.463383946003365,272,21.6,30.3,71.4,46,M,1
41.1,17.4,4.737077677177729,8.715533393774555,330,30.9,33.1,84.61133272892113,56,F,1
28.15487797030368,11.6,4.68,4.9,265,24.8,31.4,78.8,23,M,1
37.0,7.481781738831888,2.96,4.2,29,26.7,36.14523709727368,88.9,58,M,1
38.22611060743427,13.0,4.25,8.715533393774555,304,33.253997535179096,33.9,84.4,52,M,1
39.0,13.3,4.54,2.7,162,29.5,34.1,85.9,25,F,1
33.7,14.327612215383057,4.69,12.120457929289557,258,28.2300392867936,32.6,71.9,1,F,0
