,synth,train,val,test,synth_value,real_value,jsd,wasserstein,diff_corr,dcr_rf,nndr_rf,dcr_rr,nndr_rr,dcr_ff,nndr_ff
0,0\synth.csv,0\train.csv,0\val.csv,0\test.csv,0.41869843977268645,0.49584429115300654,0.23096403411676789,0.02814275066183463,1.4840058862771246,0.0,0.0,0.0,0.0,0.0,0.0
1,1\synth.csv,1\train.csv,1\val.csv,1\test.csv,0.46559406220349425,0.5629760811578994,0.15169559644949596,0.0337285064384301,1.2647418324220818,0.0,0.0,0.0,0.0,0.0,0.0
2,2\synth.csv,2\train.csv,2\val.csv,2\test.csv,0.5254813126864714,0.4864045383411581,0.21536660300680466,0.024538964710720427,1.4746053557082877,0.0,0.0,0.0,0.0,0.0,0.0
3,3\synth.csv,3\train.csv,3\val.csv,3\test.csv,0.40023117987323803,0.45152450610540273,0.22771209672585005,0.024487238800215895,1.5740671523075982,0.0,0.0,0.12317923819397492,0.1181055293682034,0.0,0.0
4,4\synth.csv,4\train.csv,4\val.csv,4\test.csv,0.39941487155317296,0.5638491302208116,0.21640679795571022,0.040576048209636,1.0317355001868516,0.0,0.0,0.0,0.0,0.0,0.0
