haematocrit,haemoglobins,erythrocyte,leucocyte,thrombocyte,mch,mchc,mcv,age,sex,source
47.017934986997915,15.110727343445207,4.27,14.20873224728972,479,26.060074937879264,34.16323676226985,97.10794684380102,76,M,0
37.0,11.376972519527762,4.37,5.1,152,28.6,33.5,88.0,51,M,0
34.6,12.749350256875191,3.86,21.1,346,28.0,33.33647627682079,89.6,67,F,1
49.6,13.256299932321427,6.03,11.1,258,27.4,31.5,82.3,36,M,0
36.4,15.207710995064977,5.63,8.0,150,28.2300392867936,33.0,80.7,22,M,0
41.7,13.4,5.17,8.2,281,25.9,32.1,84.61133272892113,8,F,0
37.5,11.8,2.77,8.715533393774555,145,25.3,33.3,80.3,25,M,0
26.4,7.4,4.63,8.6,367,15.9,27.704221364694146,56.7,19,F,0
38.1,12.2,4.72,11.1,303,25.8,30.8,79.1,46,F,0
26.6,16.8,3.21,1.0020212151060077,221,26.8,32.3,78.9,56,M,0
26.1,8.7,2.84,6.355703118025166,406,28.2300392867936,33.3,91.9,64,M,0
36.8,12.3,5.6512975975664075,40.9,233,26.376443386457517,34.215378130027275,85.4,45,M,1
39.376970406276804,8.6,5.62,8.9,308,19.4,33.33647627682079,85.9,30,F,1
45.9,12.749350256875191,5.59,6.0,258,26.8,32.7,82.1,21,M,0
33.9,14.6,5.725186326788399,8.715533393774555,119,24.4,34.8317410586048,81.1,2,M,0
30.8,9.9,3.72,11.7,211,26.6,32.1,82.8,65,M,1
39.02345244027502,9.5,3.04,18.6,161,31.3,32.6,84.61133272892113,25,M,0
29.4,9.1,4.544802055001511,7.6,217,21.8,31.0,70.5,25,F,0
39.6,12.4,3.098629863607968,5.4,448,28.9,32.5,75.44493237130554,19,M,1
43.88550177316394,12.4,6.420648742955544,6.6,321,29.9,31.2,66.79132084430319,59,M,0
35.8,9.1,4.96,13.8,70,24.4,36.7,86.31886018606978,46,M,1
38.22611060743427,15.8,4.544802055001511,7.0,124,29.964501190388766,35.2,86.5,24,M,0
41.1,13.7,4.95,3.8,204,27.478985880448626,33.3,83.0,83,F,0
31.0,13.7,4.66,8.2,376,29.6,34.0,87.0,36,M,1
34.5,9.8,5.75,11.1833866070038,393,17.0,36.0,60.0,1,M,0
38.22611060743427,12.8,4.37,2.1,23,33.0,34.1,85.8,39,M,0
