haematocrit,haemoglobins,erythrocyte,leucocyte,thrombocyte,mch,mchc,mcv,age,sex,source
27.9,9.1,3.58,11.7,272,21.782383764275927,32.6,77.2,83,F,1
35.2,12.1,4.05,6.2,215,29.9,34.4,86.9,15,F,0
38.22611060743427,11.7,4.08,4.8920897296182115,370,26.918539486865292,32.7,71.0,7,F,0
51.03392085651897,12.652042151131365,4.544802055001511,14.4,85,28.3,33.0,84.61133272892113,40,F,0
25.4,3.794011561003213,3.27,3.0,90,25.1,32.3,77.7,1,M,1
43.3,13.219273245233204,3.72,8.4,340,31.5,34.3,91.7,46,M,1
38.85566036796666,13.8,5.06,9.881571896814904,20,28.2300392867936,34.461157423382225,85.0,69,M,1
39.2,13.0,4.52,4.3,227,28.8,33.2,84.26255599250524,68,F,1
34.1,14.5,4.67,9.5,307,31.0,33.5,92.7,50,F,0
38.8,13.2,2.94,6.8,216,28.9,34.0,85.1,20,M,0
46.5,15.2,5.16,11.4,359,29.5,28.9,72.7,60,M,0
45.0,14.1,5.217570838486085,8.0,235,30.2,33.8,87.1,83,M,1
26.5,11.357530844241339,2.72,12.4,242,27.8,33.33647627682079,91.18653059221276,29,M,0
43.0,15.0,5.22,14.4,258,28.7,34.9,82.4,27,M,0
38.5,12.6,4.99,9.1,339,25.3,32.7,77.9,46,F,0
39.4,13.2,5.626712708908969,7.1,182,28.2300392867936,34.520432728542026,84.9,41,M,0
31.317832240770997,13.3,3.52,4.9,34,37.8,36.1,104.5,47,M,0
35.6,12.749350256875191,5.18,11.00223277358193,301,30.2,33.4,88.3,43,M,1
42.6,18.2,4.03,8.715533393774555,263,27.2,33.33647627682079,82.2,39,M,0
38.22611060743427,12.3,4.27,5.9,365,28.8,34.2,84.9440824172573,31,F,0
40.397567384316105,14.4,4.662528147222833,15.6,314,24.108789251691753,35.6,86.2,61,M,1
40.3,13.7,4.53,6.7,258,29.4,34.0,93.87764221051171,70,F,0
39.9,12.4,4.88,5.2,325,28.7,35.1,81.8,61,M,0
33.8,12.749350256875191,4.544802055001511,13.1,321,30.4,34.796421479272965,84.61133272892113,63,F,1
35.7,12.2,5.6230167463716505,8.715533393774555,311,27.716148513635016,33.7,77.4,2,F,1
40.6,13.4,4.91,12.353761894855964,65,27.3,32.10874360596548,82.7,11,F,1
