haematocrit,haemoglobins,erythrocyte,leucocyte,thrombocyte,mch,mchc,mcv,age,sex,source
40.7,15.0,5.47,12.1,114,30.03378185493865,34.0,78.8,14,M,1
40.6,14.5,4.86,10.9,322,29.8,35.7,83.5,50,F,0
49.01139544948231,15.6,5.23,6.6,282,28.2300392867936,33.90123308944756,85.7,41,F,1
41.3,14.2,5.38,12.935105884796968,232,27.8,34.4,92.6819735280709,46,M,0
43.1,12.9,4.8,8.715533393774555,186,26.9,31.7,82.31527215232838,45,F,0
40.7,13.0,4.145310970342247,9.9,282,28.3,33.2,85.3,57,M,0
39.5,13.2,4.06,-0.11594591830165735,220,29.0,33.4,86.8,47,F,1
39.8934700155595,13.4,4.44,5.2,295,30.2,32.9,88.7855777737611,60,M,0
37.0,12.7,4.55,5.5,150,28.2,34.3,91.1,37,M,1
41.0,13.5,4.91,7.8,228,27.5,32.9,83.5,50,F,0
39.5,13.5,4.544802055001511,24.1,617,28.0,32.9,85.1,58,F,0
35.9,12.1,4.359572631000212,13.2051630659683,271,29.4,33.7,84.61133272892113,66,F,1
38.22611060743427,12.749350256875191,5.46,7.2,278,28.2,33.33647627682079,84.2,76,M,0
45.8,14.624105340384604,4.91,7.0,258,31.3,34.90727941578041,84.5,28,M,0
25.837402902930144,11.2,4.87,10.032388375678792,609,23.9,30.8,79.7,29,F,1
40.8,14.010949385974952,5.66,6.6,196,23.1,32.1,70.3,29,F,0
34.6,11.6,4.34,5.7,208,26.7,36.6,74.7,5,M,0
43.5,12.14133582377469,5.81,1.5,342,25.3,33.849272684792574,74.9,38,M,0
25.4,17.5,4.417304873113262,26.6,145,27.7,32.5,81.7,65,F,0
40.9,12.749350256875191,4.49,14.2,294,28.868001666999884,29.4,91.1,46,M,1
33.268561049895254,13.694128083094824,4.544802055001511,3.8,258,22.9,33.6,68.2,24,M,1
42.6,13.5,5.19,12.8,340,24.401112965719527,32.22148969203026,76.3,-37,M,0
38.22611060743427,13.9,4.58,11.7,242,32.41546073807174,32.9,84.61133272892113,55,F,0
32.2,10.9,5.916883408430127,13.5,208,17.5,33.9,80.27090448730424,21,F,0
42.2,14.1,4.99,4.0,156,28.2300392867936,33.33647627682079,84.6,19,F,0
41.9,14.3,5.28,8.715533393774555,193,27.1,34.1,79.4,9,M,0
