age,sex,bmi,children,smoker,region,charges
35,male,28.9,3,no,northwest,9880.068
32,male,31.5,1,no,southwest,4076.497
46,female,48.07,2,no,northeast,3056.3881
49,male,20.587692773573522,1,no,southwest,23306.547
61,male,21.09,0,no,northwest,13270.422265141257
39,female,41.325,0,no,southeast,18955.22017
52,female,44.7,3,no,southwest,694.5888809463358
78,female,33.17260356819608,0,yes,southeast,47390.76740398657
39,female,30.5,0,no,southwest,13224.05705
63,male,34.87394891447757,1,no,northwest,15555.18875
42,male,32.3,5,yes,southeast,38245.59327
60,male,42.655,0,no,northeast,5757.41345
48,male,17.4,1,no,southeast,6272.4772
41,male,25.011044863621166,1,no,northwest,40650.52115265251
29,female,47.222062213155915,1,no,southeast,-6800.803815708049
19,male,30.495,0,no,northwest,11840.77505
48,male,34.01,0,yes,northwest,11356.6609
39,male,25.745,3,no,northwest,9301.89355
23,female,30.66339686098655,1,no,southeast,13270.422265141257
44,male,29.81,2,no,southeast,8219.2039
39,male,33.44,0,no,northwest,1851.4325678409277
61,male,26.07,4,no,northwest,9563.029
58,male,30.66339686098655,2,no,southeast,11362.755
50,male,27.36,0,no,northeast,10806.839
37,male,46.53,1,no,southeast,6435.6237
32,female,28.12,4,no,southwest,-2892.589726023889
40,female,26.404632537382067,1,no,southwest,-3238.354144558738
47,male,32.3,1,no,southwest,8062.764
39,female,36.63,2,no,southeast,4949.7587
33,female,29.609818542424915,1,yes,southeast,8654.95429110272
51,male,29.59,1,no,southeast,4562.8421
34,female,24.89,3,no,northeast,21659.9301
51,male,29.821133460498416,0,no,southeast,2304.0022
41,female,34.3,3,no,northwest,14119.62
53,female,31.608923278046074,3,no,northeast,13047.33235
19,male,36.1,1,no,southwest,10085.846
48,male,24.225,0,yes,southwest,21232.18226
36,female,30.66339686098655,0,no,southwest,12222.8983
20,female,31.79,2,yes,southwest,9432.9253
52,male,30.115,1,no,southeast,9788.8659
49,male,31.35,1,no,northeast,9290.1395
28,female,18.335,1,yes,northeast,4564.303471133032
54,male,35.2,3,yes,southwest,13270.422265141257
64,female,24.31,5,no,northwest,16455.70785
39,male,33.1,0,no,northeast,13393.756
29,male,24.6,2,yes,southwest,4529.477
58,female,30.66339686098655,0,no,southeast,11363.2832
45,male,22.895,0,yes,southeast,13270.422265141257
39,male,30.66339686098655,1,no,southeast,-3925.635228721978
23,female,34.03976892088357,1,yes,northwest,34166.273
24,male,26.79,4,no,northwest,13270.422265141257
34,male,24.32,2,no,northwest,2850.68375
