age,sex,bmi,children,smoker,region,charges
18,female,32.4,0,no,southeast,44260.7499
56,female,33.82,2,no,northwest,12643.3778
33,female,30.66339686098655,1,no,southeast,18185.134482014655
57,male,41.91,0,no,southeast,1837.2819
39,female,43.01,1,no,northwest,2154.361
23,male,41.69,1,no,southwest,11840.77505
48,female,31.834999599157598,1,no,northeast,13270.422265141257
19,male,31.825,1,no,southwest,2719.27975
10,male,28.31,0,yes,northwest,20984.0936
38,male,26.03,0,no,northeast,2102.2647
22,female,21.28,4,no,southeast,13270.422265141257
54,male,46.24203802238075,3,yes,northeast,48549.17835
29,female,42.05486089423702,0,yes,southeast,3366.6697
54,male,34.21,4,no,southeast,1149.3959
28,male,30.66339686098655,2,no,northwest,24106.074847158292
19,female,30.59,1,no,southeast,24059.68019
58,male,34.865,0,no,northeast,11944.59435
39,male,22.705,2,no,northeast,7173.35995
25,female,27.95750954594781,3,no,southeast,2721.3208
63,female,31.8,0,no,southwest,13880.949
51,male,27.2,0,no,southwest,2866.091
59,male,21.85,0,no,southwest,-2346.2679929147853
56,female,27.2,0,no,southwest,11073.176
25,male,25.84,1,no,northeast,3309.7926
63,female,37.7,0,yes,northwest,5287.298828564204
58,female,41.91,0,yes,southwest,24227.33724
