haematocrit,haemoglobins,erythrocyte,leucocyte,thrombocyte,mch,mchc,mcv,age,sex,source
50.25960807769434,10.3,5.27,16.2,572,17.927688998432036,30.707601057897502,64.5,1,M,1
42.2,12.749350256875191,4.81,7.2258185357535165,220,30.1,33.4,87.7,38,F,0
35.9,16.2,5.78,7.0,50,28.0,32.6,81.1,74,M,1
47.1,15.7,7.575924545063428,12.7,174,29.26102465835378,30.4,64.9,69,M,0
38.22611060743427,12.749350256875191,3.36,9.3,104,31.7,33.33647627682079,84.61133272892113,34,M,0
47.2,16.022134875540203,3.16,10.1,276,31.0,32.7,94.9,39,F,0
45.9,14.2,7.04,4.1,183,24.1,30.9,65.2,12,F,0
33.3,11.5,3.62,7.7,334,31.8,34.64145722814412,79.3,88,M,1
22.1,6.0,3.86,3.8,49,15.5,27.1,57.3,47,F,0
42.7,14.2,5.071043636859217,10.391803469150894,357,28.5,33.3,87.04734878987983,40,M,0
33.7,11.0,4.013386457703991,18.4,260,23.5,32.6,84.61133272892113,1,F,0
41.5,11.884986971260915,3.3,9.5,443,27.480584460585856,32.716902668052334,98.2,79,M,0
32.4,14.1,4.9,5.0,86,28.8,32.90295962786305,90.06371020385217,46,F,0
30.126733790155004,13.2,4.582059507994604,14.2,403,28.2300392867936,34.2,82.1,30,M,0
35.4,11.550040459854728,4.14,1.3,375,28.2300392867936,34.5,81.1278967119172,36,M,0
34.43087982236994,12.8,3.19,12.2,107,31.3,33.2,94.0,45,M,1
38.22611060743427,17.0,5.8,2.3,105,25.6,34.0,90.7,25,M,0
26.8,8.9,3.58,8.715533393774555,10,24.9,33.2,74.9,42,F,0
38.8,10.5,4.28,4.4,258,29.9,33.0,86.2,46,M,0
44.4,14.624217118583402,4.81,5.2,194,21.2,32.4,92.3,42,M,0
34.88638506741953,12.9,5.2,3.3,258,26.8,32.3,83.0,32,F,1
41.4,14.4,4.72,9.2,381,30.5,33.33647627682079,93.70708570940103,53,M,1
41.0,12.7,4.53,8.023336967857817,225,30.2,34.4,90.5,70,M,0
37.1,12.4,4.544802055001511,11.753507644398832,300,28.677767954093046,33.4,87.1,32,F,0
23.9,7.4,4.544802055001511,8.715533393774555,119,29.3,31.0,82.7,70,M,0
25.0,9.0,4.04,5.3,55,26.1,32.4,80.6,38,F,0
