age,sex,bmi,children,smoker,region,charges
44,male,15.683890601695502,0,no,southeast,7518.02535
21,male,16.815,1,no,southeast,3167.45585
62,male,19.95,0,yes,southwest,22412.6485
28,female,32.12,0,yes,northeast,3556.9223
59,female,34.8,1,no,southwest,34052.827324651436
46,male,38.17,0,yes,southeast,4992.3764
56,male,33.66,0,no,southeast,12949.1554
48,female,27.5,0,no,southwest,143.09315990373943
51,female,23.37,2,no,northwest,6686.4313
48,male,25.456110639282052,2,no,southwest,13270.422265141257
22,male,27.075,3,no,northeast,14129.345288954344
31,male,31.35,1,no,southeast,5138.2567
39,male,22.515,4,no,northeast,11953.257206526772
55,male,20.52,1,no,southeast,10807.4863
31,male,24.13,2,no,southwest,5327.40025
51,female,23.845,0,yes,northeast,24106.91255
55,female,32.775,1,yes,northwest,10601.63225
50,male,30.66339686098655,1,no,northeast,9910.35985
39,female,24.795,1,no,northeast,10106.13425
39,male,26.16984848751223,0,no,northeast,7858.556457934889
39,female,41.8,0,no,southeast,5662.225
47,male,27.83,4,yes,southeast,23065.4207
39,female,36.63,1,yes,southeast,49769.95203529041
49,female,34.77,1,no,northwest,13270.422265141257
40,male,23.845,0,no,northwest,2395.17155
39,female,30.66339686098655,1,no,southeast,8871.1517
30,female,32.01,5,no,northeast,4718.20355
62,male,30.66339686098655,1,no,northwest,9724.53
19,male,39.71,1,no,northeast,3756.6216
43,female,26.885,0,yes,southeast,24777.681143833637
60,female,41.42,1,yes,northeast,28476.73499
40,male,28.12,1,no,northeast,13270.422265141257
14,male,41.04502096103665,0,no,southeast,33907.548
61,female,32.015,5,no,northeast,24089.917949695875
52,female,37.525,2,no,southeast,13270.422265141257
64,male,26.41,0,no,northeast,14394.5579
39,female,32.86053045212909,2,no,southeast,6338.0756
39,male,41.14,2,no,southeast,47403.88
36,male,27.74,-1,no,northeast,5469.0066
41,male,25.205382971733407,1,no,northeast,7358.17565
19,male,30.59,0,yes,southeast,1639.5631
46,female,28.500260074782936,0,no,northwest,4673.3922
44,male,44.77,4,no,southeast,12644.589
32,female,32.67,3,no,northeast,44641.1974
40,female,42.062054329985244,0,no,northeast,9058.7303
37,male,37.063883245401726,1,no,southeast,-10948.75423450254
27,male,30.66339686098655,0,no,southeast,1769.53165
46,male,36.98137550473862,3,no,southeast,46151.1245
49,male,30.66339686098655,2,yes,southeast,23306.547
56,male,28.785,0,no,northwest,13270.422265141257
51,male,36.385,0,yes,southwest,4409.298648034124
63,female,31.445,0,no,northeast,2117.33885
