age,sex,bmi,children,smoker,region,charges
49,female,32.01,1,no,northeast,48173.361
47,male,30.66339686098655,0,no,northwest,18310.742
39,male,38.17,1,yes,southwest,4536.259
50,female,20.16241506075427,1,no,northwest,7348.142
56,male,32.11,5,no,northeast,26376.2828891881
47,male,19.57,1,no,northeast,8428.0693
60,female,17.48,2,no,northeast,13270.422265141257
34,female,21.375,-1,no,northeast,12589.38621110718
38,female,34.8,0,yes,southwest,44926.66797257904
38,female,39.9,3,yes,southeast,11512.405
40,male,20.916640089803384,1,yes,northeast,10923.9332
53,female,20.615,1,no,northwest,10461.9794
39,male,35.3,2,yes,southeast,16450.8947
50,male,15.37702193474615,1,no,southeast,11272.33139
57,female,27.74,0,yes,southeast,29523.1656
23,female,31.4,1,no,southwest,13270.422265141257
19,female,32.13036678623426,0,no,southeast,28856.999609708586
18,female,21.66,0,yes,northeast,14283.4594
23,female,30.66339686098655,0,no,northwest,26995.761629548488
37,male,30.66339686098655,1,yes,southeast,39871.7043
35,male,28.88,1,no,northeast,13607.36875
42,male,30.66339686098655,0,no,northeast,2850.68375
18,male,24.61094237576358,0,yes,northeast,13747.87235
54,male,27.17,0,no,southeast,8601.3293
39,male,31.9,5,no,southwest,13270.422265141257
44,male,32.506653744781715,1,no,southeast,13270.422265141257
39,female,35.1,3,no,southwest,9210.281825613893
50,female,32.174644720743906,3,no,northwest,11085.5868
37,male,44.7,0,no,southwest,11411.685
25,male,26.8,3,no,northeast,3906.127
39,male,42.9,2,no,southeast,38871.84719543448
28,male,24.31,2,no,southeast,47928.03
63,male,36.63,3,no,southeast,10381.4787
58,female,32.3,2,no,southeast,17641.122687340045
12,male,28.5,0,no,northwest,3537.703
46,male,41.65809628006421,1,no,southeast,1986.9334
29,male,31.16,3,no,northeast,13270.422265141257
52,male,33.25,0,no,southwest,9722.7695
45,female,18.55449035204699,0,no,southeast,17929.30337
51,female,37.05,1,no,southwest,46255.1125
49,female,28.82,1,no,northeast,9778.3472
54,female,32.68,0,no,northeast,20773.62775
39,female,30.19642826648233,0,yes,northwest,4399.731
47,male,38.94,1,yes,southeast,44202.6536
25,male,23.9,5,no,southwest,5080.096
24,female,25.8,1,yes,southwest,1972.95
54,female,30.66339686098655,2,yes,northwest,7729.75357925756
61,male,28.2,0,no,southeast,13041.921
36,female,33.99,1,no,southwest,3227.1211
45,male,28.7,2,yes,southwest,8027.968
63,male,32.395,2,no,southeast,20988.352944546623
34,female,33.7,1,no,northwest,17904.52705
