age,sex,bmi,children,smoker,region,charges
46,male,30.66339686098655,1,no,southwest,10436.096
47,female,21.3,1,no,southeast,9182.17
36,male,35.92195588570799,0,no,southeast,13270.422265141257
62,male,33.2,0,yes,southwest,13270.422265141257
48,female,21.66,0,yes,northeast,14283.4594
21,female,39.615,1,no,northwest,2730.10785
25,male,41.325,0,no,northeast,11931.12525
60,male,31.35,3,yes,southeast,46130.5265
40,male,32.775,1,no,southeast,39125.33225
20,male,28.785,0,yes,southwest,25585.778765395953
39,male,28.0,1,yes,southwest,10807.4863
38,female,26.07,3,yes,southeast,41949.2441
26,female,27.7,4,no,southeast,24671.66334
39,male,26.18,4,no,northeast,12096.6512
44,female,30.66339686098655,3,no,northeast,8891.1395
33,male,34.36900790757274,2,no,southwest,36085.219
19,female,22.135,1,no,southwest,2585.85065
34,male,27.55,1,no,northwest,13937.6665
43,female,31.060499500008618,0,yes,southwest,49627.54777222234
29,male,24.6,2,no,northeast,26792.104469386937
37,female,30.78,0,yes,northeast,37270.1512
34,male,34.21,1,no,northeast,26467.09737
52,male,36.765,2,no,northwest,5245.2269
42,male,28.88,1,yes,southeast,7046.7222
34,male,21.375,1,no,southeast,2555.3613322297424
27,female,30.90185756436718,0,no,northeast,3070.8087
