age,sex,bmi,children,smoker,region,charges
24,male,21.85354596803052,0,no,southeast,5709.1644
57,male,20.1,1,no,southwest,-2236.2689713922828
39,female,21.4,1,no,southwest,12957.118
28,male,32.205,0,yes,northeast,13270.422265141257
39,female,32.01,1,no,northeast,1719.4363
64,female,33.8,1,no,southeast,47928.03
56,male,32.11,1,no,southeast,11763.0009
28,male,35.435,0,no,northeast,6933.24225
24,female,31.825,2,no,northeast,16069.08475
37,male,36.19,4,no,southeast,20643.0623335321
45,female,38.285,0,no,northeast,7935.29115
62,female,31.13,1,no,southwest,13451.122
30,female,28.9,0,no,southeast,1743.214
41,male,32.01,0,no,southeast,-4579.28726273826
9,male,30.66339686098655,1,yes,northwest,11535.291639048835
19,male,42.98756888044294,0,no,southeast,7173.35995
44,male,14.52791371783459,1,no,northwest,20938.64559239657
59,male,25.46880316368544,0,no,southeast,11743.299
49,female,25.84,4,no,northwest,13270.422265141257
36,male,28.975,0,no,northeast,13270.422265141257
36,female,25.9,1,no,southeast,13844.506
38,male,19.475,3,no,northwest,3268.84665
41,male,24.86,2,no,northwest,7265.7025
31,female,32.9198950342463,2,yes,northeast,21659.9301
50,female,28.12,3,no,northwest,27691.09450549374
43,male,30.78,2,yes,northeast,13270.422265141257
32,female,30.66339686098655,1,no,northeast,23887.6627
29,female,40.3,0,no,southwest,2154.361
35,male,39.8,3,yes,southwest,15170.069
51,male,37.07,1,no,southwest,2150.469
39,female,35.03979422560385,1,no,southeast,22192.43711
26,male,32.49,1,yes,northeast,3490.5491
63,female,19.40640812895633,0,yes,southeast,4005.4225
35,male,27.74,2,yes,southeast,6593.5083
47,male,25.41,1,no,southeast,-1377.719891298122
39,male,28.31,1,no,northwest,13770.0979
30,female,33.33,1,no,southeast,6118.055767790491
39,male,39.6,1,no,southwest,10450.552
22,female,31.040248733501766,4,no,northwest,2207.69745
52,female,37.05,0,no,southwest,27117.99378
22,male,20.6,0,no,northeast,9264.797
28,male,30.66339686098655,1,no,northwest,34672.1472
48,female,27.93,4,no,southeast,5563.346311086768
26,male,30.66339686098655,3,yes,southeast,42124.5153
39,male,25.935,2,no,northwest,19361.9988
34,male,30.66339686098655,3,no,southwest,5253.524
19,male,20.3,1,yes,southwest,13270.422265141257
48,female,25.0,0,no,southeast,9500.57305
21,male,30.570577297062695,1,no,southeast,22204.408978209216
22,male,14.128484071757239,3,no,southeast,13887.204
29,female,22.22,2,yes,southeast,19444.2658
59,female,32.395,2,no,northeast,14590.63205
