age,sex,bmi,children,smoker,region,charges
46,male,29.1,0,no,southwest,9220.151481771418
32,female,33.155,3,no,northeast,12105.32
39,male,30.875,3,no,northwest,6796.86325
60,male,35.625,1,no,southeast,-24494.561897421416
28,male,26.315,3,no,northwest,5312.16985
64,female,30.66339686098655,0,yes,southeast,27037.9141
29,female,26.984243114910008,1,no,southeast,4058.71245
57,female,25.74,3,no,southeast,20187.588755271783
38,female,28.93,1,no,southwest,5974.3847
22,male,43.4,0,no,northeast,2055.3249
44,male,28.31,3,no,southeast,35516.67270268653
39,female,27.74,0,no,northeast,13270.422265141257
54,female,41.662207503060735,3,yes,northwest,12495.29085
23,female,24.225,7,no,northwest,8965.79575
35,male,40.565,3,yes,northeast,48549.17835
41,male,35.75,1,yes,southeast,40273.6455
27,male,35.5,1,no,northwest,34806.4677
19,male,30.66339686098655,0,no,northwest,1628.4709
46,male,33.99655751271805,1,no,northeast,8823.98575
22,male,30.875,1,no,northwest,5373.36425
19,female,36.005,0,no,northwest,13228.84695
63,female,25.555,0,yes,northwest,2211.13075
54,female,30.8,3,no,southeast,6128.79745
57,female,26.871706864877563,0,no,northwest,23807.2406
53,male,31.16,0,yes,northwest,13270.422265141257
37,female,27.74,3,yes,northwest,7281.5056
