age,sex,bmi,children,smoker,region,charges
37,male,34.485,0,no,northeast,3021.80915
18,female,29.525548593843787,1,no,southeast,13270.422265141257
56,female,28.31,0,no,northeast,11657.7189
34,male,36.955,2,no,southeast,12829.4551
39,male,35.86,0,yes,southeast,42862.20482431092
41,male,37.05,0,no,northwest,7265.7025
26,female,24.1,0,no,southwest,2974.126
55,male,23.94,3,no,northwest,30063.58055
24,male,29.3,0,no,southwest,1977.815
18,female,40.185,0,no,northeast,2217.46915
58,male,37.43,0,no,southeast,11381.3254
49,male,36.08,1,yes,southeast,31537.13136082406
41,male,37.715,1,no,northeast,6858.4796
39,female,23.87,5,no,southwest,8582.3023
18,male,35.815,1,no,northwest,6358.77645
34,female,30.181925928384295,0,no,northwest,11763.0009
39,male,37.4,0,no,southwest,22386.73660766662
19,male,43.12,2,no,southeast,4753.6368
40,male,33.155,2,no,southwest,13270.422265141257
64,male,30.66339686098655,1,no,northwest,30166.61817
18,male,35.10117892839532,1,no,southeast,1629.8335
25,male,26.79,2,no,southeast,4189.1131
27,female,24.75,0,yes,northeast,11455.28
53,male,30.66339686098655,1,no,southeast,11253.421
42,female,16.25831174824407,0,no,northwest,4320.41085
61,male,36.1,3,no,southeast,1414.4855179020178
