age,sex,bmi,children,smoker,region,charges
43,male,30.66339686098655,0,no,northeast,3736.4647
49,male,30.66339686098655,0,no,northeast,28101.33305
39,female,31.825,1,no,northwest,4134.08245
64,male,28.595,1,yes,southeast,7050.0213
62,female,25.0,0,no,southwest,13451.122
18,female,21.66,1,no,northeast,14283.4594
28,female,20.260785189183487,2,no,southeast,2689.4954
39,male,27.468913129596125,-2,no,southeast,3044.2133
54,male,28.27,1,no,northwest,10709.745297705242
12,male,26.170956250533894,1,yes,southeast,37607.5277
47,female,27.645,2,yes,northwest,24535.69855
29,female,30.66339686098655,1,yes,southeast,19107.7796
45,female,34.62850390797264,0,no,northeast,20191.64286855994
59,male,23.655,0,no,northwest,21593.331251788415
19,male,30.4,0,no,northwest,11396.9002
48,male,29.81,1,no,southeast,9487.6442
49,female,17.56541455821924,0,no,northeast,1256.299
30,male,28.716222686665336,1,no,northeast,4441.21315
59,male,25.4,1,no,southwest,11464.540268960009
20,male,33.0,1,no,southeast,1980.07
38,male,21.8,1,no,northeast,20167.33603
30,male,35.3,0,yes,southeast,40928.163088319845
50,male,37.3,0,no,southwest,20630.28351
31,male,20.4,0,yes,southeast,1308.4258863028672
73,female,42.655,1,no,southeast,37882.74222679723
26,male,23.481209559409034,1,no,southeast,3176.8159
51,male,31.35,-1,no,northeast,12622.1795
45,female,29.48,2,no,southeast,13270.422265141257
21,female,22.135,0,no,southwest,43254.41795
39,female,26.18,1,no,southeast,7046.7222
39,female,20.7,0,no,southeast,1242.816
53,female,23.87,1,yes,southeast,10579.711
23,male,32.7,3,no,southwest,4032.2407
63,male,33.66,2,no,southeast,15161.5344
38,male,33.63,1,no,southeast,4415.1588
39,male,30.66339686098655,1,no,northwest,13270.422265141257
63,male,30.8,0,no,southwest,13390.559
44,female,25.8,1,no,southwest,13270.422265141257
34,female,27.72,1,no,southeast,5484.4673
54,female,21.01,2,no,southeast,513.7407227656622
36,male,34.73193635259251,0,no,southwest,4402.233
18,female,25.08,0,no,southeast,-6179.039644790297
27,male,27.2,0,no,northwest,13270.422265141257
34,male,37.3,1,yes,southwest,13270.422265141257
36,male,33.69139816148967,2,no,southeast,38415.474
51,female,19.855,0,no,northeast,5458.04645
21,female,26.85993685980578,1,no,southeast,5969.723
56,male,30.66339686098655,2,no,northwest,4058.71245
46,female,36.385,1,no,northwest,-3109.019146720064
75,male,37.1,4,no,southwest,6414.178
39,male,33.63,3,yes,southwest,17128.42608
55,male,26.8,1,no,southwest,35160.13457
