age,sex,bmi,children,smoker,region,charges
38,female,34.8,2,no,southwest,6571.544
24,female,34.96,3,no,northwest,11289.10925
51,male,33.33,3,no,southeast,9642.220757945797
22,male,27.5,3,no,southwest,8615.3
39,male,40.30389398631478,2,no,southeast,42560.4304
19,female,27.6,0,no,northwest,2134.9015
56,male,33.33,4,no,southwest,13270.422265141257
52,male,32.775,1,no,northwest,4466.6214
49,male,29.83,0,no,southeast,9288.0267
37,female,30.875,3,no,southeast,6796.86325
52,female,31.124751879500984,1,no,southeast,-2558.837940618052
38,male,27.652247685423625,1,no,northeast,11554.2236
54,female,25.2,1,no,northeast,1633.9618
57,female,28.7,1,no,southeast,13270.422265141257
31,male,33.3,2,no,southwest,-4627.322207551935
28,male,33.0,0,yes,northeast,17878.90068
35,male,36.67,3,yes,northeast,39774.2763
18,female,39.82,1,yes,southwest,11837.16
31,male,45.06150749284869,2,no,southwest,4463.2051
32,male,37.18,2,no,southeast,4673.3922
22,female,30.66339686098655,0,no,southeast,2155.6815
58,female,30.66339686098655,0,no,northeast,12430.95335
26,male,30.0,1,no,northeast,2904.088
52,male,28.5,5,no,southeast,6799.458
63,male,33.0,1,yes,southeast,7682.67
39,female,24.795,1,no,southeast,8859.947300449334
