age,sex,bmi,children,smoker,region,charges
35,female,34.105,4,yes,northwest,39983.42595
47,female,19.0,0,no,northeast,36593.05759588096
52,male,28.27,3,no,southeast,4779.6023
39,male,45.43,2,no,southwest,6356.2707
27,female,37.73,0,no,southeast,41034.55247781937
45,female,27.83,2,yes,northeast,8515.7587
49,male,30.9,-1,yes,southwest,3560.352507854068
70,male,23.085,3,no,southeast,5152.134
42,female,24.985,2,no,northwest,8017.06115
43,male,24.1,1,no,southwest,26236.57997
27,male,32.585,1,no,northeast,4846.92015
39,male,28.1,2,no,southwest,13270.422265141257
61,male,31.46462152126826,0,no,southeast,5729.0053
32,male,25.683491273746302,0,no,southeast,4462.7218
43,male,30.66339686098655,1,no,southwest,21900.820864944835
53,female,24.612427615045807,0,no,southeast,13270.422265141257
34,female,19.0,3,no,northeast,6753.038
38,female,24.1,0,no,southwest,2974.126
41,male,30.59,2,yes,northwest,7256.7231
49,male,32.775,0,yes,northeast,10435.06525
26,female,27.6,1,no,southeast,18955.22017
44,male,37.521604603650104,0,no,southwest,9144.565
33,female,26.4,1,no,southeast,25992.82104
38,male,16.815,2,no,northwest,6640.54485
34,female,36.08,1,no,northeast,37701.8768
24,female,30.66339686098655,0,no,southeast,25081.76784
