haematocrit,haemoglobins,erythrocyte,leucocyte,thrombocyte,mch,mchc,mcv,age,sex,source
32.7,12.749350256875191,5.405397850563204,8.715533393774555,348,19.0,32.8,84.61133272892113,15,M,0
38.22611060743427,13.5,4.68,8.715533393774555,258,28.8,36.8,88.2,86,F,0
41.3,14.1,4.66,12.8,251,23.22451930694409,34.1,90.85729432821933,46,F,0
47.8,11.0,5.65,7.7,230,28.8,34.1,84.6,21,M,0
49.3,16.4,4.652641605283545,12.6,322,28.0,33.3,84.1,32,M,0
43.0,15.0,4.544802055001511,7.6,266,34.1,34.9,85.0,17,F,0
38.5,14.587099661282547,4.32,2.4,218,31.7,33.33647627682079,64.5,77,F,1
48.4,15.3,5.1,7.2,183,30.0,30.6,84.61133272892113,32,M,0
43.4,12.749350256875191,6.62,6.8,392,28.0,33.4,89.1,47,M,1
34.9,11.0,4.57,10.461104648638068,333,24.4,31.5,80.08592545999824,60,M,0
39.92559357728131,11.8,5.08,7.0,160,26.43332010325315,32.6,84.6,35,M,1
39.21545208802444,10.3,5.36,10.491559519363268,387,28.374733013862055,30.9,95.3,-13,M,0
46.6,15.8,4.544802055001511,8.7,258,29.5,34.34996805010926,86.9,46,M,0
37.1,14.0,4.04,9.0,301,29.2,31.8,91.8,76,F,1
38.22611060743427,14.5,4.81,18.586083705510795,269,30.1,32.822484531753915,74.0538617864882,59,M,0
40.8,10.986477625687058,5.84,8.7,73,24.8,35.5,84.9,7,M,0
41.0,13.5,5.27,10.0,248,25.6,32.9,77.8,94,F,1
37.2,7.6,2.53,5.8,291,30.0,31.5,74.8,50,M,0
37.713238902889515,16.3,5.81,10.1,246,28.2300392867936,32.20689981095199,84.2,40,F,1
37.0,12.122171646766908,3.4397603733342703,3.8,34,28.2300392867936,31.56478872730971,81.75397493363793,45,M,1
24.1,13.4,4.58,6.6,151,29.126859840112637,35.3,81.2,34,M,1
35.6,12.0,4.36,32.3,496,27.8,34.0,81.7,103,M,0
41.7,11.3,4.15,12.1,185,27.2,34.1,79.8,45,M,1
37.3,11.6,2.7054268925205136,4.1,100,25.2,31.1,81.1,1,F,0
41.415404173807126,15.7,5.63,2.9,159,27.9,32.9,84.7,88,M,1
44.7,19.985598279377093,4.45,8.181332520239028,266,29.8,33.33647627682079,83.4,32,F,1
