age,sex,bmi,children,smoker,region,charges
62,male,22.515,0,yes,northeast,8688.85885
49,male,14.22104608881942,0,no,southwest,36950.2567
29,male,21.755,1,no,southwest,16657.71745
61,male,30.66339686098655,2,no,southeast,13129.60345
22,female,24.001708071031686,2,no,northwest,16265.241069681208
36,male,24.398177581291215,3,yes,northeast,6746.7425
42,male,31.255,0,no,northeast,6358.77645
42,female,32.01,1,no,southeast,16612.0249516516
30,male,28.38,1,yes,southeast,10560.4917
46,male,26.62,1,no,southeast,13270.422265141257
30,male,35.53,5,no,southeast,12957.118
23,female,27.2,0,no,southeast,9480.074862303867
49,male,23.767298977653034,1,no,northeast,9282.4806
44,female,30.66339686098655,1,yes,northeast,1632.56445
59,male,24.7,0,no,northeast,12323.936
48,male,34.99435173342287,3,no,southeast,9563.029
58,male,33.44,0,no,northwest,12231.6136
19,female,29.8,0,no,southwest,25665.221347117717
44,female,34.043374083213,0,yes,southeast,42983.4585
41,female,25.175,0,no,southwest,4934.705
58,male,28.4,1,no,southwest,1842.519
39,male,29.83,0,yes,northeast,13270.422265141257
39,female,30.66339686098655,0,no,southwest,6877.9801
19,male,33.725,0,no,northwest,11376.226282731155
59,female,22.04,2,no,northwest,13616.3586
61,male,41.14,1,yes,southwest,48970.2476
55,male,25.46,0,no,northeast,13270.422265141257
51,male,29.2,1,no,southwest,13937.6665
50,male,32.11,2,no,northeast,25333.33284
34,female,23.707633990505478,1,no,northeast,5002.7827
37,female,26.695,0,no,northeast,-1938.4692917499078
58,male,23.066388592748236,0,no,northwest,-14710.285805368294
38,female,23.97396513981186,2,no,southeast,9095.06825
78,male,26.695,-1,yes,northwest,28101.33305
48,male,32.3,1,no,northwest,8765.249
63,male,33.915,1,no,southeast,13270.422265141257
39,male,31.35,4,no,southeast,4561.1885
54,male,33.0,0,no,southeast,3756.6216
19,male,25.555,0,no,northwest,39556.4945
19,female,40.37,1,no,southeast,34664.24162267364
18,male,30.66339686098655,1,no,southeast,1633.0444
36,female,25.175,0,no,northeast,10976.24575
35,female,37.43,0,no,northeast,2138.0707
28,male,32.68,2,no,southeast,34672.1472
36,male,31.5,0,no,southwest,12646.207
39,female,30.66339686098655,0,no,northwest,13415.0381
47,male,27.5,3,no,northeast,14650.883182401696
39,female,23.845,1,no,northeast,2395.17155
46,male,27.74,1,no,northwest,13270.422265141257
32,male,39.425,1,no,northeast,8342.90875
62,female,23.878162126475978,1,no,southeast,21774.32215
51,female,27.3,2,no,northwest,-10544.157178117948
