age,sex,bmi,children,smoker,region,charges
63,male,31.8,0,no,southwest,20653.261475242165
51,female,33.181951904209285,0,no,northwest,9644.2525
39,female,28.27,1,no,southeast,4779.6023
35,male,24.42,0,yes,southeast,19361.9988
40,female,28.29723692709615,1,yes,northwest,13270.422265141257
51,male,30.666782798606064,4,yes,southeast,44400.4064
51,female,33.915,0,no,southeast,9866.30485
53,male,28.6,1,no,southwest,11253.421
44,female,23.516606752473855,1,yes,northwest,19594.80965
64,male,26.41,0,yes,southeast,13270.422265141257
33,male,39.7,1,no,southwest,9391.346
39,female,35.42,2,no,northwest,13012.20865
52,male,35.86,2,yes,southeast,27375.90478
19,female,37.905,0,no,southwest,430.9989851984683
18,female,31.92,3,no,southeast,2205.9808
45,female,31.73,1,no,southeast,8604.48365
54,male,29.2,1,no,southwest,13270.422265141257
28,male,34.32,1,yes,southwest,5934.3798
38,male,30.69,1,no,northwest,-10662.7512998348
28,female,30.8,0,no,northeast,8310.83915
61,male,12.12761834823972,2,no,northeast,13129.60345
45,female,30.66339686098655,2,no,southeast,8516.829
21,female,26.476416750002265,1,no,northeast,12473.522367232572
37,female,28.93,3,no,southeast,5116.5004
22,male,38.06,1,no,northwest,13270.422265141257
25,female,16.815,1,no,northwest,34427.28499093509
54,male,34.105,1,no,northwest,6600.20595
26,male,22.42,4,no,northeast,18972.495
18,female,33.77,1,no,southeast,-12152.360157703317
39,male,30.495,3,yes,northwest,40720.55105
39,male,31.295256121416635,0,yes,southeast,6117.4945
39,male,21.713100330101145,2,no,northwest,10156.7832
49,female,23.845,3,yes,northwest,24106.91255
59,female,27.83,1,no,northwest,14001.2867
45,female,30.66339686098655,4,no,southwest,24091.15431459767
57,male,31.54,0,no,southeast,20189.475530669624
39,female,27.94,1,yes,southeast,19107.7796
39,male,39.615,2,no,northwest,2730.10785
40,female,27.645,1,no,northeast,10564.8845
32,female,30.66339686098655,1,yes,northwest,32734.1863
49,male,25.3,0,no,southeast,8124.4084
51,female,25.27,0,no,southeast,6686.4313
50,male,25.46,2,no,southwest,9225.2564
62,female,30.66339686098655,0,no,southeast,13457.9608
50,female,28.16,3,no,southeast,14221.32517699755
47,male,23.32,1,no,northeast,11848.141
54,male,17.86,1,no,northwest,5974.3847
24,female,22.6,0,no,southwest,1692.074398471199
26,male,24.035,0,no,southeast,4529.477
18,male,33.90208951238718,0,yes,northwest,13270.422265141257
22,female,30.66339686098655,3,no,northeast,35595.5898
52,female,25.260159106395335,0,no,northwest,4134.08245
