age,sex,bmi,children,smoker,region,charges
47,female,31.8,2,no,southwest,-2279.997710272215
51,female,18.05,0,no,northwest,8302.53565
33,male,32.61519354289935,1,no,southeast,4779.6023
38,male,19.0,4,yes,southeast,29965.148244562384
34,female,30.66339686098655,1,yes,northwest,43943.8761
51,female,30.66339686098655,-2,yes,southeast,42436.54875247831
39,female,32.23,0,no,northeast,20421.50723423541
36,male,45.07337727770005,3,no,southwest,11253.421
64,female,15.24575736250539,1,no,southeast,13270.422265141257
9,male,26.41,0,no,northeast,14394.5579
51,female,24.035,0,no,southwest,9391.346
60,female,30.66339686098655,1,no,northwest,13012.20865
43,male,27.645,2,yes,southeast,18972.495
35,male,30.4,2,no,southwest,1256.299
39,female,28.02411505719488,0,no,northeast,2205.9808
45,male,39.7,2,no,northwest,8604.48365
54,male,29.2,1,no,southeast,10436.096
35,male,28.82,0,no,southeast,5934.3798
25,female,30.69,0,yes,southeast,5976.8311
35,male,21.28,1,no,northeast,15170.069
57,male,23.655,0,no,northeast,13270.422265141257
45,female,30.093341604961857,2,yes,southeast,8516.829
39,male,32.66729699160557,5,no,southeast,7880.501487334717
38,female,28.93,1,no,southeast,5974.3847
50,male,30.66339686098655,1,no,northwest,8034.683218419116
18,female,38.28,0,no,southwest,-21716.710826941566
28,male,33.0,2,no,southeast,4349.462
28,male,23.98,3,no,northeast,17663.1442
29,male,27.987878775949653,1,yes,southeast,16138.76205
52,female,37.4,3,no,southwest,9634.538
27,male,30.66339686098655,2,no,northwest,11837.16
58,female,25.2,0,no,southwest,5257.50795
20,male,33.33,0,no,southeast,1391.5287
58,female,29.0,0,yes,southwest,11842.442
30,male,37.43,3,no,northeast,5428.7277
58,male,36.97969290706004,1,no,southeast,11362.755
24,female,23.21,0,no,southwest,25081.76784
31,female,29.440957845962863,0,no,northwest,-5676.402647257724
54,male,25.3,1,no,southeast,13270.422265141257
32,male,17.765,0,no,southeast,13270.422265141257
45,female,35.86,0,no,southeast,13457.9608
39,female,25.27,1,no,northeast,3044.2133
63,male,25.46,0,no,southeast,19933.458
98,female,26.337777508418267,0,no,southeast,8124.4084
50,male,28.16,1,no,southeast,10702.6424
31,female,32.68,1,yes,southeast,12786.607413449603
19,female,28.215,1,no,southeast,13270.422265141257
25,male,22.6,0,no,southwest,5458.04645
39,female,35.42,0,no,southeast,2322.6218
45,male,31.68,0,yes,northwest,34303.1672
22,female,31.02,3,no,northeast,5920.1041
19,female,39.615,1,no,northwest,15913.938789180906
