haematocrit,haemoglobins,erythrocyte,leucocyte,thrombocyte,mch,mchc,mcv,age,sex,source
38.22611060743427,12.4,4.35,5.5,280,28.5,35.3,86.9,39,F,1
35.0,12.32276070149912,4.36,8.715533393774555,377,30.3,34.02489373910965,89.1,36,F,0
39.1,13.8,5.27,14.1,276,30.3,32.8,85.7,69,M,0
45.2,15.7,3.37,8.715533393774555,343,29.8,34.7,77.17587564582927,46,M,0
32.5,11.7,3.8931443437197,16.6,336,18.9,31.5,88.24149481675352,30,F,0
42.1,14.0,5.1,7.3,338,28.665112571110615,33.3,99.7,27,F,0
43.0,14.5,4.45,6.2,258,32.6,33.7,61.4,67,M,0
43.1,14.4,4.544802055001511,6.5,345,28.2300392867936,33.4,82.7,33,M,0
45.735574352085905,11.0,4.06,7.1,512,28.2300392867936,32.4,92.0,65,F,1
25.0,8.1,3.02,17.638527924499975,168,26.8,32.4,82.8,43,F,0
69.0,12.749350256875191,4.35,9.6,280,27.6,35.73115274437381,84.61133272892113,77,F,0
41.3,14.608989077935682,4.68,24.8,176,33.4,32.7,84.61133272892113,86,M,0
43.9,13.618542991195975,4.87,5.9,263,30.0,33.3,90.1,38,F,0
46.2,11.2,4.7,12.179302270289403,104,26.317027272696457,33.33647627682079,85.3,50,M,1
47.5,16.6,6.230069037163134,7.4,145,29.6,33.36271966978398,84.7,24,M,0
38.22611060743427,11.9,5.5,6.5,258,21.6,33.33647627682079,72.0,55,F,1
43.7,12.749350256875191,3.9627314664544167,9.9,240,28.5,32.7,87.2,46,M,1
38.3,12.6,5.582933802478408,6.8,398,21.910993285060123,34.265295363134406,90.52817347816344,48,F,0
27.206284586423045,14.0,6.04,4.230271826210103,150,18.5,35.5,96.6,24,M,1
43.9,15.1,5.15,10.0,340,29.1,34.2,85.2,46,M,1
40.1,15.7,4.544802055001511,5.4,435,30.1,35.0,88.5,43,M,0
32.75965641910874,13.2,3.93,12.527253726730184,312,29.8,34.9,86.7,81,M,1
41.83649784939689,16.0,5.65,9.1,384,28.3,34.2,83.1967188196602,38,M,0
42.2,16.11074968794354,4.81,9.5,220,26.7442521036468,34.4,87.7,63,M,0
41.0,14.6,5.82,3.0,210,25.1,35.6,70.4,33,M,0
41.9,15.3,5.28,4.9,193,24.4,34.1,79.4,63,M,1
