age,sex,bmi,children,smoker,region,charges
30,male,31.57,0,no,southeast,9617.66245
39,female,30.02,0,no,northwest,4577.730697729583
38,female,33.118058344410116,3,yes,southeast,13270.422265141257
57,male,30.66339686098655,0,no,northeast,11566.30055
53,female,41.15270759388852,3,yes,southeast,13270.422265141257
87,male,38.0,2,no,southeast,12646.207
50,female,30.66339686098655,5,no,southeast,15825.018661665832
61,female,29.92,3,no,northeast,30942.1918
25,female,41.325,1,no,northeast,17878.90068
48,female,36.575,1,yes,northwest,8671.19125
37,male,20.235,3,no,southeast,3861.20965
62,male,30.02,0,no,southeast,4687.797
43,male,30.1,1,no,southwest,6849.026
24,male,23.655,0,no,northeast,2352.96845
45,male,27.455,5,no,northeast,4837.5823
36,male,29.83,1,no,northeast,9377.9047
51,male,29.165,1,no,northeast,9377.9047
43,male,30.66339686098655,0,no,northwest,21774.32215
19,female,34.1,0,no,southwest,1261.442
42,female,26.27700365744737,1,yes,southeast,21348.706
23,female,30.769823891433276,0,no,southwest,13270.422265141257
36,male,27.0,0,yes,southeast,35137.24597934568
39,female,33.96111563093379,3,no,southwest,4661.28635
58,male,36.08,0,no,southeast,6986.697
39,male,26.73354233236438,0,yes,southeast,15832.612333556093
48,male,20.6,3,no,northeast,10141.1362
61,male,38.38,1,no,northwest,8692.178043180174
64,female,39.7,0,no,southwest,14319.031
42,female,30.66339686098655,0,no,northeast,13270.422265141257
64,female,26.4,4,no,southwest,5400.9805
18,male,36.0,1,no,northwest,1720.3537
50,male,25.6,2,no,southwest,8932.084
26,female,26.44983434720861,1,no,northeast,6775.961
19,female,36.397498771589554,1,no,northwest,31207.05987845475
37,female,40.3,0,yes,southeast,19539.243
36,male,41.1,1,no,northeast,11944.59435
44,male,43.89,2,yes,southeast,46200.9851
30,female,30.66339686098655,1,no,southeast,25670.99568375365
43,female,29.8,1,no,southwest,4762.329
23,male,38.39,3,yes,northeast,1137.4697
67,male,47.52,1,no,southeast,8083.9198
56,female,39.27,2,no,southeast,3500.6123
38,female,27.835,2,no,northeast,7144.86265
56,male,33.67472368953547,1,yes,southwest,29485.518658557812
39,male,32.775,1,no,southeast,39125.33225
31,male,26.885,1,no,northeast,4441.21315
39,male,33.44,1,no,northeast,13270.422265141257
49,male,25.27,0,no,southeast,13610.984930247127
40,male,42.619149134549126,2,no,northwest,11363.2832
23,female,30.78,4,no,southwest,15298.910825381743
46,male,24.795,3,no,northeast,9500.57305
58,male,41.23,1,no,northwest,11033.6617
