age,sex,bmi,children,smoker,region,charges
32,female,28.88,2,no,southeast,3866.8552
39,female,35.78367767380662,3,no,southeast,5325.651
54,female,29.2,4,no,northwest,10436.096
52,male,30.78,1,yes,northeast,2200.83085
52,male,38.6,2,no,southeast,10325.206
44,female,32.2,1,yes,southwest,47305.305
23,male,27.55,2,yes,southeast,38511.6283
52,male,30.66339686098655,3,no,northwest,12204.650231362131
26,male,35.5,0,yes,southwest,44585.45587
64,female,20.6,1,yes,northwest,5209.57885
63,male,30.66339686098655,1,no,southeast,14383.070203149204
45,male,27.5,3,no,southwest,8615.3
51,male,36.67,0,no,northwest,2523.1695
39,female,31.16,2,no,northeast,3943.5954
62,male,25.057189075205795,0,no,southwest,8413.46305
36,female,29.727444722458177,0,no,southeast,5272.1758
54,female,29.26,1,no,northwest,9583.8933
47,female,20.6,2,no,northeast,-4875.258213667326
60,male,24.32,1,no,northwest,4670.64
25,male,42.9,2,no,southwest,13270.422265141257
43,male,25.52,2,yes,southeast,14478.33015
48,male,37.29,0,no,southeast,1141.4451
63,male,26.22,0,no,southeast,13270.422265141257
27,male,31.13,1,yes,southeast,34806.4677
18,female,23.085,0,no,northeast,25456.668882396385
18,female,26.116244903629532,0,no,northeast,10797.3362
