haematocrit,haemoglobins,erythrocyte,leucocyte,thrombocyte,mch,mchc,mcv,age,sex,source
26.8,8.9,4.544802055001511,16.1,126,27.2,33.2,82.0,47,F,0
39.8,12.719099512965496,4.33,8.715533393774555,215,30.310353637201402,36.4,91.9,61,F,0
29.8,9.4,3.86,7.8,330,25.2,33.33647627682079,79.9,33,F,1
38.22611060743427,11.1,3.55,13.2,279,31.3,34.8,89.9,52,M,1
38.8,12.6,4.48,15.0,150,29.97880522392309,32.5,90.06422894014044,55,M,1
37.7,7.9,3.3120165691166563,16.2178199651329,165,31.4,34.4,91.3,83,M,1
44.5,14.0,5.8,15.32185143856274,467,25.2,32.6303603050104,76.7,36,M,0
30.5,12.8,4.3,11.6,258,29.8,34.00114067827951,87.7,41,M,0
29.3,10.2,2.3258847453788203,5.0,94,28.1,33.7,80.7,59,F,1
38.22611060743427,15.1,4.83,9.4,297,28.2300392867936,34.8,89.9,53,F,1
35.982360304481176,9.6,3.25,8.3,210,29.95677344030877,33.4,94.4,80,M,1
32.5,12.749350256875191,3.73,12.6,244,28.6,34.7,84.2,3,F,1
30.7,11.623724310904633,4.79,-2.387535051234239,236,30.5,33.5,83.75799462910595,46,M,0
43.9,14.1,4.4,19.3,232,34.1,32.1,99.8,79,M,0
41.2,8.797907566858132,5.2,8.715533393774555,510,28.2300392867936,31.54020554575519,103.4,45,M,0
41.4,14.4,4.72,9.2,247,30.5,34.8,87.7,61,M,1
35.8,11.8,4.12,8.2,136,28.2,33.33647627682079,96.23686315783667,76,F,1
43.1494278745,12.749350256875191,4.6561250487132915,5.8,258,25.5,31.7,84.7,58,M,0
42.5,14.6,5.32,9.9,277,24.08498595424477,34.4,79.9,60,M,1
40.4,13.4,2.8,6.7,230,30.5,33.2,92.0,46,F,0
42.7,14.5,5.05,7.081525070338126,163,28.7,33.30787159804471,84.61133272892113,46,M,1
26.8,12.930985019825794,2.98,13.3,504,29.5,32.8,93.8334071031705,14,M,1
32.72184284742373,12.9,2.981484989868039,6.9,258,25.3,33.1,76.6,13,M,0
45.009308113389636,3.8,4.544802055001511,7.1,169,29.7,34.2,86.9,41,M,0
41.6,14.6,4.71,8.4,334,29.7,34.8,84.61133272892113,29,F,1
47.5,14.0,6.14,11.7,352,33.9,31.6,80.2,68,F,0
