age,sex,bmi,children,smoker,region,charges
23,male,23.845,2,no,southeast,2395.17155
44,male,22.06034849074379,2,yes,southeast,41676.0811
55,male,32.775,2,no,northwest,26405.12648821118
39,female,24.1,0,yes,southwest,2974.126
31,female,38.095,1,yes,northeast,16138.76205
43,male,27.4,1,no,southwest,11033.6617
25,female,22.77,0,no,northeast,6186.127
39,female,30.495,0,no,southeast,2128.43105
37,male,39.703555346974454,3,no,northeast,2104.1134
63,female,29.7,2,no,southeast,11881.358
53,female,28.1,2,no,southwest,13270.422265141257
28,female,20.045,1,no,northeast,5528.471556943252
32,female,37.219107541682675,0,no,northeast,13270.422265141257
47,male,25.46,2,no,southeast,9225.2564
59,female,26.8854900643327,0,no,northeast,12815.44495
31,female,29.26,1,no,southeast,-1758.7492791592922
22,male,28.05,0,no,southeast,36189.1017
55,female,23.085,0,no,northeast,10181.727919211331
24,female,39.199420650890175,4,yes,southwest,17942.106
40,male,35.75,2,no,northeast,7173.35995
34,male,32.87,0,no,northeast,12404.8791
44,female,26.41,1,yes,southwest,39556.4945
39,female,28.58790476108313,2,no,southeast,10141.1362
52,female,33.11,0,no,northwest,40974.1649
22,male,20.235,1,no,southeast,44501.3982
29,male,22.895,0,yes,southeast,58571.07448
52,male,41.8,4,yes,southwest,47269.854
58,male,30.66339686098655,5,no,northwest,13270.422265141257
35,male,30.66339686098655,2,no,southeast,27056.80922877397
39,female,38.32890061929601,0,no,southeast,5649.715
39,female,30.59,2,no,northwest,24059.68019
61,male,39.1,2,no,southwest,5246.047
25,male,22.99,2,yes,northwest,17361.7661
29,female,52.58,0,no,southwest,4906.40965
19,male,34.9,0,no,northwest,34828.654
19,female,30.66339686098655,0,no,northeast,13270.422265141257
41,male,33.55,0,yes,northwest,13270.422265141257
64,female,30.66339686098655,1,yes,northwest,29330.98315
43,female,34.4,3,no,southwest,-3625.5466228722235
33,male,22.705,1,yes,southeast,38282.7495
61,male,33.915,1,no,southeast,13143.86485
33,male,23.98,2,no,northwest,5261.46945
39,male,30.66339686098655,0,no,southeast,10517.112124462885
64,female,39.05,3,yes,southeast,16085.1275
46,male,24.64,4,yes,northeast,-200.93033308422673
31,male,31.255,1,no,northeast,-2223.8380351644714
48,male,41.23,4,no,northwest,7726.854
48,male,32.059205613372214,1,no,southwest,9724.53
64,male,32.91546411064594,2,yes,northeast,8821.526578964058
59,male,27.5,2,no,southwest,12333.828
38,male,22.3,0,no,southwest,7147.105
32,male,54.71341173818149,1,no,southeast,1149.3959
