age,sex,bmi,children,smoker,region,charges
61,female,27.7,1,no,northeast,22253.980918614427
27,male,28.5,0,yes,northwest,18310.742
43,male,32.76694401066996,0,no,southwest,6250.435
30,female,23.655,3,yes,northwest,3987.926
43,female,46.2,1,yes,southeast,45863.205
49,female,35.6,0,yes,southwest,11493.12425337102
60,female,28.7,1,no,southwest,13224.693
38,female,27.835,2,no,northeast,25342.694315494962
51,male,36.67,1,no,northwest,10848.1343
33,female,36.29,3,no,northeast,6551.7501
39,male,12.286644923590531,0,yes,southeast,8068.185
34,male,27.835,1,no,northwest,25201.901281754384
19,male,30.66339686098655,1,no,southeast,13270.422265141257
70,male,35.97,0,no,southwest,13270.422265141257
61,female,33.25,1,no,northeast,5594.8455
26,female,29.2,1,no,southwest,10436.096
42,male,27.17,2,yes,southeast,4766.022
54,female,25.555,0,no,southeast,3554.203
25,male,26.03,1,yes,northwest,16450.8947
41,female,30.66339686098655,1,yes,northeast,7358.17565
54,male,29.15,1,no,southwest,2902.9065
39,female,32.3,2,no,northeast,10043.249
25,female,36.43675420174786,5,no,northwest,3213.62205
60,male,24.53,1,no,southeast,12629.8967
33,male,18.5,2,no,southwest,7640.3092
61,female,22.9904178993764,2,no,southeast,14235.072
