age,sex,bmi,children,smoker,region,charges
63,female,39.71,1,no,northeast,6186.127
48,male,36.52,1,no,southeast,8858.644005523003
33,female,28.49910251297667,0,yes,southwest,28825.179481454874
39,male,34.43,0,no,southeast,1826.843
38,male,35.26270397909039,1,no,southeast,146.3305447087805
39,female,22.42,1,no,southeast,11674.13
26,female,36.19,5,yes,southwest,8965.79575
55,male,30.545558896812224,1,no,northeast,2205.9808
54,male,25.46,1,no,southeast,25517.11363
28,female,24.050482607473775,2,no,northeast,13270.422265141257
44,male,30.66339686098655,3,yes,northeast,21875.05217572667
48,female,38.06,1,yes,southeast,44400.4064
18,female,30.66339686098655,1,yes,northeast,1973.7605435385994
24,female,39.49,0,no,northwest,2480.9791
40,male,23.655,2,yes,southeast,47269.854
48,male,20.615,2,no,northwest,2803.69785
49,female,42.68,0,no,southeast,9800.8882
19,female,31.825,1,no,northwest,7512.267
36,male,30.66339686098655,3,no,southeast,13270.422265141257
52,male,23.87,1,no,southeast,1632.03625
47,female,21.923783010591205,0,no,southeast,8283.6807
41,female,37.1,2,no,southwest,7371.772
23,male,30.66339686098655,0,no,southeast,1137.4697
25,male,34.8,0,no,northeast,2721.3208
48,female,30.073084277832407,1,no,southwest,8551.347
42,male,26.22,5,yes,northeast,7201.70085
54,male,43.49514920499278,0,no,southeast,12979.358
51,male,27.74,2,no,southeast,9957.7216
59,female,35.2,0,no,southeast,12244.531
26,male,30.875,2,no,northwest,3877.30425
28,male,35.09,0,yes,southeast,47055.5321
47,female,26.6,1,no,northeast,10493.9458
39,female,22.61,1,no,northwest,13270.422265141257
55,male,32.395,1,no,northeast,7776.199180288008
42,male,26.6,0,yes,northwest,21348.706
48,male,31.445,0,yes,northeast,8964.06055
25,male,47.65624537136788,2,yes,southeast,46127.42625961403
57,female,22.23,1,no,southwest,12029.2867
28,male,38.06,0,yes,southeast,13270.422265141257
34,male,42.9,1,no,northwest,4536.259
22,female,30.66339686098655,3,no,northeast,13270.422265141257
19,male,35.53,1,no,northwest,2855.43755
48,female,22.8,0,no,northeast,8269.044
39,male,22.02570531377905,1,yes,northwest,13747.87235
29,female,27.17,0,no,southeast,11050.683180047596
39,male,46.09,0,no,southeast,8473.794647152867
19,male,23.809637128765075,0,no,southwest,9722.7695
52,male,24.225,0,no,southeast,19214.70553
30,female,32.34,2,no,southeast,7633.7206
18,male,30.03,1,no,southeast,17122.694140786305
32,female,20.52,0,no,southeast,4544.2348
39,female,26.315,1,no,northwest,36910.60803
