haematocrit,haemoglobins,erythrocyte,leucocyte,thrombocyte,mch,mchc,mcv,age,sex,source
39.4,12.7,5.62,8.77549237418916,150,29.419622610780866,32.2,70.1,69,M,0
43.9,10.1,3.62,6.3,90,27.9,31.8,87.8,5,F,0
33.7,10.4,5.06,12.0,974,30.6,30.9,62.6,2,F,1
38.22611060743427,9.1,4.996532032215884,7.6,217,21.8,36.8,70.5,25,M,0
38.22611060743427,9.3,4.544802055001511,3.372430681413788,182,27.2,32.8,82.8,71,M,1
42.3,14.6,4.7,8.3,299,29.22399862994661,34.5,84.61133272892113,49,M,0
40.4,13.0,4.56,6.9,303,28.5,32.2,88.6,65,M,0
39.7,13.8,4.64,4.2,186,29.7,34.8,84.06626036792908,30,M,0
44.3,15.1,3.978567355339419,14.3,20,29.5,32.99082029389326,93.1,32,M,0
22.5,14.0,5.04,12.3,258,25.8,33.33647627682079,78.0,5,M,1
38.6,12.5,4.99,11.1,317,30.588561003778832,32.4,84.61133272892113,13,M,0
36.1,12.7,3.87,15.4,457,31.0,33.2,93.3,27,F,0
39.6,12.749350256875191,4.72,18.3,274,27.8,30.8,70.14101882000875,68,F,0
37.681919175459115,13.5,3.35,5.3,258,20.3,34.91514602029826,82.5539255997793,30,F,0
31.2,11.0,4.37,19.3,236,32.8,28.8,86.7,33,F,0
35.9,10.88457743497689,3.995744500852828,8.715533393774555,303,28.4,32.6,87.1,46,F,0
37.290544743656284,12.1,4.42,13.506593538259462,90,27.4,34.3,79.9,54,M,1
37.6,12.5,4.44,24.1,477,24.59900995727506,33.33647627682079,80.07590781552575,15,F,0
46.5,15.7,5.68,8.715533393774555,260,28.1,32.380588002774836,83.3,20,F,0
39.87361471018378,11.406301672392363,6.03,7.7,265,21.7,31.0,70.0,15,M,0
42.6,11.220143117707455,5.01,12.0,240,27.7,35.0,85.0,45,F,0
31.8,12.833402219855389,4.4,3.9,320,28.2300392867936,32.1,99.8,46,M,0
38.5,12.6,4.498724871426806,8.3,368,28.2300392867936,34.22404009552266,77.3,2,F,0
37.3,12.0,4.544802055001511,7.1,219,31.4,34.0,92.3,68,F,0
41.543195414591366,15.0,4.95,3.1,265,30.3,32.6,86.5,41,M,1
36.7,12.749350256875191,5.26,20.508140560842712,285,27.4,33.7,90.1,20,F,0
