age,sex,bmi,children,smoker,region,charges
25,female,38.973936722830416,0,no,southeast,11381.3254
43,female,25.52,5,no,southeast,10329.724916438847
30,male,25.46,0,yes,northeast,4718.20355
39,male,30.78,1,no,northwest,11945.1327
45,female,37.05,1,yes,northeast,65133.62858498197
49,female,27.17,0,no,northwest,973.3628382184907
55,male,33.0,0,no,southeast,14745.74246130451
27,female,36.48,0,no,northeast,12235.8392
51,female,30.66339686098655,0,no,southeast,9644.2525
58,female,31.16,0,no,northwest,13429.0354
20,male,39.9,2,no,southeast,2566.4707
44,female,25.8,1,no,southwest,7624.63
26,female,22.23,0,no,northwest,3176.2877
46,female,34.6,1,yes,southeast,13270.422265141257
62,female,30.495,0,yes,northwest,15019.76005
48,female,21.945,1,no,southeast,3645.0894
39,male,37.574638284261574,5,no,southeast,6653.7886
24,male,33.5,4,no,northeast,17128.42608
59,male,21.5,1,no,southwest,10791.96
61,male,29.979180795572685,0,no,southeast,13270.422265141257
30,male,33.63,3,no,southeast,10141.1362
42,male,37.18,2,no,southeast,5836.5204
36,male,26.2,0,no,southwest,4883.866
47,male,27.285579076734454,1,yes,northeast,11353.2276
22,male,30.66339686098655,2,no,northeast,2150.469
27,female,19.57,1,no,northwest,8428.0693
