age,sex,bmi,children,smoker,region,charges
62,female,30.62251694764329,4,no,southeast,31620.00106
26,male,30.0,1,no,southeast,25382.297
47,female,38.94,2,no,southeast,58782.22852367452
42,male,38.88812861131935,2,yes,northeast,43896.3763
26,male,33.63,1,no,northeast,13270.422265141257
54,female,24.739691008613,3,no,northwest,12475.3513
61,male,27.36,0,no,northwest,3392.3652
39,male,28.975,0,no,northwest,24683.85631189977
62,male,32.5,0,yes,southeast,28101.33305
39,male,37.4,0,no,northwest,12979.358
39,female,34.21,1,no,northwest,2250.8352
26,male,26.277072400326112,1,no,northeast,2789.0574
29,female,28.5,0,yes,northeast,8582.3023
31,male,31.13,0,no,northeast,1621.8827
18,male,30.03,1,no,southeast,1720.3537
59,female,33.973643664789265,1,no,northeast,13270.422265141257
39,female,30.66339686098655,1,no,southwest,5708.867
23,male,31.008488998124278,0,yes,southeast,37742.5757
30,male,24.32,1,no,southwest,4032.2407
22,male,30.66339686098655,0,no,northwest,13012.20865
41,female,46.75,1,no,southeast,12592.5345
42,female,30.66339686098655,0,no,northwest,21348.706
47,female,29.545,1,no,northwest,8930.93455
20,female,33.0,0,no,southeast,36085.219
51,female,34.2,1,no,southeast,9872.701
32,female,31.54,1,no,southeast,9306.274072534496
35,male,24.13,2,no,northwest,6198.7518
44,male,41.14,0,no,southeast,36580.28216
41,female,17.8,1,no,southwest,1727.785
31,male,30.1,0,no,southwest,4934.705
18,female,42.46,0,no,northwest,18033.9679
41,female,32.0,1,no,southwest,-1073.4828085888767
24,female,30.66339686098655,1,no,northwest,4719.73655
39,male,32.205,0,no,northwest,8835.26495
34,male,32.965,0,no,southeast,19214.70553
60,male,17.110155769616952,1,no,southwest,13270.422265141257
53,female,28.1,2,no,southeast,11741.726
28,male,28.4,1,yes,southwest,1842.519
36,female,26.2,0,no,southeast,5737.959757474647
51,female,12.564344168002421,1,no,southeast,13270.422265141257
29,male,24.885138163260848,0,no,southeast,8604.48365
39,male,18.3,5,yes,southwest,19023.26
42,female,30.0,1,yes,southwest,22144.032
52,male,34.1,0,no,southeast,20948.067905348253
51,male,35.97,1,no,southeast,12446.527819371293
24,female,30.875,2,no,northwest,13270.422265141257
24,female,39.49,1,no,southeast,-10092.97704358492
60,male,36.955,0,no,northwest,12741.16745
56,female,27.85579267226499,0,yes,southwest,9107.8691484648
62,male,38.83,1,no,southeast,12981.3457
43,male,25.8,5,no,southwest,-30.792039776588354
34,male,30.66339686098655,2,no,northwest,20009.63365
