haematocrit,haemoglobins,erythrocyte,leucocyte,thrombocyte,mch,mchc,mcv,age,sex,source
33.35859787483498,14.7,4.76,10.2,299,28.2300392867936,34.9,84.61133272892113,65,M,0
42.2,14.3,5.48,6.2,245,30.1,34.44569307597864,77.2,53,M,0
43.6,8.7,4.544802055001511,6.2,236,30.5,35.1,79.35356007249263,66,M,1
34.9,7.4,3.86,6.5,211,30.6,33.8,84.61133272892113,47,M,0
22.4,11.8,2.63,7.0,196,28.3,33.0,85.2,46,F,1
44.2,14.0,4.544802055001511,4.7,124,20.6,33.33647627682079,65.1,36,M,0
32.4,16.3,7.54,4.3,112,21.6,30.8,70.3,1,F,0
42.7,9.9,4.78,5.7,300,23.2,33.3,89.3,50,M,0
22.8,12.2,4.085806544851882,10.1,333,26.0,31.90724292274801,79.7,5,F,0
42.3,14.6,4.7,5.5,225,31.1,34.5,90.0,39,M,0
26.61073743238272,8.9,3.18,7.8,345,28.0,32.2,87.4,61,F,0
47.07249029191296,14.0,5.15,7.437919309789647,258,27.2,33.5,81.2,45,M,0
41.3,9.0,3.14,4.88325633981085,352,28.7,32.4,74.50293239753786,76,F,0
50.1,16.7,6.17,8.4,33,27.1,33.3,81.2,18,M,1
37.8,12.7,4.85,8.715533393774555,206,33.01398951285465,33.6,95.7,86,M,0
40.7,13.8,4.6,5.0,208,28.2300392867936,33.9,98.44854417555185,55,M,1
34.3,12.749350256875191,5.208259096656311,19.8,219,29.4,35.14252190892377,100.2,56,M,1
37.6,13.568349696346795,4.22,6.3,40,31.662569146248906,34.0,89.1,61,F,0
38.22611060743427,10.325421683937662,5.62,8.715533393774555,258,22.6,34.57026016068448,69.6,2,F,0
41.1,16.484103911738693,4.55,6.5,-42,29.2,33.33647627682079,93.3650427615891,48,F,1
33.6,12.749350256875191,5.454236919546058,8.6,363,32.795876024983116,31.5,70.1,46,M,0
42.2,13.1,6.03,7.7,201,21.7,31.0,70.0,29,M,0
27.8,14.5,4.38,5.184595288907052,110,33.1,33.5,94.3,31,M,0
38.22611060743427,17.4988713523675,3.95,7.1,247,21.9,33.8,88.5,44,M,0
39.0,13.1,4.4092047516499555,11.3,185,26.91416102672004,33.6,83.9,55,F,1
47.47093820644105,13.5,4.46,12.108742914591717,282,28.1,33.2,85.3,57,F,1
