age,sex,bmi,children,smoker,region,charges
28,male,28.58600502837625,2,no,northeast,14001.2867
18,male,28.31,1,no,northwest,11272.33139
42,male,33.4,1,yes,southeast,38415.474
39,male,30.305,4,yes,northeast,8944.122383779139
42,female,31.825,1,no,northwest,2719.27975
23,male,30.66339686098655,2,no,southeast,33732.6867
29,female,23.9291730218084,0,no,southeast,2867.1196
44,female,33.392285755099714,1,no,southeast,18765.87545
58,male,30.305,0,no,northeast,13270.422265141257
20,female,28.975,0,yes,southeast,2257.47525
39,male,38.17,2,no,southeast,8347.1643
30,female,40.81,1,no,southeast,11163.568
21,male,36.86,0,no,northeast,1917.3184
19,male,21.755,0,no,northwest,38608.008247387355
58,male,19.00283869530334,1,no,southeast,11842.442
41,female,26.98,0,no,northwest,11082.5772
35,female,30.66339686098655,2,no,northeast,5345.5033689758975
55,female,35.9,3,no,southeast,12485.8009
33,female,26.125,1,no,northeast,23401.30575
49,female,29.925,0,no,northeast,8988.15875
46,male,34.6,0,yes,southwest,13270.422265141257
18,male,31.73,0,yes,northeast,3484.331
32,female,36.52,1,no,southeast,3994.1778
25,female,24.7,0,no,southwest,-13938.769595862315
28,male,44.88,1,no,northeast,23288.9284
55,male,34.21,1,no,southeast,6289.7549
