haematocrit,haemoglobins,erythrocyte,leucocyte,thrombocyte,mch,mchc,mcv,age,sex,source
19.693090149285513,9.0,2.8,11.4,364,29.5,31.6,93.4,42,M,0
37.5,12.7,4.34,5.0,55,28.5,33.9,84.1,34,M,0
42.5,13.0,4.89,4.0,220,29.114609438157018,34.440233555435846,86.9,85,M,1
39.278213023107824,12.5,4.1,4.9,506,30.5,33.4,91.2,82,F,0
44.1,14.7,3.8527806577785517,4.8,162,31.1,33.1,73.44948935358002,58,M,0
40.1,12.749350256875191,2.954663172657311,7.007503591584389,189,28.5,33.3,84.61133272892113,46,F,1
35.8,11.8,4.99,11.3,331,30.3,33.0,91.8,74,F,0
30.5,12.2,3.17,9.8,261,31.5,32.8,96.2,26,F,0
38.22611060743427,17.2,4.130177383929113,6.0,372,31.3,32.7,62.2,45,F,0
40.1,10.0,5.53,8.715533393774555,326,22.1,30.4,72.5,47,F,0
27.1,8.7,3.5,12.939566509197936,312,34.435034986433266,34.4,84.61133272892113,54,M,1
46.9,16.3,5.2,8.715533393774555,284,31.3,34.8,85.3,43,M,0
43.5,14.5,4.8,7.4,334,28.2300392867936,32.1,87.9,66,F,0
32.2,10.8,3.47,7.0,204,31.1,33.5,92.8,44,F,0
38.22611060743427,10.5,4.03,-3.2837369090434905,231,30.9,32.5,78.73971057767703,53,F,0
43.3,16.944427956836527,5.32,9.7,258,27.8,34.2,81.4,96,F,0
41.49431244960094,12.1,3.91,6.5,282,30.9,33.8,91.6,63,M,1
32.1,12.212395808803524,4.544802055001511,5.1,172,24.165189001409306,33.507476022734146,90.2,59,M,0
40.7,14.636686334865132,3.9944013024595795,3.1,270,26.9,32.9,76.9,26,M,1
43.9,14.1,4.4,19.3,330,28.2300392867936,33.33647627682079,99.8,79,M,0
38.6,12.749350256875191,3.9,6.9341366253364365,347,29.1,36.5,77.4,13,M,0
43.0,15.0,4.544802055001511,7.9,258,26.1,34.77723404655856,92.59441968535609,63,M,1
23.6,13.8,4.6,6.3,208,30.0,33.9,88.5,60,F,1
37.4,12.7,4.3,25.0,151,28.215531744626595,33.33647627682079,87.0,68,M,0
43.8,14.835745774166044,5.68,7.3,285,25.9,32.780235043917145,89.01442897603289,45,M,0
31.264193586235052,14.7,5.01,7.6,335,29.3,33.0,88.8,46,M,0
