age,sex,bmi,children,smoker,region,charges
39,male,37.45834509173949,1,no,southwest,19586.25653184495
32,male,33.82,1,no,southwest,13270.422265141257
45,male,22.895,2,no,northwest,21098.55405
36,female,22.135,0,no,southeast,1163.4627
44,male,20.949929641311652,2,yes,southwest,38998.546
62,female,30.115,2,no,southwest,15019.76005
25,female,24.13,0,yes,northwest,2271.1225315389675
39,female,25.74,2,no,northeast,21978.6769
50,female,30.66339686098655,0,no,southeast,8932.084
40,female,26.125,3,no,southeast,13430.265
32,female,30.66339686098655,0,no,northeast,2016.4612034548263
41,male,29.64,5,no,northeast,9222.4026
45,female,27.72,1,no,southeast,8232.6388
18,male,20.79,0,yes,southeast,1607.5101
18,female,30.495,5,no,northeast,18419.925657041957
59,male,37.4,0,no,southeast,13270.422265141257
52,male,27.5,1,no,northwest,7626.993
62,male,21.78,3,yes,northeast,6113.23105
19,male,40.5,0,no,northeast,1759.338
31,female,30.495,1,no,northeast,24873.3849
25,male,36.78052018717368,3,no,northwest,2523.1695
45,female,24.31,1,no,southeast,9788.8659
62,male,34.39,0,yes,southeast,11743.9341
64,female,32.26107866567402,1,no,southeast,27037.9141
50,female,27.83,1,no,southwest,19749.38338
56,female,28.12,1,yes,northeast,22331.5668
