age,sex,bmi,children,smoker,region,charges
26,male,40.94967966144145,1,no,northeast,5914.472269940483
28,female,33.4,0,no,southwest,3172.018
38,female,34.8,2,yes,southwest,13844.7972
23,female,30.66339686098655,1,no,northeast,2899.48935
21,female,24.31,5,no,southeast,5752.036937322653
56,female,36.1,3,no,southwest,12363.547
54,male,35.435,1,no,northeast,4504.6624
18,female,38.17,0,no,northwest,1631.6683
45,male,24.035,2,no,northeast,8604.48365
63,female,36.7,0,no,southwest,11837.16
40,male,32.775,1,yes,southeast,4058.71245
52,male,23.465,0,no,northeast,13270.422265141257
51,female,35.31,1,no,southeast,13270.422265141257
39,male,24.686484272989233,1,no,southeast,7443.64305
27,male,29.165,2,yes,northwest,39125.33225
41,female,35.75,1,yes,southeast,40273.6455
57,male,37.70347330110281,1,yes,northwest,48675.5177
31,male,26.885,1,no,southwest,4441.21315
24,male,21.755,0,no,northwest,22375.806275920284
25,male,30.2,1,no,northeast,-1211.3290145958345
54,male,31.92,2,no,southeast,7209.4918
28,female,32.91479233684931,4,no,northeast,4435.0942
39,male,31.35,1,no,southeast,2643.2685
35,male,35.53,0,no,northwest,42111.6647
19,male,30.66339686098655,0,yes,southeast,32548.3405
43,male,37.73,2,no,southeast,18806.14547
