age,sex,bmi,children,smoker,region,charges
26,male,28.025,0,no,northwest,19673.33573
38,male,30.66339686098655,2,no,northwest,13270.422265141257
46,male,30.826749718440144,3,yes,northwest,44202.6536
13,male,23.465,2,no,northwest,6402.29135
52,male,37.43,3,no,northeast,-9383.384051003166
26,male,23.7,2,no,southwest,3484.331
35,female,42.003801860643335,2,no,southeast,5846.9176
27,female,32.11,1,no,southeast,13270.422265141257
49,male,34.74359167927533,1,no,southeast,8125.7845
19,female,24.51,1,no,southeast,2709.1119
39,female,46.409161855417025,1,no,southeast,1633.9618
19,male,28.4,1,no,southwest,1842.519
63,male,33.66,0,no,southeast,13405.3903
59,male,23.655,0,yes,northwest,8968.33
54,male,40.565,5,no,northeast,12957.118
30,female,33.33,0,no,southeast,4151.0287
56,male,41.47,4,no,southeast,26253.23136183802
39,female,30.2,2,no,southwest,25678.77845
49,female,41.47,2,no,northwest,10977.2063
18,female,33.725,1,yes,southeast,2201.0971
13,female,25.84,0,no,northeast,5266.3656
32,female,33.82,1,no,southeast,21287.87259407997
19,male,30.66339686098655,0,no,southeast,2483.736
37,male,24.32,2,no,northwest,10321.827911133156
37,male,36.19,1,no,southeast,19214.70553
27,female,30.8,3,no,southeast,9414.92
