age,sex,bmi,children,smoker,region,charges
39,female,38.06,2,no,southeast,42560.4304
50,female,21.070207227641713,2,no,southwest,10493.9458
31,female,44.904442510870076,2,no,southeast,4463.2051
32,female,24.6,1,yes,southeast,17496.306
43,male,21.78,0,no,southeast,6272.4772
52,female,28.16,1,no,southeast,13965.946869916203
21,male,28.975,0,no,northwest,2261.5688
39,female,28.025,0,no,southeast,20234.85475
20,female,31.92,1,no,northwest,1906.35825
18,female,42.4,3,yes,southeast,13270.422265141257
54,male,34.675,0,no,southwest,9850.432
30,male,36.78206964497582,2,no,southeast,4837.5823
35,male,30.66339686098655,3,no,southeast,13270.422265141257
19,male,36.310151304988025,0,no,southwest,7173.35995
64,male,40.92,0,yes,southeast,48673.5588
56,male,30.66339686098655,0,yes,southwest,10577.087
23,male,27.36,1,no,northwest,2789.0574
33,male,28.27,1,no,northeast,5886.6432672234105
47,female,26.6,3,no,southeast,9715.841
31,male,25.6,0,no,northeast,4239.89265
27,male,37.1,1,no,southeast,9709.768444122034
46,male,25.745,3,no,northwest,9301.89355
26,female,27.28,1,no,southwest,2690.1138
20,male,31.255,1,no,northwest,2915.744851108031
43,female,26.7,3,no,southeast,22478.6
28,male,36.08,2,yes,southeast,37133.8982
