age,sex,bmi,children,smoker,region,charges
31,male,27.455,2,no,northwest,16395.280683540455
23,female,26.51,0,no,southwest,13270.422265141257
48,male,35.625,4,no,southwest,-13161.140900137481
39,male,22.705,1,no,southwest,3353.284
52,female,18.335,0,no,northwest,9991.03765
31,male,30.66339686098655,3,yes,northwest,1651.3467703380938
50,male,30.8,0,no,southeast,13270.422265141257
52,male,19.832538290284372,1,no,southwest,9724.53
57,male,24.32,1,no,northwest,9863.4718
30,female,33.33,2,yes,southwest,11150.78
59,female,31.825,0,no,northwest,14418.2804
51,female,34.2,2,no,southeast,9872.701
55,male,29.9,0,no,southeast,10214.636
48,female,36.575,0,no,southeast,8671.19125
18,female,30.115,0,no,northeast,2203.47185
40,male,25.9,2,no,southeast,13844.7972
23,female,39.49,1,no,southeast,3875.7341
31,male,36.3,1,yes,southeast,38711.0
53,female,18.3,5,yes,southwest,32367.370753004423
39,male,38.83,4,yes,southeast,23244.7902
49,male,37.715,3,no,southeast,24106.91255
55,male,35.85039037784642,0,no,northwest,20781.48892
54,female,19.57378234442797,-1,no,southeast,10338.9316
23,female,30.66339686098655,1,no,southeast,2775.19215
39,female,34.20653400656905,1,no,southwest,4151.0287
61,male,35.97,0,no,southeast,14313.8463
