age,sex,bmi,children,smoker,region,charges
39,male,26.03,0,no,northeast,6837.3687
62,male,26.695,0,yes,northeast,18539.344556440585
39,male,30.66339686098655,0,no,northwest,13270.422265141257
42,male,39.16,1,no,southeast,6024.600732012093
34,female,25.0,0,yes,southeast,13451.122
22,female,21.66,0,yes,northeast,-2131.178789658463
45,male,37.11535675923474,0,no,southeast,2689.4954
39,male,25.27,0,no,northwest,3044.2133
39,female,39.93,1,no,northwest,3347.694093116692
65,male,26.29,1,yes,southeast,37607.5277
47,female,27.645,2,yes,southwest,24535.69855
19,female,27.94,1,yes,southeast,25517.11363
28,female,31.68,3,no,northeast,23830.557481562835
61,female,23.655,0,no,northwest,20901.48342212331
19,male,33.446590312484645,0,no,southeast,1256.299
53,male,29.48,3,no,southeast,9487.6442
67,male,38.38,2,yes,northeast,11396.9002
31,male,43.34,1,no,northeast,4441.21315
51,male,25.4,0,no,southwest,8782.469
20,female,30.66339686098655,1,yes,northwest,1980.07
20,female,32.94124779889917,0,yes,southeast,20167.33603
39,male,48.867082691032095,0,no,southwest,36837.467
49,male,37.3,0,no,southeast,13270.422265141257
32,male,20.4,1,yes,southwest,4058.1161
62,male,31.46,2,no,southeast,27000.98473
62,female,27.72,0,no,southeast,-9735.751249789311
54,male,21.01,0,no,southeast,-4761.234792986959
36,male,37.1,1,no,northeast,4402.233
18,female,25.08,0,no,northeast,13270.422265141257
56,female,27.2,1,no,southwest,35021.90040058006
33,male,30.66339686098655,1,yes,southeast,38282.7495
36,male,33.4,2,no,northeast,8026.6666
38,male,19.855,0,no,northeast,5458.04645
42,male,37.21989957342101,0,yes,southeast,13270.422265141257
27,male,28.8218005471144,2,no,northwest,4058.71245
33,male,36.1,1,yes,northeast,54566.386314910545
44,male,31.5,1,no,southwest,40419.0191
44,male,33.63,1,no,northeast,13270.422265141257
29,male,22.895,0,yes,northeast,16138.76205
23,male,30.66339686098655,1,no,southwest,6117.4945
37,male,34.16896726790472,4,yes,northeast,24106.91255
45,male,30.66339686098655,0,no,southwest,8444.474
37,male,38.39,1,no,southeast,7740.337
89,male,24.7,0,no,southeast,10796.35025
29,male,37.29,2,no,southwest,3260.199
61,female,32.3,2,yes,northwest,14119.62
19,female,27.281923962084306,1,no,northwest,2709.24395
62,female,33.63,1,no,southeast,27808.7251
49,female,31.9,4,no,southwest,2362.22905
23,female,37.335,0,no,southwest,40941.2854
55,male,27.4240078773662,0,no,southwest,35160.13457
44,female,15.871875337190858,1,no,southeast,7624.63
