age,sex,bmi,children,smoker,region,charges
18,male,26.125,0,no,southeast,13270.422265141257
20,female,22.73975050998039,2,no,southeast,2624.2350427364
30,female,33.33,1,no,southwest,3378.91
35,female,27.61,1,no,southeast,4747.0529
28,male,45.9,1,no,southeast,3693.428
50,female,44.745,0,no,northeast,9541.69555
23,female,45.63144759408742,1,no,northeast,40904.1995
40,male,29.355,1,no,northwest,6393.60345
39,male,31.1,0,no,southeast,1526.312
45,female,25.486099315383616,1,no,northeast,2589.0879339723397
20,male,22.0,1,no,southeast,7789.635
31,male,30.66339686098655,1,yes,northwest,4239.89265
34,male,31.4,1,yes,southwest,35491.64
35,female,30.8,0,no,southeast,34838.873
39,female,41.8,0,yes,southeast,5662.225
61,male,29.64,0,no,northwest,5028.1466
45,female,30.685,0,yes,northeast,47067.627014076425
56,male,48.07,0,no,southwest,24136.017683667065
43,female,25.27,1,yes,northeast,21771.3423
39,female,31.57,3,no,southeast,13270.422265141257
38,female,19.475,2,no,northwest,6933.24225
47,male,28.215,4,no,northeast,2464.6188
1,female,30.66339686098655,1,no,southeast,7243.8136
42,male,42.655,0,no,northeast,5757.41345
24,female,27.72,0,no,southeast,10407.08585
54,female,33.998939600658865,1,no,northwest,11305.93455
