age,sex,bmi,children,smoker,region,charges
27,male,30.5,5,no,southwest,2494.022
32,male,27.76150892817162,1,no,northeast,4454.40265
42,male,28.31,3,no,southeast,34439.8559
63,male,29.735,1,no,southeast,13405.3903
39,male,30.66339686098655,3,no,northwest,9249.4952
19,female,30.02,0,no,northeast,33307.5508
19,female,33.11,1,no,southeast,32787.45859
43,male,32.280193273651236,2,no,northeast,7441.501
55,female,32.67,1,no,southeast,332.367965673473
39,male,27.72,0,no,southeast,16327.070943832383
24,male,39.4,1,no,southeast,13270.422265141257
43,male,34.96,1,yes,northeast,41034.2214
22,female,39.03841879187407,0,no,northeast,2755.02095
-1,male,35.815,0,yes,southeast,4320.41085
32,male,30.03,1,yes,northwest,4074.4537
51,male,23.4,0,no,southwest,13270.422265141257
50,male,25.6,0,no,southeast,2473.3341
29,male,41.47,2,no,northeast,32108.66282
38,male,33.535,0,yes,northeast,34617.84065
50,female,29.3,5,no,southwest,15035.18448686693
48,female,33.27672276625469,2,no,northeast,10043.249
30,male,41.14,1,no,southeast,5327.40025
52,female,26.6,1,no,northeast,9715.841
29,male,30.66339686098655,0,no,northeast,5209.57885
51,female,30.78,1,no,northeast,29027.729802681763
44,female,36.48,0,no,northwest,12797.20962
