age,sex,bmi,children,smoker,region,charges
59,female,27.5,0,no,southwest,12233.828
39,female,38.83,3,no,northwest,13270.422265141257
33,female,23.56,3,no,southwest,20462.99766
56,female,25.935,0,no,southeast,11165.41765
60,female,30.66339686098655,1,no,southeast,2680.9493
43,male,21.755,4,no,southwest,11654.239074362866
40,female,31.825,1,no,northeast,16069.08475
39,male,26.22,1,yes,southeast,6123.5688
22,male,27.1,0,no,northwest,2154.361
56,female,29.92,0,no,northeast,13747.87235
18,female,14.685708648240103,0,no,northeast,11657.7189
20,male,28.785,0,no,northeast,2457.21115
27,male,37.3,1,no,southeast,18816.342052328582
38,male,32.11,2,no,southeast,4433.9159
39,female,23.446973118556592,3,yes,southeast,5972.378
27,female,34.8,1,no,southwest,3577.999
23,male,38.17,1,no,southeast,-29610.009182484693
64,male,26.41,0,no,southeast,14394.5579
49,female,36.325817363226605,0,yes,southwest,48824.45
21,female,24.225,5,no,northwest,3554.203
62,male,21.565,2,no,northeast,13457.9608
48,female,30.66339686098655,1,no,northwest,15433.912914465413
21,female,16.815,1,no,northeast,3167.45585
29,male,21.85,2,no,northeast,13270.422265141257
22,female,23.18,0,no,southeast,2731.9122
40,female,28.245917702938886,2,no,northeast,6389.37785
