haematocrit,haemoglobins,erythrocyte,leucocyte,thrombocyte,mch,mchc,mcv,age,sex,source
47.4,15.9,5.64,2.9,330,28.2,33.5,84.0,22,M,0
38.7,8.5,4.27,5.4,277,29.7,33.2957232990484,95.23675207086451,67,M,0
31.1,12.749350256875191,4.8419284025628455,11.8,201,26.5,29.6,78.5,23,M,0
38.22611060743427,12.758879163038179,4.32,9.0,336,23.4,33.33647627682079,70.2,20,M,0
46.3,13.4,5.19,8.5,434,29.3,33.6,84.61133272892113,28,F,0
39.0,13.9,5.34,8.715533393774555,169,26.0,31.8,81.8,83,M,1
44.5,12.5,5.12,10.7,81,29.5,33.9,86.9,28,M,0
52.1450068276428,14.5,4.54,7.892133046644652,50,27.9,34.66380760766662,80.2,30,F,1
45.8,14.5,4.69,13.224553487714283,168,30.9,31.7,88.9,74,F,0
40.69792669817312,7.2,4.544802055001511,20.8,257,26.09602600628104,33.8,86.8,51,F,0
24.928445015943527,8.8,3.24,4.5,258,36.6,32.6,83.3,23,M,1
38.22611060743427,15.6,3.4762331254101158,7.8,325,25.592203546495753,31.1,86.60914411284529,23,M,0
37.0,11.2,5.18,26.6,272,28.2300392867936,30.3,71.4,55,M,1
41.1,13.6,4.4,9.0,130,29.12739291317181,34.0,93.4,56,F,0
36.9,11.6,4.68,8.715533393774555,258,24.8,31.4,78.8,69,M,0
37.0,15.1,4.16,4.2,29,30.0,33.44291196844395,97.7,45,F,0
38.3,13.0,4.25,7.3,205,30.6,33.38829713880805,90.1,51,F,0
39.0,13.3,5.19,2.7,125,29.5,34.1,98.2,25,M,1
40.0,13.6,5.25,7.7,497,28.2300392867936,34.0,76.2,3,M,1
39.9,6.2,3.68,-0.7724796335759585,527,30.7,35.0,87.6,4,F,1
58.1,18.703039869637234,6.53,22.83876468375821,428,28.9,32.5,89.0,46,M,0
43.7,11.6,6.162902318437977,9.0,353,18.5,29.7,86.1400296876007,69,M,0
32.96934903835283,16.496576782891665,4.544802055001511,9.3,310,26.3,33.1,77.6,0,M,0
36.5,12.749350256875191,4.45,9.3,265,27.6,33.7,82.0,46,F,1
33.7,12.104704919851338,4.602829791622888,18.4,260,23.5,33.33647627682079,84.61133272892113,15,F,0
39.4,13.6,4.72,6.4,275,33.00331735197519,34.5,70.74271454032726,58,M,1
