age,sex,bmi,children,smoker,region,charges
35,female,41.1,0,no,southeast,47896.79135
39,female,31.79,3,no,northwest,8538.28845
37,female,25.27,1,yes,northwest,4906.40965
30,male,30.9,3,no,southeast,5325.651
19,male,24.605,1,no,southeast,2709.24395
39,male,30.1,5,no,southwest,6849.026
47,female,28.05,0,no,southeast,6770.1925
25,female,32.04027832807837,2,yes,northwest,22493.65964
34,female,31.825,2,no,southeast,16069.08475
26,female,34.77,0,no,southwest,3556.9223
43,female,34.105,2,no,southeast,13270.422265141257
51,female,25.8,1,no,southwest,9861.025
45,female,22.895,3,yes,northwest,13270.422265141257
22,male,29.91215414912411,3,no,northeast,2055.3249
78,male,24.6,1,no,southeast,25069.76762551607
18,male,40.78783278993011,1,no,southeast,1682.597
18,female,40.26,0,no,southeast,-14870.60778882233
51,female,32.775,2,no,southeast,5327.40025
55,female,30.66339686098655,0,no,northwest,13270.422265141257
39,female,28.025,3,no,southwest,-3509.380112486917
29,female,13.29415333933101,0,no,northwest,3736.4647
20,male,26.22,0,no,southwest,11093.6229
22,male,39.5,4,no,southwest,1727.54
39,female,30.66339686098655,2,no,southeast,12268.63225
44,male,26.380819540142657,1,no,northeast,8062.764
36,male,41.418950751385516,1,no,southeast,41063.438881453345
61,male,26.695,1,no,northwest,13270.422265141257
49,female,42.68,2,no,southeast,9800.8882
64,female,27.55,0,no,southeast,13270.422265141257
39,male,25.85,3,yes,northwest,24180.9335
24,male,23.21,-1,yes,southeast,25081.76784
26,female,27.06,5,yes,northwest,17043.3414
19,male,27.265,2,no,northwest,17085.2676
40,female,24.035,1,no,northwest,8604.48365
25,female,23.465,0,no,northeast,38275.30122611136
36,male,35.625,2,yes,northwest,37465.34375
30,male,30.66339686098655,1,yes,northeast,4237.12655
51,male,29.063103522883893,0,no,northwest,13822.803
51,female,32.3,1,no,southeast,-2978.840356895733
39,male,41.30104072143446,0,no,northeast,-7288.071380104873
49,male,30.66339686098655,1,no,northwest,9566.9909
24,male,20.35,1,no,southwest,1972.95
19,male,29.04,1,yes,southwest,1842.519
43,male,13.459203057760519,2,yes,southeast,20395.31991385038
50,female,33.82,3,no,southeast,1279.0538811536699
30,male,24.3,1,no,northeast,20773.62775
13,male,30.66339686098655,0,no,southeast,34828.654
41,female,23.488576001578874,1,no,southwest,36149.4835
46,male,32.56,1,no,northeast,8334.5896
43,female,32.6,1,no,southwest,7441.501
47,male,36.63,1,no,southeast,38887.99346153803
62,male,39.33,1,no,northwest,13937.6665
