age,sex,bmi,children,smoker,region,charges
21,female,32.7,1,yes,southeast,2103.08
46,female,28.9,2,no,southwest,8823.279
18,female,22.3,0,no,southwest,1378.931363396685
42,male,30.0,1,yes,southwest,22144.032
39,female,26.6,0,no,northeast,3046.062
18,male,23.32,1,no,southeast,1711.0268
18,female,27.28,3,yes,southeast,7147.4728
58,female,24.868008241833024,0,yes,southwest,11848.141
58,male,41.895,0,no,northeast,13470.86
25,female,27.1,1,no,southwest,26140.3603
18,male,22.135,4,yes,northeast,13270.422265141257
18,female,30.66339686098655,0,no,northeast,2203.47185
32,female,31.758333177358786,1,yes,southeast,-1355.4343532185922
30,male,35.3,1,yes,southeast,36837.467
39,male,32.67,0,no,southeast,17943.624257579617
56,male,27.2,1,no,southeast,11073.176
58,female,41.73847401894142,0,yes,northeast,24518.76031288069
61,male,26.2258029038198,3,yes,northwest,32787.45859
43,female,24.7,2,yes,southwest,21880.82
52,female,25.3,2,yes,southeast,24667.419
31,male,25.1,1,no,northwest,8688.85885
55,female,30.66339686098655,0,no,northeast,11658.11505
51,male,34.2,1,no,southeast,9872.701
23,female,17.955,2,no,northeast,13270.422265141257
49,female,22.515,0,no,southeast,4243.59005
24,male,31.68,0,yes,southwest,34303.1672
