haematocrit,haemoglobins,erythrocyte,leucocyte,thrombocyte,mch,mchc,mcv,age,sex,source
29.4,9.7,4.544802055001511,3.596816086443747,320,29.0,33.0,87.8,46,M,1
47.7,10.6,5.77,9.266139403124757,239,26.9,32.5,84.61133272892113,49,M,0
45.1,15.6,7.57,4.6,258,32.1,34.6,92.8,46,M,0
24.4,7.4,3.4753744084388263,7.3,247,24.2,30.767103088149224,87.43188421463852,37,F,1
38.22611060743427,10.640329550885697,3.45,10.0,363,29.9,30.0,90.7,75,M,0
32.5,15.5,3.56,9.5,365,27.1,33.33647627682079,91.9,73,F,1
32.5,15.52811414729761,3.81,6.0,314,28.6,33.33647627682079,85.3,59,F,0
38.1,14.4,5.1,7.5,220,31.21479634980252,33.3,84.61133272892113,76,M,1
33.5,12.250783933959706,6.03,25.0,258,26.69027218833957,33.0,81.7,-20,M,1
46.0,13.5,5.67,32.3,241,26.3,32.4,81.1,21,M,0
36.1,12.2,3.71,8.715533393774555,244,32.9,33.8,84.95366738656585,64,M,0
39.7,13.2,5.08,15.3,386,26.0,33.2,78.1,67,M,0
43.0,15.7,5.29,7.325835015515172,195,29.7,36.5,81.3,76,M,1
24.6,12.749350256875191,4.75,14.6,152,32.4,37.8,63.9,76,M,0
43.8,14.6,4.79,8.6,214,33.20351923739207,33.3,78.23467254584192,67,M,0
43.2,12.0,4.69,1.5,382,28.2300392867936,33.96859864619292,81.2,25,M,0
38.37711455781785,15.4,4.22,7.3,307,28.2300392867936,32.9,84.2,22,M,0
47.1,15.9,5.995815549374629,8.7,318,28.1,34.800457659201726,83.2,37,F,0
32.85475334698041,12.6,4.22,5.1,327,26.40019151861868,32.4,95.46548755997493,80,M,1
37.51803506390199,14.184812300984785,4.544802055001511,8.715533393774555,142,28.8,33.9,85.1,19,M,0
38.22611060743427,14.0,5.490863234188738,6.0,276,25.0,34.1,86.3,62,M,0
41.6,12.749350256875191,4.69,8.2,206,29.6,33.4,88.7,84,M,0
35.14411259372458,11.7,4.532633665558119,6.7,63,29.8,34.0,84.7,72,M,0
38.7,5.1,5.65,4.4,204,30.3,33.1,91.7,64,M,1
18.8,5.8,1.93,9.9,261,30.1,34.62788944179434,85.5,58,F,0
44.7,15.2,5.23,8.496098802921873,264,29.1,34.0,97.4,36,M,0
