age,sex,bmi,children,smoker,region,charges
48,male,27.7,1,yes,southeast,13270.422265141257
49,male,42.68,1,yes,southeast,21771.3423
42,male,26.07,0,yes,southeast,38245.59327
37,male,47.6,2,yes,northwest,30944.868779416363
39,female,31.35,0,no,southeast,27346.04207
49,female,27.1,1,no,northeast,26140.3603
42,female,30.66339686098655,0,no,northeast,12815.44495
58,male,27.645,0,no,southeast,4766.022
18,male,23.76,1,yes,southeast,26926.5144
39,male,30.0,1,no,southeast,22144.032
19,female,28.975,0,yes,northwest,34303.1672
39,male,21.755,1,no,southeast,2304.0022
64,male,33.77,1,no,southeast,1725.5523
48,female,22.90953026555372,1,no,southwest,16589.116258964095
29,female,39.05,0,yes,southeast,40419.0191
19,male,26.746691570014224,0,yes,northwest,33750.2918
51,female,48.52813670614983,0,yes,northeast,44641.1974
47,male,24.067667523939555,1,no,northeast,8547.6913
40,male,33.82,5,no,northwest,1634.5734
39,male,25.175,0,yes,northeast,13270.422265141257
36,female,41.23,0,no,northwest,13270.422265141257
28,male,32.49,1,no,northeast,25134.47382350012
23,male,35.2,1,yes,southwest,10795.93733
22,female,39.805,4,no,northeast,2755.02095
49,male,24.86,0,no,southeast,5966.8874
35,female,25.7,3,no,northwest,6334.34355
25,female,33.99,4,no,southwest,3227.1211
33,female,25.816585532403543,2,no,southwest,240.3579633824902
62,male,34.39,1,no,northeast,4237.12655
33,female,30.66339686098655,5,no,southwest,11743.9341
46,female,33.44,1,no,southeast,17083.288208256272
59,male,29.7,1,yes,southeast,13270.422265141257
31,female,31.065,1,no,southeast,26106.02830306204
18,female,29.06525394797789,0,no,southeast,6282.235
28,male,34.22519942773721,3,yes,southeast,7196.867
50,female,25.6,1,no,southeast,8932.084
30,male,37.678584954557486,1,no,southeast,15141.662107424345
38,female,21.12,3,yes,southeast,6652.5288
61,female,25.08,0,no,southeast,21914.41596396954
20,male,31.79,2,no,southeast,19666.034834953614
47,female,33.915,1,no,northwest,10115.00885
23,female,28.0,0,no,southeast,13126.67745
38,male,34.1,4,no,northeast,40182.246
39,female,21.47,0,no,northeast,1702.4553
62,male,30.66339686098655,0,no,northeast,13555.0049
57,male,33.36247123496013,1,no,southeast,11554.2236
20,female,21.8,0,yes,southwest,20167.33603
40,female,40.26,0,no,southeast,19673.33573
23,male,30.66339686098655,2,yes,northeast,11986.831336187646
35,female,35.09,3,no,southwest,6796.86325
48,male,30.66339686098655,0,no,northwest,13270.422265141257
60,female,33.28070736768727,0,no,southwest,12638.195
