age,sex,bmi,children,smoker,region,charges
45,female,29.59,1,no,northwest,3947.4131
29,male,20.35,3,no,southeast,-417.5551287206781
24,female,32.395,0,yes,northeast,24520.264
18,male,21.47,4,no,northeast,1702.4553
63,female,37.7,0,yes,northwest,48824.45
39,female,39.46271071666198,0,yes,southeast,13270.422265141257
29,female,25.6,0,no,southwest,5708.867
60,male,36.005,1,no,northeast,13228.84695
-1,female,42.24,0,yes,northeast,14302.554953151792
40,female,25.46,1,no,southeast,13270.422265141257
23,male,37.1,3,no,southwest,3597.596
42,male,29.81,1,no,northeast,7077.1894
56,female,25.65,0,no,southeast,8428.0693
47,male,47.33594387922495,2,no,southeast,-6971.830650470125
37,male,25.175,0,no,northwest,2045.68525
18,female,30.115,1,no,northeast,8445.890815442706
54,male,27.1,1,no,southeast,19040.876
48,male,30.66339686098655,0,no,northwest,2362.22905
15,male,26.22,1,yes,southeast,6123.5688
39,male,30.66339686098655,1,yes,northeast,7624.63
23,male,37.2825797304451,0,yes,southwest,10795.93733
34,male,30.21,1,yes,northwest,43943.8761
52,female,37.525,2,no,southeast,33471.97189
38,male,12.919117805418828,1,no,northwest,5855.9025
47,male,19.57,1,no,northwest,11454.0215
34,male,20.6,0,yes,southwest,8534.6718
