age,sex,bmi,children,smoker,region,charges
58,male,32.965,0,no,northeast,12430.95335
21,female,12.812902059038482,2,no,southwest,3279.86855
55,male,25.365,0,no,southeast,14358.36437
19,female,44.88,0,yes,southeast,39722.7462
64,male,36.96,2,no,northeast,13270.422265141257
27,female,29.15,1,no,southeast,43533.15430980931
59,male,30.66339686098655,3,no,southeast,2689.4954
64,male,31.3,2,yes,southwest,47291.055
48,male,30.78,3,yes,northeast,10141.1362
30,male,25.486999268470196,0,no,northwest,-2899.1328838243307
39,female,36.3,3,no,southeast,7985.815
19,male,51.28456559120265,0,yes,southwest,4719.73655
60,male,29.07,0,yes,northwest,17352.6803
39,female,33.1,0,no,northeast,7345.084
10,female,38.06,1,no,southeast,1635.73365
31,male,32.775,2,no,northwest,5327.40025
19,female,33.4,3,no,northwest,12800.593188718927
33,female,20.79,0,no,southeast,1607.5101
16,female,23.073042643710522,3,yes,northwest,12475.3513
45,female,27.83,3,no,southeast,13270.422265141257
2,male,28.7,0,no,southeast,1621.8827
19,male,31.13,0,no,southwest,1253.936
39,male,31.92,2,no,southeast,7209.4918
25,male,30.66339686098655,2,no,northeast,23241.47453
19,male,19.8,5,no,southwest,4922.196433990019
23,male,34.4,2,no,southwest,1826.843
