haematocrit,haemoglobins,erythrocyte,leucocyte,thrombocyte,mch,mchc,mcv,age,sex,source
34.9,11.6,3.946441627137294,7.1,344,31.0,33.2,93.3,73,M,0
30.2,15.241082958073958,4.544802055001511,3.3,329,24.5,31.5,78.0,81,F,0
23.3,13.3,4.23,8.0,291,30.0,33.2,99.43330424047684,12,M,0
38.6,13.0,4.544802055001511,9.8,204,31.6,33.7,75.61408411557863,80,M,1
38.6,12.749350256875191,4.31,6.2,360,28.2300392867936,32.9,84.61133272892113,75,M,0
36.4,12.749350256875191,4.54,7.6,308,27.1,33.8,80.2,4,F,0
36.24490872823947,13.4,5.238874127422523,8.715533393774555,171,25.9,35.0,80.1,16,F,0
43.9,14.4,4.92,5.9,352,29.3,33.758116952223816,89.2,87,M,1
38.22611060743427,8.8,2.9,9.2,258,30.655686208245232,37.0,82.1,70,M,1
38.9,13.6,4.45,9.433894973276882,459,28.8,35.0,83.3,62,F,1
38.6,13.0,4.58,8.9,304,28.4,34.48756699844569,84.3,65,M,0
37.7,11.8,4.2,12.4,354,17.2,33.38445414371328,89.8,44,F,1
32.5063011926135,15.3,3.5046529091072305,6.2,202,27.9,36.8,77.9,46,M,0
43.2,15.398973332793926,4.7,8.6,270,31.0,33.9,86.83632998227927,76,M,0
31.9,10.7,3.49,8.803488129585702,312,28.2300392867936,33.5,91.4,84,F,0
38.7,14.4,5.1,7.550067470090592,212,28.2,33.3,100.0,32,F,1
41.3,13.5,4.68,24.8,176,29.1,32.7,88.2,46,M,0
34.1,11.5,3.55,8.9,289,25.733615159643826,32.411257942065205,96.1,63,M,0
45.9,15.0,5.35,2.8,45,25.724083528936756,33.33647627682079,85.8,44,M,0
42.4,14.3,5.3,16.6,165,25.7,35.0,80.0,14,M,0
38.22611060743427,11.2,5.811425789202279,5.0,436,23.0,33.33647627682079,86.9,24,F,0
27.902613392989366,10.911719354351241,4.26,8.715533393774555,258,20.6,31.3,84.61133272892113,53,F,0
44.3,15.3,5.24,4.1,187,22.99228170413207,33.2,74.11048711375666,51,M,0
46.74006877043251,13.8,4.82,9.4,328,28.6,32.9,74.7,41,F,0
42.1,14.7,4.91,13.64856656399177,307,28.2,32.1,80.5,61,M,0
45.6,16.17263270720911,5.43,7.2,176,28.2,33.6,84.0,55,M,1
