age,sex,bmi,children,smoker,region,charges
24,female,27.6,3,no,southwest,18955.22017
42,female,33.155,1,no,northeast,7639.41745
26,female,30.66339686098655,1,yes,northeast,23401.30575
57,male,31.16,0,no,northwest,43578.9394
28,male,27.5,1,no,southwest,12333.828
22,female,29.7,2,no,southeast,11881.358
62,female,36.005,0,no,northeast,19539.243
44,male,22.1,2,no,southwest,4795.6568
42,female,25.3,1,no,southeast,7045.499
50,male,30.66339686098655,0,yes,northeast,14410.9321
61,female,35.245,1,no,southeast,13270.422265141257
41,male,27.659352874988183,2,no,northeast,46255.1125
48,male,32.0839958500583,0,no,southeast,3268.84665
41,female,32.72318853468536,2,no,southeast,38792.6856
43,female,30.685,2,no,northwest,5855.9025
52,male,32.205,1,no,northeast,-3681.78944730243
53,male,19.172144115880485,0,no,northwest,9869.8102
35,female,49.06,2,no,southwest,5989.52365
31,female,29.92,0,no,northeast,34443.560243195614
39,male,30.3,3,yes,southwest,14821.802227726694
52,female,30.66339686098655,2,no,southwest,10806.839
40,female,33.0,0,no,northwest,13270.422265141257
31,male,21.197436687154312,5,no,southeast,-24493.425430288517
19,female,27.7,0,yes,southwest,16297.846
15,female,31.065,1,yes,southeast,14912.095283968276
36,female,22.895,2,yes,northeast,26055.805803761497
55,male,32.67,1,no,southeast,13270.422265141257
84,male,32.811281033962025,1,no,northeast,4673.3922
56,male,33.63,1,no,northeast,7160.094
39,female,28.63546935221799,1,yes,southeast,6185.3208
39,female,38.095,2,no,northeast,15230.32405
39,female,33.63,5,yes,southwest,19023.26
28,female,37.18,1,no,southeast,25517.11363
24,male,25.27,0,no,southwest,3044.2133
28,male,34.33355377206984,2,yes,northwest,45702.02235
38,male,21.12,4,no,southeast,6652.5288
54,male,30.66339686098655,0,yes,northeast,44581.41515855924
55,female,30.4,2,no,southeast,33907.548
28,female,17.29,1,no,southeast,3732.6251
38,female,33.8,3,no,northwest,13270.422265141257
54,male,30.8,1,yes,northeast,41999.52
21,male,28.025,3,no,southeast,1532.4697
37,female,26.4,0,no,northwest,13228.84695
30,male,37.31836262404598,1,no,northwest,13235.783738140877
47,female,46.53,1,no,northwest,13270.422265141257
37,female,21.266029778953907,0,no,southeast,44423.803
59,female,27.72,3,no,southeast,14001.1338
33,male,30.66339686098655,0,no,northeast,2459.7201
22,male,34.8,2,no,northeast,3443.064
36,male,35.2,1,yes,southeast,31544.393314001554
37,male,35.53,2,no,northwest,6203.90175
39,male,29.48,2,yes,southeast,14428.341608833514
