haematocrit,haemoglobins,erythrocyte,leucocyte,thrombocyte,mch,mchc,mcv,age,sex,source
52.55483068822426,13.86374084091241,5.17,3.3,185,27.7,33.9,76.7,8,M,1
29.0,9.6,3.11,14.6,258,28.8,33.1,93.2,26,F,1
31.0,14.0,3.49,7.7,186,29.8,35.21299711585761,84.61133272892113,66,M,0
34.3,11.4,3.99,13.7,309,28.6,33.2,86.0,37,F,0
35.7,11.3,4.88,1.2485445313415031,270,23.2,31.7,73.2,65,F,0
38.22611060743427,14.4,5.512286796463265,9.437850126879987,276,31.9,28.6,95.6,55,M,0
43.632544564481925,12.1,4.544802055001511,2.7,474,30.1,30.607607542573376,88.02600016641382,36,M,0
45.91255421452649,12.749350256875191,5.11,3.9,189,33.00322758480186,35.41272123364734,84.0,39,M,0
44.0,15.1,4.544802055001511,5.9,279,28.2300392867936,34.3,84.5,26,F,1
25.3,8.6,4.49,5.9,258,26.1,34.0,81.6,25,M,0
57.0,13.6,3.537037849915884,12.2,527,26.505307920820083,33.8,59.2,66,M,0
42.0,16.3,4.94,9.2,229,30.214591931875795,34.8,85.0,46,M,0
39.8,10.4,3.53,6.1,258,29.1,33.9,85.9,33,F,0
40.8,15.288213541084053,4.81,2.4,332,29.1,33.33647627682079,115.6,67,F,0
31.5,14.61175328443901,3.76,22.2,230,28.7,34.3,84.61133272892113,63,M,1
36.7,4.4,3.64,9.0,152,33.5,34.7,100.8,87,F,1
38.22611060743427,11.3,3.93,6.4,196,30.9,32.1,89.6,38,F,0
33.7,10.8,6.0414208892819286,8.715533393774555,359,29.6,32.0,91.34711626777863,67,F,0
40.12448608837144,10.7,3.51,18.8,386,30.5,30.6,99.7,54,F,0
35.3,12.2,5.38,9.176351210161014,273,29.4,34.6,88.10996047130921,32,M,1
34.1,11.6,4.88,7.1,148,30.6,34.0,78.3,59,F,0
38.3,12.440440064169398,4.55,8.715533393774555,414,27.7,30.7,84.2,41,M,1
35.0,11.8,4.769679238842975,8.7,279,26.4,33.7,78.3,55,M,0
41.3,13.8,4.46,4.6,357,27.16032633084383,33.2,89.2,46,F,0
31.8,10.1,3.62,0.5580368857448388,90,27.9,33.33647627682079,87.8,46,F,0
45.8,12.749350256875191,4.71,4.0,303,28.2300392867936,31.461241469405557,86.45927549916816,49,M,0
