,synth,train,val,test,synth_value,real_value,jsd,wasserstein,diff_corr,dcr_rf,nndr_rf,dcr_rr,nndr_rr,dcr_ff,nndr_ff
lct_gan_0_0_0,lct_gan_0_0_0\synth.csv,lct_gan_0_0_0\train.csv,lct_gan_0_0_0\val.csv,lct_gan_0_0_0\test.csv,-0.0749344419363742,0.1339826696298256,0.5234793801301892,0.210102680218565,2.4439074290260185,1.5697776741950724,0.9999306382612564,0.0913076706379297,0.2463335708097397,0.0136546324680848,0.2788794958728484
lct_gan_0_1_0,lct_gan_0_1_0\synth.csv,lct_gan_0_1_0\train.csv,lct_gan_0_1_0\val.csv,lct_gan_0_1_0\test.csv,-0.6814340516205868,0.1415437489163783,0.462607237433776,0.2105857153961897,2.215809385822876,0.9446611691527008,0.9609093549377612,0.0816637655795907,0.224318536336512,7.206279894302141e-06,0.2132895666934535
lct_gan_0_2_0,lct_gan_0_2_0\synth.csv,lct_gan_0_2_0\train.csv,lct_gan_0_2_0\val.csv,lct_gan_0_2_0\test.csv,-0.1139951369086911,0.1428632619589739,0.4367294886512696,0.2313536642643907,2.483244613363444,1.893786516766847,0.9999953698264856,0.0857126620502681,0.2175479311479616,0.0001287456300905,0.0412793320795547
lct_gan_0_3_0,lct_gan_0_3_0\synth.csv,lct_gan_0_3_0\train.csv,lct_gan_0_3_0\val.csv,lct_gan_0_3_0\test.csv,-0.8245319286330182,0.1440373819176473,0.3564540650018977,0.2191017534423969,2.2152405621005453,0.9187154978689992,0.8603371716806595,0.0894910652844057,0.2628329164779755,0.0003055589026345,0.0632690869126502
lct_gan_0_4_0,lct_gan_0_4_0\synth.csv,lct_gan_0_4_0\train.csv,lct_gan_0_4_0\val.csv,lct_gan_0_4_0\test.csv,-0.083001705103435,0.1304326854268628,0.3832639365799764,0.1587923098272259,2.507531656295717,0.8714141337972174,0.8856638394340242,0.0910973656259388,0.235832820058266,0.0003440401169241,0.0529194598875771
