age,sex,bmi,children,smoker,region,charges
55,male,38.28,1,yes,southeast,10226.2842
39,female,31.8,0,no,northwest,46718.16325
45,female,27.94,0,no,northeast,14043.4767
19,male,39.31173223856496,1,no,southwest,13270.422265141257
18,female,37.29,0,no,northwest,1141.4451
39,female,22.895,1,no,northeast,4719.52405
62,female,30.495,0,no,southeast,28340.18885
51,male,31.635,2,no,southeast,22010.74211846728
62,female,27.645,1,no,southwest,15019.76005
58,female,28.215,0,no,southeast,12224.35085
32,female,29.735,0,no,northeast,13270.422265141257
49,female,33.33,1,no,southeast,36580.28216
31,male,22.88,1,yes,southeast,23244.7902
60,female,30.66339686098655,2,yes,northeast,4872.011508927061
71,female,38.19,0,no,southwest,12124.9924
43,male,25.46,0,no,southeast,-8787.806400399717
52,male,30.2,4,no,southwest,9724.53
33,female,30.66339686098655,2,yes,southwest,16776.30405
36,female,23.945186851004475,1,no,southwest,5472.449
44,female,27.645,0,no,northwest,29334.084145644236
27,male,30.0,1,no,southeast,2904.088
56,male,24.850064363226245,3,yes,northeast,13430.265
61,female,22.04,0,no,northeast,13616.3586
62,male,33.345,1,no,southwest,13470.86
29,male,31.73,0,no,southeast,2867.1196
53,male,34.91123083789892,1,no,southeast,10085.846
