haematocrit,haemoglobins,erythrocyte,leucocyte,thrombocyte,mch,mchc,mcv,age,sex,source
36.8,9.871319870741413,5.21,8.715533393774555,65,26.6,32.2,82.4,64,F,0
37.6,12.7,4.022714770568146,9.7,286,26.3,34.5,76.2,32,F,0
42.1163528713926,12.749350256875191,5.71,6.1,256,27.1,33.33647627682079,84.61133272892113,60,F,0
43.1,12.5,4.55,6.5,306,25.90225425569985,33.4,82.7,54,F,1
38.22611060743427,12.749350256875191,4.411270390752034,10.6,127,28.3,33.2,84.61133272892113,60,F,0
30.3,9.8,4.22,10.3,476,23.2,33.6,71.8,46,F,1
35.9,9.2,4.16,8.715533393774555,280,29.3,34.0,86.3,65,M,0
38.22611060743427,14.3,4.38,9.5,200,32.6,35.0,93.2,10,M,0
36.820835880041514,10.9,4.21,9.1,226,28.2300392867936,33.9078179703056,79.8,58,M,1
35.3,11.5,4.544802055001511,4.578974986672505,274,29.0,32.6,92.4,87,M,0
38.1,13.268737642400835,4.52,10.4,231,27.7,29.4,84.3,57,M,0
39.6,9.4,4.67,11.0,249,23.692502016084617,35.1,84.8,25,M,0
39.7,12.468119572360987,5.01,13.9,258,23.93219420344244,33.33647627682079,79.2,52,M,0
41.813258467961326,16.6,7.61,9.57693417191323,37,21.8,30.7,71.0,20,F,0
33.3,11.6,4.544802055001511,7.4,246,27.8,33.55656491965614,79.43100068689692,35,M,0
47.7,15.8,5.79,3.0,146,27.3,34.181328914231564,82.6,1,M,0
35.0,10.9,5.506148726577176,8.4,660,23.9,31.1,76.6,22,M,0
43.5,14.6,4.8,16.9,183,29.3,32.3,87.3,77,M,0
29.5,12.801386911098263,3.3,23.8,258,30.6,34.2,89.4,75,F,1
34.5,11.8,4.1,4.9,273,28.2300392867936,34.2,72.0,71,M,0
30.4,10.5,3.56,3.9,140,36.6,37.2,80.68297053622784,87,F,0
55.8,12.9,4.71,5.0,295,27.4,33.82999197904597,87.0,46,M,0
44.8,14.7,5.71,3.9075666725458555,269,26.216686578490577,32.8,78.5,29,M,0
28.2,13.9,3.337814356614654,17.831791030419925,252,28.5,33.3,76.91058040189081,63,F,1
46.4,15.6,5.62,6.3,150,32.4,33.6,76.25704893196976,31,M,0
34.47353395306017,15.0,5.42,9.5,341,27.7,34.2,80.8,66,M,1
