haematocrit,haemoglobins,erythrocyte,leucocyte,thrombocyte,mch,mchc,mcv,age,sex,source
40.691517862950356,13.31740568563781,3.8749741088827503,3.8,335,29.1,38.1,81.1699097760273,55,M,0
32.8,9.9,3.97,12.452480411379135,338,30.0,36.3,72.84878751100017,12,M,1
40.3,13.5,5.857047691949878,7.6,200,35.1,33.5,73.4,46,F,0
37.1,18.2,4.68,8.715533393774555,192,26.9,33.0,79.3,91,F,1
40.8,8.1,2.82,19.8,350,28.7,34.28310710120005,84.61133272892113,65,F,1
33.2,11.4,4.2,5.1,150,29.2,34.3,85.1,18,M,0
39.1,13.5,4.87,11.101047200173449,316,27.4,34.5,67.4,43,F,1
47.7,15.0,5.3,6.3,180,28.3,35.14403477702614,80.2,67,M,0
31.9,11.0,5.052583097658082,4.0,232,27.4,35.12262368238585,79.6,33,F,0
44.9,14.8,5.35,6.6,344,27.7,37.2,83.9,41,M,0
38.22611060743427,13.9,4.544802055001511,14.887647972567578,294,30.2,35.2,85.7,46,M,1
48.3,10.6,4.52,8.5,388,30.2,32.11963519576952,85.3,70,M,0
43.0,14.466139801267143,5.27,8.715533393774555,294,26.2,32.1,77.43132396157873,52,M,0
35.7,11.9,4.28,27.8,241,27.8,33.33647627682079,83.4,86,F,1
38.22611060743427,12.5,4.544802055001511,10.9,321,28.2300392867936,32.9,82.9,71,F,0
23.31826515799895,11.1,4.45,13.2,258,31.3,34.8,93.9788934979835,52,M,1
40.7,13.7,4.46,7.4,277,30.7,33.7,91.3,62,F,0
24.4,15.324590304467995,5.37,5.8,413,24.598390752860055,34.8,76.0,14,M,0
37.0,12.2,4.12,8.3,258,28.2300392867936,33.0,89.8,90,F,0
35.57775661107861,10.9,3.99,7.8,320,27.3,33.5,84.61133272892113,46,M,0
40.7,12.749350256875191,5.35,39.8,167,28.8,34.6,83.2,58,M,0
33.24076693638431,8.47610594135073,4.46,3.2,218,27.7,34.0,82.5,3,M,0
38.2,12.6,3.55,14.4,221,29.931190314075817,33.0,85.8,40,M,0
42.0,13.7,4.91,-1.1243003285026525,366,27.9,32.6,85.5,71,F,0
34.8,12.749350256875191,3.6118204524392423,32.0,357,28.124738952457886,33.33647627682079,82.1,88,F,0
30.7,17.1,3.75,10.4,354,31.252299332709008,36.7,81.9,59,M,1
