age,sex,bmi,children,smoker,region,charges
36,female,22.6,2,yes,southeast,-3075.7422875646625
43,male,26.4,3,no,southeast,40520.23995757844
46,male,30.66339686098655,1,no,northeast,9432.9253
39,male,32.775,1,no,southwest,17316.72586131966
47,male,33.25,1,no,northeast,10407.08585
39,male,34.01,0,no,northwest,11356.6609
54,female,32.3,1,no,southeast,17175.603790728896
60,female,28.55298614977753,3,yes,northeast,46130.5265
48,male,20.9,0,no,southeast,44193.78810385771
19,male,32.3,3,no,southeast,9800.8882
23,female,34.96,3,no,northwest,4466.6214
35,male,32.775,1,no,northwest,37742.5757
39,male,41.1,0,no,southeast,3989.841
41,female,32.11077157294793,3,yes,northeast,8538.28845
52,female,25.27,1,no,northeast,21771.3423
30,female,32.48263941855999,2,no,southwest,5325.651
39,female,24.605,4,no,southeast,2709.24395
43,male,39.615,1,no,southwest,6849.026
25,female,28.05,0,yes,southeast,6770.1925
20,male,30.66339686098655,1,no,southwest,2801.2588
64,male,31.825,3,no,northeast,16069.08475
28,female,31.338260347078567,0,yes,northwest,3556.9223
37,female,30.39057918253915,1,no,northwest,6112.35295
35,female,30.66339686098655,3,no,northeast,-3943.5738627777537
45,male,30.66339686098655,1,no,southeast,21098.55405
22,male,32.11,1,no,southeast,1664.9996
23,male,24.6,0,yes,southwest,12105.32
18,male,35.2,1,no,northeast,13270.422265141257
18,male,40.26,1,no,southeast,1634.5734
16,female,26.837204413773534,2,no,northwest,5327.40025
26,female,18.335,0,no,southeast,-7164.070480010765
27,female,24.3,3,no,southwest,13270.422265141257
16,female,28.785,1,no,northwest,4562.8421
25,male,26.22,0,no,northeast,2721.3208
60,male,30.66339686098655,0,no,southeast,1682.597
48,male,17.86,1,no,northwest,12268.63225
47,male,32.3,0,no,southwest,24180.9335
36,male,34.43,0,yes,northwest,37742.5757
56,male,26.695,5,yes,northwest,26109.32905
39,female,42.68,2,no,southeast,3597.596
45,male,36.51063725237997,0,no,northeast,13270.422265141257
48,male,39.49,3,yes,southeast,8062.764
24,male,33.156926908963264,0,yes,southeast,13270.422265141257
26,male,27.06,1,yes,southwest,17043.3414
41,female,40.98699293560546,2,no,northwest,22493.65964
36,male,24.035,2,no,southeast,13270.422265141257
25,female,23.465,0,yes,southeast,3206.49135
20,male,35.625,1,yes,northwest,43891.20145434388
30,female,45.44515202929485,1,no,northeast,4237.12655
43,female,26.885,0,no,northwest,20621.034395558432
50,male,37.1,1,no,northwest,25737.739071355965
13,male,27.55,1,no,northwest,13937.6665
