age,sex,bmi,children,smoker,region,charges
39,female,30.66339686098655,5,no,southeast,2459.7201
53,male,38.60974196657902,0,yes,northeast,43254.41795
49,female,28.014218664532464,1,yes,southwest,27037.9141
41,male,33.089265907340874,1,no,northwest,2473.3341
24,female,18.05,0,no,southeast,4906.40965
39,male,45.54,-1,yes,southeast,47686.139218353266
17,female,32.8,0,no,southwest,13270.422265141257
55,male,35.245,1,no,northeast,-126.17919079933745
39,male,26.878169088282167,0,no,southeast,6770.1925
53,female,36.6,1,no,southwest,12378.226234214422
51,female,33.1,2,yes,northwest,46113.511
61,female,20.235,1,yes,northeast,9644.2525
41,male,45.9,2,no,southwest,13270.422265141257
29,male,28.05,1,no,southeast,2155.6815
48,female,33.66,3,no,southeast,15161.5344
39,female,30.115,4,no,northeast,13270.422265141257
62,male,37.4,0,no,southwest,17785.07086707306
50,male,26.41,0,no,northwest,8827.2099
44,female,33.662780056887705,2,no,southeast,11273.917901612638
43,female,29.544711154573974,2,yes,southwest,19798.05455
45,male,28.7,2,no,southeast,8027.968
63,male,27.36,1,no,northeast,9447.3824
61,female,31.16,0,no,northwest,10809.125630134851
23,female,23.3,1,no,northwest,22331.5668
59,male,25.935,1,yes,southeast,5375.038
39,female,24.795,0,no,northeast,9500.57305
33,female,17.130228396959236,1,no,southeast,5354.07465
43,male,30.66339686098655,0,no,northwest,13270.422265141257
18,female,15.96,0,no,southeast,1694.7964
50,male,30.66339686098655,0,no,northwest,12523.6048
51,male,28.5,5,yes,northeast,6799.458
18,male,33.155,0,no,northwest,2207.69745
32,male,30.03,1,no,southeast,4074.4537
56,male,39.82,0,no,southeast,13822.803
54,male,24.36870465034214,0,no,southeast,63770.42801
24,female,27.6,1,no,southwest,18955.22017
30,female,22.04,-1,no,northeast,13616.3586
60,female,32.11,0,no,northeast,-5641.214182383337
61,male,23.655,1,no,northeast,13129.60345
19,female,36.575,0,no,northwest,1242.26
50,male,27.55,2,no,northeast,15773.522262475602
31,male,27.74,1,no,southeast,9957.7216
58,male,47.6,0,no,southwest,11848.141
39,male,34.7,1,no,southeast,6082.405
50,male,32.2,2,no,southeast,7731.4271
54,male,30.66339686098655,1,yes,northeast,7196.867
37,female,26.699748759315277,2,no,northeast,13270.422265141257
36,male,28.025,3,no,southeast,20773.62775
37,female,37.0,0,no,northeast,16693.506554143536
27,male,30.66339686098655,0,no,southwest,12298.055416845817
34,male,25.706739323616862,3,no,southeast,6196.448
25,male,27.0,1,no,southeast,3238.4357
