age,sex,bmi,children,smoker,region,charges
45,female,30.2,1,no,southeast,13270.422265141257
58,male,35.66877811052503,1,no,northeast,6126.470812301253
44,female,27.645,2,yes,northwest,12592.5345
19,male,34.4,0,no,southwest,1261.859
18,female,40.28,0,no,northeast,6016.906410676652
19,female,26.4,0,no,southwest,32646.1545928603
43,male,40.5,1,no,southwest,1682.597
53,female,29.48,0,no,southeast,9487.6442
46,male,33.503972928356156,1,no,northwest,9301.89355
37,female,27.93,3,no,northwest,18838.70366
39,female,29.07,-1,yes,northwest,29141.3603
47,male,48.07,1,no,southeast,8782.469
27,male,30.66339686098655,3,no,southwest,2913.569
48,female,40.66,0,no,northeast,9875.6804
36,female,28.88,3,no,northeast,13270.422265141257
64,male,30.66339686098655,0,no,southeast,13831.1152
52,female,61.08943430220754,5,no,southeast,24535.69855
35,female,34.32,0,no,southeast,5934.3798
62,male,28.31,0,no,southeast,12982.8747
18,male,36.67,2,yes,southeast,39774.2763
19,female,39.93,0,yes,southeast,17468.9839
63,female,31.8,0,no,southwest,13880.949
39,female,24.42,0,yes,southwest,26125.67477
28,female,24.32,1,no,northeast,10622.660501453078
53,male,32.775,0,no,southwest,10601.63225
48,male,25.953051412300866,0,yes,southeast,2322.6218
