age,sex,bmi,children,smoker,region,charges
32,male,28.93,0,yes,southeast,19719.6947
57,female,30.66339686098655,0,yes,northwest,11842.62375
26,male,32.9,1,no,southwest,20169.28847842758
60,female,35.7,1,no,northeast,3490.5491
29,male,27.645,2,no,northeast,13270.422265141257
21,female,37.525,2,no,northwest,32685.768598933668
39,female,34.09635993379566,0,no,southeast,1880.07
37,male,27.645,1,no,northwest,28340.18885
54,male,30.02,0,no,southeast,36200.1988149625
45,female,28.025,1,yes,southeast,20773.62775
22,male,23.991143592283876,0,yes,northeast,14471.541300607349
29,male,26.03,0,no,northwest,3736.4647
22,male,26.84,1,no,southwest,1664.9996
62,male,26.695,0,yes,northeast,28101.33305
39,male,42.24,0,no,southeast,25800.901702184332
43,female,26.07,3,no,southwest,7196.867
43,male,30.4,1,yes,northeast,39597.4072
61,male,35.64,1,no,northwest,14119.62
18,male,39.01896786348629,4,no,southeast,36307.7983
48,female,30.66339686098655,0,no,southeast,13270.422265141257
60,female,24.53,0,no,southeast,3413.114256097586
36,female,34.295,0,no,southeast,5272.1758
48,male,19.95,1,no,northeast,44202.6536
22,female,30.78,1,yes,northwest,13270.422265141257
56,male,31.445,0,no,northeast,22412.6485
18,male,33.63,2,no,northwest,10825.2537
32,male,21.247962724379587,3,yes,southeast,13270.422265141257
22,female,40.174232803703255,0,yes,southeast,2156.7518
22,male,28.05,0,no,southeast,47496.49445
44,male,38.43094944068773,1,no,southwest,6837.3687
56,male,34.22708515924275,0,no,northeast,5051.318045359361
58,female,30.66339686098655,0,no,northeast,11944.59435
49,male,20.235,2,no,southeast,20640.941669786676
50,male,23.54,2,no,southeast,11879.10405
39,male,24.799309094378252,0,yes,northwest,33750.2918
56,male,30.302075373647252,5,no,southeast,10959.33
19,female,28.4,1,no,southwest,11253.421
52,female,46.75,5,yes,southeast,12592.5345
47,male,18.814298053028065,2,yes,northwest,21880.82
55,female,39.805,2,no,northwest,2755.02095
52,female,17.4,1,no,southwest,7252.8800601473395
50,male,28.6,3,no,southwest,11253.421
28,female,17.29,0,no,northeast,3732.6251
59,male,31.79,2,no,southwest,12928.7911
43,female,24.6,0,yes,southwest,17496.306
50,male,31.825,1,yes,northeast,13270.422265141257
47,male,38.94,2,yes,southeast,8964.06055
72,female,30.66339686098655,4,no,southeast,44969.31745381427
30,male,30.66339686098655,1,no,southeast,6250.435
25,male,29.92,2,no,southeast,3906.127
39,male,25.46,0,no,northeast,1708.0014
39,male,43.01,0,no,southeast,12269.68865
