age,sex,bmi,children,smoker,region,charges
42,male,36.6,3,no,southwest,-1978.861835610347
46,male,27.92999987746815,1,no,southwest,24603.04837
39,female,28.31,1,no,northwest,12622.1795
48,male,23.87491207713273,5,no,southeast,1621.8827
39,female,40.06872908106061,0,no,southwest,28868.6639
32,female,40.81886928330726,2,no,southeast,13270.422265141257
65,male,22.42,0,no,northeast,13270.422265141257
62,female,30.66339686098655,2,no,northwest,15019.76005
59,male,24.244191649174354,3,no,northwest,13270.422265141257
38,female,30.69,1,no,southwest,5976.8311
43,female,39.7,2,no,southwest,17166.6367984753
38,male,25.74,1,no,southeast,11668.356949543559
37,male,28.31,1,no,southeast,6112.35295
7,male,41.47,0,no,northeast,1303.580024407167
31,female,30.8,1,no,northwest,6373.55735
39,male,40.5994684189897,2,no,southeast,10965.446
36,male,29.92,5,no,southeast,4889.0368
57,female,31.16,0,yes,northwest,43578.9394
19,female,30.495,0,yes,southeast,2128.43105
62,male,37.4,0,no,southeast,12979.358
21,male,16.187874945269378,1,no,northwest,12897.95854116428
23,male,41.91,0,no,northeast,1632.56445
28,female,34.3,0,no,northwest,3062.50825
37,male,26.79,1,no,southeast,39871.7043
42,female,36.195,1,no,northwest,7443.64305
18,male,30.66339686098655,0,no,southeast,20793.558283838967
41,male,35.97,2,no,southeast,7160.3303
60,female,19.695080379883684,0,no,southwest,13270.422265141257
46,male,32.015,0,no,northwest,-14999.74644849862
39,male,21.47,0,yes,southeast,13270.422265141257
38,male,30.66339686098655,0,yes,northwest,41949.2441
51,female,18.05,0,yes,northwest,9644.2525
39,male,30.78,1,no,southeast,-10780.373079569388
18,female,21.66,0,yes,northeast,14283.4594
52,female,45.68066443893096,2,no,northwest,26467.09737
19,male,25.555,0,yes,northwest,1837.2819
50,male,27.61,1,no,southeast,4747.0529
28,male,27.645,1,no,northeast,5031.26955
39,male,29.925,2,no,northwest,8988.15875
63,female,30.032399878837527,2,no,southwest,13887.204
18,male,28.5,0,no,southeast,34303.1672
29,male,33.66,4,no,northeast,-2985.7915753962297
58,female,29.0,0,no,southeast,11842.442
57,female,30.66339686098655,1,yes,southwest,7985.815
44,female,27.5,1,no,southwest,7626.993
22,male,31.73,2,no,southeast,4058.1161
62,male,40.565,0,no,southwest,18574.341984296087
56,female,29.59,1,no,southeast,3947.4131
42,male,34.105,1,no,northwest,36580.28216
52,female,31.73,2,no,northwest,11187.6567
10,female,38.83,3,no,northwest,5138.2567
37,female,30.66339686098655,1,no,southeast,4762.329
