age,sex,bmi,children,smoker,region,charges
38,female,39.05,3,no,southwest,7151.092
39,female,30.66339686098655,4,no,southeast,12475.3513
26,male,29.48,1,yes,southeast,3392.3652
21,male,35.97,0,no,southeast,16586.49771
39,male,24.97,2,no,southeast,6593.5083
61,male,37.8,1,yes,southeast,36787.98906938465
42,female,25.3,0,no,southwest,6082.405
41,male,34.2,0,no,northwest,13270.422265141257
39,female,24.7,4,no,southeast,13270.422265141257
50,female,41.8,0,no,southeast,13890.186968331147
10,female,37.51,1,no,northwest,10928.849
82,male,34.43,1,no,southeast,1632.03625
42,male,31.02,3,no,southeast,7160.3303
40,male,34.105,1,no,southeast,6600.20595
29,male,22.895,0,yes,northeast,16138.76205
40,male,29.40849098550888,0,no,southeast,5478.0368
63,male,26.22,0,yes,northwest,4137.5227
54,male,32.775,0,no,northeast,8144.381340501888
23,male,33.18764052822444,0,no,northwest,2690.1138
4,female,22.42,1,yes,northwest,14711.7438
50,female,30.66339686098655,1,yes,northeast,12940.431286504521
6,male,23.4,0,no,northwest,13270.422265141257
59,male,25.46,1,no,northeast,12913.9924
48,male,32.3,1,no,northwest,12332.197851165078
39,male,26.51,0,no,southeast,8269.044
28,male,19.23921337602983,0,no,southwest,6250.435
28,female,29.26,2,yes,northeast,4438.2634
49,male,35.97,1,no,southeast,9386.1613
36,female,21.896798304795297,3,no,southeast,7228.21565
41,male,30.002890753662946,0,no,northwest,20234.85475
20,female,34.95736519456558,0,no,northeast,2257.47525
35,male,39.71,4,no,northeast,4204.531687334809
53,male,35.815,0,no,northwest,-7448.423130091736
34,female,24.60912897868051,0,no,northwest,6406.4107
61,female,28.2,0,no,southwest,13041.921
21,female,28.471692027117967,2,no,northeast,7358.17565
39,male,29.83,2,no,northeast,9863.4718
63,male,21.66,0,yes,southeast,13405.3903
20,male,21.8,0,yes,southwest,20167.33603
18,male,28.5,3,no,northeast,1712.227
34,female,38.0,6,no,southwest,30061.085292729276
41,female,33.63,1,no,northwest,13270.422265141257
63,male,30.66339686098655,1,no,southwest,1980.07
39,female,24.020658886483318,1,no,northeast,17149.65859784292
30,male,28.0,1,yes,southeast,4166.237953854037
39,female,24.985,0,no,northwest,6571.02435
19,female,30.66339686098655,0,no,northeast,10594.2257
51,female,18.05,0,no,northwest,9644.2525
20,male,30.66339686098655,3,yes,southeast,13270.422265141257
28,male,23.8,1,no,northeast,3268.84665
48,female,25.27,1,no,southeast,3044.2133
47,male,14.165548659507149,0,no,southwest,8457.818
