age,sex,bmi,children,smoker,region,charges
36,male,30.66339686098655,0,no,northeast,5227.98875
26,female,22.23,0,no,northwest,-112.561471614948
36,male,27.45588883368967,0,yes,northwest,8444.474
60,female,35.1,0,no,southwest,12644.589
28,female,17.29,0,no,northeast,13270.422265141257
39,male,29.04,2,no,southeast,2138.0707
46,male,19.855,1,no,southwest,7526.70645
45,female,39.7,1,no,southwest,14319.031
36,female,37.51,4,no,southeast,7243.8136
40,female,41.42,3,no,southwest,28476.73499
29,male,31.103996478155775,2,no,southeast,3471.4096
24,male,29.6,0,no,northwest,2352.96845
60,female,31.79,0,no,southeast,13270.422265141257
43,male,27.075,0,yes,southeast,37829.7242
50,male,32.191874480808984,0,no,southwest,10355.641
20,female,33.82,2,no,southeast,12643.3778
45,male,30.66339686098655,0,no,northwest,8413.46305
19,female,27.93,3,no,northwest,18838.70366
39,female,28.215,0,no,northwest,9872.701
63,male,32.79226840547047,0,no,northeast,4500.33925
34,female,27.74,2,yes,northeast,29523.1656
35,male,27.7,3,no,southeast,13432.284771083523
37,female,34.1,4,yes,northwest,9744.417555079684
23,male,50.38,1,no,southeast,2438.0552
54,female,31.9,1,no,southeast,19445.82524161804
63,female,39.05,1,yes,southeast,16085.1275
