haematocrit,haemoglobins,erythrocyte,leucocyte,thrombocyte,mch,mchc,mcv,age,sex,source
54.0,13.6,4.56,20.1,316,29.8,37.2,80.3,62,F,0
31.8,10.688054663206334,4.32,2.761272948372334,395,25.037854481830415,32.7,73.6,73,M,0
45.9,10.649835076901237,5.59,6.0,255,26.8,32.7,81.45854822098381,46,M,0
36.8,12.7,3.98,9.7,258,26.3,34.09424925378148,76.2,23,F,1
33.32515220930018,11.2,3.97,8.1,204,23.0,34.4,82.1,24,F,0
41.0,12.416101436788448,4.544802055001511,6.1,118,29.7,33.7,88.2,41,M,1
42.1,15.2,4.93,8.0,310,30.8,34.50326107515269,85.4,55,M,1
44.0,12.749350256875191,5.06,15.9,151,27.265341182908358,33.0,87.0,27,F,0
35.4,12.2,3.627966045724498,8.715533393774555,49,29.5,34.5,84.61133272892113,44,F,1
46.5,15.3,6.01,7.2,150,25.5,35.09614098263136,77.4,25,M,0
38.3,17.8,3.551464848040437,8.126778789137319,319,28.9,33.33647627682079,81.5068972697823,34,F,1
41.3,16.9,4.66,7.1,333,28.5,32.8,84.61133272892113,40,M,0
47.700001899862954,10.4,4.544802055001511,7.2,254,30.7,33.3,86.6,84,F,0
48.0,14.345244727442424,4.330203012673382,4.0,200,28.4,34.0,74.4,35,M,0
38.22611060743427,14.0,3.15,9.652659652139922,187,33.0,33.8,100.0,46,M,1
29.7,10.1,3.88,8.715533393774555,324,28.2300392867936,32.6,79.9,29,F,0
40.5,13.7,4.69,9.0,85,27.1,33.33647627682079,67.5,63,M,0
38.22611060743427,8.2,2.79,9.3,325,24.725302466942335,33.3,78.8,47,F,1
38.3,11.4,5.918594341064765,8.0,633,21.0,29.8,70.5,64,F,0
46.5,15.2,5.16,4.1646354313826,175,28.705180644849474,28.6,77.42699407170176,60,M,0
45.8,15.2,5.29,7.7,365,28.7,28.1,92.1,22,M,1
57.84451492501324,16.5,6.09,7.8,299,29.2,33.5,80.8,55,M,0
37.1,12.1,4.98,4.9,342,24.3,32.6,74.5,17,F,0
37.2,12.749350256875191,4.0,6.6,258,28.2300392867936,33.9,82.3,53,M,1
36.521454177651904,10.2,3.51,15.0,172,29.1,33.14510407017101,86.9,55,M,1
33.3,11.2,4.83,7.0,286,25.0,33.6,88.951966761719,89,M,0
