haematocrit,haemoglobins,erythrocyte,leucocyte,thrombocyte,mch,mchc,mcv,age,sex,source
39.5,12.2,4.51,4.0,125,29.0,33.2,87.6,46,M,1
40.0,14.0265923938588,5.410755566833979,6.9,102,28.2300392867936,33.2,81.5,11,M,1
39.241519021314716,13.0,3.460593370264572,8.715533393774555,227,28.8,33.5,86.7,7,F,0
38.22611060743427,16.7,5.36,7.531389894301138,248,31.877008399028664,36.02991624937932,86.9,52,F,0
34.83414231947049,12.6,4.544802055001511,8.2,451,27.7,32.9,87.9,34,F,0
27.6,9.8,4.544802055001511,10.107854720226431,153,24.9,35.5,70.2,56,M,0
38.22611060743427,14.4,5.06,12.0,1121,28.5,33.5,85.0,69,M,1
37.8,16.3,4.02,11.4,201,30.3,32.3,94.0,31,M,0
35.72231141713334,10.472583329199981,4.37,-7.503620172343366,304,30.7,34.2,85.6,44,F,1
37.4,13.1,4.69,0.9969954574191195,105,31.3747943580757,28.1,81.05338321696456,39,M,1
35.4,12.749350256875191,3.82,30.6,73,31.7,34.2,92.7,83,M,1
50.7,15.4,5.35,6.7,14,28.2300392867936,33.33647627682079,84.25445272002113,26,M,0
35.6,14.214545947812049,6.4,6.2,66,29.3,34.8,88.1,58,M,1
38.4,12.7,2.75,18.4,265,27.1,33.33647627682079,84.61133272892113,26,F,0
39.8,12.4,4.04,8.715533393774555,258,19.4,31.1,68.67142099121175,59,M,0
38.9,13.2,4.281532247024698,6.5,253,29.5,33.9,86.8,69,M,0
35.5,5.1,4.13,3.9,193,29.1,33.8,90.50689621320713,80,F,1
36.3,13.010916260475781,5.74,9.0,258,29.196155046653303,30.268407699333018,83.6,53,M,0
47.3,12.2,5.38,20.5,276,24.9,34.5,84.2,38,M,0
43.40916666702607,12.7,4.19,13.0,619,30.807762281808444,32.5,93.3,46,M,0
18.6,6.1,2.25,8.6,22,27.1,33.65934375849568,84.61133272892113,46,F,0
30.0,10.1,3.56,18.1,386,28.4,33.7,84.3,59,F,1
38.3,13.6,4.050263948298834,3.3,157,25.7,32.1,63.4,-31,M,0
39.0,12.9,3.39,7.8,254,34.4,32.995833829939556,90.1,61,M,1
48.0,11.8,4.11,4.6,194,28.7,32.5,88.3,38,M,0
39.1,12.749350256875191,4.59,5.0,206,29.8,35.0,85.2,44,M,0
