haematocrit,haemoglobins,erythrocyte,leucocyte,thrombocyte,mch,mchc,mcv,age,sex,source
38.22611060743427,13.6,5.632279685692525,2.8,131,27.1,33.1,82.0,46,F,0
40.1,12.749350256875191,3.84,2.8,117,35.4,33.9,89.1,78,M,0
38.22611060743427,13.7,5.299249342119999,4.5,895,26.620640401921563,33.9,85.1,62,M,1
40.6,13.9,4.79,8.715533393774555,227,26.006882206770683,32.5,70.8,16,M,0
37.2,13.4,4.58,10.3,350,22.6,36.0,87.42566482073053,34,M,0
46.7,15.6,5.3,5.9,296,28.2300392867936,33.4,88.1,31,M,1
35.7,10.58722614782895,6.52,4.1,145,29.840533545522455,32.39006672003681,89.9,46,M,0
38.546154788851645,9.1,5.114014775868828,6.3,187,26.6,34.8,76.5,8,M,1
31.2,12.749350256875191,4.544802055001511,6.4,282,20.2,33.33647627682079,88.0,30,M,0
37.9,14.807944791168277,4.11,7.9,368,29.0,33.814594955627435,84.61133272892113,67,F,0
38.4,12.5,4.56,13.082416735883132,303,28.7,33.7,73.74189392041555,31,F,0
31.0,10.6,5.242991267951118,7.3,228,32.8,34.2,96.0,68,F,0
36.9,12.2,4.17,2.8253307000092134,130,29.3,33.1,74.85220050711271,84,M,1
42.1,13.7,4.77,19.8,188,28.7,32.5,88.3,54,F,0
40.34355660058022,14.7,5.48,2.7,135,26.8,32.5,82.5,12,M,1
43.1,14.0,6.09,7.6,266,23.0,34.2,84.8,31,M,0
46.5,13.6,4.5,6.1,116,30.2,35.1,86.0,39,M,0
38.7,13.1,4.2,21.4,200,28.5,35.6,86.2,43,F,1
43.5,14.8,5.39,12.7,258,27.5,34.0,73.44227351277331,1,F,0
36.5,16.44915308888343,4.54,8.0,258,29.8,33.2,86.7,48,F,0
51.304308639654195,14.4,4.87,11.4,467,29.6,33.33647627682079,86.2,53,F,0
34.3,12.0,4.09,25.4,706,29.3,33.403712268387544,83.9,50,M,1
40.4,13.0,4.75,7.649457210290654,135,28.2300392867936,33.59137205685356,85.1,47,M,0
40.8,13.432752153497944,4.544802055001511,13.322300058844984,227,31.6,33.3,94.9,73,M,0
26.223830344112784,9.7,4.17,8.715533393774555,166,22.874457089941213,31.6,73.6,68,F,1
38.7,14.2,5.32,6.7,284,29.1,33.3,84.61133272892113,67,M,0
