age,sex,bmi,children,smoker,region,charges
-4,male,26.03,1,no,northwest,16450.8947
43,female,27.455,2,no,northwest,8023.13545
44,male,32.27976281716718,3,no,northwest,10285.187387005159
18,female,34.485,0,no,southeast,11482.63485
29,female,20.11423496279681,4,no,southwest,35749.764374469996
35,female,38.095,2,no,northeast,13393.756
62,female,39.2,0,no,northwest,13470.86
55,male,40.66,3,no,northwest,30063.58055
50,male,29.925,0,no,northeast,25382.297
45,male,30.14,0,no,northwest,35345.74230905475
42,female,25.3,1,no,southwest,7045.499
39,male,30.66339686098655,0,no,southwest,24915.04626
52,male,33.88,2,yes,northwest,60021.39897
39,female,34.60628503701897,0,no,northeast,2755.02095
37,male,29.8,0,no,southeast,20420.60465
20,female,40.37,2,yes,southeast,43896.3763
64,female,35.97,1,yes,southeast,14930.890047309806
52,male,33.25,0,no,northwest,9722.7695
30,male,35.53,0,no,southeast,6435.6237
54,female,31.9,1,no,southeast,13270.422265141257
30,male,30.66339686098655,1,no,northwest,4527.18295
32,male,37.335,1,no,northeast,4667.60765
50,male,43.34,2,no,southeast,5846.9176
24,male,31.895430187295815,3,no,northeast,34254.05335
45,male,27.83,2,no,southeast,8515.7587
18,male,39.14,1,no,southeast,13270.422265141257
