age,sex,bmi,children,smoker,region,charges
39,female,24.251875465434573,1,no,northeast,20781.48892
44,male,32.750558496800465,2,no,northeast,7342.020104746395
20,male,32.6,2,no,northwest,13270.422265141257
55,male,33.0,0,no,southeast,9447.3824
30,male,38.83,1,no,southwest,3046.062
59,female,37.18,2,no,southwest,38998.546
39,female,23.6,5,yes,southeast,23244.7902
44,male,38.06,1,no,southeast,-2056.9920410737195
26,male,24.656770293627275,3,no,southwest,13270.422265141257
39,female,26.125,0,yes,northeast,43254.56424938529
37,male,34.105,1,no,southwest,6112.35295
20,male,29.735,-1,no,southeast,1769.53165
37,male,22.705,3,no,northeast,6985.50695
35,male,37.59780913693058,1,no,northwest,5125.2157
47,male,30.66339686098655,1,no,northwest,15484.361641043008
49,female,36.63,1,no,southeast,10381.4787
62,male,27.55,1,no,northwest,19023.26
44,male,30.2,2,no,southwest,36910.60803
40,female,34.105,0,no,southeast,32734.1863
28,female,31.68,0,yes,southeast,13270.422265141257
41,male,34.21,3,no,northwest,3935.1799
54,male,23.65,2,no,southeast,4266.1658
37,male,39.02036397577513,0,yes,northeast,20296.86345
26,male,26.315,3,no,northwest,5312.16985
39,male,38.10315212475346,1,no,southeast,9617.66245
18,female,22.351733435946898,2,no,southeast,6238.298
59,female,27.72,2,no,southeast,14001.1338
40,female,17.765,1,no,northeast,17904.52705
30,male,33.63,1,yes,southeast,10825.2537
43,male,23.18,0,no,northeast,10197.7722
41,male,28.7,3,no,southwest,-3672.5235745918553
51,female,18.05,0,no,southwest,9644.2525
50,male,34.26596944665991,4,no,northeast,7243.8136
60,female,19.95,3,no,northwest,5693.4305
36,male,30.97,2,no,northwest,6395.50171699256
31,male,30.66339686098655,3,no,southeast,4949.7587
45,male,30.66339686098655,2,no,northwest,18972.495
49,female,22.61,1,yes,northeast,9566.9909
40,male,19.41290080431788,1,no,northwest,3594.17085
54,male,34.21,2,yes,southeast,13270.422265141257
94,female,23.1,0,no,southwest,11837.16
26,male,30.66339686098655,1,yes,southwest,13270.422265141257
33,male,25.46,0,no,northwest,12124.9924
47,female,22.88,1,no,southeast,8539.671
20,male,31.79,2,no,southeast,3056.3881
58,male,32.01,1,no,southeast,8648.114926159615
50,female,24.7,0,no,southwest,-23706.809792120013
39,male,13.119006646079493,1,no,southeast,1837.237
57,female,30.66339686098655,2,yes,southeast,24667.419
30,female,41.8,0,no,southeast,6739.016597633233
27,male,33.155,3,yes,northeast,4260.744
23,male,31.4,1,no,southeast,16583.4390950123
