haematocrit,haemoglobins,erythrocyte,leucocyte,thrombocyte,mch,mchc,mcv,age,sex,source
32.1,9.247297589381182,5.29,16.328259946213944,449,20.5,32.1,80.4,69,F,0
36.1,12.0,3.95,14.1,172,31.0,34.15261277974817,93.3,44,F,0
41.5,12.9,4.64,11.518487142147677,258,28.2300392867936,32.8,79.9,29,F,1
44.9,15.8,5.46,10.1,272,28.9,33.0364997587156,82.2,21,F,0
34.2,11.298117624412956,3.88,8.1,201,32.7,33.38560318040846,88.1,45,M,1
38.22611060743427,14.2,4.84,8.2,293,29.3,35.7,59.3,63,M,1
40.3,12.2,4.81,4.3,412,27.7,33.0,83.8,44,M,0
42.7828369332693,10.8,3.75,9.8,258,28.8,33.33647627682079,87.2,31,F,1
34.1,12.166402203407236,4.83,3.941082876057213,461,21.1,28.6,70.6,28,F,0
39.2,13.3,4.54,8.7,245,22.905404256593787,31.1,86.3,78,M,1
35.6,11.8,5.841125372376956,7.8,195,27.3,33.1,82.4,27,F,1
36.54669300937443,16.5,5.91,6.1,218,27.9,34.7,90.2,34,M,1
42.9,14.1,5.17,6.2,191,28.43892933568421,32.9,83.0,33,F,0
31.4,14.1,5.07,3.4,309,19.4,34.1,81.7,46,F,1
43.8,13.7,5.43,7.4,69,25.8,32.0,80.7,41,M,0
30.7,5.1,3.75,10.4,354,30.505044861409694,34.5,89.43712579618648,59,M,0
39.8,12.5,4.544802055001511,5.1,307,28.9,32.1,84.61133272892113,46,M,0
38.22611060743427,12.7,5.62,8.715533393774555,150,22.6,31.2,75.4,-3,M,0
32.0,12.749350256875191,4.46,8.715533393774555,88,28.2300392867936,34.4,71.7,7,F,1
34.2,13.6,4.81,6.4,289,28.3,33.0,85.7,46,F,0
41.2,11.4,3.641194634653593,9.3,308,27.1,32.620927163106494,81.85028417366266,5,M,0
45.3,14.8,3.56,9.0,72,28.0,32.7,78.09895075146702,25,M,0
42.986760735573114,13.061902459631941,4.9592571239144245,15.0,370,29.2,32.5,84.61133272892113,17,M,0
24.400973142090397,8.2,4.544802055001511,11.3,280,26.9,33.33647627682079,85.6,63,M,0
31.0,12.749350256875191,2.9070252576090985,16.0321347775226,136,28.6,32.6,85.76159192864289,36,M,1
39.2,12.6,4.63,5.7,180,26.00358399451748,31.4,84.7,26,M,1
