age,sex,bmi,children,smoker,region,charges
36,male,29.92,1,no,southeast,5478.0368
39,male,32.11,5,no,northeast,28235.10529035948
51,female,29.83,2,no,southwest,9877.6077
48,male,21.47,2,no,northeast,4646.759
36,female,30.66339686098655,0,no,northeast,5458.04645
64,male,34.5,2,yes,southwest,13270.422265141257
38,male,30.66339686098655,1,no,northeast,6640.54485
46,female,35.53,4,yes,northeast,42111.6647
35,male,24.42,3,yes,southeast,19361.9988
23,male,30.66339686098655,0,no,northwest,1118.3320845323879
39,male,50.38,3,no,southeast,2438.0552
42,male,24.86,0,no,southeast,-7561.862540095912
38,male,17.307750353569627,2,no,southeast,6933.24225
41,male,31.13,1,yes,southeast,26018.95052
36,male,35.9,0,no,northwest,10965.446
30,female,28.38,1,yes,southeast,19521.9682
48,female,27.93,4,no,northwest,11015.1747
29,male,27.2,1,no,southwest,9764.22183683518
18,female,22.45592446865278,0,yes,southeast,36149.4835
47,male,21.755,1,no,northwest,1627.28245
21,male,28.1,2,no,northeast,7441.501
41,female,35.53,1,no,northwest,13270.422265141257
61,male,31.54,0,yes,southeast,2855.43755
33,male,27.1,2,yes,southwest,19040.876
39,female,18.45334936211969,0,no,southeast,12629.8967
43,male,31.18259515962695,0,no,southwest,10325.206
59,male,34.8,1,no,southwest,36910.60803
45,male,23.2,2,no,southeast,15353.644299377092
56,male,32.10616949935731,0,no,southeast,15058.992729417285
64,female,35.97,0,no,southwest,13270.422265141257
53,male,35.06990167835306,2,no,northeast,29186.48236
63,female,36.85,0,no,northeast,13887.9685
41,female,37.40468740875877,0,no,northeast,12800.23844553675
20,male,32.88597036787587,1,yes,southwest,38344.566
23,female,30.66339686098655,1,no,southeast,40904.1995
32,male,42.13,1,yes,southeast,22975.19397600156
57,male,39.1,2,no,southwest,48970.2476
35,male,32.989324534897094,1,no,southwest,9549.5651
39,female,27.265596964321745,0,no,southeast,4441.21315
48,male,25.3,1,yes,southeast,24737.56620131955
38,male,30.66339686098655,1,no,northeast,6067.12675
39,male,27.9,0,yes,southwest,16884.924
56,male,37.51,2,no,southeast,12265.5069
39,female,34.32,5,no,southeast,8596.8278
30,male,33.63,4,no,southwest,17128.42608
50,female,46.09,1,no,southeast,39774.2763
27,female,21.755,1,no,northeast,13725.47184
34,male,34.675,0,no,northeast,13270.422265141257
41,female,30.59,1,yes,southeast,1639.5631
36,female,27.74,1,no,northeast,19833.859245608757
53,male,25.555,1,no,southeast,1532.4697
37,female,43.4,0,no,southwest,13270.422265141257
