age,sex,bmi,children,smoker,region,charges
39,male,27.6,0,no,southwest,1014.7987551096539
45,male,31.16,1,no,northwest,7731.85785
52,male,34.485,3,yes,northwest,60021.39897
46,male,27.61,1,no,southeast,4747.0529
61,male,35.5,2,yes,southwest,57758.90259228308
27,male,29.6,0,no,southeast,2497.0383
54,male,34.5378572125889,3,yes,northeast,25382.297
60,female,30.66339686098655,0,no,southwest,13462.52
24,female,39.49,0,no,southeast,2480.9791
20,female,30.66339686098655,0,yes,northwest,37079.372
45,female,24.605,3,no,southeast,21677.28345
44,female,44.13020397240742,1,no,northeast,8023.13545
45,male,33.7,4,yes,southwest,18903.49141
53,male,35.815,1,no,northwest,10461.9794
25,female,41.325,0,no,northeast,17878.90068
58,female,25.3,1,no,southwest,2861.5567865046714
48,male,27.75218531874832,0,no,southeast,13143.33665
48,female,35.91,1,no,northeast,13270.422265141257
34,female,29.26,3,no,southeast,6184.2994
39,male,35.3,0,no,southwest,7348.142
49,male,23.845,2,yes,northeast,24106.91255
61,male,37.29,2,no,southeast,-636.1513296477733
45,male,27.5,4,no,southwest,8615.3
26,male,33.5,0,yes,southwest,1391.5287
24,male,32.9646502560091,0,no,southeast,2855.43755
46,female,27.74,0,no,southeast,13270.422265141257
