age,sex,bmi,children,smoker,region,charges
26,male,19.855,1,no,northeast,3490.5491
56,male,34.31631708148961,0,no,southwest,4234.927
29,male,41.73408210878303,0,no,southeast,3471.4096
34,female,18.715,1,no,southwest,5003.853
59,female,30.66339686098655,3,no,southwest,14007.222
63,female,37.7,0,no,southwest,6653.7886
37,female,35.9,1,no,southwest,21735.809337354876
39,male,30.5,0,no,southeast,10436.096
39,male,25.4,1,no,southwest,2597.779
37,female,39.33,1,yes,northwest,6112.35295
61,male,36.1,3,no,southeast,27941.28758
39,female,23.0,3,no,northwest,12094.478
51,male,27.2,1,no,southwest,-3520.1184854846883
21,male,38.06,0,no,northeast,13983.232775931287
39,female,35.53,0,no,southeast,10965.448295085627
34,male,30.66339686098655,1,no,southeast,13270.422265141257
34,male,25.6,1,no,southeast,2902.9065
52,male,30.66339686098655,0,no,northeast,9140.951
24,male,31.228110930496143,0,no,southwest,30942.1918
56,female,26.6,0,no,northwest,-1435.3411943577903
67,male,29.15,2,yes,northeast,23306.547
78,male,29.7,2,no,southeast,12925.886
69,female,29.92,3,yes,northwest,1981.5819
43,female,25.08,0,no,northeast,7325.0482
24,male,29.48,2,no,southeast,7640.3092
64,male,31.065,1,yes,northeast,52983.84755769414
24,female,27.6,0,no,southwest,18955.22017
56,female,35.8,1,no,southeast,13270.422265141257
61,female,28.091114404244923,3,no,southeast,8547.6913
54,female,30.66339686098655,1,no,southwest,11512.405
64,female,37.905,0,no,northwest,29326.433262202954
62,female,31.6,0,no,southwest,13270.422265141257
54,female,33.80360922022283,1,no,northeast,15132.089683084305
54,female,38.095,1,no,southeast,15230.32405
36,male,8.18994536742511,1,yes,southeast,38709.176
51,male,26.4,0,no,southeast,8782.469
39,female,36.6589880229928,1,yes,northeast,40904.1995
66,female,27.6,1,yes,southwest,10241.36014530843
19,male,20.3,0,no,southwest,8539.671
35,male,34.32,3,no,southeast,8944.1151
43,male,25.52,1,no,southeast,13270.422265141257
39,female,30.66339686098655,1,no,southeast,8582.3023
29,male,27.63251289283175,0,no,southwest,13270.422265141257
28,male,28.905581111317066,3,no,southwest,4435.0942
26,male,27.36,1,no,northwest,2789.0574
54,male,34.22201091392708,1,no,southeast,1242.26
18,female,36.85,0,no,southeast,2352.96845
27,male,32.67,0,no,southeast,2497.0383
28,female,39.16,0,no,southeast,-11921.501383873732
34,male,42.9,1,no,northeast,4536.259
9,male,38.6,1,no,southeast,4762.329
