age,sex,bmi,children,smoker,region,charges
27,male,23.65,0,no,southeast,39611.7577
43,female,26.125,0,no,northeast,9863.4718
25,male,31.02,1,no,southeast,16586.49771
51,male,38.83,0,no,southeast,10560.4917
25,male,33.06,-1,no,northwest,13270.422265141257
27,female,30.66339686098655,1,no,southwest,24520.264
50,male,21.09,3,no,southeast,4846.92015
59,female,31.35,4,no,northwest,12622.1795
33,male,30.25,0,no,southeast,13270.422265141257
39,male,24.073298153954298,0,no,southeast,13270.422265141257
41,male,30.66339686098655,1,no,southeast,6664.68595
64,male,32.7,3,yes,southwest,8219.2039
18,male,31.35,4,no,northwest,26405.14515724268
30,female,31.54,1,no,northeast,5148.5526
56,male,36.45145278741872,0,no,southwest,10601.412
47,female,30.66339686098655,3,yes,southeast,41448.25919738179
23,male,19.57,1,no,southeast,14418.2804
63,male,35.2,1,no,southeast,14474.675
39,female,29.07,0,yes,southeast,16380.865780838092
27,male,34.15718423426268,1,no,northeast,19515.5416
25,female,25.68743852990651,1,no,southeast,18218.16139
44,female,43.89,2,yes,northeast,-3351.601241656648
27,male,29.15,0,no,southeast,18246.4955
39,female,37.71594117660522,1,no,southeast,5245.2269
26,male,40.185,0,no,northwest,13270.422265141257
30,male,33.606860028237165,2,yes,southeast,34303.1672
60,female,29.15,0,no,southeast,13228.84695
47,male,39.16,2,no,northwest,17916.548072619935
46,male,28.9,2,no,northwest,39466.424558061895
26,female,29.92,1,no,southeast,3981.9768
79,female,28.136381588157377,1,no,southeast,7626.993
84,male,34.6,1,no,southwest,9077.251531175318
53,male,52.58,0,no,southeast,43254.41795
54,male,35.815,3,no,northwest,12495.29085
39,female,35.815,4,no,southeast,-5016.0277073249745
28,male,47.74,3,yes,southwest,2020.177
31,female,39.53546457402424,0,no,southwest,3761.292
41,female,28.88,2,no,southwest,13270.422265141257
44,male,22.135,2,no,northeast,8302.53565
39,female,30.25,0,yes,northeast,4357.04365
47,female,31.267864359366534,1,yes,northeast,50136.44923792762
35,male,30.66339686098655,2,yes,southeast,43896.3763
48,male,32.3,1,no,southwest,9630.397
31,male,34.43,0,no,southeast,10594.2257
26,female,30.66339686098655,1,no,northeast,4562.8421
32,female,29.59,1,yes,southeast,2322.6218
20,female,29.6,0,no,southwest,14438.536991490106
57,female,24.1,2,no,southeast,4719.73655
33,female,22.33044944016364,0,yes,southwest,16884.924
44,female,29.81,2,no,southwest,3591.48
28,male,36.4,1,yes,southeast,51194.55914
42,male,24.86,0,no,southwest,5976.8311
