haematocrit,haemoglobins,erythrocyte,leucocyte,thrombocyte,mch,mchc,mcv,age,sex,source
38.22611060743427,12.5,4.37,5.1,152,28.6,33.5,85.4,30,M,0
32.1,10.4,4.544802055001511,10.6,384,24.1,33.2,72.3,23,M,0
39.89994191424067,12.4,4.29,8.715533393774555,258,28.9,32.5,88.8,49,F,1
37.9,12.7,4.82,6.010375574676566,872,26.3,33.5,78.6,67,M,1
31.0,12.749350256875191,3.76,8.5,107,28.2,34.2,91.46956078326892,51,F,1
35.4,10.681032803579313,3.57,1.3467772271604521,118,23.8,38.1,73.8,1,F,0
45.01166013075645,9.1,2.95,6.216527367237845,20,33.545478132882124,38.1,84.61133272892113,70,F,1
35.8,13.0075643990529,3.51,11.9,444,28.5,34.1,83.5,50,M,1
43.8,15.2,3.873753977913409,16.6,58,28.2300392867936,33.33647627682079,77.9,69,M,1
48.0,6.0,7.204749995424232,7.20707663664161,400,28.3,34.6,81.8,34,M,0
39.6,12.758125525459324,6.34,8.715533393774555,390,19.7,31.6,62.5,61,F,0
34.9,12.749350256875191,4.95,32.0,344,28.178095939973165,32.4,77.5,73,M,0
36.4,12.7,4.4,8.4,299,28.9,34.9,94.45212981200036,46,M,1
24.5698502066735,11.015381242474955,3.63,13.2,116,28.0,36.053379212238184,90.9,52,F,0
38.0,13.2,4.5,13.7,353,29.3,34.7,80.38296997025333,41,M,1
38.22611060743427,11.9,4.5790799135464235,21.1,258,31.7,33.1,84.5,65,M,0
35.2,11.3,3.93,11.8,193,28.62245386626064,32.1,89.6,46,F,1
29.0,10.2,3.64,6.4,327,24.5,32.9,98.0,57,M,0
45.0,14.6,4.544802055001511,5.9,172,25.72323174231725,33.66813661166101,93.3,32,M,0
42.5,14.7,4.713331639150225,5.8,248,29.6,27.1,83.7,36,M,0
39.2,13.4,4.4,6.2,241,30.0,34.73426483069191,87.7,92,M,0
36.4,14.5,3.74,7.9,261,29.3,34.9,84.0,23,M,0
29.3,9.8,4.4,7.3,340,28.2300392867936,32.7,81.80637533982755,16,F,1
37.1,12.1,4.16,8.9,910,29.1,34.22767236222081,89.2,83,F,0
30.536337455857026,15.2,5.08,12.4,263,29.9,33.33647627682079,85.6,26,M,0
46.3,15.3,6.03,9.8,147,25.4,33.0,84.61133272892113,31,M,1
