haematocrit,haemoglobins,erythrocyte,leucocyte,thrombocyte,mch,mchc,mcv,age,sex,source
38.7,13.1,5.94600926591144,13.745221896196497,254,26.6,33.9,78.5,-28,M,0
39.81889691175209,8.4,4.838132249658474,4.3,519,29.6,33.8,87.8,45,M,0
35.9,10.4,3.7,8.6,203,26.25278813099372,32.4,92.8,32,F,1
34.7,11.7,4.26,7.6,370,27.5,33.7,81.5,4,M,0
36.8,8.5,2.88,12.12678680883843,400,28.8,33.5,84.61133272892113,43,M,0
40.7,15.179878929525419,4.98,3.1,198,26.9,31.5,81.7,26,F,0
31.4,12.749350256875191,3.92,8.1,258,27.6,35.7,90.71424934693383,52,F,1
43.5,12.749350256875191,5.11,8.715533393774555,348,28.8,33.8,85.1,85,F,1
35.2,11.1,4.63,6.0,307,34.1,32.9,84.61133272892113,67,F,0
38.22611060743427,13.483558173334414,3.47,7.0,233,31.1,33.5,92.8,46,M,0
40.37324840105691,14.5,5.475555292355437,10.0,291,29.1,35.535320862251304,87.6,57,M,0
38.22611060743427,9.8,2.977568014834263,7.2,395,32.6,34.66988447531159,88.0,81,F,1
43.6,14.6,4.96,4.9,297,28.2300392867936,33.5,85.1,71,M,0
26.89834003872313,14.37818910538359,3.01,5.402031172858992,258,28.53546581990937,33.33647627682079,90.3,46,M,1
41.1,12.9,4.544802055001511,6.6,150,27.4,32.59468423720461,82.9,22,F,0
42.3,15.135707332546922,4.544802055001511,7.1,294,27.5,34.0,80.9,27,M,0
38.3,13.0,4.27,3.1,150,16.6,29.1,88.13809343946191,55,M,0
39.6,12.4,5.06,6.4,495,22.1,31.3,70.7,34,F,0
25.8,13.4,2.95,10.1,182,29.2,35.29253262002785,76.69402531530059,52,F,1
23.4,7.7,2.66,18.8,251,32.365522632225826,32.9,96.3,81,M,0
42.7,13.9,5.1,8.715533393774555,50,27.3,32.6,83.3872328178003,11,M,1
41.251907731338065,18.1,4.5,3.3,151,28.6,34.1,84.0,77,M,1
32.3,14.6,4.97,7.6,308,29.4,34.0,86.3,57,M,0
46.8,15.2,5.2,6.0,300,24.40164600228466,33.33647627682079,90.0,90,M,0
45.2,13.7,6.64,6.4,316,20.6,30.3,68.1,53,F,0
42.9,12.0,3.99,13.666584842717457,421,28.2300392867936,37.2,81.0,41,F,0
