age,sex,bmi,children,smoker,region,charges
41,male,41.14,3,yes,southeast,1146.7966
49,male,37.51,2,no,southeast,9304.7019
42,female,30.66339686098655,4,no,northwest,13270.422265141257
50,male,26.6,0,no,southwest,24279.044339764492
56,female,35.8,1,no,southwest,32734.1863
25,female,30.3,0,no,southeast,2632.992
28,male,34.77,0,no,southeast,13083.668002966771
50,male,27.265,2,no,northwest,22493.65964
19,male,34.1,1,no,southwest,34254.05335
56,male,41.412979301201844,4,no,northwest,12949.1554
22,female,30.66339686098655,0,no,southwest,11508.420158624815
52,female,24.6,0,no,northwest,9140.951
57,female,27.94,1,no,southeast,11554.2236
54,female,28.544217362252084,1,no,northeast,10928.849
46,male,33.82,1,no,southeast,4462.7218
39,female,32.566743488698826,1,no,southeast,8059.6791
51,female,36.67,0,no,northwest,9644.2525
39,male,31.065,0,no,northwest,2699.56835
22,female,27.1,0,yes,southeast,3521.261153134492
39,male,29.355,2,no,northeast,13270.422265141257
32,female,17.765,1,yes,northwest,11674.13
26,female,27.82094357008538,2,yes,southeast,3392.3652
52,male,31.73,3,no,northwest,11187.6567
35,male,32.2,1,no,southwest,5385.3379
19,female,31.6,0,no,southeast,10118.424
32,male,33.63,1,yes,northeast,37607.5277
