age,sex,bmi,children,smoker,region,charges
39,male,21.12,5,no,southeast,6652.5288
51,male,24.092111810091556,0,no,southwest,9361.3268
18,male,35.60312943131017,2,no,southeast,2801.2588
22,female,34.8,1,no,southwest,3577.999
22,male,30.66339686098655,3,no,northeast,4661.28635
64,female,32.68,0,no,southeast,26018.95052
26,male,33.76413002156726,1,no,southwest,42124.5153
50,male,34.43,0,no,northeast,9541.69555
26,female,30.66339686098655,1,yes,southwest,7623.518
44,male,36.955,4,no,northwest,32523.128583968282
49,female,28.7,1,no,southeast,8703.456
56,male,14.149629420995664,3,no,northeast,8279.478254040172
14,female,39.805,0,no,northeast,6356.2707
39,male,37.424987663175855,1,no,northeast,2731.9122
28,male,23.8,1,no,southwest,3847.674
59,male,28.66653184732262,1,no,southeast,33232.887474038536
18,male,29.1,1,no,northwest,2203.47185
48,male,28.49,1,yes,northwest,13270.422265141257
13,male,44.745,0,no,northwest,21474.567089661654
57,male,23.18,0,no,northwest,13270.422265141257
30,female,33.155,1,no,southeast,14261.484357790861
37,male,31.512962157425502,4,yes,southwest,40182.246
38,female,34.8,1,no,southeast,6571.544
34,female,27.22884919386323,1,no,southwest,1018.6994730609508
73,male,32.8,1,yes,southwest,45772.833747400866
51,male,45.43,3,yes,northwest,9301.89355
19,female,24.605,0,no,northwest,-7725.923730162307
28,male,33.33,2,yes,southeast,2480.9791
36,male,33.33,0,no,northeast,1391.5287
37,female,25.555,2,yes,northeast,20296.86345
34,female,27.83,0,yes,southeast,17962.351093893772
43,male,46.2,0,yes,northeast,45863.205
50,female,30.66339686098655,2,yes,southeast,5245.2269
28,female,23.845,3,no,northeast,13270.422265141257
52,female,30.66339686098655,0,no,southwest,42969.8527
42,male,28.67481362490552,1,no,southeast,38245.59327
41,male,17.195,1,no,northeast,13725.47184
25,male,22.99,2,yes,northwest,22192.43711
38,female,16.815,2,no,southeast,6753.038
50,female,27.36,0,no,northeast,25656.57526
39,male,30.97,2,yes,southeast,34828.654
44,female,26.41,0,yes,southeast,7419.4779
9,female,33.1,1,no,southeast,2150.469
23,female,21.755,1,no,northwest,16657.71745
39,female,30.66339686098655,3,yes,southeast,13270.422265141257
39,male,28.5,0,no,southeast,13270.422265141257
34,female,19.0,1,no,southeast,6640.54485
42,female,43.12,2,no,southeast,4753.6368
39,male,25.745,2,yes,southeast,2755.02095
60,male,33.11,3,no,southeast,13919.8229
45,male,28.7,2,no,southwest,42211.1382
21,female,20.772478353275407,2,no,southwest,-4271.624655146228
