haematocrit,haemoglobins,erythrocyte,leucocyte,thrombocyte,mch,mchc,mcv,age,sex,source
35.8,11.8,5.53,6.109800199760375,344,28.2300392867936,33.0,84.61133272892113,48,M,0
30.5,12.749350256875191,3.17,9.8,258,29.159506236192733,32.27623886252922,84.61133272892113,26,F,1
38.22611060743427,12.9,5.050217838172304,4.8,372,29.3,32.7,89.5,6,F,0
38.22611060743427,14.7,3.9,5.1,326,22.1,32.1,73.58985682819207,47,F,0
27.1,8.7,3.5,8.715533393774555,312,24.9,30.4,77.4,65,M,1
46.9,16.3,4.544802055001511,15.5,284,28.281413691964513,34.8,90.2,43,M,0
42.2,14.5,4.8,11.7,334,33.8,34.4,73.2,13,M,0
32.2,12.8,5.57,7.0,183,36.6,29.8,71.8116171136359,62,M,0
39.8,11.295170991566359,4.03,13.2,399,26.1,32.5,80.1,53,F,1
43.3,13.2356046292094,5.32,-2.177392120835213,315,31.220430762163875,34.2,81.4,86,F,0
33.7,12.749350256875191,3.91,10.055883533630526,269,28.029771904784283,33.8,91.6,46,M,0
40.1,14.177040197197417,4.7,6.4,172,29.8,33.33647627682079,85.3,59,M,0
39.694986062509074,13.4,4.704307875205466,3.1,198,26.9,32.9,99.8,26,F,0
35.4,12.0,4.658875087416598,8.4,221,30.9,33.9,88.4,73,M,1
36.2,11.5,4.48,6.1,231,25.7,31.8,80.8,41,M,0
40.881214849262186,8.7,4.544802055001511,8.1,217,26.0,30.5,85.3,46,F,0
35.8,12.6,4.16,3.5129964144109085,205,27.9,34.4,81.0,-9,M,0
36.4,12.0,3.47,5.6,282,30.9,33.0,80.9,19,F,0
41.8,13.9,5.44,4.9,70,25.6,31.7,76.8,38,M,0
33.39115753102338,14.1,6.023547049197863,6.4,258,32.0,34.07138098617055,81.7,79,M,0
38.80443296617431,12.150688420228185,4.99,11.1,317,25.1,32.4,87.58362927436843,66,F,0
43.0,15.0,4.85,7.9,206,26.7,34.9,78.96701828707842,42,M,0
38.8,13.8,4.6,6.3,208,30.0,33.44158979800399,88.5,60,F,1
37.4,12.7,4.3,8.715533393774555,151,28.2300392867936,34.0,87.0,68,M,1
43.8,12.2,5.68,7.3,225,25.9,34.71865352753396,77.1,0,M,1
44.5,14.7,5.01,7.6,335,29.3,33.33647627682079,88.8,32,M,0
