haematocrit,haemoglobins,erythrocyte,leucocyte,thrombocyte,mch,mchc,mcv,age,sex,source
39.4,13.4,4.309490889167873,2.2,40,31.0,34.0,87.4,45,M,1
40.1,13.4,4.56,3.749936460466931,103,29.4,33.4,84.61133272892113,26,F,1
28.4,9.5,3.25,4.7,116,29.2,33.5,87.4,76,M,1
42.631957928365765,9.6,4.09,8.715533393774555,185,23.1,31.4,84.61133272892113,46,F,1
34.9,13.590989925963207,3.85,6.0,79,30.664039758995262,31.5,90.6,45,M,1
29.0,13.2,4.28,14.1,90,29.7,33.9,87.6,51,M,0
30.686666023420297,12.749350256875191,5.97,10.707613936513788,154,26.8,31.544743964374348,80.7,17,M,0
39.0,12.7,4.58,4.0,258,29.7,33.8,87.6,51,M,1
36.5,12.7,3.82,1.184278354695941,241,33.2,34.8,95.5,71,F,0
39.40925521535921,12.749350256875191,6.61,1.4,340,27.1,32.4,77.29379512018978,49,F,0
30.6,9.9,3.42,17.2,122,28.9,32.4,68.2,82,F,0
45.4,14.2,4.544802055001511,23.5,258,20.70978604941223,31.6,84.1,46,F,1
41.1,12.861247242707222,4.39,6.8,210,32.3,32.7,88.45029943691492,17,M,1
22.1,15.4,3.44,5.4,343,29.3,33.23363210130538,85.0,47,M,0
38.22611060743427,15.3,4.94,9.2,244,31.0,34.3,90.3,64,M,0
35.212131739530385,14.2,5.11,13.5,216,27.8,34.4,80.8,30,M,0
46.2,12.8,5.62,11.9,353,28.1,34.2,82.2,48,F,0
44.7,15.3,3.43,8.715533393774555,401,29.7,31.2,86.8,57,M,0
38.22611060743427,16.0,6.19,10.0,240,25.8,29.0,78.0,31,M,1
22.4,7.4,5.057010661527267,7.0,196,21.7,32.42920583350319,85.2,71,M,1
20.7,6.4,2.292502823838419,52.8,243,28.2300392867936,33.33647627682079,95.0,70,M,0
32.5,15.166288861235142,5.034289998403425,1.6,111,29.165132195193927,32.6,77.6,32,F,0
37.5,15.7,3.87,13.4,335,28.1,33.1,74.9,-3,F,0
35.0,17.825023438697148,4.45,7.4,227,31.066462273197104,34.16740831527866,75.59972681256538,1,F,0
39.2,13.4,4.66,4.967371068402494,153,28.8,33.33647627682079,84.1,69,M,0
38.8,13.2,4.544802055001511,6.1,319,28.2300392867936,34.0,72.58409954982787,7,F,1
