age,sex,bmi,children,smoker,region,charges
58,male,29.86086463897293,3,yes,southwest,15359.1045
41,male,32.2,1,no,southwest,6775.961
61,female,44.0,0,no,southwest,13063.883
19,male,25.20055191035002,0,no,northwest,-268.71732940919037
47,female,37.51,2,no,southwest,9304.7019
62,female,39.16,0,yes,southeast,13470.8044
39,male,37.0,1,no,southeast,4243.59005
34,female,46.2,4,no,northwest,6184.2994
39,female,32.11,2,no,southeast,25333.33284
38,male,38.39,3,yes,southeast,41949.2441
44,male,43.89,2,yes,southeast,46200.9851
49,female,29.5,1,no,northeast,8534.6718
49,female,21.85,1,no,northeast,11552.904
18,female,27.28,3,yes,southeast,13270.422265141257
8,female,22.30933773556177,1,yes,southeast,13270.422265141257
21,male,25.7,3,yes,southwest,11740.65178551493
53,female,30.66339686098655,2,yes,northwest,11729.6795
51,male,37.73,1,no,northeast,9877.6077
21,female,31.9,1,yes,southwest,8457.818
50,male,30.66339686098655,0,no,northeast,3987.926
40,female,23.37,3,no,southeast,8579.078247976438
73,male,37.4,0,no,southeast,12979.358
28,female,33.0,2,no,southeast,18610.43919502586
36,male,30.346041738052033,2,no,northeast,10043.249
41,female,31.02,0,no,southeast,6185.3208
39,female,34.1,2,no,southeast,23563.01618
