age,sex,bmi,children,smoker,region,charges
39,female,23.18,1,no,northwest,1131.5066
52,female,16.11696914886662,0,no,southwest,13270.422265141257
36,female,32.78908484673648,2,yes,northwest,18608.262
48,male,22.8,0,no,southeast,8269.044
52,female,25.84,0,no,northwest,28923.13692
53,female,33.33,0,no,southeast,48517.56315
53,male,22.6,3,no,southeast,-2997.451073862536
39,male,14.224141729044796,0,no,northwest,2362.22905
49,male,26.315,1,yes,northwest,32248.901450978643
52,female,30.66339686098655,1,yes,southeast,-15809.445716010949
19,male,37.8,0,no,northwest,13270.422265141257
21,female,36.86,1,yes,southeast,31620.00106
25,male,30.66339686098655,0,no,northwest,-3442.8657398007335
31,female,26.62,1,no,northeast,3757.8448
21,female,33.915,3,no,northwest,61.8392747529324
44,male,27.4,2,no,southwest,13700.124561122793
60,female,46.7,2,yes,southeast,36580.28216
31,female,35.1,0,yes,southeast,875.3116110836254
19,male,47.74,1,no,southeast,9748.9106
34,female,28.098727988157474,3,yes,southwest,6196.448
44,female,20.235,0,no,northeast,19594.80965
49,male,31.35,1,no,northeast,9290.1395
29,male,31.73,2,no,southeast,4433.3877
27,male,31.4,0,yes,southeast,47600.51026013659
39,male,32.34,2,no,southeast,13270.422265141257
56,female,39.82,0,no,southeast,1633.9618
39,female,21.375,4,yes,northwest,10977.2063
20,female,33.3,1,no,southwest,13270.422265141257
59,female,31.35,1,no,southeast,1607.0712304113822
45,male,25.434491875720038,1,no,southeast,8515.7587
33,male,28.28397420677813,0,no,northwest,9743.250027572703
67,female,36.52,1,no,southwest,28287.89766
39,male,31.6,0,no,northwest,10118.424
39,male,30.66339686098655,1,yes,southeast,46200.9851
61,female,30.66339686098655,4,no,northeast,5327.40025
41,male,36.269960889274685,0,no,southwest,5699.8375
22,female,32.11,2,no,northwest,9866.30485
46,male,31.942904113652382,2,no,northwest,8733.22925
53,female,28.595,1,no,northeast,6334.34355
52,male,31.825,2,no,northeast,2643.2685
34,female,32.775,1,yes,southeast,11538.421
31,male,37.145,1,no,southeast,4243.59005
18,male,28.405,0,no,southeast,11830.6072
30,female,23.655,3,yes,northwest,18765.87545
54,female,23.342428464214642,1,no,northeast,10422.91665
35,female,34.21,0,no,southeast,5245.2269
23,male,26.7657918620947,1,no,southeast,13270.422265141257
63,male,32.2,2,no,southwest,47305.305
52,female,19.095,5,yes,southeast,16776.30405
53,male,30.495,0,no,southwest,17361.7661
19,female,30.495,0,no,southwest,1728.897
59,male,30.66339686098655,2,no,northwest,12124.9924
