haematocrit,haemoglobins,erythrocyte,leucocyte,thrombocyte,mch,mchc,mcv,age,sex,source
38.22611060743427,11.011565736631388,3.72,6.7,196,31.7,33.6,94.4,80,F,0
41.3,13.8,4.19,6.6,382,29.3,33.4,86.6,51,M,1
43.7,12.749350256875191,5.44,5.1,180,27.6,34.3,80.3,48,M,0
43.844324673552464,11.6,3.87,14.3,196,30.0,34.9,84.61133272892113,32,F,0
24.9,12.4,4.24,8.715533393774555,275,25.59637230648312,36.56268569801716,83.91753537876156,46,F,0
32.2,10.9,4.77664859263983,13.5,254,28.9,33.9,76.79342072596502,21,F,0
36.1,11.8,4.95,7.0,98,25.3,32.7,76.80515970734686,3,M,0
44.4,13.7,4.04,10.6,497,29.6,34.2,86.5,49,M,0
41.6,14.0,4.71,18.933923181328005,181,29.7,33.7,85.0,4,F,0
41.0,13.3,4.66,5.1,295,16.6,32.4,88.0,49,F,0
35.0,12.749350256875191,4.544802055001511,5.2,258,31.406034078459825,33.4,90.0,58,M,1
41.551459911821084,9.7,5.13,8.715533393774555,336,29.2,31.8,91.8,46,M,0
51.6,11.8,4.21,16.520406661032567,250,28.0,33.0,88.3,81,F,0
36.3,14.436144934845734,5.1,6.1,262,23.5,33.3,71.2,23,M,0
40.278253099448,14.1,4.544802055001511,8.0,17,30.0,33.33647627682079,90.4,48,F,1
41.9,15.2,5.56,10.682137162376458,319,24.6,32.7,75.4,51,F,0
40.1,13.950317773592285,4.58,13.4,235,29.3,33.8,71.8,30,M,1
42.4,13.8,5.07,7.8,301,33.3,30.3,83.6,65,M,0
38.22611060743427,14.5,4.256457350314185,6.2,255,32.6,33.7,89.42253779984624,67,M,0
39.8,13.5,4.66,11.8,140,28.2300392867936,33.9,85.4,43,F,0
36.5,6.7,4.793158884112156,9.7,198,28.3,31.768780541816582,86.9,67,F,1
39.6,13.1,4.265494816400065,4.3,258,28.2300392867936,33.1,84.61133272892113,4,F,0
34.7,12.4,4.95,20.5,289,28.16166239609142,33.1,75.2,72,F,0
37.2,11.7,4.26,7.4,425,27.5,33.893972931228944,81.5,58,M,0
37.2,12.6,4.52,6.5,281,27.9,33.33647627682079,82.3,10,M,0
34.631582393582356,13.602292473500727,5.03,10.56745424861045,246,23.451708481692798,33.40386393504087,105.9,6,M,0
