haematocrit,haemoglobins,erythrocyte,leucocyte,thrombocyte,mch,mchc,mcv,age,sex,source
42.5,14.1,6.6968122976416256,15.6,258,29.5,33.2,91.41720874513236,43,F,0
44.10681898081448,14.5,4.3,6.2,110,33.1,35.1,94.3,36,M,1
34.5,11.7,3.101204059842081,3.4426063918115024,258,19.3,33.9,86.7,46,F,0
37.6,12.4,3.78,7.4,64,32.8,34.080647730908275,89.48541486990767,66,M,0
35.9,12.3,3.99,6.5,169,29.9,34.8,90.0,73,M,0
33.5,10.7435279470461,3.58,20.5,231,31.6,29.6,93.6,62,M,1
39.8,14.2,4.01,9.5,261,30.032043471034296,33.33647627682079,99.3,66,M,0
47.4,15.5,5.043246581683331,6.6,170,27.1,35.423606894149444,87.6,17,M,0
38.22611060743427,15.8,4.544802055001511,3.715882197692694,257,29.9,34.3,83.3,14,M,1
34.6,11.2,4.38,5.4,202,26.0,35.349074011949824,80.5,54,M,0
53.05109639067039,12.749350256875191,4.8,7.5,271,28.2300392867936,34.4,87.3,57,M,0
38.22611060743427,10.53119758708942,3.98,4.3,288,26.1968298266859,33.6,69.06461266725678,28,F,0
41.0,13.4,5.01,11.8,259,27.7825392384865,30.953401782421324,61.7,24,F,0
41.5,14.1,5.38,5.2,235,26.2,34.0,77.1,37,F,0
42.795262552693906,8.6,4.15,4.4,263,31.3,33.33647627682079,90.1,46,F,1
35.0,12.0,4.25,5.9,161,28.2,35.9,84.61133272892113,55,F,1
32.1,12.944966037101995,4.97,8.715533393774555,323,24.7,34.8,84.61133272892113,39,M,1
33.2,12.749350256875191,3.46,7.3,230,30.6,31.9,96.0,74,M,0
29.6,11.8,2.8788369306606665,10.3,170,26.4,33.7,78.3,64,M,1
37.6,12.5,6.9,10.0,271,28.0,32.7,90.04396428569558,35,M,0
35.0,9.8,3.49,18.8,490,28.1,33.1,84.8,69,F,0
35.4,11.2,4.06,13.384238365727617,179,27.6,31.6,87.2,30,F,0
32.0,14.3,4.67,2.3,353,30.6,35.0,82.7,61,F,1
39.26654657059468,14.279915395522893,4.544802055001511,8.715533393774555,196,24.7,34.4,85.2,60,M,0
39.2,13.4,4.62,5.106679312972426,243,28.318993663011454,34.2,89.4,65,M,0
47.2,15.6,5.14,7.3,291,28.2300392867936,29.3,92.9,36,M,0
