age,sex,bmi,children,smoker,region,charges
61,female,32.11946068908516,0,no,southwest,13041.921
23,female,37.62,2,no,northeast,38511.6283
19,female,26.379976514013737,4,yes,northwest,34612.96471990405
18,male,28.31,1,yes,southeast,11272.33139
16,female,29.04,5,no,southeast,7243.8136
26,female,34.295,0,yes,southeast,41034.2214
12,female,37.05,2,no,northwest,7265.7025
28,male,32.99970294146658,0,yes,southeast,34672.1472
43,male,34.96,1,yes,southeast,40419.0191
45,male,32.56,0,no,southeast,7727.2532
19,male,24.51,0,no,northwest,2709.1119
51,male,44.745,0,no,northwest,9541.69555
39,male,29.6,1,no,southwest,21232.18226
43,male,21.11813719982981,2,yes,northwest,22579.95604128251
21,female,34.87,0,no,southeast,14001.1338
36,female,19.855,0,no,northeast,5458.04645
26,male,29.355,2,no,northwest,16974.64128970942
50,male,22.42,0,no,northeast,9361.3268
39,male,21.3,2,no,southeast,7640.3092
57,male,23.18,0,no,southeast,13270.422265141257
19,female,17.48,0,no,northwest,1621.3402
54,male,30.66339686098655,1,no,southwest,1422.5955415657863
32,male,28.12,4,no,northeast,21472.4788
52,female,30.66339686098655,2,no,northwest,4527.18295
77,female,38.39,1,no,northeast,13270.422265141257
23,female,34.865,1,no,southeast,2899.48935
