age,sex,bmi,children,smoker,region,charges
25,female,23.465,0,no,northeast,3206.49135
32,male,34.1,0,yes,southeast,1261.442
48,male,42.13,1,yes,southeast,3238.4357
56,female,30.66339686098655,0,no,northwest,12950.0712
22,female,31.6,3,no,southeast,12557.6053
28,male,32.0,1,no,northwest,8551.347
40,male,32.3,2,no,southeast,13270.422265141257
42,female,40.81,1,no,northwest,8017.06115
37,male,36.19,0,no,southeast,43921.1837
39,male,40.48,0,no,southeast,7914.188266637183
55,male,28.975,0,no,southeast,10796.35025
46,female,30.2,2,no,southwest,8825.086
19,female,28.88,0,yes,southwest,17748.5062
21,male,20.35,1,no,southeast,1534.3045
56,male,28.03748626982798,2,no,southeast,11763.0009
21,male,30.66339686098655,4,no,southwest,17942.106
19,female,27.93,3,no,northwest,9372.97679605336
56,female,33.82,1,yes,northeast,12643.3778
39,male,42.68,1,yes,southeast,9800.8882
45,male,36.85,1,no,northeast,8605.3615
46,female,35.815,0,no,northwest,10461.9794
51,male,28.05,1,no,northeast,2155.6815
47,male,19.19,1,no,southeast,13270.422265141257
20,male,31.576079216016968,5,no,northwest,30782.341008839914
60,male,27.078285862775875,3,yes,northeast,4640.144551198877
61,male,27.596423469316107,0,no,southwest,46255.1125
