age,sex,bmi,children,smoker,region,charges
41,female,33.155,1,no,southeast,8538.28845
62,male,33.1,0,no,northwest,2201.0971
39,male,29.6,0,no,northeast,1875.344
47,male,33.41813776579397,3,no,southeast,25309.489
39,male,25.41662734990213,0,no,southeast,36950.2567
29,male,29.735,2,no,northwest,14655.01993252163
39,male,37.05,5,no,southeast,11363.2832
57,male,29.1,1,no,southwest,14692.66935
52,male,31.825,0,no,northwest,11842.62375
38,male,34.43,0,no,southeast,1137.4697
26,male,30.506665095046866,1,no,southeast,11987.1682
43,male,35.31,2,no,southeast,18806.14547
22,male,34.8,1,no,southwest,3443.064
20,male,30.02,0,no,southwest,14676.549600623675
52,male,33.41391502049574,3,no,southwest,4260.744
39,male,23.76,0,yes,northwest,26926.5144
39,male,26.6,1,no,northwest,12044.342
19,female,31.173410690459992,0,no,southwest,2913.569
19,female,20.6,0,no,northwest,1731.677
50,female,30.66339686098655,1,no,southeast,11085.5868
18,female,31.3,0,no,northwest,12815.44495
22,male,44.72260849816181,2,no,southeast,5124.1887
41,male,24.31,0,no,southeast,9788.8659
47,male,36.2,3,no,southwest,19749.38338
40,female,23.37,3,no,northeast,1719.4363
63,female,27.74,0,yes,northeast,6686.4313
45,male,25.175,1,no,northeast,13270.422265141257
35,female,31.9,0,no,southeast,5245.2269
18,male,30.115,2,no,southwest,21344.8467
22,female,34.58,1,no,northeast,1526.312
31,male,27.83,3,no,southeast,8068.185
41,male,28.9,0,no,southwest,13270.422265141257
32,male,35.2,2,no,southwest,13270.422265141257
49,female,24.985,2,no,southeast,411.3958657128751
18,male,29.37,0,no,southeast,1719.4363
34,male,27.835,0,yes,northwest,28060.00474715278
18,female,21.165755049226195,3,no,southwest,16707.86636115767
47,male,36.08,-1,no,southwest,3260.199
19,female,36.575,0,no,southeast,17222.73001618914
63,female,26.22,0,no,northwest,14256.1928
59,female,30.66339686098655,0,yes,southeast,36307.7983
44,male,30.66339686098655,0,no,northwest,6948.7008
24,male,37.108979264851584,0,no,northwest,13270.422265141257
78,male,32.11,0,no,southeast,13555.0049
43,male,25.555,5,no,southeast,23379.575032041397
59,male,36.38678533490219,3,no,northwest,30184.9367
63,female,37.7,0,no,southwest,13270.422265141257
35,female,30.66339686098655,1,no,southeast,21176.634596560674
43,female,19.475,1,no,southeast,6933.24225
64,female,30.66339686098655,0,no,northwest,10965.446
46,male,26.136126425905,0,no,southwest,9743.981254197963
32,female,37.43,0,yes,northwest,8506.49183062575
