haematocrit,haemoglobins,erythrocyte,leucocyte,thrombocyte,mch,mchc,mcv,age,sex,source
26.9,9.2,3.16,3.8,335,29.99603857335604,32.1,85.1,73,M,0
32.8,11.9,4.544802055001511,8.715533393774555,338,30.0,35.6,82.6,46,M,1
43.70897844283714,13.5,5.66,7.6,352,27.8,32.39692773241909,82.9,38,F,0
37.1,13.8,5.776022633921874,12.7,238,25.9,37.2,79.3,47,M,1
24.4,14.8,2.82,19.8,460,27.7,33.2,79.16963377962513,65,F,1
37.0,11.4,3.9,9.5,150,29.2,34.3,84.61133272892113,18,M,1
23.20965749600368,10.94152037173814,4.189079633897016,6.8,383,26.3,31.9,82.2,45,F,0
45.1,8.162526752732646,4.544802055001511,10.4,238,26.6,30.94577311862121,81.7,66,F,1
38.22611060743427,12.749350256875191,4.03,8.6,258,29.5,33.4,96.24159876065501,18,F,1
32.7,10.6,3.56,9.5,247,29.8,33.6,96.1,73,F,1
34.6,14.4,6.13,1.8,322,21.97177926886815,33.2,81.9,62,M,1
40.6,13.8,4.47,8.3,229,30.9,34.0,90.8,38,M,1
39.1,13.5,5.743280312253467,13.5,319,25.0,34.5,85.3,43,F,0
49.0,15.0,5.3,6.3,247,28.3,35.3,87.22698241865672,46,M,0
31.9,13.9,4.01,5.057196624989233,307,27.4,34.5,79.6,33,F,0
44.9,14.118509022233454,5.35,5.1,344,28.7,33.0,83.9,42,M,0
39.5,11.0,4.61,2.1,294,29.570288942010087,33.33647627682079,85.7,46,M,0
38.034093121117486,14.8,4.86,8.5,414,30.2,33.33647627682079,80.3,70,M,0
43.0,13.8,5.27,4.3,277,26.2,34.2,83.8854102395794,3,M,0
28.101911997482517,11.9,5.2454071388615295,8.715533393774555,354,27.8,33.3,84.61133272892113,86,M,1
38.0,12.5,5.18,14.603253355684615,258,22.2870868237968,32.9,73.4,12,M,0
38.22611060743427,12.749350256875191,3.55,13.2,97,31.3,32.71287373467709,89.9,52,F,0
40.7,13.7,4.46,3.7091060177528083,294,30.7,33.7,91.3,12,F,1
40.8,14.2,3.39,5.8,-116,26.4,35.52782211367347,76.0,14,M,0
33.2,12.2,4.12,5.4,262,28.2300392867936,33.0,94.9,21,F,1
30.7,8.751286106604642,3.75,9.16772613430403,241,28.2300392867936,34.5,81.9,67,M,0
