,synth,train,val,test,synth_value,real_value
0,0/synth.csv,0/train.csv,0/val.csv,0/test.csv,0.4892857142857143,0.6454183266932271
1,1/synth.csv,1/train.csv,1/val.csv,1/test.csv,0.3251231527093596,0.6035502958579881
2,2/synth.csv,2/train.csv,2/val.csv,2/test.csv,0.6550522648083623,0.5750528541226215
3,3/synth.csv,3/train.csv,3/val.csv,3/test.csv,0.4404332129963899,0.625
4,4/synth.csv,4/train.csv,4/val.csv,4/test.csv,0.3008356545961003,0.6612244897959185
