haematocrit,haemoglobins,erythrocyte,leucocyte,thrombocyte,mch,mchc,mcv,age,sex,source
42.493550579450485,12.9,4.33,7.1,215,29.8,33.0,78.92882757508043,61,M,0
40.0,10.8,3.51,9.1,292,27.9,34.1,79.20782587599898,59,M,1
40.1,13.0,4.37,8.715533393774555,314,31.3,32.4,91.8,2,F,0
33.7,14.5,4.544802055001511,7.4,334,30.2,33.1,87.9,66,M,0
31.430579518214167,10.4,4.16,18.266469833291676,175,30.564007587339486,32.4,87.5,74,M,1
36.471383141838714,15.356842051974336,4.56,20.1,313,28.2300392867936,33.33647627682079,80.3,64,M,0
30.0,10.864367446686298,4.544802055001511,8.1,258,22.5,33.33647627682079,75.9,47,M,1
26.8,13.7,2.98,10.3,486,24.645738950537876,29.3,89.9,57,F,1
44.3,14.955032504738291,5.48,8.4,228,27.9,33.96407322630733,78.7901835821253,62,F,1
37.59567021350771,12.9,3.93,12.3,193,28.8,32.1,89.6,46,F,0
38.0,11.8,3.67,8.715533393774555,237,28.4,35.09024654862046,89.2,56,F,1
42.2,12.749350256875191,3.886205152790712,9.5,620,27.8,33.6,82.7,66,M,0
43.8,9.6,2.6829279731201816,14.6,132,30.9,33.1,80.3,70,F,0
38.22611060743427,14.7,4.92,5.0,321,29.9,34.288634119362904,91.3,25,M,0
38.5,12.5,4.5405566671495565,19.2,258,26.0,32.5,80.2,46,M,1
47.7,16.4,5.63,12.8,233,25.9,34.4,84.7,31,F,0
45.0,15.5,4.71,21.708027502723752,798,32.1,33.6,95.5,63,M,1
45.7,15.3,6.38,5.8,308,25.15879289951225,33.5,71.6,90,M,0
31.6,10.5,3.36,8.2,107,29.7,33.2,84.61133272892113,45,M,1
41.7,8.8,5.41,6.0,388,25.3,32.9,77.1,-25,F,1
29.0,15.0,5.41,8.4,275,27.7,34.2,80.8,66,M,0
45.0,12.749350256875191,5.08,4.9,261,28.2300392867936,33.3,85.53463412882165,34,M,0
33.5,7.603066034268076,4.5,4.6,417,25.171214952582847,29.9,74.4,48,M,0
38.22611060743427,13.2,4.63,13.25472035972211,284,28.5,30.671115999046652,84.61133272892113,62,F,0
39.5,13.3,4.63,4.0,239,31.0,33.7,99.6,30,F,0
29.0,9.6,3.616252014935178,4.974129177553686,258,31.5,34.4,95.1,45,M,0
