haematocrit,haemoglobins,erythrocyte,leucocyte,thrombocyte,mch,mchc,mcv,age,sex,source
38.22611060743427,10.7,3.62,40.9,258,29.6,34.29734273964278,84.0,75,M,1
38.4,13.2,4.48,17.3,284,29.5,34.4,85.7,49,F,1
36.5,12.7,3.82,12.430581456090204,241,36.38626316475912,33.33647627682079,95.5,59,F,0
46.0,14.4,4.95,6.1,299,29.1,35.8,87.5,51,F,0
53.2,12.749350256875191,7.35,6.1,12,30.8,32.0,72.4,25,F,0
44.60274605845047,15.6,5.25,2.9,309,29.59886381350451,33.9,87.6,24,M,0
30.690407028863522,8.7,4.244265645556878,10.8,310,29.3,34.2,85.6,21,M,0
23.3,14.0,2.88,19.145645529184332,321,26.06488281331692,32.102392126824704,80.9,74,M,1
37.7,12.6,4.29,8.2,308,28.2300392867936,33.4,89.50981123258387,75,F,0
33.6,10.419554612116295,3.93,16.9,414,30.8,36.0,83.7,46,M,1
38.6,13.5,4.66,8.715533393774555,186,29.0,35.0,82.8,28,F,0
40.2,13.4,3.773080294819303,6.713706505592766,64,25.5,33.3,76.6,38,F,1
38.0,12.909973378995147,5.52,6.9,107,29.5,33.33647627682079,82.8,16,M,1
24.6,10.2,5.5032287208346355,14.6,660,32.4,37.8,86.9,76,M,1
42.4,14.4,3.94,8.715533393774555,161,27.2,32.307624995305254,74.05291883950957,28,M,0
42.8,13.7,5.63,14.6,258,25.8,32.0,80.5,88,M,1
39.9058607433038,12.749350256875191,3.85,11.5,307,28.2300392867936,33.6,84.61133272892113,46,M,1
43.3,14.5,4.67,9.5,299,31.0,31.56494779959742,92.7,68,M,0
44.5,15.1,5.12,10.7,353,27.0,33.9,85.7,28,F,0
43.3,15.4,4.3599875553034035,3.1,153,34.1,35.7,81.6,53,M,0
45.1,10.7,4.05,13.263361084174596,238,31.1,32.6,89.50305723800162,14,F,1
28.982803120960284,8.151877566261948,6.62,7.6,46,15.03431989073199,30.7,84.61133272892113,35,M,0
50.9,11.675090376759917,4.59,10.4,238,26.6,33.3,81.7,66,M,1
38.22611060743427,16.8,6.14,4.8,291,27.4,32.9,83.2,22,M,0
37.9,12.4,4.544802055001511,6.3,295,25.9,32.7,77.7,52,F,0
36.5,10.9,4.544802055001511,10.1,510,22.7,29.9,63.545312156152235,61,M,0
