age,sex,bmi,children,smoker,region,charges
39,male,30.115,0,yes,northwest,35069.37452
18,female,22.895,0,no,northeast,2203.47185
49,male,28.69,2,no,northwest,10264.4421
56,male,34.43,0,no,southeast,10594.2257
32,male,37.1,2,no,northeast,-2048.5756532284495
57,female,37.43,2,yes,southwest,-1806.2206620430952
27,male,30.5,0,no,southwest,2494.022
37,male,31.25921222035871,1,no,northwest,4454.40265
18,male,28.31,3,yes,northwest,12221.583769718187
63,male,41.47,-1,no,southeast,4719.52405
48,female,28.88,1,no,northeast,9249.4952
19,female,23.61631854397859,0,yes,northeast,4746.344
34,male,35.815,0,no,northwest,4320.41085
32,female,30.03,1,yes,southeast,4074.4537
11,male,23.4,0,no,southeast,1969.614
50,female,22.968907013830695,1,no,southeast,8932.084
34,male,29.735,2,no,northeast,13270.422265141257
42,male,33.535,0,no,southeast,13270.422265141257
50,female,35.244255809246134,2,no,northwest,1405.6958703289165
48,female,30.66339686098655,2,no,northeast,10043.249
59,male,41.14,0,yes,southeast,48970.2476
47,female,26.6,2,no,northeast,9715.841
39,male,22.515,3,no,northeast,2755.02095
48,male,30.66339686098655,3,no,northwest,10141.1362
38,female,29.355,0,yes,southeast,12797.20962
22,female,39.805,0,no,northeast,5209.57885
