age,sex,bmi,children,smoker,region,charges
39,male,31.255,1,no,northwest,3956.07145
57,male,28.926667415307143,0,no,northeast,20709.02034
20,male,21.8,0,yes,southwest,13270.422265141257
23,male,32.56,0,no,southeast,1824.2854
62,male,32.11,1,no,northeast,6282.235
64,male,30.476030957253585,1,yes,northwest,4486.524746485589
59,male,27.455,2,no,southeast,12913.9924
81,male,26.7,2,no,northwest,11150.78
38,male,39.378555392615496,0,yes,southeast,42303.69215
47,female,26.41,0,no,northwest,13405.3903
49,male,42.68,5,no,southeast,9800.8882
30,female,43.14178088448104,0,no,southwest,13270.422265141257
50,male,34.485,0,no,southeast,13831.1152
35,male,24.13,1,no,southwest,12949.1554
30,male,30.66339686098655,3,no,northwest,18804.7524
28,female,30.66339686098655,2,no,southwest,17898.53474433273
41,male,28.8,1,no,northwest,13555.0049
57,male,28.975,0,no,southeast,13270.422265141257
38,male,40.15,0,no,southeast,5400.9805
52,male,27.93,3,no,northwest,11289.10925
37,female,27.591762324443664,0,no,southeast,13228.84695
39,female,11.51002657947479,2,no,southwest,6250.435
19,male,35.53,0,yes,northwest,1646.4297
58,male,27.55,0,no,southwest,11345.519
26,female,25.935,1,no,northwest,4133.64165
38,male,30.115,0,yes,northeast,2203.47185
28,female,45.243539571817735,1,yes,southwest,13270.422265141257
19,male,30.66339686098655,0,no,northwest,5401.107776288352
35,male,23.680651123180503,0,no,northeast,30875.334124829886
47,female,29.775042990288764,1,no,southwest,26236.57997
39,male,25.175,0,no,northwest,14210.53595
29,male,27.94,0,no,southeast,2867.1196
19,male,25.175,0,no,northwest,21659.9301
19,female,23.4,2,no,southwest,2913.569
63,female,26.98,3,no,southeast,20614.866918747477
37,male,25.555,1,yes,southeast,15283.657692377528
28,female,35.53,3,yes,southwest,7640.3092
22,female,30.66339686098655,1,no,northeast,2755.02095
39,female,28.3,1,no,southwest,8930.93455
39,female,28.12,0,no,southeast,2690.1138
27,female,43.12,2,no,northeast,4753.6368
16,female,37.905,0,no,northeast,13270.422265141257
57,female,28.7,5,no,southwest,11455.28
39,male,36.1,1,no,southwest,10085.846
51,female,23.3,0,no,northeast,13217.0945
41,male,28.975,0,no,southeast,2257.47525
56,male,35.57406924474527,-2,yes,southeast,8457.818
41,male,32.015,2,no,southeast,28125.312485796545
27,male,30.66339686098655,1,no,northeast,3216.088398890545
30,male,24.13,1,yes,northwest,7425.648048331778
57,male,27.94,1,yes,southeast,11554.2236
21,male,25.41,3,no,southeast,9125.322907062064
