age,sex,bmi,children,smoker,region,charges
28,female,17.29,0,no,northeast,13270.422265141257
47,female,30.66339686098655,3,no,northwest,11881.358
31,female,43.908106677637505,1,yes,northeast,13270.422265141257
49,male,30.66339686098655,1,no,northwest,11842.442
39,female,30.2,2,no,southwest,8825.086
48,male,36.575,0,yes,northwest,8671.19125
62,male,27.61,0,no,northeast,28101.33305
34,female,19.0,3,no,northeast,6753.038
39,female,21.66,2,no,northeast,6640.54485
44,male,25.84,2,no,southeast,11190.589870570157
50,female,60.620060974591226,0,no,northeast,9541.69555
27,female,22.61,1,no,northwest,13270.422265141257
47,male,36.6,0,no,southwest,1633.0444
21,male,32.8382422565312,1,yes,southwest,24603.04837
62,male,28.31,1,yes,northwest,28868.6639
58,male,34.60995806584866,1,no,northeast,24227.33724
59,male,40.05645423123981,0,yes,southeast,41626.43661789799
32,male,46.53,2,no,southwest,32437.026871913753
51,male,26.34112388726746,0,no,northeast,29813.377171738903
62,female,30.495,1,no,southeast,10602.385
39,male,28.595,3,no,northwest,6548.19505
38,male,30.69,1,no,southwest,18535.25743309547
43,female,26.7,1,no,southwest,-4537.362205229263
31,female,25.74,0,no,southeast,3756.6216
37,female,35.18383682281623,1,no,northwest,6112.35295
42,female,35.97,2,no,southeast,46255.1125
34,female,30.5,5,no,southwest,12638.195
44,male,32.015,1,no,southeast,8116.26885
30,male,24.09,0,no,southeast,15019.76005
38,female,38.39,3,yes,northeast,41949.2441
51,female,18.05,0,no,southeast,9644.2525
49,female,30.78,1,no,northeast,8576.425982035133
18,female,16.815,0,no,northeast,14283.4594
52,male,36.765,2,no,northwest,42124.5153
30,male,34.72246137026936,3,no,northwest,13270.422265141257
35,female,26.695,1,no,southeast,4747.0529
31,male,24.853660285992966,2,no,southeast,5031.26955
18,male,29.925,0,no,southeast,14001.2867
58,female,36.3,5,no,southeast,2473.3341
49,male,25.293254532578434,0,no,southeast,21905.015019432296
39,male,34.39,4,no,northwest,12949.1554
39,female,30.66339686098655,-2,no,southwest,7749.1564
12,male,33.63,1,no,northwest,11945.1327
25,female,27.5,1,yes,southwest,7626.993
22,male,31.73,0,yes,southeast,2254.7967
57,female,30.8,0,no,northeast,33344.80982259189
27,female,30.66339686098655,1,no,southeast,11503.680232495486
30,male,30.66339686098655,0,no,northeast,13270.422265141257
52,female,31.73,0,yes,southeast,11187.6567
19,female,28.38,3,no,southeast,5138.2567
19,male,38.6,1,no,southeast,4762.329
18,female,23.75,0,no,southeast,1633.9618
