age,sex,bmi,children,smoker,region,charges
28,female,24.32,0,no,northeast,13270.422265141257
54,female,29.81,1,no,southeast,6500.2359
57,female,24.225,1,no,southeast,8965.79575
48,female,32.34,1,no,southeast,13270.422265141257
39,female,33.90531039247471,3,yes,southeast,36021.0112
21,male,38.0,2,no,northeast,16450.8947
41,female,28.495458824962753,5,no,southeast,19696.7488731208
38,male,38.39,3,no,northwest,41949.2441
37,male,30.66339686098655,1,no,southeast,20296.86345
19,female,28.164823081258586,2,no,northwest,22493.65964
18,female,35.53,1,no,southwest,3577.999
39,male,29.6,0,no,southeast,13270.422265141257
31,male,19.8,2,no,southeast,17876.094044501515
54,female,21.47,3,no,southwest,2026.9741
26,female,29.48,1,no,northeast,3392.3652
42,male,23.28331948656579,0,no,northeast,16586.49771
40,female,30.66339686098655,2,no,southeast,4196.093661161021
30,male,37.8,2,yes,southwest,39241.442
44,female,30.66339686098655,1,no,southeast,7050.0213
58,female,30.66339686098655,2,no,northwest,4960.224193020216
39,male,34.32,0,no,southeast,8596.8278
39,female,41.8,0,no,southeast,5662.225
54,male,30.66339686098655,1,no,southeast,10928.849
56,male,34.43,1,no,southeast,9136.918991575143
42,male,35.97,2,yes,southeast,7160.3303
28,male,29.26,2,no,northeast,4438.2634
22,male,28.630354968042514,2,no,southeast,8522.003
36,male,22.135,2,no,southeast,17844.093683476574
41,male,26.03,1,yes,northwest,3279.86855
3,female,28.975,0,no,northwest,1632.03625
41,male,39.71,4,no,northeast,19496.71917
34,male,31.5,-1,no,northwest,7433.208584320945
35,male,17.29,1,no,southeast,9863.4718
61,male,28.2,0,no,southwest,13270.422265141257
41,female,31.635,0,no,northeast,13270.422265141257
39,male,38.79745802853636,2,no,southwest,6406.4107
63,female,41.47,1,yes,southeast,13405.3903
2,female,21.8,0,yes,southwest,20167.33603
39,male,28.5,0,no,southeast,1712.227
34,male,25.745,5,no,southeast,2873.472772654941
32,male,33.63,1,yes,southwest,37607.5277
19,male,38.9,1,no,southwest,1980.07
63,male,40.015576469732636,0,no,southeast,14451.83515
30,male,30.997081681890325,3,no,southeast,40932.4295
35,female,32.965,-1,no,northwest,10594.2257
20,male,39.995,0,no,northwest,2257.47525
51,female,18.05,0,no,southeast,12950.0712
31,male,33.144317209103995,4,no,southeast,6207.607143273344
39,male,37.6025879318095,0,yes,northeast,3268.84665
33,male,25.27,4,no,northeast,3044.2133
50,male,36.2,0,no,northwest,15944.4304604706
