haematocrit,haemoglobins,erythrocyte,leucocyte,thrombocyte,mch,mchc,mcv,age,sex,source
36.9,12.4,4.54,4.182298061676595,205,27.3,33.6,81.3,5,F,0
36.6,12.0,4.16,9.5,365,28.2300392867936,33.33647627682079,84.61133272892113,30,M,0
35.43800038291894,14.7,5.29,4.3,162,27.8,35.005175054578864,81.07641684011152,46,M,0
45.6,14.4,5.56,8.0,210,25.9,31.6,82.0,24,M,0
44.84688847595305,10.5,4.96,8.0,450,28.4,33.33647627682079,70.0,60,F,1
35.4,8.96311564748107,5.63,10.3,309,28.2300392867936,33.8,92.7,72,F,0
40.845638926546606,12.7,5.681916989068854,22.5,421,28.8,33.8,83.2,47,M,0
30.8,14.2,5.11,18.9,102,27.8,34.4,80.8,30,M,0
30.9,11.0,3.63,10.8,304,28.7,33.7,82.3,49,M,1
31.6,11.0,3.84,5.587032525759971,308,28.6,31.01226184174828,82.3,46,M,1
49.3,16.1,6.982641960667363,5.7,258,27.610330944360033,32.7,78.6,25,M,0
38.1,11.6,6.11,8.715533393774555,298,20.438823566172807,30.4,62.4,46,M,0
43.8,12.749350256875191,3.55,4.9,301,27.150720419888554,34.2,84.2,23,M,0
39.6,12.749350256875191,4.81,16.1,378,26.6,32.3,82.3,68,F,1
35.5,12.0,4.13,3.9,193,29.1,33.3,86.0,70,F,1
30.2,12.2,5.2,8.715533393774555,173,29.0,34.1,81.8,71,F,0
33.3,14.6,4.78,31.2,282,30.5,34.5,78.68673809769959,17,M,0
42.3,10.4,3.82,6.6,445,28.1,33.0,87.2,57,F,1
38.5,12.7,4.26,3.7,182,29.8,33.64207851365346,91.1,59,F,0
43.7,11.484048505123656,4.28,12.3,298,17.9,31.8,85.1,64,M,1
38.22611060743427,14.9,4.544802055001511,5.3,325,28.5,36.9,88.20001486993887,45,M,1
38.22611060743427,5.1,3.3122176031748385,11.7,246,28.3,33.11884432031953,85.0,79,M,0
37.6,12.8,3.59,8.870821699093325,90,29.1,34.0,84.61133272892113,77,M,0
38.9,12.6,4.161316503399222,14.5,258,33.11904072063989,32.4,71.00015711690347,68,F,1
38.2,11.77893448542628,4.544802055001511,3.3,126,28.9,34.0,84.9,38,M,0
45.53286044647941,20.12374665846593,5.62,7.163661186852349,308,29.9,31.9,85.9,30,M,1
