haematocrit,haemoglobins,erythrocyte,leucocyte,thrombocyte,mch,mchc,mcv,age,sex,source
50.5,17.0,5.62,5.7,296,30.2,34.3,89.9,46,M,0
41.0,14.1,3.6,11.4,258,28.2300392867936,31.967347056540017,73.91221646640041,63,F,1
31.7,12.749350256875191,3.6,6.1,322,31.1220295399893,34.11760328414487,88.1,46,M,0
38.67608818477326,12.397148852241152,5.68,12.8,283,25.0,33.53840848050428,74.8,68,M,1
48.5,14.6,4.22,1.2087408793909744,244,29.9,32.9,90.8,56,M,0
49.7,16.7,3.612141195572499,4.4,734,25.8,33.6,84.1,65,M,0
41.5,13.6,4.91,17.487158962607406,396,32.1,36.2,84.5,33,F,1
29.7,10.5,4.52,18.6,369,29.2,35.4,86.72774363385147,61,M,1
45.2,13.4,5.01,2.9,89,30.01758953119487,33.8,79.0,10,M,1
56.0,15.9,5.4,15.7,263,29.4,33.2784279375977,93.43752666241694,82,M,0
24.4,7.4,3.471406217271483,7.3,247,24.2,33.8,79.7,37,M,0
43.6,14.605082909183531,4.544802055001511,10.7,245,29.4,31.2,94.2,62,M,0
42.3,14.4,5.32,4.8,258,29.7,34.0,88.1,12,F,0
44.6,15.5,5.06,1.7030030367074893,268,28.2300392867936,33.33647627682079,79.5,33,M,0
44.019999768635955,10.1,4.18,10.5,145,20.6,34.7,84.7,80,F,0
39.6,12.749350256875191,5.22,5.3,254,29.3,30.3,86.6,21,M,0
34.9,11.8,3.97,25.2,223,27.1,33.8,87.9,62,M,1
38.63227393443891,3.8,3.93,6.0,53,27.8,34.2,92.9,19,M,1
47.4,12.90841183694106,7.86,3.4,216,18.7,31.0,60.3,49,F,0
38.22611060743427,10.5,5.083420262328575,14.8,236,23.1,31.7,72.9,52,F,1
44.5,14.6,5.8,6.2,280,25.2,32.8,76.7,36,M,0
39.923293530278514,12.6,4.521307272934986,8.715533393774555,433,28.0,33.4,83.9,22,M,0
43.1,15.986391878938067,5.12,2.518695434456233,286,27.433825862180502,34.1,84.2,92,M,0
38.22611060743427,9.9,3.5,15.4,396,28.3,33.33647627682079,84.61133272892113,73,M,1
39.1,13.0,4.49,3.4,160,26.23166713257735,33.2,84.61133272892113,16,F,0
42.9,9.1,4.544802055001511,8.715533393774555,315,21.5,30.6,57.72726767840914,33,F,0
