age,sex,bmi,children,smoker,region,charges
23,male,31.065,0,no,southwest,2699.56835
29,female,33.4,1,no,southwest,3172.018
28,female,36.27369014875711,4,no,northwest,11837.16
26,female,34.865,0,no,northwest,2899.48935
45,female,25.175,5,no,southeast,9788.8659
56,male,29.01064957788615,3,no,southeast,16284.032071368718
21,female,42.06149782561933,2,no,northwest,13270.422265141257
39,male,27.93,2,no,northeast,35909.996521464454
24,male,30.21,5,no,northwest,10982.5013
19,female,24.31,0,no,southeast,1632.03625
46,male,30.66339686098655,0,no,northwest,10269.46
50,male,18.6,1,no,southeast,9058.7303
39,male,35.435,0,no,southeast,3597.596
18,female,38.17,0,no,southeast,13270.422265141257
45,male,24.035,2,yes,northeast,8604.48365
58,female,30.66339686098655,0,no,southwest,6571.544
40,male,32.775,1,no,northeast,39125.33225
25,female,23.465,0,yes,northeast,3206.49135
51,male,37.73,1,no,southeast,10197.039576542684
52,male,30.2,1,yes,southwest,9724.53
39,female,41.05374534305659,2,no,northwest,7209.4918
28,male,26.98,2,no,northwest,4435.0942
22,male,31.35,1,no,northeast,2643.2685
45,female,35.53,0,yes,northeast,41177.17764297254
19,male,30.25,1,yes,northeast,32548.3405
63,male,35.31,2,no,southeast,18806.14547
