haematocrit,haemoglobins,erythrocyte,leucocyte,thrombocyte,mch,mchc,mcv,age,sex,source
33.74342475174539,14.6,4.99,7.2,281,33.09147512765368,33.7,88.0,48,M,0
35.0,12.749350256875191,4.47,2.7,170,26.4,33.7,78.3,72,M,0
39.4,13.1,4.36,8.7,236,30.9,33.2,84.61133272892113,63,F,0
38.22611060743427,13.3,5.09,6.1,230,28.9,34.0,84.9,3,F,0
47.2,15.0,5.7,6.3,298,22.7,31.8,94.1,46,F,0
44.2,13.8,6.38,2.7884140844491068,236,21.6,33.0,69.3,17,M,0
38.7,14.7,3.0,4.0,249,25.0,34.4,86.8,19,M,1
41.2,13.2,5.42,3.6,226,23.73825472280916,32.0,82.23369493662047,-5,M,0
38.22611060743427,10.6,3.56,9.5,120,28.2300392867936,33.0,81.60744431011184,73,M,1
49.0,16.4,5.95,8.7,352,27.539362541940402,33.5,67.2,6,M,0
45.8,17.799074491334324,5.25,5.5,316,28.412654430122167,33.384497535760104,84.5,41,F,0
37.0,15.7,4.544802055001511,7.3,231,31.6,32.7,96.6,64,M,0
42.1,13.6,5.99,8.715533393774555,204,28.2,32.8,86.1,56,M,1
27.0,8.9,3.5,14.0,566,25.4,33.0,77.1,46,M,1
41.5,9.83836333315858,4.79,8.1,311,29.2,33.7,86.6,26,M,0
30.9,10.3,3.49,10.6,279,29.5,33.3,88.5,26,F,1
28.2,12.749350256875191,4.15,-0.9348827949536513,178,28.2300392867936,34.1,80.41153311093646,48,M,0
35.9,12.0,2.50185941681044,5.8,276,30.0,33.33647627682079,85.21889320738073,46,F,1
24.2,8.1,5.310961738603994,5.9,150,32.1,28.1,96.0,60,M,1
29.986803218378018,10.565120155703976,3.3703080163418573,8.958713100499994,238,30.3,31.2,92.0,59,F,1
34.3,13.655538748015351,4.11,8.715533393774555,258,28.2,34.67633291284114,83.5,66,F,0
41.5,14.7,4.76,8.687042761572416,299,30.0,34.9,84.61133272892113,65,F,0
28.656015561964082,10.8,3.65,6.9,258,29.6,33.33647627682079,92.3,67,F,0
50.9,11.2,3.653768128638977,7.1,354,32.3,33.13051600221529,95.7,93,F,1
38.24663118711216,8.5,4.544802055001511,8.5,228,23.3,32.0975094875649,73.2,3,F,1
41.0,15.2,4.22,4.1,200,31.5,32.4,97.2,74,M,0
