age,sex,bmi,children,smoker,region,charges
57,female,26.41,0,no,northwest,15097.454478821244
37,male,31.92,2,yes,southeast,7209.4918
24,female,36.955,0,yes,southeast,36219.40545
47,male,28.215,3,no,northeast,24915.22085
47,male,27.06681759242329,2,no,northeast,44202.6536
30,male,25.62600234473625,1,no,southeast,3392.3652
25,male,30.2,0,yes,southwest,33900.653
27,male,30.5,0,yes,southeast,38511.6283
39,male,30.66339686098655,1,no,southeast,48970.2476
39,male,30.66339686098655,1,no,southwest,17128.42608
54,male,25.1,2,yes,southwest,25382.297
35,female,35.50017508819424,0,no,southeast,5836.5204
59,male,24.7,2,yes,northwest,13270.422265141257
32,female,20.52,0,no,northeast,4544.2348
62,female,22.692329507894932,1,no,northwest,7729.64575
47,male,28.88,1,yes,southeast,42969.8527
54,male,27.329371195770605,2,no,northeast,11944.59435
50,male,32.69865069797801,2,yes,southeast,9630.397
32,male,30.8,3,no,southeast,36869.8893802368
26,male,33.66,0,yes,southeast,19350.3689
39,male,39.7,0,no,southwest,-12151.636461602575
11,female,38.17,1,no,southeast,1631.6683
61,male,53.975770367101504,0,no,southwest,2551.751925473196
47,male,19.19,2,no,northeast,8627.5411
39,male,34.8,3,no,northeast,5377.4578
48,male,42.13,2,no,northwest,13270.422265141257
60,female,36.575,1,no,southeast,4151.0287
39,male,37.29,0,no,southeast,448.30369250470494
37,female,27.74,3,no,northwest,30166.61817
32,male,35.3,0,no,southwest,7348.142
42,male,24.34202293597835,0,yes,southeast,2839.781195896154
81,female,37.905,0,no,southeast,6986.697
37,male,19.8,3,no,southeast,6985.50695
19,male,41.22330712673389,0,no,southwest,8539.671
47,female,32.49,2,no,northwest,49056.32694066417
19,male,21.7,0,yes,northwest,13844.506
18,female,38.17,1,yes,southeast,36307.7983
18,male,26.315,0,no,southeast,-36788.12443878942
63,male,29.81,3,no,southeast,15161.5344
25,female,36.63,1,no,northwest,38906.56334060694
44,female,37.0,5,no,southwest,7345.084
18,female,30.66339686098655,1,no,southeast,13270.422265141257
53,female,21.66,4,no,northeast,14449.8544
36,female,33.82,1,no,northeast,3443.064
33,female,26.695,0,no,northwest,23082.95533
55,male,32.585,3,no,northeast,4846.92015
42,male,30.66339686098655,3,no,northeast,13462.52
28,female,30.715447254807213,1,no,southwest,15057.152711767276
56,male,48.07,0,no,northwest,10601.412
57,male,42.13,1,yes,southeast,48675.5177
51,male,30.66339686098655,0,no,southwest,13270.422265141257
20,male,21.85,3,no,northeast,13270.422265141257
