age,sex,bmi,children,smoker,region,charges
22,male,19.95,3,no,northeast,4005.4225
29,male,33.66,0,no,southeast,2221.56445
45,male,34.39,0,no,northwest,2741.948
27,male,32.585,3,no,northwest,4846.92015
33,male,27.455,2,no,southwest,13270.422265141257
25,male,33.33,2,yes,northwest,36124.5737
48,female,30.78,2,no,southeast,10141.1362
62,male,25.611956143982376,1,no,northeast,13555.0049
39,female,24.45143587828891,1,yes,southeast,12826.843973611656
18,female,40.47,0,yes,southwest,45710.20785
53,male,36.765,1,no,northeast,7147.105
18,male,25.555,1,no,northeast,1136.3994
33,female,30.66339686098655,3,no,southeast,-1181.523864872771
32,male,34.75381514510562,2,no,northeast,27117.99378
55,female,30.66339686098655,2,yes,southeast,19444.2658
41,male,32.775,3,no,southeast,10435.06525
20,male,37.822718421072445,1,no,northwest,-1994.0058503789733
26,male,20.54424155518067,3,no,southeast,1964.78
24,female,26.125,0,no,northeast,5227.98875
24,female,30.66339686098655,3,no,southwest,8556.907
34,female,33.725,1,no,northeast,-4847.365045983637
19,male,30.66339686098655,2,no,northwest,18664.656401515866
37,male,19.3,1,no,southeast,23023.512830361004
41,male,29.64,5,no,northeast,5400.9805
59,male,37.4,0,no,southwest,21797.0004
44,male,20.35,3,no,southwest,11090.528567129299
39,male,24.42,4,no,northeast,13270.422265141257
64,female,24.7,1,no,northeast,30166.61817
44,male,41.23,0,no,southeast,9222.4026
35,male,27.9,1,no,southeast,16884.924
34,male,29.92,0,no,northeast,4992.3764
54,female,37.52633039361121,3,yes,southwest,13270.422265141257
52,female,30.78,1,no,northeast,13270.422265141257
50,male,17.946749833639007,2,no,southwest,10107.2206
39,female,34.1,3,no,northeast,23563.01618
34,female,27.5,1,no,southwest,5003.853
39,male,26.315,2,no,northwest,17361.7661
39,female,30.02,0,no,northeast,13352.0998
44,male,29.735,2,no,northeast,32108.66282
38,male,29.26,2,no,northwest,6457.8434
22,male,33.77,1,yes,southeast,-16184.004769619116
42,male,26.73,1,no,southeast,5002.7827
24,male,28.5,0,yes,northeast,35147.52848
35,male,39.05,0,no,southeast,11856.4115
58,male,21.375,0,no,northwest,12124.9924
39,male,30.66339686098655,4,yes,southeast,7201.70085
48,male,40.15,1,no,northwest,4664.915418022752
35,male,24.178114856763557,0,no,northwest,4402.233
47,male,37.715,3,no,northwest,30063.58055
43,male,25.9,3,yes,southwest,13270.422265141257
39,female,33.59496507411865,0,no,northwest,5016.271723647089
37,female,51.61908587619091,1,yes,southwest,46113.511
