haematocrit,haemoglobins,erythrocyte,leucocyte,thrombocyte,mch,mchc,mcv,age,sex,source
29.4,9.7,2.4891721442984642,12.4,320,30.666581493706047,33.27006968596744,87.8,54,F,1
25.87467315834199,15.5,5.77,25.2,239,26.9,33.33647627682079,82.7,49,M,0
36.8187509976267,12.749350256875191,3.649143121217077,8.715533393774555,329,36.121485118516205,34.6,92.8,17,M,0
24.4,7.4,3.06,7.3,397,24.2,27.1,79.7,37,F,1
31.3,11.7,3.45,18.4,363,29.9,32.9,88.1566431300814,75,F,0
32.7,10.6,3.56,9.5,247,29.8,32.4,91.9,73,F,1
39.47891497249744,12.610141696432791,4.97,8.1,290,27.4,33.2,74.17550057175382,38,M,1
40.9,13.6,4.014171890415159,3.1,35,28.3,33.8,85.0,46,M,1
32.0,10.7,4.544802055001511,16.7,228,29.0,33.4,88.7,66,M,0
33.5,11.1,4.544802055001511,8.4,315,27.021039441833867,31.6,76.1,2,F,0
39.6,12.8,4.69,16.1,378,26.6,32.3,62.0,68,M,0
38.22611060743427,15.0,5.42,9.5,347,27.7,34.2,79.0,23,M,0
50.1,14.805840154989713,2.87,8.715533393774555,152,29.6,37.8,85.7,25,M,1
43.8,14.6,4.79,7.67018026799208,258,30.5,33.33647627682079,84.61133272892113,67,M,0
38.22611060743427,12.829066292604423,4.69,5.1,157,28.2300392867936,31.5,85.40834698511985,76,F,1
47.6,15.4,5.71,7.3,415,27.3,32.4,84.2,46,M,0
50.797129429899236,15.9,4.29,18.61406556106208,264,28.1,33.3,83.2,42,F,0
38.3,12.6,4.22,5.1,258,21.2,32.9,90.8,46,F,0
42.2,14.3,4.96,4.2,307,28.8,35.455532412894286,85.1,19,M,1
44.6,12.749350256875191,4.75,6.0,276,29.5,30.61675988686521,86.3,62,M,0
41.6,11.4,4.81,8.24483327994937,284,32.4,32.55459950660698,86.7,75,M,0
36.6,10.3,4.32,6.7,379,27.1,32.0,86.28095295961592,51,F,0
38.7,12.8,4.22,4.4,204,29.28857837657496,33.1,84.61133272892113,64,M,1
43.0,14.9,1.93,9.9,261,30.1,30.9,97.4,58,F,0
44.7,15.2,4.016014752205491,8.4,275,28.2300392867936,34.0,85.5,36,M,0
18.8,18.297925217435893,5.29,2.5837533822063348,195,17.9,36.5,81.3,64,M,1
