age,sex,bmi,children,smoker,region,charges
56,male,36.1,3,no,northeast,12363.547
19,male,26.29,0,no,northeast,2302.3
32,female,30.66339686098655,1,no,northwest,8162.71625
37,male,43.01,2,no,northeast,6406.4107
18,male,53.13,2,no,southeast,13270.422265141257
59,male,26.694615025148906,0,no,southwest,11970.168626447468
11,male,24.534360824770726,1,no,southwest,3591.48
39,male,19.3,0,no,southwest,9875.6804
52,male,26.125,0,no,northeast,1708.92575
35,male,44.61871285190799,3,no,southwest,5926.846
27,male,26.8,1,no,southwest,36197.699
23,male,32.3,1,yes,northeast,8765.249
24,female,15.96,0,no,southwest,12979.358
56,male,30.66339686098655,0,no,northeast,13204.28565
59,female,31.35,0,no,southeast,13270.422265141257
63,male,33.66,2,no,northwest,39854.99193451293
58,male,33.725,0,no,northwest,10976.24575
36,male,27.55,4,no,northeast,13270.422265141257
59,male,28.405,1,no,southeast,49577.6624
48,male,19.95,3,no,northeast,7133.9025
40,female,45.32,0,no,northwest,25656.57526
27,male,26.03,1,no,southeast,3070.8087
44,male,30.66339686098655,2,no,northeast,7726.854
18,male,29.83,1,no,northeast,1149.3959
41,male,33.77,1,no,southeast,1725.5523
55,male,30.3,0,no,southeast,10791.96
39,female,42.25622739138235,0,no,southeast,13270.422265141257
29,male,22.895,3,yes,northeast,16138.76205
19,male,24.605,1,yes,northwest,2709.24395
51,male,33.55,0,no,southwest,9391.346
38,female,32.23,1,yes,southeast,9514.281254455069
29,female,21.735173330299414,0,yes,southeast,3906.127
51,female,28.0,3,yes,southwest,7173.35995
39,female,28.31,1,no,northeast,11657.7189
41,male,34.21,0,no,northeast,6289.7549
17,male,29.83,0,yes,northwest,33750.2918
24,female,34.605730895353005,0,yes,southeast,38126.2465
36,male,32.12,-1,no,southeast,13270.422265141257
53,male,23.75,2,no,southeast,11729.6795
32,male,30.66339686098655,1,no,northwest,5116.5004
19,male,40.5,0,yes,southwest,-23733.260835850582
39,female,28.025,2,no,northeast,20773.62775
20,female,17.741582335322313,2,no,southwest,17905.086438677423
40,female,24.51,1,no,northwest,11274.126683498504
39,male,26.076641291644584,1,no,northwest,13112.6048
50,female,27.6,2,yes,southeast,24520.264
25,female,21.5,0,no,southwest,28109.786177793623
23,male,30.66339686098655,1,yes,northwest,-2604.1020003277026
62,female,31.92853219580517,1,no,southwest,11681.517570055072
25,male,23.1,0,no,southeast,-1848.8183157438898
19,male,28.82,1,yes,northwest,18648.4217
62,male,28.893130774208515,0,no,southeast,13555.0049
