age,sex,bmi,children,smoker,region,charges
21,male,22.3,1,no,southeast,2103.08
46,female,28.9,2,no,northeast,15230.32405
8,male,32.7,0,no,southwest,34472.841
39,male,30.66339686098655,0,no,southwest,22144.032
24,male,26.6,1,no,northeast,15359.1045
18,male,46.75,0,yes,southeast,1711.0268
18,female,27.28,5,yes,southeast,18223.4512
58,male,33.1,0,no,southwest,11848.141
51,male,25.175,0,no,southeast,1837.2819
49,female,29.18732356122838,1,no,northeast,26140.3603
44,male,22.135,2,no,northeast,8302.53565
-5,female,36.43914731143599,1,no,southwest,-8084.2025221783515
32,female,24.6,2,yes,southwest,17496.306
58,male,29.536774240104755,0,yes,southwest,36837.467
27,male,32.67,2,no,southeast,13270.422265141257
56,male,27.2,0,yes,southeast,11073.176
21,female,30.66339686098655,2,yes,northwest,3046.062
40,female,28.31,5,yes,northwest,843.0049332035651
43,male,24.7,2,no,southwest,21880.82
22,female,39.805,0,no,northeast,8377.661659216783
22,female,23.65,5,no,southeast,11381.3254
58,male,32.72943187050536,0,no,southeast,13270.422265141257
58,female,28.88,1,no,southeast,24227.33724
39,female,23.32,5,no,southwest,12592.5345
44,male,21.85,3,no,northeast,8891.1395
18,female,31.68,2,yes,southwest,10100.964665205873
