age,sex,bmi,children,smoker,region,charges
28,female,34.8,1,no,southwest,14321.876959001063
18,male,33.25,1,no,southeast,5594.8455
44,female,32.94070749066144,2,yes,northeast,8219.2039
59,male,28.785,0,no,northwest,14094.579192996112
30,male,27.835,2,no,southeast,4753.6368
34,male,30.66339686098655,1,no,northeast,8601.3293
34,female,37.335,2,no,northwest,5989.52365
41,male,42.75,1,yes,southeast,6770.1925
19,female,43.12,1,no,southeast,1635.73365
18,male,25.46,0,no,northeast,1708.0014
44,male,19.561827115525077,1,no,northwest,2710.82855
19,male,34.411577229411684,1,no,southwest,1842.519
45,male,39.805,1,no,northeast,3206.49135
18,female,24.09,1,no,southeast,2201.0971
63,male,31.445,0,no,northwest,1986.9334
17,male,26.03,1,yes,southeast,13270.422265141257
19,male,30.4,0,no,southeast,13270.422265141257
43,female,25.27,1,no,northeast,21771.3423
23,female,28.9,1,yes,northeast,9447.3824
63,male,23.085,3,no,northeast,14451.83515
39,female,35.86,0,no,southeast,13974.45555
28,male,30.66339686098655,1,no,northwest,6600.20595
19,male,30.59,1,no,northeast,33427.152340955
44,male,30.69,2,no,southeast,5924.4011356470655
26,female,26.0540273764231,1,no,northeast,13607.36875
39,female,27.93,3,no,northwest,18838.70366
