haematocrit,haemoglobins,erythrocyte,leucocyte,thrombocyte,mch,mchc,mcv,age,sex,source
38.22611060743427,13.6,5.01,2.8,131,22.49694588203548,33.1,82.0,51,M,1
40.1,13.6,3.84,2.8,117,35.4,32.5,104.4,78,M,1
40.4,11.99353999872884,4.75,4.5,124,28.2300392867936,33.9,86.63382704407022,25,M,1
45.9063567199456,12.749350256875191,4.496624406470685,13.41077943751145,228,28.2300392867936,32.76788013776729,83.31027745897114,66,M,0
37.2,13.4,4.58,13.916014078740318,151,29.3,36.0,81.2,31,M,1
26.2,15.6,4.544802055001511,5.9,240,19.5,33.4,88.1,46,F,0
36.9,12.2,4.17,3.9,130,28.2,29.1,88.5,67,F,0
42.1,13.7,4.08,6.7,29,28.7,32.5,88.3,54,M,1
35.64775226660832,14.7,4.544802055001511,2.7,151,26.8,33.9,82.5,12,M,1
42.781956835159505,13.6,4.86,7.6,367,23.0,31.44550106002412,70.8,31,M,1
38.7,13.83661798725614,4.750930189413665,6.1,245,30.2,33.33647627682079,84.24033433197982,46,M,0
39.3,12.749350256875191,4.834157211267032,15.1,258,28.5,33.1,86.2,86,F,1
43.5,14.8,5.39,12.7,334,25.2,34.0,80.7,1,F,0
39.4,13.8,6.09,2.3,64,27.50453122639409,33.33647627682079,81.1,30,M,0
34.1,13.200309389731736,4.66,11.1,135,25.1,34.3,73.2,7,M,0
35.7,11.9,4.28,11.1,241,27.008624059724703,32.49777793637446,83.4,43,M,1
42.0,13.3,4.26,4.8,210,31.2,33.4,93.4,54,M,0
49.5,12.9,4.57,5.4,269,29.3,32.3,97.1,59,M,1
37.3,11.5,5.65,-1.3150606248552794,191,20.4,30.8,88.94228855417225,33,F,0
36.5,12.1,4.21,6.094373219180444,406,28.7,33.2,84.61133272892113,48,F,0
39.8,14.4,4.87,11.4,467,26.770558840638284,34.3,87.4,58,M,0
34.3,12.0,4.09,25.4,258,29.3,36.0,84.61133272892113,53,M,1
40.4,12.313750188907944,4.75,8.715533393774555,204,27.6,32.4,85.1,47,M,1
40.8,14.0,3.6050696918842338,5.6,188,31.6,33.3,94.9,73,M,0
37.77611708062462,6.2,4.17,8.715533393774555,165,23.3,31.6,100.6,68,F,1
38.22611060743427,9.9,4.71,19.8,284,29.1,32.97902751366606,86.2,-1,M,0
