haematocrit,haemoglobins,erythrocyte,leucocyte,thrombocyte,mch,mchc,mcv,age,sex,source
41.5,14.6,5.08,11.4,258,28.7,35.2,81.7,59,M,0
36.92553697448333,13.0,4.481283329795691,8.715533393774555,142,24.735429660208474,34.26337128366316,85.7,25,F,1
35.7,12.749350256875191,4.13,2.9867320318874793,366,28.3,33.8,89.5,32,F,1
47.8,12.749350256875191,5.77,9.7,182,27.2,32.8,82.8,46,M,0
43.2,12.2,3.8677382384842156,6.3,358,29.740434638784347,32.28323421842096,92.7,56,F,0
36.6,14.1,5.57,7.0,258,25.3,32.6,90.73106588877158,46,F,1
40.3,10.2,3.85,8.77494589211379,275,24.6,31.6,97.8648720159216,74,M,0
38.8,13.1,5.09,6.4,226,32.0,33.8,94.6,76,M,0
34.5,12.0,4.04,7.6,160,25.486312027753943,32.386827171330786,85.4,53,F,0
38.22611060743427,17.569857584413302,5.44,0.23160556778017316,325,26.5,30.5,78.3,11,M,0
43.539539828816096,13.1,4.51,4.6,268,29.0,34.0,85.4,80,F,1
34.6,15.5,4.015997694924809,7.2,286,26.9,33.2,80.8,4,F,0
41.5,14.4,5.42,11.3,392,24.9,32.5,84.61133272892113,22,F,0
44.2,15.2,5.43,21.8,30,30.0,34.346457828836215,81.4,48,F,1
38.22611060743427,9.7,3.46,12.1,128,34.41378369510744,33.7,83.2,65,F,0
35.4,12.870025048721443,3.93,19.0,193,30.5,33.9,90.1,73,F,0
40.4,13.6,4.53,7.1,146,30.0,33.7,89.2,37,F,0
50.7,16.7,3.14,8.1,330,28.5,32.9,63.2,16,M,1
45.3,9.4,3.61,4.5,185,24.2,33.3,98.00400367758228,59,F,0
45.8,15.3,5.23,8.715533393774555,121,29.3,33.4,87.6,11,M,1
44.0,14.093419869824343,4.544802055001511,6.6522415797742145,80,28.2300392867936,33.6,77.5,2,M,0
40.8,13.6,4.54,7.9,521,28.0,33.3,89.9,65,M,0
40.0,15.097016123058179,4.83,3.5,33,28.4,33.2,94.4,49,F,1
33.3,10.9,6.2352458173046745,6.4,142,25.5,30.3,79.68192776166151,8,M,1
39.403766369783085,11.7,4.544802055001511,12.3,220,29.0,33.33647627682079,84.61133272892113,30,M,0
38.56386591086747,13.5,4.88,7.1,336,28.2300392867936,33.33647627682079,83.2,15,F,0
