age,sex,bmi,children,smoker,region,charges
39,male,29.400982130881832,1,no,southwest,20773.62775
49,male,27.4,3,no,southeast,10381.4787
27,male,28.5,1,yes,northwest,18310.742
46,male,25.8,0,no,southeast,10096.97
18,male,1.3710085314491742,2,no,southeast,14043.4767
59,female,34.756359511421344,-1,no,southwest,5649.715
33,male,34.4,1,no,northeast,15051.438502299347
28,female,37.62,1,no,southeast,3766.8838
20,female,30.66339686098655,0,no,northwest,2457.21115
39,male,36.52,1,yes,southeast,28287.89766
19,male,26.41,1,no,northwest,5385.3379
32,male,30.66339686098655,1,no,southeast,13270.422265141257
30,female,36.575,0,no,northwest,8671.19125
63,male,30.66339686098655,0,no,northwest,40636.49542306858
16,female,21.66,4,no,northeast,14283.4594
55,male,33.0,0,no,southeast,17491.808396155422
39,female,26.559245759440955,0,no,southwest,3176.8159
27,female,28.0,0,no,southwest,13126.67745
18,male,33.975916252233176,0,yes,southwest,36149.4835
30,male,25.935,0,no,southeast,3554.203
43,female,32.3,1,no,southeast,32782.37738274282
42,female,46.2,2,yes,southeast,43896.3763
47,male,30.897848271638146,0,yes,northwest,12557.6053
47,female,24.1,1,yes,southeast,23498.889237348696
43,male,30.66339686098655,1,no,northeast,13270.422265141257
43,female,33.71371337904648,4,no,southeast,13270.422265141257
49,male,30.9,1,yes,southwest,1837.237
39,male,26.9,0,no,southwest,5969.723
25,female,36.72577728182843,2,no,northeast,6770.1925
64,female,19.095,3,no,northeast,16776.30405
37,male,24.225,1,no,northeast,24591.30348745517
36,female,26.501194723752533,2,no,southeast,13270.422265141257
18,female,31.13,0,yes,southeast,1621.8827
22,female,28.82,-1,no,southeast,9625.92
37,female,17.29,2,no,northwest,6877.9801
24,female,27.72,1,no,southeast,2464.6188
32,female,30.66339686098655,3,no,northwest,6334.34355
24,female,28.5,0,yes,northeast,13270.422265141257
51,female,25.555,2,no,northeast,22395.74424
39,male,32.5,3,no,southwest,19449.479388077936
19,female,32.9,0,no,southeast,36021.0112
42,female,27.28,0,no,northeast,6474.013
49,male,37.51,2,no,southeast,31021.364166328658
53,female,29.0,1,yes,southwest,20146.20628759532
52,female,17.29,5,no,southeast,6358.77645
59,female,26.466060501697754,1,no,southwest,14007.222
38,male,29.81,1,no,southeast,5910.944
37,male,24.6,1,no,southwest,39727.614
23,female,39.5,2,no,southwest,6464.526037575049
39,female,27.7,1,no,northwest,4133.64165
39,male,41.91,1,no,southeast,4830.63
42,male,31.255,0,yes,southwest,12592.5345
