age,sex,bmi,children,smoker,region,charges
55,male,27.645,0,yes,northeast,10594.50155
19,female,28.261637899169497,2,no,northwest,33750.2918
20,male,27.3,2,yes,southeast,16232.847
39,male,30.5,0,yes,southwest,8413.293404110547
24,male,28.5,0,yes,northeast,35147.52848
21,male,30.66339686098655,2,no,southeast,16586.49771
38,male,30.66339686098655,1,no,southwest,15820.699
55,male,39.5,1,no,northeast,13143.86485
37,male,30.4,0,no,southwest,10115.00885
29,male,22.515,3,no,northeast,5209.57885
19,male,41.42,0,no,northeast,9872.701
55,male,29.7,2,no,southwest,11881.358
63,male,28.31,0,no,northwest,13770.0979
50,female,33.7,4,no,southwest,11299.343
33,female,30.66339686098655,1,no,southeast,7077.1894
23,male,24.366328744244548,2,no,southeast,22395.74424
39,male,25.46,0,no,northwest,22035.628354755314
39,male,35.7,1,no,northwest,7626.993
35,female,23.465,1,no,southeast,43943.8761
33,female,26.315,2,no,northwest,7201.70085
40,male,33.88,3,no,southwest,7196.867
23,male,36.10396731625986,1,yes,southeast,13143.33665
44,female,33.915,5,no,southwest,13270.422265141257
23,male,28.975,0,no,northeast,8334.45755
39,male,37.905,1,no,northeast,1708.0014
48,female,35.657048736290086,3,yes,southeast,4032.2407
19,female,27.835,1,no,southeast,1635.73365
64,female,32.30602421643235,1,no,northeast,8539.671
47,female,45.32,1,no,southeast,13494.367179404417
46,male,30.66339686098655,-1,no,northeast,9432.9253
36,male,21.4,0,no,southwest,12957.118
36,female,31.92,0,no,northwest,18838.70366
39,male,37.335,1,yes,northeast,12801.057203043732
43,female,46.2,0,yes,southeast,50428.57666205558
27,male,33.155,0,no,northwest,31251.199062609256
61,female,38.24585462890661,3,yes,southwest,30942.1918
26,male,31.216465908139444,1,no,northeast,-559.9401874041832
26,female,25.676459915679064,1,yes,southwest,13270.422265141257
60,male,29.83,3,yes,northeast,51026.198811267044
21,female,23.845,3,yes,northeast,24106.91255
51,male,34.2,3,no,southeast,13204.28565
39,male,25.27,0,no,southwest,13270.422265141257
50,female,16.74723100492141,1,no,northeast,13270.422265141257
37,male,34.1,4,no,southeast,40182.246
30,female,35.79478967848214,3,no,northeast,7986.47525
26,male,25.7,1,yes,southwest,13270.422265141257
51,male,30.66339686098655,1,no,northeast,39556.4945
21,female,21.85,0,yes,northeast,2585.85065
60,male,24.32,0,no,northwest,12523.6048
50,female,34.8,0,no,northwest,3176.2877
54,female,34.21,2,yes,southeast,29213.33990887092
26,female,29.64,1,no,northeast,2068.6649024431754
