haematocrit,haemoglobins,erythrocyte,leucocyte,thrombocyte,mch,mchc,mcv,age,sex,source
41.7,12.749350256875191,5.845410500250132,5.7,225,29.7,36.8,90.2,67,M,0
36.0,6.5,3.6444998477650206,12.3,412,28.2,33.33647627682079,84.7,37,F,0
38.2,10.272628022312626,4.544802055001511,6.4,281,27.1,31.922959611649652,79.13954993785184,21,M,0
34.2,9.3,3.39,6.2,122,27.4,30.128205271357544,85.8,26,M,1
39.634505366633,12.8,4.004429458253196,7.826463772330959,40,28.2300392867936,33.4,89.1,46,M,1
40.04642743025297,13.210315318247858,4.27,5.4,222,29.7,32.8,90.6,67,F,1
38.22611060743427,10.3,3.56,5.8,268,22.6,32.1,87.8,31,F,0
36.1,4.4,4.544802055001511,13.6,457,27.590054474942992,33.2,93.3,27,F,0
38.6,12.9,4.46,2.3,218,26.2,32.8,79.9,65,M,1
44.9,15.8,5.46,8.715533393774555,215,28.9,32.85186688307658,82.2,21,M,0
29.1,12.5,3.88,8.1,201,29.1,33.0,88.1,78,M,1
39.8,13.775618235913344,4.84,8.2,258,29.113937692007507,35.7,84.61133272892113,46,M,1
41.4,14.1,5.07,3.4,309,28.2300392867936,33.33647627682079,81.7,28,M,0
43.8,14.0,5.43,7.4,150,25.8,32.0,92.78439426623798,55,F,1
30.7,8.91532442960003,3.75,14.124568641007858,354,28.3,34.5,81.9,59,F,1
39.8,11.3,6.11,11.559962971105936,307,23.852676716944494,31.4,65.1,74,M,0
39.4,12.7,5.62,2.8,352,28.9,32.2,63.33990273859214,5,F,0
32.0,11.0,4.92,8.1,71,20.6,33.0,71.7,18,F,1
47.08993268075595,12.749350256875191,2.02,6.4,289,28.3,34.4,85.7,67,M,0
44.6,11.4,4.21,9.3,356,29.564457531638162,33.3,83.3,5,M,0
45.3,14.8,5.29,5.1,258,28.0,32.7,85.6,46,F,0
46.8,15.2,5.2,6.0,370,29.2,32.5,81.4,17,M,0
28.290241984552225,8.2,3.05,8.715533393774555,280,37.8,31.4,85.6,63,F,0
31.0,10.1,5.07,17.3,136,28.6,32.6,86.91001218045027,56,M,1
39.2,12.6,4.63,9.4,160,27.2,32.1,84.7,26,F,1
38.22611060743427,14.1,4.41536519606595,10.062329426913294,97,27.3,32.75943381990818,84.61133272892113,33,F,1
