haematocrit,haemoglobins,erythrocyte,leucocyte,thrombocyte,mch,mchc,mcv,age,sex,source
42.2,14.2,4.76,3.678865711231566,225,29.8,32.74854262519917,88.7,25,M,1
34.73066622627928,11.4,5.64,5.0,263,27.3,28.8,98.6,28,F,0
38.7,7.055504068911965,4.3,5.9,448,26.0,32.4,80.5,54,M,1
34.13628709859597,16.4,4.93,9.1,548,27.6,34.6,79.87377450796714,32,M,0
35.5,12.2,3.4462352220294226,8.715533393774555,290,22.8,34.4,83.5,37,M,0
38.22611060743427,14.9,5.28,13.6,337,28.2,33.133553746153396,85.76103644350138,46,M,1
45.8,15.5,4.278608666005841,7.644365577067457,249,29.3,33.4,86.6,67,M,0
34.1,9.1,4.88,12.7,247,28.7,34.0,69.9,25,F,0
38.5,12.8,4.86,7.9,164,26.3,33.2,90.1,30,M,0
38.22611060743427,12.0,5.51,6.3,224,28.2300392867936,30.7,71.0,55,M,1
34.6,13.5,4.89,4.064799704572894,333,27.6,34.9,79.1,77,M,0
47.5,12.749350256875191,5.82,10.4,307,26.695238847578437,34.1,81.6,33,M,0
34.2,12.1657231361251,4.544802055001511,4.1,183,25.338540437419887,30.7,86.61646773322617,37,M,0
47.7,16.0,5.75,7.6,194,27.8,33.33647627682079,83.0,37,M,1
23.5,14.5,5.06,14.90901867735098,218,23.8,32.2,87.0,30,F,0
40.79427999343569,14.8,4.107260701754919,7.4,258,30.702694833934085,32.204446084651885,84.61133272892113,14,M,1
33.4,15.192694566832618,4.68,7.0,275,29.2,33.33647627682079,71.4,17,F,0
37.4,11.070564476068599,3.65,6.1,144,29.9,33.2,79.2,12,M,0
35.5,12.749350256875191,4.31,6.5,252,27.4,33.2,82.4,46,F,1
32.7,10.6,3.56,9.7,247,29.8,32.4,84.61133272892113,73,M,1
36.8,12.6,4.544802055001511,8.715533393774555,249,28.4,34.2,82.9,24,F,0
39.1,14.4,5.73,10.5,382,21.6,31.7,93.8,29,F,0
32.494963769554076,10.7,4.15,8.1,308,28.84133615406869,32.7,89.6,70,F,1
48.4,12.4,4.91,2.0,53,29.3,35.10321707927778,88.8,45,M,0
36.0,11.6,5.77419961953237,8.0,258,28.2300392867936,33.0,76.29594987935407,79,F,0
35.5,12.1,4.27,9.5,362,28.3,34.1,83.1,63,M,0
