haematocrit,haemoglobins,erythrocyte,leucocyte,thrombocyte,mch,mchc,mcv,age,sex,source
47.2,12.749350256875191,4.544802055001511,8.7,364,30.7,32.6,82.1,46,M,0
32.8,11.5,3.96,12.7,448,29.0,35.1,82.8,46,M,1
45.06005159804878,15.5,5.06,4.520443490215504,256,28.2300392867936,34.7,88.3,46,M,0
36.3,12.749350256875191,3.98,10.398084831266928,312,27.0,34.4,79.00815134965896,3,M,0
35.8822818018265,11.4,4.8,12.4,183,23.8,33.33647627682079,84.61133272892113,1,M,0
40.2,12.3,4.41,5.5,203,31.5,35.9,82.54770961025854,14,M,1
39.8,11.567388280748238,4.01,9.5,115,30.4,30.7,99.3,83,M,0
38.327994766297294,15.5,5.73,11.3,220,26.525196533486383,32.7,82.7,116,M,0
44.0,11.3,5.28,8.715533393774555,257,26.45372068432088,34.6,92.9,42,M,1
38.22611060743427,11.2,4.544802055001511,5.9,151,26.0,32.4,80.5,54,M,0
35.3,14.4,4.54,13.496212219416098,271,30.0,34.4,89.93611539417834,57,M,1
34.2,11.5,4.63,4.3,357,28.9,33.33647627682079,87.79663771393757,87,M,0
42.4,13.4,5.01,7.3,248,26.7,32.7,81.8,24,F,0
41.5,14.1,5.38,5.2,235,28.2300392867936,34.16727806410627,84.61133272892113,5,F,0
37.4,12.4,5.849614936494318,6.1,263,24.2,35.801471177351964,90.1,58,F,0
35.0,12.0,4.25,5.4,75,28.2,34.3,82.4,55,M,1
41.9,13.9,4.97,8.715533393774555,323,24.7,35.53741736571618,71.0,80,M,1
33.2,10.6,3.46,7.3,243,30.6,35.5,96.8,74,M,0
35.0,13.2,4.47,12.460264504136845,-39,26.4,33.7,78.3,3,M,0
37.6,12.3,5.39,10.0,271,28.0,30.763702575859313,85.6,19,F,1
29.6,11.608106075777702,3.49,18.8,258,32.583975136728505,33.1,84.8,69,F,1
41.6,11.2,4.060385317626919,8.4,297,26.2,29.5,87.2,30,F,1
38.22611060743427,14.3,4.67,2.3,258,30.6,35.0,87.6,61,M,0
42.1,15.369435413012843,6.3551597638426625,7.4,196,27.5490033663068,34.4,84.2,10,M,0
39.2,11.848145230753865,4.62,10.5,84,29.0,34.2,84.8,65,M,0
41.86806109639997,15.6,4.8997951961313735,11.8,291,26.8,33.1,83.3,36,M,0
