haematocrit,haemoglobins,erythrocyte,leucocyte,thrombocyte,mch,mchc,mcv,age,sex,source
47.5,16.5,5.91,6.1,187,27.9,34.7,80.4,50,M,0
25.1,10.9,3.733823002534016,8.715533393774555,316,26.65724613494453,36.0,87.3,81,M,1
39.9,13.3,4.35,4.7,258,28.8,33.33647627682079,86.4,45,M,0
43.6,11.263884050162401,4.266373220645594,9.3,212,26.9,30.3,89.0,46,F,1
35.8,13.8,5.072775081925728,5.6,265,28.2300392867936,33.4,97.6,72,M,1
35.5,11.5,4.544802055001511,18.4,378,27.6,33.1,85.1,42,M,1
36.8,8.7,4.0,5.2,261,30.8,33.4,92.0,39,F,0
26.1,6.9,4.37,14.1,226,21.8,27.23904239364267,59.7,30,F,1
23.3,12.749350256875191,3.63,14.9,372,30.6,32.3,84.61133272892113,81,M,1
40.9,14.3,4.544802055001511,2.3,286,28.2300392867936,35.0,87.6,61,F,0
38.22611060743427,12.749350256875191,4.62,15.1,326,31.3,35.1,84.05628754442446,27,F,0
45.4,15.6,5.01,3.817273355568099,258,31.1,34.4,90.6,75,M,0
47.4,15.9,5.64,6.0828032511791505,130,28.2,34.9,84.0,22,M,0
37.0,12.4,4.29,19.793739022055355,134,30.5,33.5,90.9,34,F,0
46.89575769332072,15.898981812397892,4.03,5.2,50,31.0,32.4,93.8,46,F,1
34.10844109996455,17.9,5.07,12.3,376,31.187618795765232,34.0,76.0,37,F,0
29.3,10.0,3.91,13.0,267,25.6,34.15845041706046,74.9,32,M,1
41.3,11.5,4.73,6.2,351,24.3,33.6,75.7,42,M,0
45.9,13.072574975980203,5.11,11.7,199,33.50938637765997,35.06677923068047,87.5660054994513,6,M,0
44.8,15.2,4.96,3.868847462265676,500,24.8,33.9,89.49734197704703,25,M,0
38.22611060743427,13.0,5.09,8.715533393774555,470,25.5,33.6,76.5,39,F,0
40.17028565229985,12.3,2.94,10.0,195,25.8,33.5,88.4,62,F,0
33.2,11.5,3.69,12.5,293,36.522914272627375,34.6,90.0,63,M,1
38.85415490471094,10.1983773650805,3.22,19.6,257,28.2,33.33647627682079,84.61133272892113,55,M,1
46.6,15.6,4.006848710759744,3.7,30,28.7,33.5,72.60723784535558,21,M,0
55.3,10.4,6.61,18.6,340,27.1,32.794082566138144,105.3,59,M,0
