age,sex,bmi,children,smoker,region,charges
72,female,38.06,0,yes,southeast,12648.7034
21,male,48.07,0,no,southeast,1759.338
39,male,42.655,0,no,northwest,5757.41345
31,female,30.14,1,yes,southeast,4350.5144
18,male,25.175190923047452,0,yes,northwest,7215.998541631745
25,male,35.625,0,yes,southwest,2534.39375
19,female,40.5,3,no,southwest,1532.4697
55,male,25.84,1,no,southeast,10807.4863
24,female,29.92293709009826,0,no,northeast,3044.2133
56,male,30.66339686098655,0,no,northeast,43921.1837
35,male,35.815,2,no,northeast,5630.45785
53,female,35.9,2,no,southwest,11163.568
24,female,32.5,1,no,southeast,29523.1656
88,female,39.7,0,no,southwest,5966.8874
43,male,30.66339686098655,1,yes,southeast,39871.7043
39,male,29.81,0,yes,southeast,25221.015775545933
58,male,36.08,2,no,southeast,11363.2832
19,male,34.1,0,no,northwest,-8646.5684853991
63,male,32.03985967413573,1,yes,southeast,13270.422265141257
21,female,20.5703055391492,0,no,northwest,2404.7338
39,male,33.915,1,no,northeast,13143.86485
33,female,30.8,0,no,southwest,13390.559
59,male,32.395,3,no,northeast,14590.63205
22,male,25.175,0,no,northwest,2045.68525
55,female,27.74,0,yes,northeast,3926.767577507855
42,female,32.67,0,no,northwest,13270.422265141257
