age,sex,bmi,children,smoker,region,charges
39,female,28.290559077604065,1,no,southeast,1720.3537
18,male,33.33,3,no,southeast,10767.662070521688
48,female,28.88,3,no,northwest,9249.4952
59,male,30.66339686098655,2,no,southeast,48970.2476
36,male,25.175,0,no,northeast,-4053.996473132818
22,female,31.35,1,yes,northwest,-27415.493760941747
20,female,25.255407207283813,1,no,northwest,6571.02435
43,male,25.52,5,no,southeast,40526.68396210328
60,male,29.5,1,yes,southeast,6311.952
71,male,33.345,2,no,southwest,13270.422265141257
42,male,35.245,1,no,southeast,11394.06555
41,male,24.32,0,no,southeast,20555.897336514012
39,male,26.695,0,no,northwest,4571.41305
23,female,34.865,0,no,northeast,2899.48935
44,male,38.19,0,no,northwest,14410.9321
41,male,29.162077919452408,1,no,northwest,2322.6218
39,male,30.66339686098655,1,yes,northeast,22462.04375
39,male,23.7,1,no,northwest,12574.049
36,female,21.065823591053267,4,no,southeast,19521.9682
61,male,23.655,1,no,northeast,13129.60345
34,male,35.815,0,no,northwest,4320.41085
40,female,22.22,2,yes,southeast,-10474.916160777084
18,male,53.13,0,no,southeast,26470.621899948514
58,male,25.27,1,no,southeast,4894.7533
21,male,39.49,1,no,northwest,3579.8287
20,female,30.66339686098655,4,yes,southeast,17748.5062
56,male,24.09,1,no,northeast,22462.04375
8,male,26.610757098360835,2,no,southwest,13270.422265141257
15,male,27.5,1,yes,southeast,7626.993
59,male,31.35,0,no,northeast,12622.1795
61,male,43.4,1,yes,southwest,5002.7827
15,male,35.304020805023484,3,yes,southeast,19361.9988
40,female,32.68,0,no,southeast,13270.422265141257
18,female,33.88,0,no,northwest,7804.1605
39,female,22.22514178039288,1,no,northwest,28340.18885
20,male,36.0,1,no,southwest,8556.907
18,male,31.73,1,yes,northeast,7209.4918
23,male,41.91,-2,no,southeast,1837.2819
28,female,26.51,2,no,southeast,4340.4409
46,male,28.201521856289702,2,no,southeast,7353.247092723132
38,male,30.66339686098655,3,no,northeast,29091.189311796734
34,female,43.82711933515241,3,no,southwest,16414.946868989708
39,female,38.28962364584724,4,no,southwest,13270.422265141257
53,male,33.33,0,no,northwest,9863.4718
39,female,27.6,1,no,southwest,5383.536
19,female,31.79,2,no,southeast,13270.422265141257
55,female,30.66339686098655,0,no,northeast,6282.235
31,male,33.63,3,no,northwest,3875.7341
62,female,27.9,3,no,southeast,13470.8044
43,male,30.115,3,no,northwest,8410.04685
29,female,32.11,2,yes,northwest,4922.9159
62,male,33.3,0,no,southwest,9095.06825
