haematocrit,haemoglobins,erythrocyte,leucocyte,thrombocyte,mch,mchc,mcv,age,sex,source
42.1,12.749350256875191,4.93,8.0,310,30.8,33.33647627682079,83.99430730574765,0,M,1
42.1,14.5,5.06,15.9,200,22.0,33.0,87.0,46,F,0
34.658729853699256,12.2,6.01,1.3,49,29.5,33.3,93.3,44,M,0
46.5,12.749350256875191,4.14,8.715533393774555,393,25.5,32.27518604099003,77.4,25,M,0
38.3,12.7,4.4,7.5,324,28.9,31.4688302609572,87.0,34,F,1
40.5,11.306890314207925,4.66,7.1,333,25.92841734925303,32.8,86.9,40,F,0
30.5,14.0,4.56,7.2,254,30.7,33.3,98.91365788399003,84,M,0
48.0,16.3,5.74,9.960886605168131,218,28.4,28.0,77.6,46,M,0
31.5,10.4,3.15,6.6,266,33.0,32.77481354379785,86.9,21,F,1
26.149776808276513,10.1,3.88,12.4,319,28.2300392867936,26.0,79.9,-6,F,0
41.3,10.361168457320062,3.509424025201696,4.0,123,29.2,34.54653295561288,88.1,55,M,0
24.6,10.940940945750901,3.12,3.042198475273019,192,26.3,34.5,78.8,90,F,1
38.3,10.2,5.43,19.8,633,21.0,29.8,70.5,67,F,0
46.5,15.2,5.16,11.4,175,29.860038140158093,32.7,90.1,60,M,0
35.5097044641477,15.2,5.29,7.7,258,28.7,33.33647627682079,86.6,69,M,0
49.2,16.5,6.09,7.8,397,24.3,33.5,80.8,55,M,0
38.22611060743427,12.1,4.544802055001511,4.9,323,27.1,32.6,74.5,17,F,0
37.2,12.6,3.9932341523776325,9.1,281,29.521764353159714,33.9,82.50607202897113,7,M,0
42.0,11.4,3.51,2.468752625020908,53,29.1,33.4,100.0,55,M,1
36.0,12.2,3.0,8.715533393774555,258,33.0,33.9,88.2,45,F,1
32.542667317914656,10.9,4.544802055001511,3.8,261,30.4,33.6,90.4,98,F,1
47.3,17.88877158731991,5.85,1.4888362865777918,167,26.8,33.2,84.61133272892113,32,M,0
38.22611060743427,15.1,4.37,7.5,308,28.2300392867936,33.9,86.6,57,M,0
40.7,13.0,4.622595904264316,10.7,412,30.3,33.4,84.61133272892113,3,M,0
36.9,12.5,4.322573963724085,9.4,218,29.723161098035867,33.9,95.92803916269787,29,F,0
33.3,9.6,3.98,7.0,387,28.1,33.6,83.7,89,F,0
