age,sex,bmi,children,smoker,region,charges
55,male,30.66339686098655,2,no,southeast,5257.50795
29,female,24.6,2,no,southeast,21813.867805581387
24,male,43.77613930593161,1,no,northwest,3537.703
62,female,30.66339686098655,3,yes,southeast,46718.16325
61,female,35.91,4,no,northeast,13635.6379
26,female,23.21,0,no,southeast,25081.76784
28,male,36.4,1,yes,southwest,1837.2819
39,female,32.11,2,no,northwest,4922.9159
54,male,23.0,3,no,northwest,12094.478
5,male,22.61,0,no,northwest,-19862.48638861461
49,male,35.3,3,no,southwest,19854.128612283617
32,female,27.94,1,yes,southeast,19107.7796
40,male,42.9,3,no,southwest,13270.422265141257
18,male,41.91,2,yes,southeast,51194.55914
48,female,33.0,1,no,northwest,7682.67
64,female,32.965,5,no,northwest,-8847.030912075199
46,female,35.2,0,no,southeast,12244.531
33,female,24.31,0,no,southeast,11884.04858
39,male,22.940860214027524,3,yes,southeast,46130.5265
65,female,28.31,2,yes,southeast,28868.6639
39,male,27.0,2,no,southeast,11737.84884
24,male,30.66339686098655,1,no,southeast,13270.422265141257
44,female,41.91256518938887,0,yes,southeast,48885.13561
55,female,23.3879653321467,2,no,southeast,10855.911930705368
18,female,39.82,0,no,northwest,13270.422265141257
27,male,38.83,1,no,southeast,12096.6512
18,male,31.73,0,yes,northeast,33732.6867
28,male,34.77,0,yes,southeast,3556.9223
39,male,26.03,1,yes,northwest,13844.506
50,female,44.88,1,no,northeast,-5089.035011540135
19,female,27.382374902364475,1,no,northwest,2913.569
51,male,24.32,5,no,southeast,13270.422265141257
64,male,21.878178563150747,1,no,southwest,5288.62317590099
18,female,21.66,0,no,northeast,-9013.845887111034
19,male,30.69,0,yes,southeast,38177.71508102369
30,male,24.4,3,no,southwest,1639.5631
53,male,27.72,0,no,northeast,10072.05505
29,male,25.782842956327617,0,no,northeast,16138.76205
41,female,30.66339686098655,3,yes,southeast,1632.56445
-9,male,30.66339686098655,1,no,northwest,18259.216
48,female,27.1,1,no,northwest,26140.3603
28,male,43.01,3,no,southeast,4449.462
56,male,28.785,1,yes,northeast,11658.37915
29,female,33.581199882847216,1,no,northeast,3943.5954
59,male,30.495,3,no,southwest,-1829.596803870485
65,male,23.75,0,no,northwest,8765.249
37,male,28.8,1,no,southwest,6282.235
43,female,29.729910832377037,3,yes,southwest,7727.2532
26,male,22.04589594839325,0,yes,northwest,3176.8159
39,female,38.095,0,no,southeast,13270.422265141257
63,male,28.31,0,no,southwest,5125.2157
27,male,32.585,3,yes,southeast,4846.92015
