age,sex,bmi,children,smoker,region,charges
18,male,27.8,1,no,southeast,41341.415098602425
39,female,24.09,1,no,southeast,3331.570872123151
18,male,30.66339686098655,1,no,southeast,3268.84665
25,male,30.66339686098655,0,no,northwest,15512.319354995587
45,male,39.805,1,no,southeast,7448.40395
45,male,18.05,0,no,northeast,9644.2525
22,male,39.5,0,no,southwest,1682.597
55,female,28.025,0,yes,southeast,13270.422265141257
57,male,30.03,3,no,northeast,1720.3537
37,male,38.28,0,no,northwest,6203.90175
57,female,31.825,5,no,northwest,11842.62375
46,female,30.66339686098655,3,yes,southwest,41661.602
58,female,30.2,2,no,southwest,13270.422265141257
30,male,22.895,1,no,southwest,25903.181783163953
50,male,37.07,2,no,southeast,10085.846
23,female,31.13,1,no,southeast,2566.4707
39,female,20.6,0,no,southwest,9264.797
39,male,25.41,0,yes,northeast,2902.9065
27,female,21.755,0,yes,southeast,2483.736
53,male,27.265,3,no,southeast,4661.28635
47,female,36.63,1,yes,southeast,29605.135682470762
47,male,28.215,0,no,northeast,10965.446
36,female,24.32,1,no,southwest,12129.61415
26,female,30.66339686098655,2,no,northeast,14455.64405
57,male,34.01,0,no,northwest,4462.7218
24,male,36.54904000238768,0,no,northwest,3044.2133
39,male,29.8,0,no,southwest,28634.510373550176
56,female,35.8,1,no,northeast,11674.13
59,male,20.76440776513823,0,yes,northeast,18903.49141
24,male,23.21,0,no,southeast,25081.76784
39,female,38.63211433772879,2,no,northwest,7209.4918
58,female,28.1,0,no,northwest,23031.267466618076
33,male,22.705,1,no,northwest,21984.47061
25,male,26.22,0,yes,northeast,2721.3208
42,male,30.8,1,no,southeast,41999.52
19,male,34.43,0,no,southwest,26078.424821688102
39,female,30.66339686098655,0,no,northeast,25656.57526
18,male,47.41,0,yes,northeast,1704.70015
24,male,30.1,4,no,southwest,4234.927
28,male,50.88977333939879,1,yes,southeast,13270.422265141257
27,female,33.1,0,no,southeast,7345.084
30,male,39.05,4,yes,southeast,40932.4295
25,male,21.514074285725215,2,no,northeast,34686.41836460274
60,female,29.49552906525324,0,no,northeast,13217.0945
26,male,21.01057214239682,3,no,southwest,11741.726
36,male,18.67511095605486,1,yes,northeast,13270.422265141257
26,male,33.82,1,no,northwest,11356.6609
30,male,33.99774435374635,-1,yes,southeast,43712.99931291235
39,male,37.322322987515705,2,no,southeast,2899.48935
39,female,32.395,1,no,southwest,2104.1134
37,female,20.8,1,no,southwest,13270.422265141257
25,female,35.42,2,no,southeast,18218.16139
