age,sex,bmi,children,smoker,region,charges
53,female,32.1,1,no,northeast,14007.222
38,female,31.0,2,no,northwest,5488.262
51,female,25.4,1,no,southeast,3594.17085
47,female,29.545,1,no,southeast,13270.422265141257
48,male,30.66339686098655,1,no,northeast,2156.7518
39,male,38.6,1,no,southeast,28868.6639
59,male,21.314649453575015,2,no,southwest,12925.886
62,female,20.732988321335085,0,yes,southeast,50298.7044578633
24,male,25.8,0,no,northeast,1972.95
57,male,35.3,2,yes,southwest,14988.432
19,female,24.13777457421431,5,yes,southeast,4687.797
8,female,29.6,0,no,southwest,5910.944
39,female,24.605,2,no,southeast,13270.422265141257
29,female,35.64,2,no,southwest,20875.056556599615
39,male,30.66339686098655,1,no,northwest,3537.703
62,male,27.72,3,yes,southeast,46718.16325
31,female,35.91,0,no,northeast,13635.6379
44,male,23.21,0,no,southeast,-7917.939606491578
28,male,34.8,1,yes,southeast,42713.451695305375
12,female,32.11,2,no,northwest,13270.422265141257
54,female,30.43645612802008,3,no,southwest,60.31858502375326
39,male,22.61,0,yes,southeast,12129.61415
40,male,25.6,3,no,southeast,4449.462
19,female,27.94,0,yes,southeast,13270.422265141257
32,male,26.874166170679658,1,no,southwest,24779.798303795687
23,male,41.91,0,no,southeast,1837.2819
40,male,33.0,1,no,southeast,7682.67
33,female,32.965,0,no,northwest,14692.66935
59,male,35.2,2,no,southeast,5934.3798
64,female,24.31,0,no,southeast,4185.0979
60,male,19.538880586917408,1,no,northeast,13270.422265141257
49,male,31.825,1,no,southeast,10325.206
34,male,27.0,2,no,southwest,11737.84884
28,male,30.66339686098655,0,no,northwest,2322.6218
40,female,33.789016314379495,0,yes,southeast,48885.13561
55,male,30.14,2,no,southeast,11881.9696
18,male,39.82,0,yes,southeast,1633.9618
27,male,30.3,3,no,southwest,24749.486787820224
19,male,49.06,0,no,northwest,1639.5631
39,female,26.49546712045875,-1,no,southeast,26140.3603
28,male,33.0,3,no,southeast,7196.867
56,female,28.785,0,yes,northeast,11658.37915
12,female,30.66339686098655,0,no,southwest,3943.5954
59,female,30.875,3,no,southeast,4438.2634
48,male,32.3,3,no,northwest,8765.249
41,male,28.8,0,no,southwest,6282.235
23,female,38.76608746441531,1,no,northwest,7727.2532
26,male,22.61,0,no,northwest,3176.8159
22,male,23.87,0,no,southwest,-4927.888282668327
63,male,37.05501249825435,1,yes,northwest,-19749.187870630543
28,male,32.585,3,no,southeast,4846.92015
18,male,30.66339686098655,3,yes,northeast,11700.435346452932
