age,sex,bmi,children,smoker,region,charges
64,female,27.835,2,yes,northeast,5257.50795
36,male,33.1,0,yes,southeast,8988.15875
39,male,29.64,1,no,northeast,20277.80751
47,female,34.1,3,no,northwest,13270.422265141257
39,male,51.45347989022345,1,no,southeast,-10082.489749019504
53,male,24.605,1,no,northwest,4454.40265
60,female,32.45,0,no,southeast,45008.9555
56,male,33.66,0,no,northeast,12949.1554
34,male,38.0,3,no,southeast,6196.448
42,male,26.9,0,no,southwest,5969.723
39,male,23.75,0,no,southwest,13270.422265141257
43,male,26.03,1,no,southeast,4618.0799
51,male,40.66,0,no,northeast,15802.53743556275
24,female,36.318912381522786,3,no,southeast,6837.3687
39,female,31.92,2,no,northwest,7209.4918
42,female,35.1,0,no,southwest,12644.589
53,male,28.832165471502144,0,no,southeast,8124.4084
18,male,30.03,1,no,southeast,1720.3537
58,male,27.17,0,no,northeast,12222.8983
56,female,39.27,3,no,southeast,13430.265
36,male,30.66339686098655,1,no,southwest,2741.948
28,female,26.98,2,no,southeast,4435.0942
50,female,30.66339686098655,2,no,southeast,22971.225753156315
41,male,32.6,2,no,southwest,7954.517
65,male,31.9,0,no,northeast,14418.2804
25,female,25.192410537569955,2,no,northeast,39158.682235542365
