age,sex,bmi,children,smoker,region,charges
33,male,31.92,0,no,northwest,33750.2918
63,female,36.3,0,no,southeast,34838.873
30,male,38.83,0,no,northwest,12981.3457
53,female,33.345,-2,no,northwest,13270.422265141257
39,female,19.0,3,no,southeast,6753.038
58,female,28.47007631716385,0,no,southeast,24227.33724
62,male,30.115,0,no,southeast,2203.47185
18,male,36.6,0,no,southeast,27808.7251
36,female,28.9,4,no,southwest,21771.3423
50,female,30.97,1,no,southeast,4454.40265
13,female,26.315,1,no,northwest,14474.675
62,male,46.8104410165147,1,no,southwest,2597.779
33,male,31.535883388625415,0,no,southwest,-3199.8306837716536
18,female,23.37,0,no,northwest,47269.854
39,female,35.2,0,no,northwest,7201.70085
37,male,21.12,3,no,northeast,13270.422265141257
54,female,30.66339686098655,1,no,northwest,16002.702694710624
19,male,32.49,4,yes,northwest,36898.73308
33,male,30.66339686098655,2,no,northeast,5031.26955
20,female,24.42,1,yes,southwest,26125.67477
41,male,40.26,0,no,southeast,22520.34653006078
51,female,40.48,0,no,southeast,44260.7499
38,male,28.025,1,no,northeast,37133.8982
61,male,20.427619242427063,1,yes,southeast,34672.1472
20,male,19.57,1,no,northwest,13270.422265141257
43,male,30.66339686098655,2,no,southwest,7441.501
28,male,38.38,0,no,northwest,12950.0712
33,female,35.53,5,yes,northeast,49239.38085342614
55,female,27.965923323570202,1,no,southeast,13905.162725679278
49,male,27.835,3,no,northeast,10269.46
58,male,35.7,0,no,southwest,11362.755
63,female,23.43058438467916,1,yes,southeast,48824.45
34,female,38.0,2,no,southeast,6196.448
32,male,32.3,1,no,southeast,10600.5483
39,female,17.7744336380061,2,no,southeast,6338.0756
54,female,30.693020100392577,1,yes,southeast,13831.1152
39,female,39.82,0,no,southeast,14184.49833387256
59,male,26.505,0,no,southeast,13270.422265141257
48,male,37.145,4,yes,northeast,5580.254278151335
26,male,29.7,1,yes,northeast,4441.21315
64,male,31.3,2,yes,southwest,-4570.6302935412095
22,female,30.66339686098655,4,yes,southwest,44501.3982
55,female,30.66339686098655,3,no,southwest,13270.422265141257
65,male,38.285,0,no,northwest,-7191.502760388054
23,female,28.0,0,no,southwest,13126.67745
26,male,34.2,2,no,southwest,3987.926
20,female,26.84,5,yes,southeast,17085.2676
44,male,46.113731771220976,2,yes,southeast,62253.30264144999
39,male,23.804024855174223,0,no,northeast,13974.45555
43,male,37.07,1,yes,southeast,39871.7043
39,male,29.64,2,no,northwest,5028.1466
61,male,33.915,1,no,northeast,13143.86485
