age,sex,bmi,children,smoker,region,charges
46,female,30.758539409291448,3,no,southwest,9414.92
42,female,25.794981498997352,2,no,northwest,7640.3092
26,female,34.2,2,yes,southwest,3987.926
20,male,27.74,1,no,southeast,2026.9741
22,female,21.28,3,no,northwest,21472.4788
31,male,36.1,3,no,southeast,11910.381463461365
52,male,44.7,3,no,northeast,11411.685
46,female,23.465,2,no,northeast,6402.29135
20,male,30.66339686098655,2,yes,southwest,38344.566
39,male,23.32,1,no,northeast,1711.0268
43,male,27.8,0,yes,northwest,37829.7242
43,male,20.13,2,no,southeast,18767.7377
35,female,22.0,0,no,northwest,8026.6666
35,male,33.63,1,yes,southeast,37607.5277
32,female,26.6,0,no,southeast,9715.841
19,female,30.02,0,yes,southeast,23491.155693473265
28,male,34.77,3,no,northwest,24520.264
47,female,39.27,2,yes,southeast,24535.69855
27,female,30.59,2,yes,southeast,24059.68019
4,male,36.85,0,yes,southeast,36149.4835
45,male,38.15822774360391,3,no,northwest,13270.422265141257
39,female,48.569864606324515,1,yes,northwest,13270.422265141257
35,female,34.77,1,no,northwest,5729.0053
21,female,30.66339686098655,0,no,southeast,1964.78
61,female,28.2,0,no,southwest,10879.38240960194
24,female,32.015,2,no,southeast,12674.733572204836
