haematocrit,haemoglobins,erythrocyte,leucocyte,thrombocyte,mch,mchc,mcv,age,sex,source
42.2,13.1,4.993892217412406,15.262427102280189,265,27.2,31.0,70.0,64,M,0
31.7,10.1,3.62,21.9,353,28.2300392867936,31.9,85.4,67,F,1
34.4,11.7,4.544802055001511,17.1,419,28.494105190168092,34.0,82.9,66,F,1
42.4,14.5,4.91,14.2,298,27.9,32.3,94.31308621107135,56,M,0
48.6,15.9,5.71,3.6335671701455974,385,27.8,32.7,85.1,44,M,0
42.2,14.3,5.01,5.1,284,28.5,33.9,96.6,84,M,0
28.3,10.5,3.95,7.4,240,31.9,32.5,98.3,79,F,0
35.3,13.7,4.8,7.4,334,30.2,28.4,65.6,66,M,0
35.5,14.4,5.36,8.715533393774555,346,26.9,33.33647627682079,79.5,43,M,0
38.22611060743427,13.9,4.81,4.4,282,28.9,34.2,84.6,70,F,0
46.0,15.176591655101305,4.544802055001511,5.78887423332794,258,26.3,33.3,81.1,46,M,0
43.2,14.3,6.27813265779289,5.4,374,28.4,33.13882418565815,85.9,30,M,1
37.010473037736205,12.5,4.726332031726914,9.3,335,24.6,30.9,74.8,47,F,1
33.9,12.773950588858952,4.22,6.5,40,27.9,33.33647627682079,83.1,65,F,1
44.3,15.1,5.11,14.3,20,28.2300392867936,34.1,83.82050570912368,32,F,0
43.4,16.234327505413937,6.029410224302331,8.715533393774555,326,28.7,35.0,83.24363165741684,46,M,0
43.7457135365534,9.1,3.55,2.5,103,27.403613767085968,29.9,68.7,54,M,0
40.5,12.749350256875191,4.95,6.2,50,35.25091158166605,35.3,86.62135031624413,59,F,0
27.5,9.4,3.22,11.4,48,29.2,34.2,87.6,32,M,0
42.6,12.0,4.13,3.9,193,27.5,33.8,84.61133272892113,70,M,0
44.706607668791605,13.380944089508182,5.15,2.5,362,30.7,32.0,89.7,26,M,0
28.7,9.8,4.1,18.7,242,23.9,34.2,74.6,-12,F,0
37.8426640078844,12.9,4.33,24.8,312,29.8,35.70525721225463,91.9,13,M,0
38.22611060743427,12.6,4.08,5.1,258,29.9,33.87947562297401,90.8,80,F,0
35.9,12.749350256875191,6.52,10.941362908194204,303,26.31773340935519,33.520698697110255,87.1,58,F,1
45.6,14.5,5.28,8.6,465,29.1,31.8,84.61133272892113,57,M,0
