haematocrit,haemoglobins,erythrocyte,leucocyte,thrombocyte,mch,mchc,mcv,age,sex,source
50.5,17.0,4.531716861902185,5.7,296,30.2,33.7,89.9,46,F,0
28.0,12.27535058745604,3.56,9.741933737412836,234,24.4,32.81932848197502,78.7,51,M,0
39.083315959373,15.3,5.37,2.1,258,28.5,30.2,84.61133272892113,36,M,1
43.9,13.2,4.25,7.2,142,28.133449313495035,33.7,77.6,73,F,0
34.9,12.749350256875191,5.05,5.6,133,25.9,31.5,83.8921327760068,49,M,0
43.0,13.10386583970414,5.12,8.715533393774555,236,29.3,34.9,84.23210236260091,52,M,1
39.174053763587494,12.4,4.544802055001511,4.1,232,25.976748610938238,32.6,81.3,46,M,0
36.1,7.5,3.71,13.0,327,29.5,33.8,92.4,73,M,0
31.4,11.2,3.731083691078396,9.318403298705945,410,28.6,34.748112376007086,82.3,45,M,1
38.22611060743427,13.94173312730423,5.09,11.1,711,27.3,33.33647627682079,80.1,64,F,0
31.3,18.9,4.544802055001511,23.4,205,30.4,34.7,87.4,59,M,1
45.4,14.3,5.85731798716353,1.6,161,18.1,31.5,79.0,27,F,0
36.5,14.8,4.177580737758324,9.1,294,32.9,34.0,86.7,67,M,1
38.4,17.308728766993593,5.55,16.4,382,30.1,35.3,78.8,40,M,0
38.22611060743427,10.0,3.44,8.0,443,29.1,32.4,89.8,67,M,1
25.388856105229415,8.7,4.75,10.622174988661934,156,28.2300392867936,36.36480307889602,80.4,70,M,0
47.0,15.0,5.35,8.9,100,28.0,35.037064896907076,80.43867641958536,69,M,1
47.07579328120626,12.4,5.68,8.715533393774555,110,28.416740481939065,33.6,77.5,62,F,1
42.3,13.8,2.96,12.3,316,25.1,33.6,76.9,25,F,0
42.8,14.1,5.26,3.1,266,26.8,32.9,81.4,12,M,0
47.3,12.6,4.61,6.674638531001529,221,28.2300392867936,33.33647627682079,83.3,86,F,0
35.4,12.3,4.18,10.5,145,29.4,34.7,84.7,43,F,0
36.7,12.749350256875191,4.02,8.7,258,30.1,33.0,91.3,41,F,0
42.4,14.5,4.86,8.8,313,29.8,34.2,84.61133272892113,26,M,0
45.9,15.2,4.9,10.2,187,19.3,33.1,79.93281631517952,69,M,0
42.7,13.8,4.77,6.3,341,29.651339405487786,32.3,89.5,69,M,0
