haematocrit,haemoglobins,erythrocyte,leucocyte,thrombocyte,mch,mchc,mcv,age,sex,source
22.835312194429623,13.2,4.75,2.1,270,30.2,34.6,67.5,29,F,1
34.09455635102355,12.749350256875191,4.544802055001511,10.0,258,28.2300392867936,32.7,84.4,36,F,0
52.5,10.5,2.7514421445968864,21.1,222,28.980192635537207,31.3,88.3,70,M,1
28.1,12.0,3.32,12.2,263,28.3,34.8,84.6,46,M,1
27.8,12.01182444020997,4.544802055001511,12.8,306,31.3,33.5,84.61133272892113,75,F,1
48.3,12.8,4.35,12.5,67,29.4,32.6,90.3,70,F,0
48.7,16.1,3.63,7.0,128,28.8,33.1,87.0,29,F,0
42.9,14.0,4.57,17.4,798,31.8,32.80580778216072,77.5,70,F,0
35.7,14.1,4.77,8.0,389,29.509200114128078,36.7,77.4,46,F,0
43.0,12.2,3.6482086001205625,8.715533393774555,300,28.0,33.0,88.07956515536222,39,M,1
37.7,11.8,4.2,12.4,354,28.1,33.9,84.61133272892113,43,F,1
31.374630595227792,12.8,5.88,4.5,117,29.1,33.33647627682079,91.3,64,F,0
43.0,14.2,4.75,13.461729606897912,141,30.30051026815404,33.0,71.84464406218999,45,M,1
33.6,11.6,3.88,7.2,216,28.2300392867936,34.5,73.57361057188504,76,F,1
38.781448305855434,12.749350256875191,4.56,4.392624162202195,316,29.8,37.2,80.3,62,M,0
38.22611060743427,15.608584198916235,4.91,4.3,225,31.6,34.0,92.9,65,M,0
39.3,19.464671653135408,5.158199241556197,8.5,300,27.8,35.4,85.3,70,M,0
37.6,12.4,4.61,8.2,318,26.0,33.0,70.3018465175355,61,F,0
47.4,15.9,5.64,2.9,105,28.2,32.785035742109436,84.0,22,M,0
38.9,13.5,4.43,8.715533393774555,258,27.346931146986364,34.7,87.8,51,M,1
23.2,7.7,2.59,2.3,284,29.7,33.2,89.6,87,F,1
39.9,11.8,3.7157547971821265,17.2,196,21.9,29.6,103.9,74,M,0
38.5,12.8,4.42,6.2,332,29.0,32.0238624785031,87.1,77,M,1
38.22611060743427,12.3,4.38,4.32227651094264,226,28.1,33.7,83.3,61,F,0
45.0,18.9,5.81,5.9,219,26.2,33.33647627682079,93.9,32,M,0
36.7,8.816644122106455,4.04,1.859056505005226,331,28.7,32.08109286550615,90.8,46,M,0
