haematocrit,haemoglobins,erythrocyte,leucocyte,thrombocyte,mch,mchc,mcv,age,sex,source
39.4,13.1,5.356675410723325,3.3,86,25.9,33.2,77.9,6,M,0
48.15505708629408,15.7,5.22,11.94032394007046,251,26.165461742772045,35.022014396803684,94.90079769187484,49,M,0
31.8793537731183,14.4,5.64,8.715533393774555,416,28.2300392867936,32.1,79.6,46,F,0
47.4,11.2,3.91,11.814014624745205,286,33.2,34.4,89.40992128586385,31,F,0
36.6,11.2,3.76,5.0,328,29.8,33.69131129986599,84.61133272892113,64,M,0
38.22611060743427,11.8,4.05,20.5,405,29.1,34.5,80.3,51,M,0
32.2,11.4,4.86,4.1,337,21.8,35.4,89.9,46,F,0
32.6,14.7,5.71,7.2,231,28.503210842125934,33.1,83.0,89,F,1
41.5,13.7,4.67,8.8,301,32.084040095248945,34.1,84.61133272892113,59,M,1
47.5,16.6,5.61,7.4,338,29.6,34.9,84.7,24,M,0
39.9,13.0,4.37,1.7402095205967107,459,29.7,33.605456835890564,73.7,79,F,0
39.67641540454005,15.2,5.84,8.715533393774555,244,28.4,34.9,81.3,26,M,0
38.0,12.4,4.34,7.3,258,26.1,32.6,87.16433701524477,24,F,0
42.5,14.7,4.544802055001511,4.3,162,25.6,34.6,84.4,22,M,0
37.201968530814995,15.9,5.35,10.3,136,29.7,33.8,87.9,56,M,1
39.7,13.8,4.75,2.8,299,28.2300392867936,34.8,83.6,25,M,0
42.7,12.749350256875191,4.704223210852021,10.8,322,30.3,35.4,85.7,38,M,0
42.4,16.495196683138467,3.58,28.3,313,29.8,33.33647627682079,87.2,37,F,0
35.5,12.1,3.009740923522163,3.9,317,29.100371716803437,34.1,86.0,54,F,0
30.8,10.3,4.544802055001511,10.649130121285133,258,25.9,33.8,77.4,14,M,0
38.22611060743427,12.749350256875191,4.181150634580146,8.9,60,29.9,33.0,75.2,52,M,1
31.9,13.23748479256798,3.5,8.6,180,30.0,33.33647627682079,91.1,64,M,1
41.0,14.631517227625212,5.27,10.0,291,25.6,32.876818305311254,77.8,53,F,0
18.6,15.9,4.17,9.9,263,27.3,28.1,83.7,45,F,0
29.7,9.1,3.26,13.8,315,21.5,30.6,70.2,19,M,1
34.3,10.062846642471442,4.53,6.6,185,27.8,33.8,90.08124727017938,46,M,1
