age,sex,bmi,children,smoker,region,charges
37,female,36.48,0,no,northeast,12797.20962
40,male,32.8,2,no,southeast,3875.7341
47,male,47.52,1,no,northeast,8083.9198
39,female,33.88,0,no,northeast,11729.6795
62,female,33.2,0,no,southeast,-46.21526030106179
42,female,47.6,2,no,southwest,34672.1472
45,male,24.97,1,no,southeast,14358.36437
32,male,30.66339686098655,2,no,southeast,9541.69555
39,male,35.37501459484445,1,yes,northwest,8017.06115
24,female,30.143550545320327,3,no,southwest,2457.502
39,female,36.85,0,no,northwest,5272.1758
18,male,36.92811794466289,0,no,southwest,1532.4697
53,female,37.43,0,yes,northwest,10959.6947
35,male,27.61,1,no,southeast,13270.422265141257
41,male,39.80678453693196,2,no,southeast,5584.3057
22,male,30.66339686098655,0,no,northwest,3761.292
18,female,37.29,1,yes,northwest,-11869.449477290222
19,male,27.265,2,no,southeast,8021.630410809055
64,male,35.35676504588012,1,no,northwest,15255.400788939034
39,male,42.20184433218739,0,no,southeast,5662.225
46,male,25.8,0,no,southwest,11365.952
35,female,38.19,0,no,southeast,14410.9321
50,female,26.6,2,no,southwest,16013.762939473356
30,female,43.12,1,no,southeast,4753.6368
59,female,34.8,2,no,southwest,23362.654141944888
29,female,27.94,0,yes,southwest,19107.7796
33,male,33.5,0,yes,northwest,37079.372
59,male,32.395,0,no,southeast,13270.422265141257
35,male,35.9832225768536,0,no,southeast,46113.511
47,male,25.41,1,yes,southeast,21978.6769
49,male,29.925,0,no,northwest,5327.40025
49,male,30.66339686098655,3,no,northwest,-942.9976403297642
39,female,30.66339686098655,0,yes,southwest,20688.48311302582
33,male,35.75,1,no,southeast,13270.422265141257
72,male,33.155,0,no,southwest,20630.28351
63,male,36.5608940897283,5,yes,northeast,33475.81715
38,female,28.0,3,no,southwest,7151.092
58,female,49.99563599009712,0,yes,southeast,2494.022
20,female,21.8,1,yes,southeast,13270.422265141257
56,male,33.63,0,no,northwest,43921.1837
47,female,33.915,0,no,northwest,10115.00885
43,male,28.975,1,no,southwest,6496.886
50,female,31.825,0,yes,southeast,23525.37781233781
38,male,32.775,2,no,northwest,8988.15875
23,female,25.52,5,no,southwest,18033.9679
48,female,15.13893371125857,2,no,northwest,12268.63225
34,male,30.875,0,no,southeast,3062.50825
39,male,24.75,2,yes,southwest,17942.106
33,male,28.88,1,no,southeast,28672.69915753912
40,female,30.1,1,no,southwest,13270.422265141257
44,male,32.34,1,no,southeast,7633.7206
21,male,30.66339686098655,1,no,southeast,2201.0971
