age,sex,bmi,children,smoker,region,charges
45,male,30.2,1,no,southeast,7441.053
58,male,32.395,1,no,northeast,13270.422265141257
24,female,27.645,2,no,northwest,24535.69855
19,female,25.3,0,yes,southwest,1261.859
33,female,30.315355129275616,0,no,northeast,2217.6012
46,male,30.66339686098655,0,yes,northwest,47496.49445
22,male,39.5,0,no,southwest,1682.597
39,male,28.56413367859768,0,yes,southeast,13270.422265141257
25,male,32.775,3,yes,northwest,9301.89355
19,female,27.93,3,no,northeast,13880.949
61,male,31.19243733316589,4,yes,southeast,23811.13921374525
51,male,25.4,0,no,southwest,8782.469
40,male,30.66339686098655,1,no,southeast,7299.460794190638
49,female,42.68,2,no,southeast,9800.8882
18,female,26.315,0,no,northeast,2198.18985
55,female,25.745,2,no,southeast,12268.63225
51,male,24.795,2,yes,northwest,23967.38305
18,female,35.53,0,yes,northwest,68234.47230913692
26,male,36.67,0,no,southeast,39774.2763
49,male,32.9219900300125,0,no,northeast,17468.9839
63,female,31.8,1,no,southwest,18838.70366
20,female,24.42,1,no,northwest,2200.83085
28,female,30.8,1,no,northeast,23288.9284
39,male,32.775,0,no,northwest,10601.63225
48,female,24.42,3,no,southeast,19391.839597363098
62,male,39.93,0,no,southwest,12982.8747
