age,sex,bmi,children,smoker,region,charges
51,male,30.66339686098655,0,no,northeast,9283.562
51,male,23.465,0,no,northeast,3206.49135
42,male,35.8,2,no,southwest,7160.094
41,male,28.405,1,no,southeast,14235.072
21,female,26.4,2,no,southwest,2597.779
22,male,30.66339686098655,-1,no,northeast,-11092.974656352726
62,female,27.55,1,no,southwest,13937.6665
7,female,39.1,3,no,southwest,6664.68595
39,male,36.10191996155352,1,yes,southeast,19719.6947
34,male,40.47,0,no,southwest,13270.422265141257
33,male,27.74,2,yes,northwest,5257.50795
21,female,35.2,1,no,southwest,13270.422265141257
33,male,30.875,0,no,northwest,6360.9936
30,female,34.2,1,no,southwest,9872.701
54,male,29.859154653385886,2,no,southeast,13045.218369143533
60,female,19.8347521512189,0,no,northeast,13217.0945
29,male,38.94,1,no,southeast,4058.71245
58,female,23.993056223665203,0,no,northwest,12224.35085
51,male,29.165,1,no,northeast,9957.7216
39,male,35.2,1,no,southeast,45863.205
47,female,24.1,1,no,southwest,52204.111829785536
18,female,38.28,0,no,southeast,1631.8212
52,female,42.94,0,no,southeast,23045.56616
40,female,41.42,1,no,southeast,20217.57296461247
47,female,31.73,0,no,northeast,2254.7967
61,male,40.565,3,yes,southeast,48549.17835
