age,sex,bmi,children,smoker,region,charges
20,male,40.47,3,yes,southwest,37465.34375
20,male,29.8,1,no,southwest,13270.422265141257
18,female,26.315,0,no,southeast,2198.18985
19,female,28.849631290964744,0,no,southwest,-18089.03727429148
7,female,29.54197853170528,2,no,northeast,29186.48236
50,male,25.6,0,no,southeast,7749.1564
39,female,31.2,0,no,southwest,9625.92
45,female,31.92,2,no,southeast,4237.12655
24,female,29.925,0,no,northwest,-8063.454643684301
41,male,37.05,2,no,northeast,7265.7025
60,female,22.0,0,no,southwest,20420.60465
61,male,25.08,0,yes,northeast,24513.09126
35,female,30.66339686098655,2,yes,southeast,13270.422265141257
39,female,32.775,2,no,northwest,5584.3057
30,male,27.645,1,no,southeast,7209.4918
57,female,42.13,1,no,southeast,48675.5177
40,female,33.0,0,no,southeast,24665.926942598926
47,male,23.6,1,no,southwest,8539.671
29,male,30.66339686098655,3,no,northwest,5209.57885
30,male,28.69,1,yes,northwest,20745.9891
54,female,38.5256473801693,1,no,northeast,13725.47184
27,female,30.59,3,no,northwest,1639.5631
49,female,27.1,1,no,southwest,26140.3603
50,male,33.345,1,no,northwest,2362.0872913208714
19,male,29.07,1,yes,northwest,17352.6803
32,male,12.233033266194834,1,no,northwest,5116.5004
