age,sex,bmi,children,smoker,region,charges
10,female,30.66339686098655,1,no,southeast,1837.2819
61,male,29.92,3,yes,southwest,30942.1918
38,female,44.22,2,no,southeast,13270.422265141257
35,male,34.77,2,no,northwest,30063.58055
38,male,34.7,2,no,southwest,6082.405
50,male,33.991282189264425,0,yes,northeast,41097.16175
35,male,13.975841189092879,2,no,southwest,3693.428
39,female,37.9,1,no,southwest,6474.013
39,male,30.735041025391194,2,no,northwest,5615.369
27,female,30.0,5,yes,northeast,18591.38714635236
37,male,36.63,1,no,southeast,5472.449
19,male,18.335,0,yes,southeast,11534.87265
39,male,32.3,3,no,northwest,14384.48349510915
70,male,31.73,0,no,southeast,14043.4767
39,male,30.66339686098655,1,no,southeast,4889.9995
26,female,17.195,1,no,northwest,39774.2763
62,female,25.4,2,yes,northwest,3579.8287
24,male,28.5,2,no,northwest,3537.703
48,male,32.86943876544841,1,no,northeast,8964.06055
54,male,33.63,1,no,northwest,10825.2537
27,male,30.59,1,yes,northwest,25410.787671304206
32,female,29.59,1,no,southeast,4562.8421
39,female,30.875,3,no,southeast,13352.0998
43,female,33.1,0,no,southwest,11357.032199772775
45,male,22.895,2,no,southeast,13270.422265141257
49,male,32.94950644108427,2,no,southeast,9304.7019
34,male,35.91329474655576,2,no,northeast,16398.82930052027
34,male,29.15,2,no,northwest,30612.932626455226
57,female,34.7,2,yes,southwest,4349.462
68,female,37.715,3,no,northwest,5729.0053
36,female,30.66339686098655,1,no,southwest,11554.2236
19,female,23.4,2,no,southeast,-10225.040089860828
39,male,30.66339686098655,1,no,northwest,6117.4945
61,female,41.42228013378127,2,yes,southeast,44260.7499
18,male,28.215,1,no,northeast,2200.83085
47,female,39.7,2,no,southwest,14319.031
20,male,24.42,1,yes,southeast,17352.6803
24,male,25.27,0,no,northeast,3044.2133
32,female,23.0,0,no,southeast,3994.1778
22,male,39.805,0,no,northeast,2689.4954
43,female,27.17,0,yes,southeast,13270.422265141257
51,male,33.63,4,no,southeast,-4475.730490795033
38,female,19.95,1,no,northeast,13270.422265141257
42,female,34.3723969324504,2,no,southwest,7160.094
36,female,30.875,1,no,northeast,5373.36425
41,female,30.66339686098655,3,no,northeast,5560.941494071031
59,female,32.81357186237294,3,no,southwest,13880.949
32,female,33.06,2,no,northwest,7749.1564
19,male,24.75,0,no,southeast,13270.422265141257
19,male,30.379667708389288,1,no,northwest,1621.3402
51,male,28.12,1,yes,southwest,21472.4788
20,female,25.3,1,yes,southwest,33373.08611775628
