age,sex,bmi,children,smoker,region,charges
35,male,34.21,1,no,southeast,3935.1799
36,male,41.895,3,no,southeast,43753.33705
25,male,30.66339686098655,3,no,southwest,22478.6
28,male,34.6,1,no,northeast,17747.00026931717
58,male,27.02392611352262,5,no,northeast,13555.0049
19,female,33.11,0,yes,southeast,34439.8559
20,female,18.715,0,no,northwest,14254.6082
36,male,36.3,1,yes,northwest,5377.4578
48,male,37.8,1,yes,southwest,23568.272
63,male,41.325,1,no,northwest,1253.936
49,male,30.66339686098655,3,no,northeast,13321.905798018473
39,female,22.88,0,no,southwest,2457.502
59,male,25.46,0,no,northeast,12913.9924
32,male,31.255,0,no,northwest,13270.422265141257
63,female,33.82,0,no,southeast,5974.3847
88,male,27.5,3,yes,northwest,8615.3
32,male,26.852082400995513,0,no,southeast,2855.43755
23,female,33.345,4,no,northeast,40904.1995
53,female,22.88,1,yes,southeast,24528.64815216997
39,female,29.66466753029517,1,no,southeast,2494.022
61,female,22.23,0,no,northwest,12029.2867
45,female,24.51,2,no,northwest,6710.1919
39,male,40.3,0,no,southeast,3021.80915
39,male,33.0,0,no,northeast,11856.4115
39,female,42.262002046079566,1,no,southwest,13270.422265141257
40,male,23.37,3,no,northeast,-4859.084937314783
18,male,26.18,2,no,southeast,2304.0022
51,male,24.415,4,no,northwest,5090.2309076064375
40,male,22.626255696899293,0,no,southeast,10976.24575
21,male,30.66339686098655,0,no,southeast,19349.14157346166
58,male,28.88073267501518,1,no,northwest,26659.925640936748
24,female,42.75,0,no,southwest,25081.76784
16,female,34.01386841210639,0,no,southeast,13270.422265141257
59,male,31.5,0,no,southwest,4076.497
44,male,33.24015916180497,1,no,northeast,7626.993
50,male,36.575,3,no,southeast,2136.88225
20,male,26.84,1,yes,northeast,17085.2676
41,female,31.720006819146928,0,no,southeast,13270.422265141257
43,male,17.29,3,no,northeast,12829.4551
19,male,30.66339686098655,2,no,southwest,15555.18875
49,female,26.18,1,no,southwest,9029.81753187404
57,female,23.18,0,no,northeast,9500.700204727293
33,female,25.365,3,no,southeast,13047.33235
18,male,23.75,1,no,northeast,29082.87218526438
19,female,31.6,2,no,southeast,10118.424
40,female,27.4,1,no,southwest,6496.886
18,male,33.535,0,no,northeast,34617.84065
29,male,29.64,1,no,southwest,13270.422265141257
57,male,31.54,0,no,northwest,11353.2276
21,male,30.2908941161411,1,yes,southeast,4428.88785
57,female,30.66339686098655,0,yes,northwest,18033.9679
54,female,26.695,0,yes,northwest,2632.992
