age,sex,bmi,children,smoker,region,charges
43,female,24.225,1,no,northeast,22395.74424
23,male,35.31,2,no,southeast,23354.468776034435
26,male,30.66339686098655,0,no,southeast,7518.02535
58,female,22.265799249692677,0,no,southeast,11856.4115
18,male,36.85,0,yes,southeast,883.7197305387926
19,male,20.615,1,no,northwest,13270.422265141257
39,male,30.66339686098655,0,no,southeast,1137.4697
21,male,22.705,3,no,southeast,6985.50695
64,male,40.48,0,no,southeast,13270.422265141257
27,female,45.417880617186995,2,no,northeast,1629.8335
43,female,30.38635165349669,2,yes,northeast,22478.6
49,male,20.13,3,no,northwest,10269.46
19,female,36.85,0,no,southeast,3693.428
25,male,38.83,0,no,southwest,2727.3951
62,male,40.15,0,no,northeast,13555.0049
47,male,29.83,2,yes,northwest,9620.3307
39,male,23.75,5,no,southeast,3077.0955
46,male,41.69,-1,no,southeast,5438.7491
47,male,26.6,2,no,southeast,7350.474567585918
59,male,31.79,3,no,southeast,17143.722898363045
62,male,30.59,0,no,southeast,12981.3457
21,male,33.20426851096981,1,yes,southeast,15828.82173
31,male,29.81,0,yes,southeast,19350.3689
55,female,26.9,0,no,southwest,5969.723
23,male,24.795,3,no,northeast,7152.6714
48,female,33.11,0,yes,southeast,40974.1649
