haematocrit,haemoglobins,erythrocyte,leucocyte,thrombocyte,mch,mchc,mcv,age,sex,source
36.4,12.6,4.54,17.3,139,27.1,35.23719358480567,62.9,66,F,0
36.949447584265705,12.199395126515252,5.11,10.009063717475968,208,28.2300392867936,34.4,80.8,30,M,0
43.92750411839219,11.6,4.6,3.3773970446071755,115,29.069342485604196,31.1,81.1,1,M,0
27.440337282699563,10.5,3.37,5.9,271,27.5,32.2,87.07609644689097,35,F,0
46.5,15.8,5.07,11.069567516713938,267,31.2,34.0,91.7,67,M,0
45.3,15.5,5.34,2.8,328,29.0,35.342644108720926,84.8,33,M,0
38.22611060743427,12.1,4.746140265411366,10.5,270,20.8,34.7,66.8,62,F,0
45.7,13.1,5.047206082326167,4.2,182,27.3,33.33647627682079,85.4,43,M,0
40.9,14.985133932189756,4.9991628746957115,7.5,216,30.6,35.0,84.1,62,M,0
32.8,12.91233926956616,4.18,8.4,338,30.57403428511162,35.84802206436052,84.61133272892113,20,M,0
49.001964991474196,16.4,5.95,8.7,352,27.555840859548276,33.5,93.99043813073136,40,M,0
35.5,12.2,4.544802055001511,3.4,335,29.8,37.8,86.6,70,F,1
42.4,13.2,6.13,8.715533393774555,224,28.2300392867936,35.2,84.61133272892113,46,M,0
40.3,13.0,4.77,8.715533393774555,258,28.9,32.3,93.50961441455145,82,M,0
45.6,15.3,5.43,7.2,169,30.5,33.6,84.0,47,M,0
45.5,15.1,5.21,5.6,335,29.0,35.72508685765304,87.3,55,M,0
32.5,12.749350256875191,4.4,4.5,197,28.2,33.5,87.6,50,F,0
31.0,10.7,3.78,16.0,258,28.3,34.5,82.3,59,M,1
24.4,12.3,2.93,6.9,227,28.4,33.33647627682079,82.9,24,M,0
44.9,15.8,4.544802055001511,7.0,328,26.7,35.2,86.5,24,M,0
45.1,14.5,5.256113457209216,6.7,310,28.7,32.2,89.1,46,M,0
36.8,12.749350256875191,3.55,2.5,59,19.302033484322124,29.9,68.7,36,F,0
42.4,16.311713374008114,4.59,17.4,262,30.7,33.3,92.4,25,M,0
35.7,12.2,4.61,9.280867662132463,389,26.5,34.2,77.4,11,F,1
38.22611060743427,12.3,3.97,10.5,263,29.4,31.2,84.7,43,F,0
38.6,10.1,4.9,10.0,286,26.7,33.9,81.0087332961474,2,M,1
