age,sex,bmi,children,smoker,region,charges
27,female,34.0240078234606,1,no,southwest,514.9856267081045
28,male,37.51,2,no,southeast,12265.5069
38,male,33.66,4,no,southeast,12949.1554
41,female,28.31,1,no,northwest,15273.8038842204
51,male,18.05,0,no,northwest,13270.422265141257
22,male,30.25,1,yes,northeast,32548.3405
59,male,30.66339686098655,2,no,southwest,9734.53100053046
62,male,30.66339686098655,3,no,southwest,4687.797
23,male,29.134992449222995,3,no,southwest,3597.596
34,female,41.69,1,no,northwest,14046.216719667733
39,male,41.91,1,no,southeast,24227.33724
40,male,31.79,1,no,northwest,43813.8661
39,male,29.8,0,yes,northwest,1744.465
56,male,29.45159566252103,3,no,southwest,12363.547
47,male,29.393092371917433,3,yes,southwest,25309.489
42,female,25.3,1,no,southwest,7045.499
44,female,32.34,1,no,southeast,7633.7206
57,female,31.825,0,yes,northwest,13270.422265141257
20,female,53.13,2,no,southeast,5152.134
40,male,33.7,1,no,southeast,5438.7491
58,female,32.965,0,no,northeast,12430.95335
39,male,23.76,0,yes,southeast,26926.5144
27,female,31.4,0,yes,southwest,13462.52
48,male,33.2,0,no,southwest,34838.873
45,female,33.1,1,no,southeast,22478.6
47,male,22.1,5,no,southwest,24915.22085
