age,sex,bmi,children,smoker,region,charges
26,male,29.15,1,no,northeast,8675.199019308717
21,male,34.675,0,no,northeast,11848.141
60,male,33.11,3,no,southeast,13919.8229
60,male,27.225784877892004,0,no,southeast,30259.99556
33,male,27.1,1,no,southwest,19040.876
37,male,28.025,2,no,northwest,6203.90175
58,male,34.39,1,no,northwest,11743.9341
19,male,47.6,4,yes,southeast,2457.21115
26,male,29.09330119316327,0,no,southeast,17043.3414
20,female,31.02,0,no,northeast,34806.4677
33,male,23.949142707883887,1,no,northwest,3484.331
34,male,29.6,0,no,southeast,5615.901543603194
20,male,33.0,1,yes,southwest,1980.07
39,female,31.13,2,yes,southwest,46113.511
39,male,30.03,1,no,southeast,13270.422265141257
43,female,18.6,0,no,southeast,1728.897
37,female,23.37,2,no,northwest,-1380.468517420194
62,female,35.6,1,no,southeast,11576.13
15,female,25.555,1,no,northwest,2221.56445
46,female,32.5,0,no,southwest,6238.298
50,male,25.365,2,no,northwest,30284.64294
53,male,30.66339686098655,1,no,northwest,15646.39317057265
49,female,28.69,3,no,northwest,13270.422265141257
27,male,26.600696325552647,1,yes,northwest,16450.8947
45,male,30.66339686098655,1,no,northwest,42760.5022
21,female,34.87,0,no,southeast,2020.5523
