age,sex,bmi,children,smoker,region,charges
41,female,21.755,2,no,northeast,13725.47184
39,female,22.8,3,no,southeast,14010.904560090505
48,male,34.21,0,yes,northeast,25156.675118296935
21,female,28.93,0,yes,southeast,4571.41305
34,female,30.66339686098655,1,no,northwest,5989.52365
26,female,25.151965676266364,2,no,southeast,2741.948
18,male,52.58,4,yes,northeast,14611.471544736916
47,female,30.66339686098655,0,no,northwest,11003.85738577147
20,female,37.0,5,yes,southwest,20277.80751
59,female,33.03550384558781,0,no,southeast,12244.531
70,male,29.7,1,yes,northwest,12925.886
41,male,41.69,0,no,southeast,5438.7491
39,female,30.115,3,no,northwest,16455.70785
39,female,27.526976266878812,2,no,northeast,44202.6536
39,female,26.22,1,no,southeast,12638.195
66,female,21.548194732806635,0,no,southwest,1708.0014
26,male,46.53,1,no,southeast,44400.4064
9,female,31.825,2,no,northeast,16069.08475
59,male,26.73,1,no,southeast,20980.728729832797
49,male,30.66339686098655,1,no,southeast,23845.719640180723
62,female,25.0,0,no,southwest,13451.122
29,male,14.044662179714066,1,no,southeast,28332.188154854055
30,male,24.13,4,no,southeast,13270.422265141257
54,female,41.23,1,no,northwest,13270.422265141257
25,male,30.5,5,no,northeast,13270.422265141257
56,male,40.3,0,no,southwest,10602.385
19,female,30.66339686098655,0,no,southeast,40771.65848017247
34,male,43.06313924895396,2,no,northeast,5124.1887
47,male,30.66339686098655,4,yes,northeast,10407.08585
48,female,32.23,1,no,southeast,8871.1517
22,female,29.92,1,no,southeast,17626.23951
56,female,32.11,1,no,northeast,-3037.2972086893024
62,male,26.125,0,no,northeast,1708.92575
62,male,30.495,0,no,southwest,8798.593
35,female,22.895,1,no,southeast,5245.2269
50,female,39.05433725847788,1,no,southeast,5138.2567
39,female,33.2,0,no,southeast,13270.422265141257
57,male,34.21,1,no,southwest,6289.7549
43,female,30.1,0,no,southwest,1121.8739
39,female,30.495,4,no,northeast,6113.23105
34,male,34.89091323975387,0,no,northeast,4500.33925
35,female,29.92,0,no,southeast,4889.0368
7,male,37.62,1,yes,northwest,13270.422265141257
51,female,38.06,0,no,northeast,2927.0647
62,female,36.86,5,no,northeast,31620.00106
53,female,28.7,1,no,southeast,7512.267
25,female,26.79,1,no,southeast,5003.853
56,male,36.1,3,no,southwest,10082.678234117038
39,male,30.49140058784495,1,no,southwest,10942.13205
20,male,44.669249947649774,1,no,northeast,1984.4533
63,female,28.7,1,no,southwest,13224.693
39,male,36.955,0,no,northwest,12741.16745
