age,sex,bmi,children,smoker,region,charges
43,male,27.8,0,yes,southwest,37829.7242
18,female,24.09,1,no,southeast,13270.422265141257
39,male,26.125,0,no,northeast,1708.92575
35,female,35.625,0,no,southwest,18339.46195569998
27,male,35.76596957053442,0,no,southeast,7448.40395
51,male,30.66339686098655,0,no,northwest,9644.2525
30,male,32.23,3,no,southwest,16121.170090427282
55,male,33.25,0,yes,southwest,10226.2842
36,male,30.66339686098655,0,no,northeast,1720.3537
37,male,29.735,2,no,southeast,6203.90175
57,female,31.825,0,no,northwest,11842.62375
49,male,34.6,0,yes,southeast,41661.602
46,female,30.2,1,no,southwest,20662.31088928847
36,male,31.57,1,no,southeast,4719.52405
33,male,36.98516502706867,1,yes,southeast,18063.501712268633
20,male,31.13,2,no,southeast,2566.4707
51,female,13.696171961269817,0,no,southwest,9264.797
44,male,35.8,1,yes,northwest,21978.6769
45,male,23.1,0,no,southwest,-9285.493803679918
26,male,27.265,1,no,northeast,1633.9618
39,female,36.63,1,yes,southeast,42969.8527
59,male,28.1,0,yes,northwest,5436.409673332895
36,female,29.92,1,no,southwest,4889.0368
47,female,17.195,1,no,southeast,14455.64405
57,male,34.01,2,no,northwest,6474.013
18,female,25.27,0,no,northeast,7418.522
37,male,30.66339686098655,0,no,southwest,20420.60465
56,female,25.41,1,no,southwest,8353.118768971355
21,male,27.36,1,no,northeast,5910.944
24,female,25.1,0,no,northeast,25081.76784
39,male,30.3564226841697,2,yes,southeast,7209.4918
39,male,28.215,0,no,southeast,12224.35085
44,male,22.705,0,no,southeast,11264.541
25,male,26.22,0,no,northeast,13270.422265141257
54,male,30.568631274352914,1,yes,southeast,21264.258986350134
59,male,30.59,0,no,northwest,18960.27741160607
19,female,27.36,0,no,northeast,25656.57526
39,male,30.66339686098655,0,no,southwest,1704.70015
39,male,36.6,1,no,southwest,21984.47061
59,female,32.775,0,no,northwest,13270.422265141257
18,male,30.66339686098655,0,no,southeast,1705.6245
23,male,37.1,3,no,southeast,1141.4451
51,female,29.15286400760894,2,yes,northwest,13270.422265141257
36,male,28.88,3,no,northeast,6748.5912
43,male,24.32,1,yes,northwest,13270.422265141257
54,male,26.151712982397534,1,no,northeast,11512.405
48,male,28.9,3,no,southwest,5926.846
38,male,35.815,1,no,southeast,7960.6319499356405
50,female,18.976455516848723,1,no,northwest,3208.787
38,male,23.9200629118449,3,no,southwest,7151.092
25,female,39.5,2,no,southeast,18218.16139
25,female,30.98720712977656,1,no,southeast,1242.816
