age,sex,bmi,children,smoker,region,charges
39,male,22.515,3,no,northeast,23071.41047572111
29,male,27.94,0,no,southeast,2867.1196
27,female,30.66339686098655,0,no,southeast,13270.422265141257
26,female,19.95,0,yes,northeast,22412.6485
39,male,52.58,0,no,southwest,9144.565
36,male,35.2,1,no,southeast,38709.176
25,female,34.6,1,yes,southeast,47291.055
61,male,35.86,0,no,southeast,46599.1084
38,male,28.025,2,no,northeast,6067.12675
57,male,13.329845767210607,0,no,northeast,11534.87265
55,male,30.5,1,no,southwest,30185.508078643248
46,female,32.57939353292375,4,no,southeast,13270.422265141257
35,male,28.9,4,yes,southwest,5926.846
33,female,18.5,0,no,southwest,4766.022
46,female,30.495,3,no,northeast,40720.55105
53,female,24.42,0,no,northeast,13270.422265141257
63,male,27.3,0,yes,southeast,16232.847
50,male,38.285,0,yes,northeast,7935.29115
59,male,28.7,5,no,southwest,8027.968
56,male,30.66339686098655,0,no,southeast,13270.422265141257
18,male,36.09778127544882,1,yes,southwest,4040.55825
19,female,37.248959613233666,4,no,southwest,4687.797
50,female,27.36,0,no,northeast,25656.57526
37,female,30.66339686098655,0,yes,southeast,7238.631687025654
59,male,26.4,0,no,southeast,11743.299
58,female,49.06,0,no,northwest,1135.9407
39,male,31.63528940013571,0,no,northwest,30367.03743431203
54,male,32.775,0,no,northeast,10435.06525
48,female,34.4,1,yes,northwest,-10943.710801347934
18,female,33.33,2,no,southeast,11381.3254
36,male,38.385398947245406,0,yes,southeast,48824.45
46,female,47.85107044148519,3,no,southeast,9432.9253
44,female,39.805,1,no,northeast,38711.0
58,male,39.9,2,yes,southwest,8582.3023
45,female,36.575,3,no,southeast,3996.616906770324
51,female,30.1,2,no,northeast,5757.41345
32,male,23.65,1,no,northwest,4922.9159
22,male,20.235,1,no,northwest,2755.02095
43,male,30.9,2,no,southeast,1984.4533
47,female,30.66339686098655,2,yes,northwest,7209.4918
37,female,37.07,1,yes,southeast,51376.64945858014
48,male,35.625,4,no,northeast,10736.87075
76,male,22.135,1,no,northeast,7228.21565
39,male,44.22,0,no,southeast,4266.1658
24,male,26.063413051966393,2,no,southeast,2395.17155
35,male,32.585,0,no,southeast,18721.366355165643
62,female,35.47544482907416,1,no,southwest,13462.52
56,male,32.11,1,no,northeast,13270.422265141257
64,female,31.3,0,no,northeast,3238.4357
44,female,30.66339686098655,0,no,southwest,11482.63485
46,male,35.28989892978259,1,no,southwest,-4036.1977939793123
39,male,31.79,2,no,southeast,11386.94970338114
