haematocrit,haemoglobins,erythrocyte,leucocyte,thrombocyte,mch,mchc,mcv,age,sex,source
47.5,16.5,3.76,6.1,218,27.9,34.7,84.61133272892113,66,M,0
32.6,13.2,3.39,10.4,316,31.4,36.0,84.76076054311422,81,M,1
41.90120755796182,13.3,3.3476010524655075,4.7,279,27.280289994166765,33.3,86.4,45,M,1
43.6,12.749350256875191,4.9,5.931538081070273,258,30.7,30.3,89.0,62,F,0
41.3,13.72628806538308,4.85,5.6,142,28.5,33.33647627682079,85.2,72,M,1
35.5,11.23857392226856,3.1657489479353185,18.4,378,27.6,32.4,84.30529666686694,42,M,0
36.8,12.3,4.0,5.2,261,30.8,33.4,92.0,28,M,0
37.94768480829597,11.017176816051537,4.37,17.905430459492287,500,23.8,33.1,55.788614849772884,47,F,0
27.9,9.0,3.63,9.0,322,24.8,32.3,74.9,81,M,1
40.9,14.3,4.67,6.422882146608373,128,30.6,35.0,87.6,61,F,0
38.22611060743427,13.6,4.544802055001511,10.2,326,31.3,32.98705728103531,89.0,39,M,0
39.491884255935695,13.60498565682429,4.544802055001511,8.715533393774555,236,28.2300392867936,34.4,90.6,89,M,1
47.4,15.9,5.64,2.9,258,28.2,37.4,84.0,22,M,1
37.0,12.4,3.4441836772821555,3.7,351,19.9,33.5,90.9,50,F,1
37.8,8.1,4.03,6.951057948539174,320,28.2300392867936,33.1,92.5,46,M,0
38.8,10.9,3.71,12.3,85,30.16770115183771,34.0,84.61133272892113,37,F,0
29.3,10.0,3.91,13.0,267,25.6,34.1,76.9,32,F,0
35.8,11.5,4.73,6.2,134,24.3,31.56227959836506,75.7,42,M,0
38.22611060743427,15.2,5.11,11.7,424,29.7,26.4,87.9,85,M,1
33.025859073527805,5.0,4.35,4.0,158,24.237452239555026,32.4,81.6,33,F,1
34.6,14.9,5.2,2.6,70,28.7,33.33647627682079,84.4,45,F,0
55.3,11.3,4.74,3.9,44,15.8,33.7,83.86071080024995,46,F,0
32.1,10.7,5.91,14.3,43,28.5,31.76573475465489,85.4,46,M,1
42.5,12.749350256875191,5.22,5.1,322,27.6,28.4,81.4,48,M,1
33.4,10.6,3.7991898756685747,8.715533393774555,211,25.31826668046338,31.7,76.3,30,F,0
33.5,17.9,6.61,10.3,340,27.1,33.063483842077666,83.7,7,M,0
