haematocrit,haemoglobins,erythrocyte,leucocyte,thrombocyte,mch,mchc,mcv,age,sex,source
39.7,13.1,4.56,5.157434402629215,227,28.7,33.0,80.6,54,F,0
25.0,8.1,4.035269925476141,8.715533393774555,125,26.1,32.4,80.6,47,F,1
31.73535488050075,9.4,3.09,37.50611685594683,268,26.7,33.7,84.61133272892113,59,F,0
40.8,13.4,4.053366814125173,12.2,196,33.3,33.267901297323974,101.2,69,M,0
40.8,12.749350256875191,5.84,8.7,73,24.8,35.5,69.9,7,M,0
39.7,13.5,3.76,4.6,186,26.3,34.0,84.1,67,F,0
33.7,11.0,4.69,15.630715090359507,302,21.976133768052964,32.6,57.0,-21,F,0
43.2,15.992644052225847,3.81,6.4,258,29.45024105046667,36.48220085051952,83.5,42,F,0
28.3,8.9,3.26,10.9,239,28.8,33.2,86.8,53,F,1
43.3,12.2,5.37,2.7,211,26.1,32.3,87.1,17,F,0
40.796400519911394,10.9,3.48,13.0,229,31.3,31.7,97.7,46,F,0
31.4,10.1,3.93,6.6,205,25.7,32.2,79.9,54,F,1
45.0257890594671,12.5,4.42,11.7,50,29.533253758824067,33.1,83.65434136086151,44,F,1
43.0,11.3,4.13,5.2,250,27.4,31.717911339943086,83.1,27,F,0
46.63804652958663,12.7,3.93,5.2,235,30.0,31.7,74.0959404482667,29,M,0
38.22611060743427,12.5,4.41,7.2,309,27.370740991307585,33.1,85.7,46,M,1
43.9,15.224935708323759,5.02,6.8,258,28.7,32.8,87.5,47,M,1
34.4,12.749350256875191,3.47,9.3,256,32.3,32.6,99.1,63,F,0
32.6,11.0,1.9963352579679758,8.953596688117196,150,34.8,33.33647627682079,59.7,87,F,1
35.6,12.0,5.335095689416331,11.2,441,26.1,33.33647627682079,77.4,8,F,1
46.7,15.8,4.544802055001511,5.6,60,29.2,34.9,90.36717219980918,18,M,0
38.22611060743427,14.6,4.78,5.0,282,28.2300392867936,34.5,88.5,27,M,0
48.7,6.57689277835369,4.12,8.715533393774555,258,28.8,33.1,84.61133272892113,29,M,1
32.2,13.1,4.544802055001511,4.0,253,27.8,32.7,87.7,49,F,0
41.3,7.766657262592922,4.03,4.5,330,28.2300392867936,29.8,67.02206878246449,46,F,0
28.1,9.4,3.32,12.2,205,28.3,33.18553665517276,84.6,34,M,1
