age,sex,bmi,children,smoker,region,charges
26,male,32.49,1,no,southwest,3490.5491
64,male,37.335,0,no,southwest,13270.422265141257
39,male,28.38,1,yes,southeast,16325.286806516131
50,male,32.75771292935236,0,no,southeast,42856.838
48,female,30.66339686098655,1,yes,southeast,9005.556427239104
39,male,20.35,3,no,southeast,8605.3615
51,female,34.21,0,no,southeast,3935.1799
44,male,25.648638295857257,0,no,northeast,8891.1395
19,male,31.83141784949136,0,no,northwest,1628.4709
23,male,29.3,0,no,southeast,1977.815
38,female,28.74518608395289,2,no,northeast,13270.422265141257
18,female,30.66339686098655,0,no,southeast,10526.653375031188
24,female,29.64,0,no,southeast,25081.76784
39,female,27.83,2,no,southeast,7518.02535
62,female,30.495,2,no,northwest,15019.76005
19,male,24.51,1,yes,northwest,2709.1119
39,male,29.925,1,no,northwest,22462.04375
46,female,30.8,1,no,southwest,24984.14868047599
33,male,42.94,0,no,southwest,2166.732
63,female,30.38827650451307,4,no,southwest,14449.8544
29,female,33.345,2,no,northwest,13270.422265141257
52,female,32.775,1,no,northeast,11289.10925
32,male,32.508262715673226,1,no,northwest,4462.7218
44,male,26.315,1,no,northeast,20296.86345
42,female,30.69,1,no,southeast,4853.247434320884
60,male,32.8,0,yes,southwest,52590.82939
26,female,19.8,1,no,southwest,27375.90478
38,female,26.18,1,no,southeast,18042.202155373438
42,male,35.8,1,no,northeast,7160.094
51,male,34.21,2,no,southeast,5245.2269
41,male,22.61,3,no,northeast,24873.3849
18,male,34.1,0,no,southwest,12142.5786
39,male,17.86,1,no,southeast,-12184.682803413398
36,male,30.66339686098655,1,no,southeast,8410.04685
29,female,30.66339686098655,3,yes,northeast,4766.022
39,male,32.78,2,yes,southeast,8239.044234637935
91,female,27.74,1,yes,northeast,29523.1656
18,male,25.4,0,no,southwest,8782.469
37,male,23.21,0,no,southeast,5028.1466
21,male,30.66339686098655,1,yes,northeast,3167.45585
19,male,22.365812680370844,3,no,southeast,1639.5631
53,female,22.42,1,no,northwest,19931.54602388733
60,female,25.74,0,no,southeast,1137.011
25,female,28.05,1,no,southeast,13270.422265141257
23,male,43.718388042841546,0,yes,southwest,28102.61553553052
41,male,35.1,1,no,northwest,11305.93455
19,female,29.405984296408427,0,no,southeast,10713.644
62,female,32.965,3,yes,northeast,13270.422265141257
55,female,32.395,1,no,southeast,11879.10405
68,female,38.06,1,no,northwest,12648.7034
34,female,37.43,2,no,northeast,3378.91
28,female,37.61250569337732,1,no,northeast,5974.3847
