age,sex,bmi,children,smoker,region,charges
51,male,30.66339686098655,0,yes,southeast,6117.4945
31,male,30.66339686098655,5,no,northwest,5425.02335
37,male,26.98,2,no,northeast,4435.0942
26,male,31.065,0,yes,northwest,2699.56835
18,female,30.973078361803946,4,yes,southeast,1708.0014
47,male,25.46,1,no,northeast,13270.422265141257
27,male,21.85,0,no,southeast,8891.1395
39,male,32.395,3,no,southwest,6455.86265
37,male,27.74,1,no,northeast,7281.5056
42,female,19.0,1,no,northeast,20619.181802809428
22,female,35.2,0,no,southwest,18611.29064843456
42,male,32.737202803698516,1,no,southeast,11743.299
22,male,40.58353056400196,3,yes,southeast,49645.7557318797
57,male,46.7084878137824,1,no,northeast,48675.5177
39,female,32.2,2,yes,southwest,48426.654978343555
37,male,28.595,0,no,northwest,11735.87905
54,female,31.9,3,no,southeast,27322.73386
39,male,28.405,2,no,northwest,6664.68595
37,female,23.6,1,yes,northwest,3732.6251
47,male,19.95,5,yes,southeast,4949.7587
30,male,34.9,1,yes,southwest,8604.48365
27,male,31.46,1,no,southeast,21698.792462087342
60,female,31.35,3,yes,northwest,26945.99067623466
39,female,31.739590008996522,0,no,southeast,11840.77505
39,male,20.235,2,no,southwest,4906.40965
48,male,35.05620393844952,1,yes,northwest,45702.02235
26,male,35.3,0,no,southwest,36837.467
33,female,37.4,3,no,southeast,4670.64
36,male,27.55,3,no,southwest,13270.422265141257
57,male,23.98,1,yes,southeast,22192.43711
39,female,30.115,0,no,northeast,13270.422265141257
41,female,18.3,5,yes,northwest,4378.39912644471
22,male,39.5,0,no,southwest,2727.3951
18,male,25.46,0,no,northeast,1633.0444
33,female,28.6,0,no,northwest,4571.41305
46,male,30.66339686098655,3,no,southeast,13887.9685
52,male,41.8,2,no,southeast,47269.854
34,male,27.835,1,no,northwest,4454.40265
30,male,30.66339686098655,0,yes,northeast,19964.7463
18,male,26.07,1,yes,southeast,9668.671999012236
42,male,27.7,1,no,northeast,13270.422265141257
63,female,23.300469130075765,0,no,southwest,2523.1695
40,male,30.875,4,no,northwest,-16886.820663158644
54,male,31.13,0,no,southeast,447.54546159972506
20,male,27.835,4,no,southwest,2362.22905
33,male,24.035,2,yes,northeast,39241.442
24,male,34.32107936515247,1,no,southwest,47291.055
49,female,21.3,1,no,southwest,13270.422265141257
50,male,37.829862328312295,0,no,northwest,8835.26495
29,male,30.66339686098655,2,no,southwest,44585.45587
37,female,52.58,0,no,northwest,5028.1466
28,female,37.39872982430569,2,no,southwest,4719.73655
