haematocrit,haemoglobins,erythrocyte,leucocyte,thrombocyte,mch,mchc,mcv,age,sex,source
49.8,12.749350256875191,4.42,6.2,331,29.0,33.20830495484927,88.5,27,M,0
31.4,10.8,3.5,11.6,232,30.9,34.4,89.7,46,F,0
36.3,12.749350256875191,4.07,4.435645213856505,259,27.0182429606802,32.5,84.61133272892113,61,F,0
39.7,6.2,3.97608265823359,2.5,383,27.7,33.8,83.35907069963196,46,M,0
40.540082678141985,14.3,4.91,8.5,211,27.52032115148566,32.4,89.8,68,M,0
33.88025352894827,13.6,4.162643601166382,15.3,237,29.5,32.3,86.8,54,F,1
43.0,14.3,5.13,7.3,214,27.9,33.3,87.46904748789915,61,F,0
43.5,15.0,5.42,7.2,272,27.7,34.5,80.3,63,M,0
38.2,12.6,3.89,14.4,258,23.940035635828394,33.0,85.8,40,F,0
32.5,10.3,3.74,8.242712689872404,359,32.8,31.467015979789057,75.0,42,F,0
41.4,13.5,4.68,7.4,257,28.2,34.09378591987378,87.1,96,F,1
42.1,13.9,4.98,20.0,285,27.373650580798234,33.33647627682079,83.9,56,F,0
37.69595112612265,13.0,3.4155618500564904,1.4330778902027126,160,27.4,33.5,84.61133272892113,15,M,0
32.5,10.9,4.544802055001511,7.1,512,28.8,33.5,67.9,17,M,1
42.5,11.3,5.63,5.8,181,29.6,33.33647627682079,83.3610452717041,36,F,1
44.3,15.0,4.92,10.690394315222532,392,28.2300392867936,33.9,90.0,40,M,0
33.61339561343927,10.0,4.544802055001511,8.715533393774555,258,28.2300392867936,34.22142280515282,65.8,52,M,0
45.8,14.222417197993554,4.69,18.1,168,35.1,36.9,97.7,64,F,1
29.9,13.462746652822904,4.63,6.8,430,27.4,33.4,82.1,35,M,0
41.0,10.062223535982056,4.91,7.8,330,27.5,34.8,84.2631966175954,42,F,0
38.6,13.0,4.891095750321334,8.9,304,28.4,33.7,84.3,65,M,0
37.2,12.0,5.73,8.5,186,28.4,33.9,88.2,74,M,1
38.0,9.8,3.61,8.715533393774555,167,27.1,32.8,82.8,74,M,1
38.22611060743427,12.70327478189419,5.15,12.6,538,27.6,33.0,83.5,29,M,0
42.3,14.0,4.22,12.1,249,24.4,33.1,73.8,70,M,1
38.22611060743427,9.5,3.04,13.8,161,31.3,32.6,95.7,83,M,1
