age,sex,bmi,children,smoker,region,charges
21,male,23.254466685570964,0,no,northeast,12523.6048
46,male,19.855,0,no,northwest,4677.187110945691
34,male,30.495,3,yes,southeast,3021.80915
24,male,19.346774590932185,0,no,southwest,1972.95
39,male,38.39,3,no,southeast,13270.422265141257
27,male,18.905,3,yes,southeast,4827.90495
47,male,36.3,4,yes,northwest,10407.08585
35,male,34.77,2,no,northeast,4536.259
56,male,33.66,0,no,southeast,12949.1554
21,male,6.974609592999888,1,no,northeast,12523.6048
44,male,32.34,1,yes,southeast,7633.7206
36,male,37.62204806172649,1,no,northwest,4402.233
60,female,30.66339686098655,0,no,northeast,13012.20865
33,male,22.705,0,no,southwest,21984.47061
39,male,27.74,1,no,northeast,9957.7216
27,female,20.1,1,no,southwest,12032.326
46,female,26.62,1,yes,southeast,13270.422265141257
63,male,28.215,3,no,southeast,13887.204
34,female,42.9,1,yes,southwest,5729.0053
44,female,39.5,1,no,southwest,9880.068
35,male,48.07,2,no,northeast,9432.9253
41,female,28.05,0,no,southeast,-2119.8219924592004
18,male,37.3,2,no,northwest,26018.95052
41,female,25.745,0,no,southeast,5119.976784086681
64,male,32.965,0,no,northwest,14692.66935
24,male,30.66339686098655,3,no,northwest,8129.3644780278555
