haematocrit,haemoglobins,erythrocyte,leucocyte,thrombocyte,mch,mchc,mcv,age,sex,source
41.8,14.1,4.544802055001511,8.8,127,34.32687046887564,33.7,81.3,46,M,0
38.20090876345509,12.617825319492992,4.13,8.715533393774555,191,21.2,31.139905301883672,83.3,7,F,1
51.3,12.7,4.68,13.309317489474468,406,27.1,33.1,82.1,2,M,0
39.9,12.6,4.326015481951683,8.1,294,29.8,31.6,83.3,34,F,0
40.1,9.1,3.858819199977863,6.2,160,33.3,33.9,98.3,52,M,0
36.2,12.749350256875191,4.179633413109026,4.7,344,27.6,32.6,87.37476698484365,29,M,0
36.9,12.4,4.54,4.1,285,26.272872762127783,33.549223539462865,88.4,26,M,0
49.33845114480533,12.995822216817446,4.69,4.4,333,26.0,32.6,79.7,-6,M,0
35.9,14.5,4.544802055001511,10.077023147703166,307,34.27655932042868,33.5,92.7,62,M,0
38.22611060743427,13.2,3.82,5.870669940156224,204,28.8,35.4,92.45765024987324,72,M,1
37.2,12.749350256875191,4.52,6.6,281,27.9,33.9,72.10945185572368,24,M,0
25.087555030648126,8.1,4.63,7.8,285,28.5,32.8,86.8,51,M,0
43.3,11.7,4.12,7.4,303,28.4,32.6,87.1,58,F,1
37.1,12.7,4.31,8.7,258,27.03176051136802,34.2,86.1,67,M,0
37.3,11.6,5.08,13.8,217,22.8,33.33647627682079,73.4,52,M,1
41.8,13.4,4.53,4.3,60,25.4,32.26403101866934,85.2,44,F,1
43.2,13.193448667359997,2.75,6.985686399814318,220,28.7,34.7,77.76136137538552,58,M,1
41.4,14.5,5.75,13.1,68,30.0,33.33647627682079,85.7,75,F,1
48.4,16.0,5.51,9.3,397,30.9,35.1,87.8,54,M,1
27.0,8.9,5.22,11.0,179,32.4,33.0,84.61133272892113,46,M,0
42.2,16.341476121774633,4.75,6.2,258,30.1,36.4,88.8,53,M,1
30.69739987553315,12.6,3.016012072720355,21.8,34,28.2300392867936,33.9,84.61133272892113,45,M,1
34.8,11.8,4.08,17.3,274,28.9,33.9,85.3,30,F,0
43.7,14.8,5.13,4.4,152,28.8,34.1,91.2,54,M,0
38.22611060743427,9.2,3.08,8.715533393774555,73,28.2300392867936,33.6,89.0,76,M,1
45.2,15.7,5.26,11.8,343,27.8,36.070799471728336,85.9,52,M,0
