haematocrit,haemoglobins,erythrocyte,leucocyte,thrombocyte,mch,mchc,mcv,age,sex,source
20.7,6.4,1.98,52.8,408,26.8,34.3,104.5,103,F,0
44.1,16.40468926508317,3.11,14.8,1121,32.55750232524968,33.2,71.15965286917847,64,F,1
30.2,10.5,3.759704975910657,14.115050648789826,364,21.2,34.8,79.3,89,F,1
41.1,13.4,4.62,8.715533393774555,377,29.0,34.7,89.0,80,F,0
21.956986824513443,8.0,2.7295004580330784,4.4,160,39.546649421190466,34.695067230812136,106.0782958034761,72,F,0
39.7,7.1,4.78,8.0,207,29.5,35.5,83.1,46,M,1
35.2,13.736817991320656,4.544802055001511,9.50899917250955,150,34.8,33.263651859931706,103.2,87,F,1
38.22611060743427,14.3,5.06,6.4,345,28.3,32.9,86.0,62,M,0
33.585879245669055,11.8,5.18,5.8,388,27.8,32.5,79.9,46,F,0
30.9,10.1,3.19,9.3,104,31.7,32.7,96.9,46,M,1
38.3,12.749350256875191,4.91,13.4,633,21.0,29.8,70.5,53,F,0
38.22611060743427,13.4,5.8253193469007165,4.6,258,20.2,33.33647627682079,84.61133272892113,99,M,1
33.2,13.8364273540145,4.78,11.732152736836015,87,23.8,33.33647627682079,85.4,48,M,0
38.2,11.2,3.47,11.5,235,24.868077970115895,33.7,95.7,93,F,1
38.0,16.1,5.14,8.715533393774555,256,23.9,32.4,73.9,12,M,0
38.6,10.4,4.53,4.3,60,29.6,32.6,85.2,44,F,1
35.1,11.8,3.72,6.7,36,31.7,33.6,94.4,25,M,0
33.2,10.6,4.544802055001511,7.3,243,30.6,31.9,96.0,92,M,1
40.9,13.8,4.27,11.6,270,23.493482499820917,33.7,99.6,72,M,0
46.708630093968615,14.1,5.43,5.1,-55,28.2300392867936,33.2,84.61133272892113,23,M,0
45.4,15.6,5.01,6.047894559181646,236,31.1,34.4,90.6,45,M,1
31.8,10.227390831758152,4.488524643128088,4.3,109,31.5,32.70112477879397,97.2,84,M,0
47.24396088139022,10.2,3.15,13.0,310,28.2300392867936,33.4,96.8,75,F,0
36.0,12.749350256875191,5.47,6.1,262,27.6,32.09468408091818,74.1,34,F,0
33.7,10.8,3.94,10.4,238,27.4,32.0,86.77966170000347,46,M,1
24.6,13.2,4.96,16.3,258,26.6,34.0,95.07636535310337,7,M,1
