age,sex,bmi,children,smoker,region,charges
58,male,49.06,1,no,southeast,11381.3254
43,male,25.52,5,no,southeast,14478.33015
42,male,25.46,0,no,northeast,12557.6053
47,male,30.66339686098655,1,no,northwest,11945.1327
51,female,37.05,5,no,northeast,46255.1125
22,female,38.285,2,no,southeast,8601.3293
34,male,23.4,2,no,northwest,3176.2877
54,male,27.55777386754879,1,yes,southeast,10176.581822802742
62,female,30.495,2,no,northwest,21439.597825867415
57,female,21.945,1,no,northeast,4718.20355
33,male,30.66339686098655,3,no,southwest,6653.7886
24,male,33.63,4,no,northeast,17128.42608
55,male,12.980323312912398,1,no,southwest,10791.96
20,male,28.7,0,no,southwest,5272.1758
19,male,29.6,0,no,southwest,1253.936
29,male,29.64,1,no,northeast,8067.510928092228
21,male,35.628689530647215,0,no,northeast,13270.422265141257
23,male,34.4,0,no,southeast,13270.422265141257
58,male,27.17,0,no,northeast,12222.8983
61,female,31.57,1,yes,southwest,3645.0894
43,male,32.016998033221775,2,no,northeast,10141.1362
39,female,37.18,2,no,southeast,7162.0122
36,female,26.2,0,no,southwest,23641.959359645512
39,female,25.41,1,no,southeast,21978.6769
49,male,24.3,0,no,southwest,15612.19335
47,male,19.57,1,yes,northwest,8428.0693
