haematocrit,haemoglobins,erythrocyte,leucocyte,thrombocyte,mch,mchc,mcv,age,sex,source
36.0,12.0,3.69,8.715533393774555,231,32.5,33.3,97.6,10,M,0
48.05885534765791,12.749350256875191,6.581377869347734,10.3,171,28.496881684458973,32.4,83.7,38,M,0
40.3,13.8,4.44,8.715533393774555,258,31.1,34.2,90.8,63,F,1
29.2,11.324866937066181,4.19,10.3,111,25.3,32.4,77.6,1,F,1
52.0,12.749350256875191,2.92,6.2,184,32.7,34.1,95.9,108,M,0
25.1,8.5,3.18,-1.260184699115471,305,29.1,33.9,90.24287624048016,66,M,0
35.1,11.6,3.97,4.3,294,29.2,33.0,88.4,39,F,0
37.4,13.6,5.03,5.4,246,28.2300392867936,32.4,84.4,6,F,1
41.4,12.4,4.58,16.5,342,27.1,33.3,84.2083406396836,46,F,0
38.7,13.6,4.35,10.4,314,31.3,33.0,89.0,33,M,1
29.149692969693973,14.339528345209427,3.97,9.3,309,24.7,33.2,75.6294150206367,36,F,0
37.2,4.4,5.17,17.148179076839703,171,31.8,32.6,68.2,16,F,0
33.3,14.9,3.98,7.0,190,28.1,33.6,84.61133272892113,59,F,0
38.22611060743427,14.8,5.25,12.8,480,28.2,33.4,74.4,44,M,1
39.7,13.6,4.544802055001511,3.6,130,28.2300392867936,34.3,85.2,70,M,0
41.5,13.3,4.48,6.2,281,29.7,32.0,84.61133272892113,78,M,0
42.2,14.6,6.467701009871291,3.0,258,27.7,33.58244916605112,79.9,76,M,0
48.07453154902551,11.2,4.060494993517598,8.598854017025536,252,32.3,33.6,96.0,63,F,0
35.6,11.7,2.93,10.3,241,26.5097452961525,27.1,94.9,31,F,1
34.01768447898159,15.9,5.35,1.6,256,24.402186251007734,33.8,87.9,56,F,0
45.4,14.1845948386919,3.64,9.8,283,28.4,32.6,87.0,79,M,0
41.5,12.337533987107541,5.48,9.7,324,24.6,33.33647627682079,81.1,51,M,0
38.22611060743427,11.2,5.474675395540847,5.3,122,27.805622585089935,33.20362337490544,81.0,46,M,1
41.9,14.0,4.544802055001511,13.905111918140108,311,26.0,33.33647627682079,100.2,42,M,0
34.2,11.6,3.68,8.8,286,31.5,33.13420467531829,92.9,53,F,0
39.6,13.5,5.19,12.8,340,33.5,37.19803094508914,82.6415352115936,5,M,0
