age,sex,bmi,children,smoker,region,charges
12,male,30.66339686098655,1,no,southeast,3167.45585
38,female,40.565,1,no,southwest,11315.857195806568
51,male,31.635,2,no,southeast,9174.13565
23,female,30.66339686098655,1,no,northeast,11658.11505
38,female,34.1,0,no,southeast,5979.731
40,female,28.26748090658217,0,no,northeast,23045.56616
50,male,30.66339686098655,0,no,southwest,533.0016878160168
40,male,30.66339686098655,2,no,northeast,7077.1894
46,male,28.05,1,no,northwest,2203.47185
63,male,28.31,0,no,northwest,13770.0979
46,male,22.427834233885726,1,no,southwest,13270.422265141257
38,male,19.95,1,no,southeast,45702.02235
26,male,33.78279361013697,4,no,northeast,24671.66334
39,female,36.0,1,no,southwest,29141.3603
48,male,40.565,0,yes,southwest,5855.9025
40,male,30.256313588744206,2,no,southeast,14119.62
39,male,25.41,4,no,northwest,4877.98105
38,male,35.4,3,no,southwest,16884.924
39,male,28.595,2,no,southwest,3213.62205
62,male,32.68,2,no,northwest,13844.7972
34,female,28.341484982225637,1,no,northwest,13270.422265141257
27,male,39.4,0,no,northeast,8688.85885
30,male,31.4,1,no,northwest,6770.1925
44,male,27.29630387558457,0,yes,southeast,1263.249
35,female,23.21,1,no,southeast,14449.8544
42,female,37.73,0,no,southeast,5397.6167
21,female,33.66,1,yes,southeast,34149.00398699602
51,female,36.85,1,no,northeast,10560.4917
29,male,43.122067924838575,1,no,southwest,38711.0
42,male,23.21,0,no,southeast,1515.3449
26,male,45.32,1,no,southeast,13270.422265141257
21,male,26.697999519658786,2,no,southwest,17021.291064939192
18,female,33.33,1,yes,northeast,1629.8335
48,female,30.8,0,no,northwest,1728.4463786414826
39,male,32.67,3,no,northwest,11264.541
57,female,41.435147842561456,0,no,northwest,7973.935031907386
60,female,18.335,1,no,northeast,13204.28565
27,male,36.6,0,no,southeast,2497.0383
33,female,22.135,1,no,northeast,5354.07465
27,female,29.545,1,no,northwest,8359.41308286781
54,male,30.02,0,no,northwest,26600.428197830708
27,male,19.855,0,no,northwest,25298.323522305072
39,male,34.7,2,no,southeast,17119.801071177983
60,male,33.11,1,no,southeast,13919.8229
19,female,21.755,1,yes,southwest,13270.422265141257
19,male,30.66339686098655,1,no,southwest,13270.422265141257
18,male,21.47,0,no,northeast,1702.4553
34,female,30.21,2,no,northwest,43943.8761
56,male,21.790498631644176,0,no,southeast,1815.8759
46,female,48.07,0,no,northeast,9432.9253
37,female,26.18,0,yes,southeast,7046.7222
24,female,23.21,0,no,southeast,25081.76784
