age,sex,bmi,children,smoker,region,charges
39,male,30.66339686098655,0,yes,southwest,35069.37452
18,female,30.115,0,no,northeast,2203.47185
29,male,28.69,0,no,northwest,10264.4421
56,male,33.366992412293314,1,no,southeast,10594.2257
56,female,37.1,3,yes,southeast,7371.772
39,male,41.47,2,yes,southwest,30190.096470398727
29,male,30.5,0,no,southwest,6740.803742901643
32,male,27.835,1,no,northwest,4454.40265
42,male,28.31,3,yes,northwest,1639.5631
53,male,34.8,0,no,southeast,2209.144286657536
48,male,28.88,1,no,northwest,9249.4952
19,male,30.02,0,yes,southeast,7441.501
19,female,30.66339686098655,0,yes,southeast,34439.8559
63,female,32.6,2,no,southeast,33307.5508
55,male,32.67,1,no,southwest,10807.4863
34,female,27.72,0,no,southeast,4415.1588
51,male,34.91277893023465,2,no,northeast,9877.6077
43,male,26.18,1,no,northeast,13270.422265141257
26,female,39.805,1,no,northeast,13270.422265141257
50,female,33.75272776757397,2,no,northeast,12622.1795
48,male,32.3,2,no,northeast,-356.6574224261967
35,female,41.14,3,yes,southeast,48970.2476
47,female,28.136213600701076,2,no,northeast,9715.841
27,female,22.515,2,no,northwest,5209.57885
48,male,30.78,1,no,southeast,10141.1362
44,female,34.485,1,no,southeast,12797.20962
