age,sex,bmi,children,smoker,region,charges
25,female,25.74,0,no,southeast,8240.5896
22,male,26.84,1,no,southeast,1664.9996
45,female,35.3,0,no,southeast,7348.142
51,male,30.66339686098655,0,yes,southwest,8798.593
49,female,27.83,3,no,southeast,19749.38338
57,male,43.7,1,no,southwest,4309.169365776315
46,female,30.66339686098655,0,no,northwest,12224.35085
46,female,37.29,1,no,southeast,13270.422265141257
51,female,32.825934774238306,0,yes,northeast,9866.30485
47,female,20.425,1,no,northeast,1625.43375
33,female,35.53,0,yes,southeast,55135.40209
39,female,36.11994971337342,2,no,northwest,6612.149249552753
31,male,36.85,1,no,northwest,58571.07448
49,male,38.095,2,yes,southeast,8125.7845
18,female,33.44,1,yes,southeast,2137.6536
7,male,34.105,1,no,northwest,39983.42595
46,male,39.9,1,no,southwest,7046.7222
69,female,30.0,1,no,southwest,32318.244422034375
30,male,25.46,0,no,northeast,12094.478
56,male,39.6,1,no,southeast,10601.412
30,female,23.655,1,yes,northwest,18765.87545
50,female,38.06,0,no,southeast,12648.7034
39,female,39.2,0,no,southwest,13470.86
54,male,32.59395299764516,1,yes,northeast,11595.671183014672
37,male,32.30106600382039,0,no,northwest,13270.422265141257
24,male,39.49,0,no,southeast,2480.9791
