age,sex,bmi,children,smoker,region,charges
44,female,26.41,5,no,southeast,13270.422265141257
39,female,36.18066977023473,0,no,northwest,7209.4918
19,male,36.955,0,no,northwest,36219.40545
47,male,28.215,3,yes,northwest,3866.8552
61,male,38.94,2,no,southeast,13270.422265141257
49,female,29.48,2,yes,southeast,3021.80915
25,female,23.6,1,yes,southwest,13270.422265141257
27,male,30.5,0,no,southeast,2494.022
50,male,41.14,1,yes,southeast,48970.2476
24,male,33.63,4,no,northeast,17128.42608
37,male,39.306739464841556,3,no,southwest,35298.37568284052
35,female,25.752345883585797,0,no,southeast,5836.5204
59,male,33.535,0,no,southeast,12323.936
52,female,20.52,2,no,northeast,3410.324
62,female,33.2,0,no,southwest,13462.52
47,female,36.63,1,yes,northwest,6090.833833380396
39,male,39.82,5,no,northeast,11944.59435
38,male,32.3,2,no,southeast,9630.397
63,male,35.2,3,no,southwest,5253.524
27,male,29.81,0,no,southeast,20441.0267360775
50,male,29.26,1,yes,northwest,6457.8434
18,female,30.66339686098655,0,no,southeast,13270.422265141257
60,male,30.37740305629804,-1,no,southeast,12323.936
47,female,19.19,1,no,northeast,8627.5411
22,male,26.385207232015944,3,no,southeast,3443.064
19,male,29.07,1,no,southeast,17352.6803
21,male,27.1,1,yes,southeast,21634.97513408644
49,male,21.776448444794006,0,no,northeast,11165.41765
22,male,34.58,1,no,northeast,-19078.866673265606
29,male,34.4,4,yes,southwest,36307.7983
57,male,37.29,1,no,southwest,38792.6856
18,female,40.95746714194963,2,yes,southeast,8978.1851
27,male,29.3,0,no,southeast,1977.815
39,female,24.7,2,no,northwest,8682.385956421062
40,female,27.4,1,no,southwest,19836.371818512926
60,female,30.66339686098655,1,no,southeast,13228.84695
48,male,30.66339686098655,4,no,northeast,10736.87075
44,male,36.005,1,no,northeast,8891.1395
27,male,30.875,1,no,southeast,39611.7577
46,female,33.33,1,no,northeast,4151.0287
39,male,37.29,2,no,southeast,3151.1428782481653
37,female,27.74,3,no,northwest,7281.5056
45,male,30.66339686098655,0,no,southwest,7348.142
42,male,30.98928357824272,1,no,southeast,5966.8874
58,male,47.28908430161705,1,no,southeast,6196.448
39,male,23.332844312745948,3,no,northeast,6985.50695
31,female,30.2,1,no,northwest,13270.422265141257
39,male,30.66339686098655,0,yes,northwest,22275.109049016286
19,female,21.7,0,yes,southwest,13844.506
18,male,24.97,2,yes,southeast,36197.699
18,female,26.315,1,no,southeast,2198.18985
62,female,38.0,0,yes,southeast,10741.749105299044
