age,sex,bmi,children,smoker,region,charges
44,male,25.365,1,yes,southeast,24667.419
21,female,27.83,1,yes,northeast,3167.45585
56,male,32.5,0,yes,northeast,22412.6485
28,female,35.66301736653366,0,no,northeast,9722.170726606746
59,female,34.8,2,no,southwest,36910.60803
39,male,38.17,2,no,southeast,13270.422265141257
56,male,33.66,4,no,northeast,12949.1554
81,female,32.965,3,no,southwest,12233.828
48,female,30.66339686098655,1,no,northwest,674.868654938391
54,male,35.31,0,yes,southeast,18806.14547
50,male,30.66339686098655,0,no,northeast,9500.57305
42,male,31.35,1,no,northwest,2643.2685
29,male,30.11361794980659,3,no,northeast,1628.4709
38,male,32.67,1,yes,southeast,7424.021276344771
57,male,32.775,1,no,southeast,5327.40025
49,female,23.845,3,yes,southwest,1815.8759
55,male,32.775,0,no,northwest,1826.843
50,female,30.115,2,no,southeast,15904.081508918394
46,female,27.075,1,no,southeast,1744.465
33,female,24.795,0,yes,northeast,17904.52705
39,female,41.8,3,yes,southeast,33907.548
47,male,16.815,0,no,northwest,23065.4207
39,female,33.893829275389855,1,no,northwest,13270.422265141257
49,female,34.77,1,no,northwest,13270.422265141257
61,male,26.41,0,no,northeast,2395.17155
36,female,27.74,0,no,northeast,5469.0066
62,female,31.635,1,no,northeast,7358.17565
32,male,24.980220487820162,2,no,northwest,1639.5631
22,female,30.4,0,no,northwest,5662.225
50,male,44.77,1,no,southeast,9058.7303
42,male,20.52,0,no,southeast,2729.5933099297763
39,male,34.6646974170999,0,no,southwest,12644.589
39,male,36.4698755062374,0,no,southeast,-4681.967919653485
60,male,29.735,0,no,southeast,1769.53165
46,male,42.35,1,yes,southwest,20466.893908433776
49,male,25.6,2,yes,southeast,23306.547
56,male,28.785,0,no,northeast,11658.37915
51,male,36.385,3,no,northwest,11436.73815
28,female,32.395,2,no,southeast,4435.0942
33,male,37.51,1,no,southeast,12265.5069
31,female,13.353854457844278,2,no,southwest,4931.647
57,female,31.46,1,no,northwest,43578.9394
34,male,30.66339686098655,0,no,southwest,4618.0799
18,female,30.66339686098655,0,no,southwest,13270.422265141257
49,male,30.66339686098655,2,yes,northeast,13270.422265141257
53,female,27.5,0,no,northeast,6571.02435
25,male,31.250318194113802,1,no,southwest,26056.101469040237
42,female,24.89,1,no,southeast,3839.966103754473
39,male,20.203004166051237,0,no,northwest,5209.57885
49,male,36.09183391792564,2,no,southeast,24129.89949363006
63,male,31.445,5,no,northwest,13974.45555
23,male,36.3,3,no,southwest,47403.88
