age,sex,bmi,children,smoker,region,charges
39,female,33.4,0,no,northeast,38511.6283
20,female,33.0,4,no,southeast,1634.5734
37,female,23.37,2,no,northwest,6686.4313
62,female,49.06,0,no,southwest,13451.122
56,male,30.66339686098655,2,yes,southeast,13270.422265141257
23,female,36.67,0,no,southeast,11268.908172675323
59,male,21.56,1,no,northwest,11627.854837804269
50,male,30.78,3,no,southeast,39597.4072
33,male,33.44,5,no,northwest,6653.7886
56,female,30.66339686098655,2,no,northwest,13270.422265141257
40,female,25.74,3,no,southeast,12629.1656
18,female,30.66339686098655,0,yes,southeast,20552.93817552965
29,female,21.755,1,no,southeast,4719.52405
62,female,30.14,0,no,southeast,3353.4703
18,female,26.73,0,no,southeast,1615.7667
57,male,36.765,0,no,northeast,13981.85035
39,female,24.51,2,no,southeast,6710.1919
50,male,28.130503833743287,1,no,northwest,2198.18985
63,female,37.07,0,no,southeast,13887.9685
45,male,36.43972739218967,2,no,northeast,30750.068514142764
26,female,34.2,2,no,southwest,13270.422265141257
54,female,20.1,0,no,southwest,12032.326
39,female,35.73906349572029,0,no,northwest,7443.64305
43,female,28.785,0,no,northeast,11658.37915
19,female,25.555,1,no,northwest,1632.56445
20,male,28.199812189940545,1,yes,southeast,13270.422265141257
59,female,20.8690192637989,0,no,southeast,14001.1338
56,male,39.82,0,no,southeast,11090.7178
39,female,29.4,4,no,southeast,2214.7555661966526
38,male,35.97,1,no,southwest,14069.84519256902
30,male,32.94468940533927,3,no,northwest,18259.216
18,male,40.26,0,no,southwest,1880.07
26,male,49.06,2,no,southeast,13270.422265141257
80,male,37.0,0,no,southwest,8798.593
60,female,30.66339686098655,0,yes,northwest,43578.9394
28,male,20.6,0,yes,southeast,9264.797
32,female,27.2,0,no,southwest,11073.176
39,female,21.56,1,no,southeast,19442.3535
18,female,35.379129750809405,0,yes,northeast,10118.424
39,male,23.8,2,no,southwest,3847.674
18,male,35.625,2,no,northeast,2211.13075
54,male,19.19,0,yes,northeast,21259.37795
36,female,22.6,1,yes,northwest,2850.68375
56,female,16.461439754722115,1,no,southeast,6250.435
31,female,20.3,1,no,northwest,26644.042592789014
27,male,29.073604935154016,1,no,southwest,-666.4420400088566
50,female,44.745,0,no,northeast,19068.594420238605
45,male,28.88,1,no,northeast,4337.7352
37,male,36.85,1,no,southeast,39871.7043
44,male,30.66339686098655,0,no,northeast,21740.158025303317
51,male,27.835,2,no,northwest,6455.86265
48,male,23.11853128580942,3,no,northeast,1980.07
