age,sex,bmi,children,smoker,region,charges
36,male,29.92,1,yes,southeast,13270.422265141257
67,female,30.929790172634103,1,no,northwest,31620.00106
51,male,35.97,1,no,southeast,9877.6077
52,male,36.85,1,no,southwest,10325.206
36,male,19.855,0,yes,northeast,5458.04645
42,male,34.5,0,no,southeast,32108.66282
38,male,16.815,4,no,southeast,6640.54485
41,female,30.66339686098655,0,no,northeast,7201.70085
35,male,22.86058010080451,3,yes,southeast,19361.9988
18,male,28.5,0,no,northeast,1712.227
34,female,25.21658630798001,1,no,southeast,-6332.814205947121
42,male,24.86,1,yes,northwest,13270.422265141257
49,male,30.8,0,no,southwest,4646.759
61,female,34.8,2,no,southwest,36910.60803
47,male,27.83,2,no,southeast,8515.7587
19,female,20.425,3,no,northwest,13270.422265141257
64,female,37.73,0,no,southeast,14313.8463
53,female,32.3,5,yes,northeast,33559.95239904577
39,female,38.6,0,no,northeast,17270.150797461138
19,female,23.56,0,no,southeast,4992.3764
39,female,36.96,2,yes,northwest,54255.32770017895
23,female,42.75,1,no,southeast,40904.1995
57,male,23.0,1,yes,southeast,48675.5177
61,female,41.1,2,no,southeast,738.3141221677652
60,male,36.67,3,yes,northeast,13270.422265141257
18,male,33.66,2,yes,southeast,-789.5845104028849
40,male,33.5,1,no,northeast,1513.0779729196465
38,male,28.025,1,no,northeast,8444.474
19,female,27.9,0,yes,northwest,16884.924
55,female,30.66339686098655,2,no,southeast,12265.5069
27,female,30.66339686098655,4,no,southeast,8596.8278
21,male,33.63,3,no,southeast,17128.42608
39,female,46.09,2,no,southwest,9549.5651
41,male,21.755,1,no,southeast,13270.422265141257
34,male,30.66339686098655,2,no,northeast,24393.6224
39,male,39.20477348005835,0,no,northwest,1639.5631
39,female,24.696938721517224,1,no,northeast,43254.41795
40,male,35.53,2,no,southeast,1532.4697
44,male,38.48118949487984,2,no,northeast,13822.803
46,male,19.855,0,no,southeast,7526.70645
52,male,39.00117056698317,0,yes,southeast,36159.46473055068
37,male,38.664416468033735,1,yes,northeast,17179.522
19,female,30.66339686098655,0,no,southwest,1242.26
57,female,28.7,0,no,southwest,34021.485249801895
64,male,23.37,1,yes,northeast,19964.7463
62,female,36.19,2,no,southwest,11657.7189
31,female,48.932391147225346,1,yes,southwest,1323.3648807096051
53,male,42.78234109594298,4,yes,northwest,46661.4424
52,female,27.36,0,yes,northwest,4518.82625
18,male,43.01,1,no,southeast,1149.3959
39,male,43.4,0,no,southwest,12574.049
35,male,24.53,0,no,southeast,47291.055
