,synth,train,val,test,synth_value,real_value,jsd,wasserstein,diff_corr,dcr_rf,nndr_rf,dcr_rr,nndr_rr,dcr_ff,nndr_ff
0,0/synth.csv,0/train.csv,0/val.csv,0/test.csv,0.4277813689578395,0.49584429115300654,0.01686074945712851,0.03388529056467987,0.5666186678926087,0.0,,0.0,,0.0,
1,1/synth.csv,1/train.csv,1/val.csv,1/test.csv,0.4824666262109507,0.5629760811578994,0.02995458770434708,0.03860969748374328,0.49922159875629146,0.0,,0.0,,0.0,
2,2/synth.csv,2/train.csv,2/val.csv,2/test.csv,0.5263915837872855,0.4864045383411581,0.027042301950560427,0.04780887757986995,0.6674624156901184,0.0,,0.0,,0.0,
3,3/synth.csv,3/train.csv,3/val.csv,3/test.csv,0.4517582767765827,0.45152450610540273,0.04611341686267993,0.060256509111470936,0.8148204766391335,0.0,,0.12317923819397492,,0.0,
4,4/synth.csv,4/train.csv,4/val.csv,4/test.csv,0.5465260888898235,0.5638491302208116,0.03415965386071475,0.04039178237651521,0.6789270799793736,0.0,,0.0,0.0,0.0,
