age,sex,bmi,children,smoker,region,charges
18,male,30.66339686098655,1,no,southeast,11884.04858
10,male,29.81,0,no,northwest,1632.03625
39,female,31.02,1,yes,southeast,13270.422265141257
43,female,30.66339686098655,1,no,northeast,38858.46439611345
28,male,33.11,1,no,southeast,-558.9718467219395
43,male,25.08,1,no,northeast,6746.7425
49,male,30.3,0,no,southwest,8116.68
46,female,28.05,0,no,southeast,8233.0975
48,female,28.473896984757346,1,no,northeast,-6937.13167212125
38,female,40.565,1,no,northwest,6373.55735
23,female,39.669050416431695,2,no,southeast,3443.064
38,male,19.95692109316098,3,yes,southwest,1261.442
31,female,28.5,5,yes,northeast,6799.458
39,female,25.175,2,no,southeast,8219.2039
29,male,29.735,2,yes,southeast,13270.422265141257
37,female,24.605,5,yes,southwest,39836.519
23,male,23.845,0,no,southeast,2395.17155
57,male,25.74,0,no,southeast,3756.6216
35,male,17.86,1,no,northeast,5116.5004
33,male,43.01,2,no,northwest,4889.9995
32,male,27.55,3,no,northeast,7325.0482
39,male,26.41,2,no,northeast,14394.5579
33,female,35.75,1,yes,southwest,38282.7495
31,male,23.7,0,no,southwest,10959.33
18,female,27.36,0,no,southeast,18361.369717849455
19,female,38.961509175380115,1,no,southwest,1727.785
