age,sex,bmi,children,smoker,region,charges
28,male,36.4,1,yes,southwest,51194.55914
56,female,39.6,0,no,southwest,10601.412
39,female,40.3,3,no,southeast,-2073.526729463618
51,male,24.795,1,yes,southeast,23967.38305
19,male,28.31,0,no,southeast,9454.014309994855
43,male,27.36,3,no,southwest,13270.422265141257
44,male,36.20638206772732,3,no,northwest,11289.10925
39,female,30.66339686098655,3,no,southeast,2117.33885
64,female,39.33,0,no,northeast,10602.385
20,female,37.0,5,no,northeast,4830.63
57,male,40.28,4,no,northeast,20709.02034
47,male,25.175,2,no,southeast,6905.469853622268
63,female,26.505,2,yes,southwest,13270.422265141257
26,female,30.66339686098655,4,no,southeast,24671.66334
28,male,26.2,0,no,northwest,4883.866
31,male,38.39,2,no,southeast,12382.88515130907
39,female,25.935,2,no,northwest,4133.64165
53,female,35.9,2,no,southwest,11163.568
50,male,22.8,1,no,southeast,14901.5167
11,male,33.55,1,yes,northwest,2719.27975
62,male,30.495,0,no,northwest,15019.76005
43,female,31.635,1,no,northeast,7358.17565
54,female,27.645,2,no,northwest,11305.93455
48,male,31.471491230905027,2,no,southwest,8968.33
37,male,29.756510979494976,0,no,southwest,5028.1466
21,male,19.79421426815869,2,no,southeast,3558.62025
