haematocrit,haemoglobins,erythrocyte,leucocyte,thrombocyte,mch,mchc,mcv,age,sex,source
39.215130614637445,12.1,5.81,5.4,440,20.8,31.2,66.8,62,F,0
40.5,15.6,6.070894464103432,4.2,182,28.9,32.80125990246052,84.61133272892113,59,F,0
38.22611060743427,13.3,4.67,7.5,216,30.6,35.0,87.6,78,F,0
32.8,11.9,4.429657276069587,8.4,338,30.0,36.3,82.6,71,M,1
46.70010604234547,16.4,5.81,8.7,352,28.2300392867936,33.5,72.74218548744582,40,M,0
35.5,12.2,4.1,1.9412415182682812,214,29.8,33.33647627682079,86.6,23,M,1
42.4,14.1,3.57,7.8,258,21.485358791099934,33.53070567276815,69.2,46,M,1
40.3,13.0,4.77,7.9,258,29.4,32.3,84.1,77,M,0
53.0,12.749350256875191,5.870176193935322,7.2,200,28.2,30.4,84.0,59,F,0
44.12655831594058,14.227271025783812,5.21,-0.3487442942472576,340,29.0,33.2,87.3,55,M,0
37.0,12.4,4.544802055001511,4.5,224,28.2,33.33647627682079,84.5,50,M,1
31.0,10.7,4.266827830464428,16.0,314,28.3,34.5,76.11608304866792,55,M,1
36.8,12.6,4.44,6.9,197,28.4,34.2,82.9,24,M,0
45.1,13.309881087599997,4.25,18.3,333,32.453649523334335,31.5,80.7,46,M,1
35.6,11.5,4.07,9.4,377,24.277337835118324,32.3,87.5,63,M,0
33.2,11.204168301178463,6.13,2.5956715560434853,183,29.626003487769523,33.4,93.0,69,M,1
42.8,13.9,6.28,8.715533393774555,393,22.1,32.5,68.2,69,F,0
51.6,12.749350256875191,3.16,17.8,92,28.8,33.3,84.61133272892113,56,F,1
47.3,15.6,5.48,8.0,397,28.5,33.0,86.3,24,F,0
44.9,15.8,5.19,7.0,328,30.4,30.448771934989484,86.5,24,M,0
34.9,14.5,5.06,8.715533393774555,450,19.0,32.2,96.74246235460173,44,M,0
24.4,12.555830405506365,4.544802055001511,2.5,192,20.6,34.3,83.3,36,F,0
39.75645130878593,13.2,4.59,2.8,262,30.7,35.0,92.4,25,M,0
35.7,12.2,4.61,7.9,389,26.5,34.2,77.4,2,F,0
35.4,12.3,4.18,10.5,145,27.3,34.7,84.7,43,M,0
38.22611060743427,13.1,4.32,9.493469584732214,448,28.2300392867936,35.42438867296579,83.11599083431511,11,F,1
