age,sex,bmi,children,smoker,region,charges
49,male,32.92823591413584,2,no,northwest,23807.2406
32,male,25.3,4,yes,northwest,24869.8368
48,female,40.565,2,yes,northwest,45702.02235
27,female,38.06,1,no,southwest,13270.422265141257
31,male,30.66339686098655,1,no,southeast,7152.6714
39,male,27.1,1,no,southeast,26140.3603
18,male,19.35351793906979,1,no,southeast,2927.0647
64,male,33.88,0,yes,southeast,46889.2612
39,male,29.426593014329605,0,no,northeast,14451.83515
19,male,26.307842852155282,1,no,northeast,1253.936
18,male,38.17,2,no,southeast,1631.6683
39,male,27.645,0,no,northwest,-10999.779568001064
69,male,28.12,0,no,northeast,1964.78
60,male,34.43,0,no,southeast,1137.4697
37,female,17.29,2,no,northeast,6877.9801
34,male,28.27,1,no,southeast,5484.4673
48,female,35.625,4,no,southeast,10736.87075
26,male,42.4,1,no,southeast,12629.8967
52,male,43.12,2,no,northwest,13270.422265141257
51,male,30.8,5,yes,southeast,35491.64
28,female,33.0,0,no,southeast,18088.63877289339
40,male,33.0,3,yes,southeast,7682.67
50,male,30.66339686098655,2,yes,northwest,6392.6652752909085
19,female,25.555,1,no,southeast,2221.56445
51,female,42.9,0,yes,southeast,47462.894
18,female,31.35,0,no,southeast,23081.466106229997
