haematocrit,haemoglobins,erythrocyte,leucocyte,thrombocyte,mch,mchc,mcv,age,sex,source
47.5,12.749350256875191,3.57,8.9,226,33.9,31.6,93.0,83,F,0
36.6,7.452496831770565,3.360642015466989,3.5,163,27.8,33.6,82.8,28,F,0
31.8,12.62060949143549,5.11,3.7,75,29.0,33.6,84.61133272892113,83,M,1
38.51425446085767,14.7,4.544802055001511,12.5,348,28.2300392867936,33.38682379813046,83.37321271022826,55,F,0
41.2,13.0,4.88,15.0,178,26.6,31.6,88.0,1,M,0
46.988879210899114,17.9,5.8,5.4,513,30.9,35.9,85.9,38,M,0
36.9,12.4,4.54,4.1,205,25.940716279935124,33.6,81.3,5,F,0
37.6,12.0,2.59780589342404,9.5,365,28.8,32.8,84.4,38,M,0
42.5,14.1,5.426437161507585,4.3,162,26.1,32.54300157258433,65.8,22,M,0
44.831680219479914,12.749350256875191,5.56,8.715533393774555,210,25.9,33.4,82.0,24,F,0
42.9,14.7,4.96,8.715533393774555,304,28.4,32.9,101.21191750898015,60,M,0
35.4,17.6,4.163979777891517,18.961020281770484,309,31.670735222900987,33.3,92.7,72,F,0
36.6,12.7,4.52,11.023111753635074,421,28.1,33.8,103.03237990243764,46,M,0
41.3,14.2,3.44,13.5,202,27.8,33.33647627682079,80.8,46,M,0
30.9,12.646879456550323,3.63,10.8,215,28.7,33.7,85.1,59,F,0
31.6,11.0,3.84,26.8,450,28.6,32.5,82.3,66,F,1
49.3,16.1,6.27,15.5,258,28.2300392867936,38.4,78.6,66,M,0
38.1,11.6,6.11,6.6,258,19.0,30.4,62.4,62,F,0
31.92852595202354,15.0,4.544802055001511,3.8,258,26.728000452451337,34.2,84.61133272892113,23,F,1
38.22611060743427,12.8,6.51,14.308120804424695,378,29.132688230741948,30.540252722122922,82.3,68,F,1
35.5,12.0,4.13,3.9,193,29.1,34.35209020488087,86.0,70,M,0
30.2,5.8,4.51,7.0,173,31.1,34.1,85.1,54,M,0
42.3,14.6,4.78,5.0,516,30.5,33.33647627682079,66.2,-11,M,1
38.22611060743427,13.29802953159351,3.82,12.248001850100636,293,28.8,33.0,98.10460862874271,30,M,0
25.4,12.7,4.26,20.0,182,29.8,32.7,91.1,75,F,0
48.3,16.8,5.62,8.9,275,29.9,34.8,85.9,36,M,0
