age,sex,bmi,children,smoker,region,charges
39,male,29.897903497764784,3,no,southwest,2651.8265897050824
62,male,26.695,0,yes,northeast,7418.522
34,male,21.755,0,no,northwest,4134.08245
39,male,39.16,0,no,southeast,14418.2804
51,female,29.59,1,no,northeast,13451.122
54,female,33.0,0,yes,northeast,14283.4594
28,female,38.06,1,no,southwest,21805.89140030733
24,male,25.27,0,no,northeast,3044.2133
18,female,31.13,5,no,northwest,13270.422265141257
32,male,33.63,1,yes,northeast,37607.5277
51,female,27.645,2,yes,northwest,16138.76205
29,female,35.2218248883782,0,yes,southeast,19107.7796
45,male,38.285,0,no,southeast,7935.29115
56,female,30.66339686098655,0,yes,southeast,25678.77845
37,male,30.4,2,no,southeast,12268.63225
44,male,29.48,0,yes,southeast,19564.465406734562
52,female,27.192501714579695,2,no,northeast,319.8291551283619
31,male,25.347380932923773,2,no,northeast,4441.21315
51,male,24.013042239341637,0,no,southeast,-2750.1922815102407
20,male,21.66,1,yes,southeast,1980.07
20,female,21.8,2,no,southwest,27000.98473
30,male,30.66339686098655,1,yes,southwest,5708.069142262938
55,male,32.539028168591116,0,no,southwest,20630.28351
31,female,20.4,1,no,southeast,8539.671
66,female,31.46,1,no,southeast,20167.33603
26,male,22.61,-1,no,southwest,-21583.52642179319
59,female,31.35,0,no,northwest,10238.549587346311
28,male,29.81,0,no,southeast,8219.2039
25,female,31.39785531838951,-1,no,northeast,2585.85065
34,female,26.18,1,no,southeast,7046.7222
19,male,20.7,0,no,northeast,4894.7533
41,male,30.685,1,no,southeast,10579.711
18,male,32.7,3,yes,southwest,3591.48
63,male,27.455,4,no,southeast,13270.422265141257
39,male,28.27,1,no,southeast,5484.4673
25,male,22.515,1,no,northwest,3594.17085
39,male,30.8,0,no,southwest,13270.422265141257
44,male,40.77458133205417,1,no,southeast,8059.6791
29,male,29.59,1,no,northeast,24535.69855
26,male,21.85,3,yes,northwest,13270.422265141257
49,female,26.29,3,yes,northeast,24106.91255
50,male,30.66339686098655,0,no,southeast,8444.474
21,male,36.93184940428589,1,no,southwest,42964.66966614381
23,male,30.66339686098655,0,no,southeast,6099.449151502225
29,female,37.29,2,no,southeast,13270.422265141257
28,male,32.3,2,no,northwest,14119.62
19,female,31.96269345630307,1,no,southeast,2709.24395
62,female,23.845,0,no,southeast,27808.7251
39,female,31.9,5,no,southwest,11552.904
59,male,35.2,0,no,southeast,2416.955
55,male,30.66339686098655,1,no,northwest,35160.13457
24,male,33.63,4,no,southeast,17128.42608
