haematocrit,haemoglobins,erythrocyte,leucocyte,thrombocyte,mch,mchc,mcv,age,sex,source
39.4,13.4,4.51,2.2,192,29.7,34.0,87.4,45,F,1
40.1,13.766598751175946,4.950629948982355,1.6,214,29.4,33.9,87.9,90,M,1
25.1,9.307327062948335,3.25,3.678360315795009,116,31.9,33.2018093914563,87.4,76,F,1
30.6,12.3,4.09,4.8,346,23.5,26.4,74.8,54,F,1
34.9,11.22913839080216,3.85,13.4,218,28.6,31.5,90.6,46,M,1
55.3,12.7,4.28,14.1,90,29.7,33.9,87.6,50,M,1
48.2,16.0,4.57,6.7,227,28.244409642107907,33.2,73.25869927011293,17,M,0
38.22611060743427,12.5,4.45,4.0,50,29.7,33.8,87.6,45,M,1
43.3,12.7,3.82,3.7,241,33.2,34.8,95.5,59,F,0
37.5,9.773927628925872,6.173119669237577,14.400469696982647,639,27.1,32.4,84.61133272892113,38,F,0
30.6,13.6,3.42,17.2,122,28.9,32.4,70.1,82,F,0
44.9,14.2,5.34,6.6,258,26.6,31.6,84.61133272892113,36,F,1
31.9,11.1,4.19,13.2,231,28.2300392867936,35.7,87.87734001352248,46,F,0
45.1,15.3,4.94,5.4,200,31.0,33.4,104.5,67,M,0
34.13522805261691,13.8,5.476632905224787,7.2,196,33.483374726187854,33.1,90.8,76,F,1
43.8,14.3,5.9,11.49506938483566,236,28.6,33.63419252916128,87.6,19,F,1
37.5,9.6,4.544802055001511,4.8,292,31.756880758807046,32.8,95.7,56,F,0
43.1,14.4,5.172482662797214,8.715533393774555,258,28.706312385805564,33.4,67.9,33,M,0
38.22611060743427,7.4,2.63,8.715533393774555,217,25.3,35.293074929169336,85.2,69,M,1
22.345756389950207,6.4,1.98,52.8,388,32.3,30.9,91.3,40,M,0
39.40834905850421,10.6,3.55,10.0,111,25.3,32.6,77.6,1,F,1
29.0,8.4,3.87,6.0,184,18.7,29.0,74.9,89,F,0
35.0,12.749350256875191,4.58,8.45399521926908,154,28.1,34.21727479358554,76.4,1,F,0
39.2,13.4,4.544802055001511,3.9,153,28.2300392867936,33.33647627682079,84.1,57,M,0
44.04350322261064,13.2,4.96,6.1,319,26.6,33.33647627682079,72.47400863027016,7,F,0
48.3,12.749350256875191,6.19,10.0,240,25.8,33.1,83.99526039593385,31,M,0
