age,sex,bmi,children,smoker,region,charges
21,male,34.6,0,no,northwest,2020.177
35,female,27.3,2,no,southeast,5846.9176
39,female,30.78756695502882,0,no,northeast,13270.422265141257
20,male,24.42,0,yes,southeast,26125.67477
36,female,37.164415995767285,1,no,southeast,11436.73815
58,female,32.775,0,no,southwest,15359.1045
39,male,33.7,1,no,southwest,7445.918
47,female,32.0,2,no,southwest,8551.347
18,female,25.3,0,no,southeast,8442.667
49,male,36.480416095099415,1,no,northeast,20232.49518522704
45,male,36.385,1,yes,southeast,4504.6624
32,male,31.5,0,yes,southeast,11853.562911038249
33,male,40.81,1,no,northeast,12404.8791
18,female,40.26,5,no,southeast,1634.5734
20,male,39.4,2,yes,northwest,6067.12675
33,male,30.25,0,no,southeast,3704.3545
23,female,32.56,0,no,southeast,6329.35487702795
39,male,30.66339686098655,2,no,southwest,13270.422265141257
36,male,34.43,0,yes,southeast,37742.5757
55,female,22.61,3,no,northwest,11289.10925
50,male,21.565,0,yes,southeast,13747.87235
51,male,30.66339686098655,0,no,southwest,10601.412
36,male,28.88,3,no,northeast,6748.5912
61,female,30.28224367751474,0,yes,northwest,13429.0354
60,male,30.685,0,yes,northeast,26556.288046284768
18,male,33.155,3,no,northeast,2207.69745
