age,sex,bmi,children,smoker,region,charges
28,male,17.29,0,no,northeast,-11505.692870554052
64,male,36.451671403055805,2,no,southeast,11881.358
31,female,38.095,4,yes,northeast,58571.07448
41,male,28.950706464587924,2,no,southeast,7749.1564
39,female,30.02,0,no,southwest,8825.086
57,male,30.66339686098655,0,no,northwest,39762.53328673195
39,male,26.695,0,yes,northeast,28101.33305
39,female,19.0,3,no,southwest,6753.038
37,male,30.66339686098655,0,no,northeast,48824.45
53,female,33.63,1,no,northeast,13270.422265141257
50,female,44.745,0,no,southeast,22339.302188308968
25,male,30.66339686098655,1,no,northwest,17748.5062
53,male,45.47031339356816,3,no,southwest,6108.256210447634
39,female,27.6,0,no,southwest,24603.04837
80,male,28.31,1,no,northwest,13270.422265141257
58,female,41.91,0,no,southeast,3947.4131
59,female,30.66339686098655,0,no,southeast,12622.1795
32,male,46.53,2,no,southeast,7147.4728
52,male,22.42,0,no,northeast,9361.3268
62,male,30.495,2,yes,southeast,15019.76005
36,male,28.595,3,no,southwest,13270.422265141257
38,male,30.69,1,no,southeast,5976.8311
43,female,26.7,2,no,northeast,22478.6
42,female,25.74,0,yes,southeast,3756.6216
37,female,34.105,1,no,northwest,6112.35295
57,male,20.356255747403186,0,yes,northeast,19144.57652
38,female,40.565,3,no,southeast,13270.422265141257
43,female,19.19,0,no,southwest,6486.077721124894
42,female,16.088372676946058,1,no,southeast,4889.0368
57,female,21.09,0,yes,northwest,2254.7967
19,male,30.495,-1,no,southeast,2128.43105
34,female,37.4,0,yes,southwest,12979.358
22,male,21.28,4,no,northwest,14151.24642006012
63,male,28.7,0,no,northwest,1837.2819
28,male,38.95412900530327,2,no,northwest,10722.464024749077
37,male,34.78679792180058,1,yes,southeast,39871.7043
42,female,36.195,1,no,northwest,7443.64305
18,female,39.82,1,no,southeast,10581.741759770324
23,male,36.3,0,no,southeast,13887.204
39,male,52.58,1,yes,southwest,1712.227
39,male,31.73,3,no,southeast,3972.9247
58,male,17.831757812498633,1,no,southwest,14475.088289929408
34,male,25.84,1,no,southeast,11945.1327
58,female,34.754333494364474,1,no,southwest,7626.993
39,male,33.66,0,no,northeast,43578.9394
63,female,30.8,0,no,southwest,13390.559
29,female,29.59,1,no,northwest,24227.33724
63,male,28.31,3,no,northwest,13770.0979
52,female,31.73,2,no,northwest,19404.90066580216
29,female,38.83,3,no,southeast,5138.2567
35,male,30.66339686098655,1,no,southwest,4762.329
41,female,47.04602004867886,0,no,northwest,13270.422265141257
