age,sex,bmi,children,smoker,region,charges
28,female,19.855,1,no,southeast,9120.579926396724
40,male,29.81,1,no,southeast,6600.20595
24,female,24.225,4,no,northwest,8965.79575
60,female,32.34,1,no,southeast,7633.7206
23,female,28.735672519634285,3,no,southeast,7046.7222
21,male,25.745,1,no,northeast,9573.62840695239
27,female,31.6,0,no,southwest,6186.127
56,male,38.39,1,yes,southeast,29141.3603
54,female,25.555,3,no,northeast,1832.094
39,male,29.263920700577014,2,no,southeast,22493.65964
27,female,27.61535851823548,0,no,southwest,39241.442
48,male,27.075,0,no,southeast,21232.18226
38,female,23.571740325087212,1,no,southwest,7151.092
64,male,21.47,1,no,northwest,12475.3513
26,male,29.48,0,no,southeast,13270.422265141257
21,female,41.69,4,no,northeast,16586.49771
63,male,24.97,2,no,southeast,6593.5083
30,male,37.8,2,no,southwest,3577.999
42,male,25.3,1,no,northwest,19598.410797826684
22,male,34.2,5,no,northwest,29121.4168467067
35,female,30.903908379243347,1,yes,southeast,8596.8278
26,female,38.88917307817173,0,yes,southeast,5662.225
54,female,25.132644821249514,1,no,southeast,9451.445904267015
49,male,34.43,-1,no,southeast,10594.2257
59,male,48.99833057984596,1,no,southeast,7160.3303
39,male,28.215,2,no,northeast,6500.2359
29,male,22.895,0,yes,northeast,16138.76205
23,male,41.69,1,no,northwest,12829.616709294876
63,female,28.5,0,no,northwest,14256.1928
54,male,30.66339686098655,0,no,southwest,10435.06525
40,female,30.66339686098655,1,no,northwest,2690.1138
20,male,22.42,0,yes,northeast,14711.7438
50,female,29.6,1,no,northeast,10106.13425
39,male,21.26929467571716,0,no,southeast,1969.614
59,male,25.46,1,no,southwest,12913.9924
27,male,32.3,1,no,southwest,13270.422265141257
23,male,30.66339686098655,0,no,northeast,13270.422265141257
43,male,30.66339686098655,1,no,northeast,1263.249
18,male,26.22,0,no,northeast,1712.227
39,female,38.0,3,no,northeast,6196.448
32,male,25.935,1,no,northeast,37607.5277
39,male,30.66339686098655,0,no,southwest,1980.07
40,female,23.085,0,no,northeast,13270.422265141257
31,female,39.05,2,no,southeast,40932.4295
43,female,32.965,0,no,northwest,9338.632816189625
43,female,27.6,2,no,northwest,-5468.749763083895
51,female,18.05,0,no,southeast,3384.4252241325003
63,male,27.722074653600533,3,no,northwest,1737.376
28,male,35.435,0,yes,northeast,23262.355089604665
24,female,25.27,0,no,northeast,3044.2133
50,male,36.2,0,no,southwest,13270.422265141257
