age,sex,bmi,children,smoker,region,charges
19,male,34.28951227079149,0,no,northwest,36898.73308
52,female,30.66339686098655,0,no,northeast,23045.56616
47,female,27.645,2,yes,southwest,5438.7491
46,female,40.375,2,no,southeast,8733.22925
36,female,30.66339686098655,2,no,southeast,11729.6795
38,male,46.53,1,yes,southeast,4686.3887
62,female,45.9,1,no,southwest,3693.428
54,male,29.83,0,no,northwest,13270.422265141257
52,male,31.73,3,no,northwest,11187.6567
60,male,17.84609427156306,0,no,northwest,25111.530175063628
49,male,36.955,1,yes,northeast,9288.0267
44,male,34.32,1,no,northeast,3736.4647
50,female,34.9236391990765,1,yes,southeast,9074.473386409667
31,male,31.825,0,no,southeast,17863.380036175135
26,male,32.9,1,yes,southeast,10072.05505
22,female,27.55,0,no,southwest,11439.109228420823
31,male,24.8657749318032,2,no,southeast,14119.62
52,male,30.66339686098655,0,yes,southeast,33471.97189
20,female,33.0,0,no,southeast,13270.422265141257
45,male,26.53020693128787,0,no,northeast,38792.6856
54,male,30.02,0,no,northwest,39921.35705424081
36,male,25.65,1,yes,northeast,3669.767816715721
35,male,30.685,2,no,northeast,42303.69215
29,female,26.03,1,no,southeast,7147.4728
60,male,41.47,0,no,southeast,1664.9996
39,male,30.825652135431394,1,yes,northeast,28101.33305
39,female,21.4,0,yes,northwest,6946.896537979571
40,female,29.555794181826492,3,no,southeast,-2190.0212538301166
19,male,23.2,3,yes,southwest,13270.422265141257
43,male,32.3,2,no,northwest,5031.26955
39,male,30.66339686098655,0,yes,southeast,36307.7983
23,female,32.12,1,yes,southwest,8269.044
39,female,24.53,2,no,southeast,12629.8967
36,female,30.02,5,no,northwest,5272.1758
28,male,31.445,1,no,northeast,8964.06055
42,female,30.4,0,yes,northwest,33907.548
56,male,25.262177835386087,0,no,northeast,22412.6485
39,male,33.63,1,no,northwest,13270.422265141257
22,female,32.012541781803414,0,no,northeast,6998.555683845433
21,female,16.603058364888717,1,no,northwest,41097.16175
53,female,28.6,3,no,southeast,11253.421
32,male,17.29,0,no,northeast,3732.6251
59,male,30.66339686098655,0,yes,southeast,1621.3402
28,male,24.6,4,yes,northeast,17496.306
50,male,31.825,0,yes,southeast,41097.16175
59,male,38.94,2,yes,southwest,44202.6536
79,female,33.33,3,no,southeast,36580.28216
43,male,30.78,0,no,southwest,13270.422265141257
59,male,26.8,1,no,southwest,3906.127
18,male,23.4,0,no,southwest,1708.0014
18,male,43.01,2,no,southwest,7359.9231022901095
43,female,24.7,0,yes,northwest,21880.82
