haematocrit,haemoglobins,erythrocyte,leucocyte,thrombocyte,mch,mchc,mcv,age,sex,source
43.4,14.4,5.3,16.728249206286286,150,25.3,30.31234120920992,78.5,56,M,1
35.335769811415055,12.6,5.113987425936284,9.1,258,27.2,38.1,84.61133272892113,31,F,1
42.1,14.0,5.1,-7.899020988162336,151,27.5,33.3,82.5,46,M,0
37.5,13.47579957616467,6.79,26.8,301,30.0,33.1,90.6,8,M,0
44.5,15.6,5.41,12.9,387,28.2300392867936,33.9,82.3,34,M,0
45.1,12.749350256875191,5.2,6.0,251,29.2,33.7,86.7,33,M,0
38.22611060743427,14.1,4.544802055001511,7.3,45,30.3,35.5,84.61133272892113,58,M,1
42.7,14.3,3.62,7.5,209,27.815038219828065,33.5,86.19258681303096,57,M,1
36.6,12.2,3.64,8.715533393774555,152,33.5,33.2,100.8,46,F,0
31.764515748472544,12.749350256875191,4.04,5.7,105,24.789691470239433,33.1,88.4,39,F,1
44.23068565969462,15.2,5.06,7.6,252,28.2300392867936,34.2,87.7,33,M,0
26.4,8.9,6.081473906011551,7.6,268,28.8,33.33647627682079,85.4,46,F,1
45.397299954145446,12.125115133429588,4.57,6.4,29,25.4,32.9248983285825,75.9,4,F,0
38.5,16.02769152691531,4.51,6.3,325,29.0,34.0,85.4,32,F,0
36.1,12.1,4.2,7.8,334,28.8,33.5,86.0,12,M,0
36.5,12.1,4.1,10.1,528,29.5,33.66957407006546,62.5,46,M,0
38.22611060743427,13.6,4.544802055001511,13.4,369,30.0,33.7,89.2,37,F,0
44.3,12.522800550712928,5.25,6.702883318701971,480,29.706198682376137,33.4,84.4,44,M,0
30.7,12.2,4.82,7.1,513,25.3,32.6,77.6,39,M,0
41.2,13.2,5.24,8.715533393774555,226,29.3,33.4,87.6,67,M,1
31.7,18.9,4.88,15.0,178,26.6,33.33647627682079,84.4,1,F,1
41.2,10.6,5.25,3.1,349,25.1,32.0,81.9,12,F,1
48.3,16.0,6.882798160466824,4.613456145508429,332,18.7,33.11402916282594,87.00032723727006,46,M,0
24.9,8.1,5.84,12.2,258,28.8,33.6,79.85178168020944,72,M,1
31.0,9.5,3.65,14.8,105,29.41854897054223,30.6,62.4,65,F,1
35.4,12.0,2.690274077264376,8.4,221,30.9,35.1,99.47621725719168,73,M,1
