haematocrit,haemoglobins,erythrocyte,leucocyte,thrombocyte,mch,mchc,mcv,age,sex,source
35.57301050240111,11.6,3.891869529923803,8.715533393774555,71,24.7,34.4,81.0,4,M,0
42.4,14.5,4.506903822020887,8.8,313,28.2300392867936,34.2,96.07467389342357,64,M,0
34.6,11.5,5.6065253220677524,11.3,140,29.6,33.2,88.25569681757578,50,M,0
27.7,10.7,3.4,4.7,208,31.5,34.3,84.61133272892113,38,F,1
40.3,13.5,5.47,14.7,439,28.2300392867936,33.5,73.7,4,F,0
36.44515803891356,13.3,4.35,8.7,334,23.2,31.5,82.52506892020956,38,F,0
46.3,14.1,5.18,4.6,263,27.2,33.33647627682079,82.2,39,M,0
42.6,12.749350256875191,6.03,9.8,147,25.4,34.79867156261806,76.8,31,M,0
41.7,12.749350256875191,5.46,5.8,159,29.6,34.5,85.6,51,F,0
36.6,13.2,4.45,7.7,229,29.7,36.1,82.2,42,M,0
38.22611060743427,11.6,4.68,4.9,258,24.8,31.4,78.8,17,F,0
43.23274612159419,8.8,3.06,21.0,211,28.8,33.33647627682079,87.3,92,F,0
38.3,10.147112924778419,4.55,8.2,154,27.5,35.5,84.2,72,F,0
44.0,14.585275755732518,5.38,1.2064720872699954,163,28.5,30.9,79.3,44,M,0
34.6,11.2,4.42,7.0,152,25.3,26.0,78.3,1,F,0
33.7,10.4,5.09,12.0,258,17.4648111544723,33.0,84.61133272892113,51,F,0
18.86724359878308,13.5,4.57,5.6,216,29.59457130556448,34.050180658995046,82.0,46,F,1
34.1,11.5,4.04,10.14647324055614,265,28.5,33.7,84.4,30,F,0
40.4,10.1,4.544802055001511,1.8,238,27.9,32.9,84.7,46,M,0
32.3,10.07062186646172,5.135743773280456,4.242321219903931,188,30.025332841000584,33.1,78.8,77,M,1
42.5,9.934275258262803,4.78,15.6,297,23.7,33.2,86.86021965810379,43,M,0
38.22611060743427,10.8,4.38,8.715533393774555,803,27.9,31.3,95.6,1,F,0
44.3,14.8,4.97,24.9,262,29.8,32.81035411734925,89.1,72,M,0
27.2,8.7,4.544802055001511,11.167164497453847,207,26.2,33.81681681051012,83.4,74,F,1
29.2,8.1,6.53,6.3,111,21.102219999743642,34.2,86.6,82,M,0
35.4,17.8,6.75,14.5,637,26.4,31.9,82.7,62,M,1
