age,sex,bmi,children,smoker,region,charges
50,male,25.935,1,yes,northeast,41919.097
39,female,23.18,0,no,southwest,-11467.913268066975
39,male,34.77,5,no,southeast,5729.0053
40,male,19.8,1,no,southeast,17179.522
28,female,25.935,1,no,northwest,5385.3379
32,female,13.407361023193642,2,no,northeast,4529.477
64,female,23.76,-1,yes,southeast,26926.5144
35,female,24.035,0,no,northwest,13012.20865
36,female,24.75,1,yes,southeast,16577.7795
50,male,39.5,2,yes,southeast,7731.4271
21,female,22.135,0,no,northeast,2585.85065
51,female,32.37929648536741,1,no,northwest,10848.1343
58,female,39.05,0,no,southwest,2254.7967
27,female,29.735,0,yes,northwest,4357.04365
21,male,30.66339686098655,2,no,southwest,18200.627167369617
39,male,30.115,3,no,northwest,16455.70785
45,male,34.4,0,yes,southeast,8532.311475808652
59,male,26.83877711102459,1,no,southwest,27276.616617323678
50,male,26.41,0,yes,southeast,19444.2658
50,female,32.965,0,no,southwest,13270.422265141257
18,male,30.66339686098655,1,no,southeast,1727.54
45,male,21.375,0,no,northeast,7222.78625
27,male,30.3,3,no,southeast,4260.744
55,male,30.66339686098655,2,no,southwest,8116.68
64,male,24.7,3,no,northwest,47257.673011388666
52,male,36.765,2,no,southeast,3579.8287
45,male,18.174659773014493,4,no,southwest,11528.980807275399
22,male,32.11,0,yes,southeast,13270.422265141257
63,male,34.030975186262594,0,yes,southeast,37133.8982
39,female,25.690067389606934,3,yes,southeast,18804.7524
35,female,36.52,1,yes,southeast,2004.2774152295333
45,female,28.16,1,no,southeast,10702.6424
35,male,34.728354808336434,2,no,southeast,6875.961
23,male,30.36,0,yes,southwest,1826.843
64,male,30.66339686098655,1,no,northeast,14394.5579
63,female,37.7,0,no,southwest,13270.422265141257
37,male,34.1,4,yes,northwest,13270.422265141257
38,male,17.385,1,no,northwest,2775.19215
10,male,24.1,0,no,southwest,1977.815
41,male,30.897871685479796,5,no,northeast,9222.4026
39,male,28.47562595808479,5,no,northwest,10601.63225
17,female,29.3,0,no,southeast,35147.52848
32,female,24.417062481421823,2,yes,northwest,22267.75410867082
47,male,29.6,3,no,southwest,9021.908804727256
44,female,39.82,2,no,northwest,1131.5066
34,female,26.41,3,no,southeast,4133.64165
48,female,30.66339686098655,0,yes,southeast,13270.422265141257
52,female,30.69,1,no,southeast,42856.838
34,female,27.5,1,yes,northeast,5003.853
65,male,22.22,1,yes,northeast,1501.3591592997723
30,male,28.38,1,no,northwest,19521.9682
19,male,28.4,1,no,southeast,1842.519
