age,sex,bmi,children,smoker,region,charges
41,male,37.05,2,no,southeast,7265.7025
54,male,31.68,0,no,southeast,12815.44495
43,male,34.96,1,yes,northeast,41034.2214
23,male,32.56,0,no,southeast,11107.463674589086
19,female,26.849999371236095,1,no,northwest,2709.1119
50,female,44.745,0,no,southeast,9541.69555
72,female,28.5,0,no,southwest,21898.68185001688
39,female,30.66339686098655,1,yes,northeast,19798.05455
21,female,34.87,0,no,southeast,9722.7695
29,female,19.855,1,no,northeast,-12868.656148962398
26,male,29.355,5,no,northeast,4564.19145
33,male,30.66339686098655,2,no,southeast,13270.422265141257
42,female,33.679149045717466,2,no,northwest,7640.3092
39,male,45.49689134834127,2,no,northwest,30643.348541521016
53,female,26.6,0,no,northwest,10355.641
45,female,22.61,0,no,northwest,6112.35295
62,female,25.03264500552335,0,no,southwest,13451.122
52,male,33.25,2,yes,northeast,2020.5523
19,male,36.575,0,no,northwest,2136.88225
19,female,34.865,0,no,northwest,11830.6072
19,male,17.48,0,no,southeast,47055.5321
28,male,39.6,1,no,southwest,10450.552
39,male,28.12,4,yes,northwest,21472.4788
30,female,28.405,2,no,northwest,13270.422265141257
57,male,34.295,2,no,southeast,13224.05705
37,female,23.18,0,no,northeast,2899.48935
