age,sex,bmi,children,smoker,region,charges
61,male,36.46247017838271,0,no,southeast,12557.6053
53,male,30.66339686098655,0,no,northwest,13270.422265141257
70,female,29.4,5,no,southeast,13270.422265141257
45,male,22.705,2,no,northwest,42760.5022
42,male,22.42,0,no,southeast,4946.333051558995
31,male,29.26,1,no,southeast,4350.5144
62,male,37.07,1,yes,southeast,37484.4493
39,male,33.535,0,no,northeast,45008.9555
39,male,38.06,2,no,southwest,6600.361
29,female,27.55,0,no,northwest,13217.0945
43,male,32.56,3,no,southeast,13270.422265141257
31,male,30.66339686098655,0,yes,southwest,2198.18985
24,female,28.5,5,yes,northeast,13270.422265141257
45,female,30.387334538022127,2,no,southeast,8604.48365
39,female,33.7,4,no,southwest,31321.851710819574
57,male,31.065,3,no,southwest,21400.944638597022
61,female,33.33,4,yes,southeast,39110.71280437555
30,female,35.625,0,no,northeast,2211.13075
46,female,38.519912471025805,1,no,southeast,15555.18875
28,male,33.11,0,yes,southeast,3171.6149
34,female,39.568134551321194,1,no,northeast,-1417.2846178563568
48,female,32.205,1,no,southeast,28468.91901
59,female,26.03,0,no,northeast,14590.63205
37,female,34.105,1,no,southeast,6112.35295
64,male,38.19,0,no,northeast,14410.9321
49,male,30.66339686098655,1,no,northwest,13770.0979
40,female,29.81,2,no,southeast,11363.2832
53,male,33.25,1,no,northeast,10564.8845
36,male,25.46,1,no,northwest,5373.36425
56,male,32.02728705734464,-1,no,southwest,7045.499
34,male,32.395,0,no,northeast,6837.3687
48,female,22.1,4,no,northeast,15652.810094676835
60,male,27.94,0,no,southeast,2867.1196
31,female,23.98,0,no,southeast,1131.5066
57,male,30.495,1,no,southeast,11840.77505
38,male,34.73086561754284,1,no,southeast,8569.8618
39,female,32.395,1,no,northeast,4202.188391968852
18,male,32.45,0,yes,northwest,13143.33665
35,male,28.025,0,yes,northwest,9101.798
55,male,30.954542190264135,4,no,northeast,27769.059391305644
40,female,30.875,1,no,southwest,1631.6683
19,male,31.92,0,no,northwest,41989.19268258493
25,male,30.66339686098655,1,no,northeast,13270.422265141257
38,female,30.66339686098655,3,no,southeast,12730.9996
22,male,35.6,1,yes,southwest,14645.384283820105
60,male,23.32,0,no,southeast,1711.0268
58,female,32.57361156883724,1,no,southeast,12224.35085
39,female,30.0,0,no,southwest,22144.032
39,male,35.245,1,no,northeast,11394.06555
18,male,39.95008516760905,0,no,northeast,7077.1894
48,male,44.689798570837155,3,no,southwest,9563.029
17,male,48.07,2,yes,southeast,34617.84065
