age,sex,bmi,children,smoker,region,charges
26,male,46.53,1,yes,southeast,2927.0647
52,male,30.66339686098655,0,no,southwest,9634.538
44,female,31.35,1,yes,northeast,39556.4945
43,male,30.407723241776683,0,no,northeast,13394.621691077886
19,male,30.66339686098655,0,yes,southwest,13616.540884347301
44,female,25.8,1,no,southwest,7624.63
30,male,22.99,1,no,southeast,17361.7661
42,male,24.605,2,no,southeast,5257.50795
24,female,34.00877729437567,1,yes,southeast,19521.9682
24,female,39.5,1,no,southeast,3987.926
35,male,39.71,4,no,northeast,5920.1041
39,female,33.55,0,no,southeast,2473.3341
44,male,38.39,4,no,southwest,7740.337
21,male,31.255,0,yes,northwest,1909.52745
55,female,25.365,3,no,southwest,15747.860284620156
46,male,25.745,0,no,southwest,9301.89355
31,female,28.4,2,no,northwest,2136.88225
61,male,29.907484062703883,0,yes,southwest,24227.33724
29,female,27.645,0,no,northeast,13270.422265141257
58,female,41.91,0,no,northeast,37829.7242
22,male,34.2,0,no,southeast,13270.422265141257
39,male,18.3,5,yes,southwest,19023.26
39,male,30.2,0,yes,southwest,33900.653
53,male,33.33,2,no,southeast,36580.28216
24,male,26.79,1,no,northwest,15231.92869537098
53,male,29.396642487263918,0,no,northeast,43254.41795
