age,sex,bmi,children,smoker,region,charges
39,male,34.1,0,no,southeast,1261.442
19,male,28.10713908993494,0,no,northwest,1635.73365
34,male,30.66339686098655,3,no,northeast,4316.591414656492
32,male,30.66339686098655,0,yes,southeast,14327.972637199435
61,male,20.35,3,no,southeast,8605.3615
24,female,25.27,0,no,northwest,3044.2133
25,male,38.43538968721434,0,no,northwest,2362.22905
20,male,31.277499955559428,1,yes,southwest,-1836.5265763079951
44,male,28.595,0,no,southeast,17735.076214107023
19,male,28.38,1,yes,northwest,19521.9682
46,female,30.66339686098655,1,no,northwest,6117.4945
50,female,34.2,2,no,southwest,42856.838
45,female,35.815,0,no,northwest,13270.422265141257
56,male,33.725,0,no,northeast,6746.7425
19,male,25.175,0,no,northwest,1632.03625
25,female,22.515,1,yes,northwest,3594.17085
58,female,32.395,1,no,southeast,13019.16105
56,female,39.82,0,no,southeast,28438.8602233371
56,female,32.34,1,no,northeast,13430.265
23,male,24.51,3,yes,southwest,11999.410194998603
45,male,33.535,0,no,northeast,13143.33665
18,male,34.814269319278644,0,yes,southeast,13747.87235
39,male,33.725,0,no,southwest,37270.1512
54,male,34.2,0,no,southeast,4398.165823644146
53,male,21.47,0,no,northwest,36837.467
39,male,38.28382982352889,1,no,northwest,5357.564104889741
43,female,35.53,2,yes,southwest,8522.003
20,male,35.86,0,no,northeast,8124.4084
53,female,45.07743464949318,5,no,southeast,12592.5345
21,male,13.446604018900228,1,no,northeast,2103.08
27,male,47.57854359993533,1,no,southwest,10990.788692783008
36,male,33.4,3,no,southeast,2534.39375
58,female,33.1,0,no,southeast,11848.141
39,male,30.8,1,no,southeast,36307.7983
45,male,35.815,0,no,southwest,13270.422265141257
39,female,29.133517857115383,1,no,northeast,8823.98575
46,female,45.54,1,yes,southwest,20234.85475
43,male,31.5,1,no,northwest,10795.93733
22,male,32.11,0,no,northwest,2055.3249
53,male,26.41,0,no,northwest,11244.3769
16,male,30.66339686098655,1,no,southwest,3410.324
55,male,35.245,0,no,northeast,13270.422265141257
36,female,27.55,3,no,southeast,10976.24575
22,male,44.68431700246726,0,no,southeast,2156.7518
20,male,35.625,0,no,northwest,4402.233
24,male,33.345,0,no,southwest,2855.43755
39,female,30.66339686098655,2,yes,southeast,36397.576
20,female,36.765,5,no,southwest,2947.40190269822
45,male,28.7,3,no,southwest,7443.64305
38,female,18.335,1,no,southeast,13270.422265141257
34,male,30.8,1,no,southwest,35491.64
30,female,37.43,3,no,southeast,13270.422265141257
