haematocrit,haemoglobins,erythrocyte,leucocyte,thrombocyte,mch,mchc,mcv,age,sex,source
42.2,14.2,5.1,13.711941787288808,258,27.1,32.4,89.60833591810541,46,M,1
35.4,14.153016586480641,4.48,11.269317746354254,337,30.383143254630813,33.9,76.3821965171364,28,M,0
36.4,15.2,3.38,6.9,258,27.313991609415304,35.46451789428564,89.6,14,M,1
38.22611060743427,10.3,4.489221632903007,7.8766751005139515,180,30.6,33.8,90.5,70,M,1
40.844115132693105,12.749350256875191,5.55,6.7,327,27.2,33.2,86.46243996747145,48,F,0
50.1,16.7,6.17,24.7,33,27.1,33.3,81.2,44,M,1
33.5,11.3,3.58,20.5,193,31.6,32.81217837988523,98.07761078381957,57,F,1
43.7,8.7,5.06,11.1,416,17.2,28.0,61.5,1,F,1
34.1,12.749350256875191,3.66,11.5,872,30.1,32.3,93.2,27,M,0
37.1,13.911598217778163,4.27,9.5,330,29.0,32.05014369827622,86.9,58,M,1
37.392465554048584,10.8,3.57,7.6,385,23.1,32.4,93.3,49,F,0
32.427030380220714,14.0,4.544802055001511,18.495313335112527,283,29.1,34.5,99.3,40,M,0
41.2,11.72844241568596,5.25,3.1,226,25.1,33.33647627682079,78.5,12,M,0
42.2,14.4,5.23,4.7,222,28.2300392867936,34.1,83.2,49,F,0
45.4,15.3,6.01,14.6,470,25.5,33.7,84.61133272892113,2,M,0
39.0,13.1,4.73,7.6,462,27.8,32.8,82.5,33,M,0
42.3,14.4,5.07,7.1,294,27.5,33.300683816855184,72.2,46,M,0
32.7,10.7,3.65,8.715533393774555,308,31.9,32.7,87.3,70,F,1
46.0,15.7,4.521800829474638,6.2,368,30.3,34.1,88.6,61,F,0
51.1,16.8,6.14,7.0,215,27.4,32.9,84.61133272892113,22,M,0
31.1,14.6,4.276885999320245,8.715533393774555,391,29.678752310686374,35.0,83.9,19,F,0
48.3,15.9,4.87,18.4,258,25.377170518886494,32.9,87.5,55,M,0
35.2,12.4,4.03,17.5,250,30.8,35.2,87.3,63,F,0
52.6,12.8,4.24,7.0,397,29.8,33.33647627682079,86.1,44,M,1
38.22611060743427,12.9,4.873969331790822,7.1,291,29.8,33.6,91.9,49,M,1
37.3531749280439,13.347206367399938,4.544802055001511,5.6,346,28.2300392867936,33.1,98.1,54,F,1
