age,sex,bmi,children,smoker,region,charges
18,male,29.735,2,no,northwest,11884.04858
19,male,25.175,0,no,southeast,4039.7970923404464
37,female,33.34198399371048,3,yes,southeast,-734.7904948521336
43,female,33.7,1,yes,northeast,21771.3423
39,female,33.11,5,no,southeast,3171.6149
43,female,25.08,0,yes,southeast,7325.0482
15,male,28.5,5,no,northeast,6799.458
44,female,29.81,2,no,southeast,13270.422265141257
47,male,21.78,1,no,northwest,18157.876
22,female,34.8,0,no,southwest,39836.519
23,male,31.16,5,no,southeast,2395.17155
41,female,35.57770109018364,0,no,southeast,1727.785
35,male,17.86,1,yes,northwest,5116.5004
33,male,35.75,2,no,southeast,13270.422265141257
36,male,27.55,3,no,northeast,6746.7425
64,male,26.41,-2,no,northeast,22478.6
33,female,35.75,1,yes,southeast,36932.56362136899
57,female,23.7,0,no,southwest,10959.33
50,male,27.36,0,no,northeast,19591.5516172758
38,female,32.68,2,no,southeast,26018.95052
39,male,30.66339686098655,1,no,southeast,3875.7341
50,male,29.64971094833324,0,no,southeast,2731.9122
63,female,31.8,2,no,southwest,9414.92
20,male,30.66339686098655,0,no,northeast,2459.7201
18,female,30.115,0,no,northeast,2203.47185
22,female,27.44189657553142,0,no,southwest,3756.6216
