haematocrit,haemoglobins,erythrocyte,leucocyte,thrombocyte,mch,mchc,mcv,age,sex,source
44.4,15.4,5.13,6.2,264,28.2300392867936,34.7,96.07636840538964,28,F,0
40.7,13.4,4.44,4.3139798131763545,295,30.2,33.59040248281949,78.58847239216007,60,M,0
47.3,11.4,3.859808299512305,20.5,258,27.49025213628592,34.5,95.6,41,M,0
48.3,16.030407729948784,5.76,6.2,339,20.3,34.6,83.9,57,M,0
40.8,12.749350256875191,3.6012916962654464,6.3,234,30.3,33.33647627682079,88.9,26,M,0
37.0,10.30754823299799,5.18,8.715533393774555,272,21.6,30.3,91.6,6,M,1
34.2,11.4,5.45,29.8,248,28.9,33.3,86.8,59,M,1
16.619897474343905,16.3,3.69,13.41646887239214,380,31.837888065406805,33.9,91.1,57,M,0
46.9,16.3,5.2,1.6,284,31.3,34.8,90.2,43,M,0
38.22611060743427,12.0,3.0941375045564996,8.5,186,28.4,33.3,88.2,65,M,1
14.6,3.8,2.31,9.897944453361044,403,16.5,26.0,92.3,26,M,0
38.6,12.7,4.55,7.6,53,27.9,32.9,84.8,49,F,1
43.6,11.1,2.71,3.6,154,26.2,33.3,78.5,2,M,1
31.7,10.6,3.6374364508268857,3.1,159,26.6,33.4,79.4,55,M,0
53.2,17.0,7.35,6.1,-130,23.1,32.0,84.61133272892113,21,M,1
38.5,13.4,4.544802055001511,8.715533393774555,272,29.3,32.2,84.1,60,F,0
33.5,11.3,4.544802055001511,13.2,305,23.8,33.66626392326951,70.7,1,F,0
34.6,12.749350256875191,3.81,6.9,311,29.7,33.33647627682079,63.2,47,M,1
33.3,15.2,5.04,7.2476556339488765,258,28.2300392867936,34.9,86.5,35,M,1
34.3,11.9,4.96,7.9,205,28.736277151964025,35.09503275696108,74.50835665037135,12,M,0
25.8,15.8,2.71,9.2,386,33.75055411802476,32.2,95.2,46,F,0
50.25558610240317,15.5,5.32,6.7,284,25.6,32.3,87.4,45,M,0
38.22611060743427,12.705461024463242,4.77,4.6,320,29.1,33.6,75.9420110657607,10,F,1
48.1,15.7,3.94,8.6,288,28.8,31.742131967872947,85.3,46,M,0
34.1388359591556,11.556329773282384,4.2,10.5,429,29.0,31.9,84.61133272892113,58,F,0
26.84641936608948,12.4,4.58,16.5,272,27.1,33.3,81.2,62,F,0
