age,sex,bmi,children,smoker,region,charges
29,female,27.427698970585013,2,no,southeast,31421.90955192114
63,male,31.8,2,no,southeast,22634.421522442986
62,female,31.73,0,no,northeast,13270.422265141257
32,female,24.6,-1,no,southeast,1837.237
23,male,37.29,0,no,southeast,13270.422265141257
30,female,35.191126538908975,1,no,southeast,8211.1002
29,male,32.11,2,no,southeast,4922.9159
32,male,30.97,2,no,southeast,4686.3887
39,female,29.26,0,no,southeast,4719.52405
52,female,30.66339686098655,1,yes,southwest,9748.9106
57,male,28.975,3,yes,northeast,18645.169297101
48,female,43.12,2,no,southeast,4753.6368
62,female,12.156207406454826,2,no,northwest,15019.76005
48,male,31.635,5,yes,northwest,9174.13565
45,female,30.781624241354407,1,no,northwest,15007.872712224256
58,male,28.215,0,no,northwest,12224.35085
32,male,29.735,0,no,northwest,4357.04365
61,female,36.1,4,yes,southeast,36580.28216
53,male,30.66339686098655,1,no,northeast,13393.756
39,female,27.645,0,no,northwest,7421.19455
26,male,30.0,1,no,southeast,43578.9394
56,male,32.3,5,no,southeast,13430.265
55,female,22.04,0,no,northeast,13616.3586
62,female,39.2,1,no,southwest,13470.86
55,male,27.94,0,no,southeast,2867.1196
53,male,33.33,1,no,southeast,10085.846
