age,sex,bmi,children,smoker,region,charges
27,female,30.66339686098655,3,no,northeast,18804.7524
18,male,31.73,-2,no,northeast,33732.6867
43,female,31.16979101937405,2,no,southeast,13270.422265141257
34,male,30.115,3,yes,southwest,30184.9367
23,female,29.83,1,no,northwest,8410.04685
39,female,26.29,0,no,northeast,41919.097
57,male,41.80900319869765,0,no,southwest,11576.13
24,male,33.345,0,no,northwest,2855.43755
43,male,24.51,-3,no,southeast,-22449.161947562203
19,male,20.425,0,no,northwest,28980.00837101033
28,male,27.203031400608047,1,no,southwest,13270.422265141257
21,male,23.21,0,no,southeast,1515.3449
52,female,28.31,1,no,northwest,7153.5539
32,female,17.765,2,yes,northwest,32734.1863
39,female,37.9,2,no,northeast,6474.013
31,male,32.2511763657057,0,no,southwest,12567.426572814744
39,male,30.66339686098655,1,no,southeast,11396.9002
33,female,35.2,0,no,southeast,2198.18985
43,female,32.56,3,yes,southeast,40941.2854
31,male,38.9,3,no,southeast,5972.378
26,male,32.49,1,yes,northwest,3490.5491
42,male,28.4,2,no,southwest,5969.723
20,male,31.92,0,no,northeast,2261.5688
62,male,32.965,3,yes,southeast,14571.8908
31,male,25.935,1,no,northwest,4923.439650109263
19,male,23.4,2,yes,southeast,2913.569
