haematocrit,haemoglobins,erythrocyte,leucocyte,thrombocyte,mch,mchc,mcv,age,sex,source
39.3,13.9,5.17,9.2,230,26.9,35.4,76.0,2,M,0
40.11422618727898,15.9,3.623036420918636,7.1,247,28.5,32.8,96.9,40,F,0
33.3,11.1,4.544802055001511,16.8,272,31.2,32.1,85.5,81,M,0
50.5,17.0,5.62,5.7,243,27.065809532684117,33.33647627682079,89.9,59,F,0
40.5,12.3,5.239118488711741,10.112498250341952,145,29.1,32.6,89.1,69,F,1
36.2,12.0,4.35,1.5,81,28.3,35.44431520587141,83.2,37,F,1
38.22611060743427,11.0,3.99,9.5,408,23.6,32.7,84.2,77,M,1
52.0,12.943212051649208,3.06,9.8,258,31.2,33.8,80.12521229128224,46,M,0
35.97011088075342,11.6,4.6,8.136218731163646,115,28.2300392867936,31.1,79.28232202988701,1,F,0
29.1,9.6,4.13,12.7,488,30.9,31.412582716705053,70.5,75,F,1
38.9,12.6,4.540064554069133,8.7,361,29.5,34.14299782477741,90.9,58,F,0
46.7,15.8,5.29,18.0,267,26.787303749897728,33.8,88.3,32,M,1
36.5,18.2,4.07,5.2,262,30.0,33.4,89.7,46,F,0
35.4,12.3,4.54,8.9,128,32.7,34.06749030838853,96.5,92,M,1
47.6,18.189391689701058,5.65,7.3,307,27.3,32.4,81.7,46,M,0
44.39188060952506,12.6,3.84,4.9,264,32.8,33.0,99.5,34,F,1
47.4,15.7,3.08,7.2,231,27.5,30.4,83.0,44,M,0
38.22611060743427,9.68357596553212,3.51,8.4,252,28.39975032838927,32.9,86.9,46,F,1
34.7,11.7,4.26,8.9,300,27.5,33.7,84.61133272892113,4,M,0
41.6,12.749350256875191,4.52,7.932776298711654,258,30.5,28.1,92.0,55,M,0
43.9,15.2,5.3,6.9,289,28.7,34.6,82.8,34,M,0
30.6,12.749350256875191,3.67,8.715533393774555,267,27.3,33.6,83.7613927164082,5,M,0
37.7,13.0,4.44,4.8,280,28.2300392867936,33.3,91.2,58,M,0
36.9,12.776585031720126,4.544802055001511,8.715533393774555,136,29.2,33.33647627682079,84.61133272892113,29,F,0
39.6,12.4,5.6,7.904275674380181,495,22.1,31.3,70.7,65,F,0
40.59665293160274,13.3,4.599978833831657,1.9,135,26.47451905721869,32.0,67.58719285779881,14,M,0
