age,sex,bmi,children,smoker,region,charges
59,male,25.27,-1,no,southeast,5699.8375
54,male,40.92,0,yes,southeast,13270.422265141257
38,female,39.995,3,no,northwest,9704.66805
33,male,28.88,5,no,southwest,6666.243
54,male,17.4,3,yes,southwest,25382.297
5,female,25.08,0,yes,southeast,8501.549173804888
21,female,25.1,-1,no,northwest,25931.277950588115
18,male,17.29,3,yes,northeast,12829.4551
39,male,30.66339686098655,2,no,northwest,48885.13561
38,male,38.39,3,yes,northwest,41949.2441
58,male,27.55,1,no,northwest,13937.6665
19,male,29.07,0,yes,northwest,13270.422265141257
23,male,41.91,0,no,southeast,1837.2819
60,female,29.92,3,no,southeast,30942.1918
19,male,44.22,2,no,southeast,4266.1658
35,male,36.48,1,no,southeast,5729.0053
38,male,34.7,2,no,southwest,6082.405
39,male,30.66339686098655,0,no,northeast,19725.499683902788
27,female,43.29823857445972,1,no,southeast,10881.887926277159
42,female,37.9,-1,no,southwest,-14574.632071642922
28,male,24.3,5,no,southwest,5615.369
16,male,34.20815825210575,2,no,northeast,35501.15128108332
57,female,27.94,1,no,southeast,11554.2236
39,male,18.335,0,no,southeast,11534.87265
19,male,32.3,3,no,northwest,10269.46
64,female,31.825,1,no,northwest,16069.08475
34,male,27.78442238783317,2,no,northeast,27375.90478
19,female,34.7,1,no,southwest,36397.576
55,male,37.715,0,no,southeast,30063.58055
34,female,25.9,1,no,northwest,5472.449
19,male,29.1,2,no,southeast,11394.06555
39,male,16.0637490363718,2,no,northwest,23065.4207
54,male,34.21,2,yes,southwest,14319.031
39,female,25.3,0,no,northeast,13270.422265141257
21,female,42.09929122858878,0,no,northeast,44260.7499
20,female,30.66339686098655,0,yes,southeast,12363.547
24,female,35.532108576862534,0,no,southeast,3044.2133
20,male,44.22,1,no,southeast,3994.1778
32,female,40.89637724924604,4,no,northeast,2755.02095
43,male,41.65347489468248,2,no,southeast,42560.4304
51,male,25.4,0,no,southwest,13270.422265141257
37,male,23.666081265367037,2,no,northeast,7164.502917358411
42,male,30.66339686098655,1,no,southwest,7160.094
47,male,30.875,2,no,northeast,6334.34355
32,female,37.145,0,yes,northeast,5373.36425
63,female,30.66339686098655,3,no,southwest,25434.04547263302
50,female,33.06,2,no,northwest,34617.84065
49,male,35.86,0,no,northwest,-4600.140569408151
30,male,17.48,3,no,northwest,1621.3402
39,male,34.011996880483515,1,yes,southeast,21472.4788
56,female,28.215,0,no,southeast,13270.422265141257
37,male,37.51,2,yes,southeast,34789.56934277191
