age,sex,bmi,children,smoker,region,charges
60,female,28.385060949465004,0,yes,southeast,12648.7034
21,male,35.53,0,no,northwest,1532.4697
52,female,42.655,0,no,southeast,5757.41345
39,female,29.26,1,no,southeast,23218.530664896476
39,male,25.175,0,yes,southwest,13270.422265141257
25,male,35.625,2,no,northeast,12105.32
19,female,30.66339686098655,1,yes,southwest,5253.524
55,male,32.67,1,no,southeast,10807.4863
59,male,25.27,4,no,northwest,3044.2133
49,male,39.7,2,yes,southeast,11363.2832
51,male,35.394183808882005,1,no,northwest,1872.3578576475397
53,female,30.66339686098655,2,no,southwest,11163.568
58,female,23.6,2,no,southwest,4931.647
63,male,35.4,1,no,northeast,9144.565
21,female,34.6,2,no,southwest,2020.177
4,male,39.499061144729296,1,no,northwest,8428.0693
25,female,26.79,2,no,northwest,4189.1131
21,male,16.815,1,no,southeast,2103.08
36,male,25.84,0,no,northwest,17230.09930155921
39,female,32.5,1,no,southwest,6238.298
64,female,33.63,0,no,southwest,29192.01528053315
37,male,37.07,1,yes,southeast,39871.7043
31,male,28.29691766649653,0,yes,southeast,13270.422265141257
58,male,36.08,0,no,southeast,43921.1837
19,male,34.1,0,no,southwest,1261.442
52,female,27.74,0,no,northeast,29523.1656
