haematocrit,haemoglobins,erythrocyte,leucocyte,thrombocyte,mch,mchc,mcv,age,sex,source
40.0,12.9,4.82,6.962085695808451,158,26.8,32.3,85.57946875291633,32,M,1
36.38758241000921,13.1,4.03,19.08289996149236,150,32.5,33.3,86.3,17,F,1
38.22611060743427,15.4,5.16,2.607875783315343,294,29.3,34.5,84.9,25,M,0
44.42760917068826,15.552855318606309,4.96,5.8,372,28.4,34.6,85.7,36,M,0
32.0,11.0,4.544802055001511,3.8,317,29.1,34.4,78.4,43,F,0
29.0,13.1,4.250646141353904,4.431374982679134,288,20.84166281123345,34.0,73.9,6,F,0
38.8,10.582363013391642,4.27,8.6,361,28.2300392867936,33.29243069502435,92.6965647838728,27,F,0
30.6,9.8,4.1,19.2,155,23.9,32.0,74.6,26,F,1
38.5,9.6,4.69,3.8,212,28.6,36.4,90.8,24,F,1
30.5,12.749350256875191,3.17,9.8,472,31.5,32.8,96.2,26,M,1
25.9,12.2,6.1,7.1,258,25.173316504108843,34.13505663490935,82.1,66,F,1
31.8,12.8,4.42,8.715533393774555,236,28.4,33.2,87.3,46,F,0
50.9,15.0,4.544802055001511,10.4,402,25.6649029563543,33.33647627682079,84.61133272892113,64,M,1
39.0,13.0,3.93,12.5,164,33.1,33.18263151146511,111.33479587269255,76,F,0
38.7,13.1,4.7323518456759714,8.7,270,31.0,33.9,91.5,72,M,0
40.9,14.3,4.67,7.5,216,30.6,35.0,84.61133272892113,62,M,0
38.4,11.011993693136219,3.4943317816032256,7.5,325,28.837324700981494,33.1,81.9,46,M,0
38.22611060743427,15.1,5.65,12.8,307,27.3,33.33647627682079,84.2,46,M,0
29.4,9.8,2.09,10.4,378,18.9,35.8,88.0,57,M,0
44.2,12.749350256875191,4.88,7.2,324,30.3,33.5,90.6,77,M,0
37.1,13.343550956064924,4.98,4.9,258,24.3,32.6,74.96822055274824,72,F,0
32.683264600480044,9.1,2.95,6.5,224,30.8,38.1,81.0,70,M,1
49.431915552942606,12.5,5.476354530515392,6.5,348,21.1,35.463398747197495,76.2,74,M,0
40.0,13.7,4.83,8.715533393774555,33,29.0,34.3,82.8,49,M,0
37.1,12.5,3.36,11.2,162,28.2300392867936,33.7,79.1,30,M,1
40.7,9.9,4.6,6.3,208,30.0,29.8,88.5,60,F,0
