haematocrit,haemoglobins,erythrocyte,leucocyte,thrombocyte,mch,mchc,mcv,age,sex,source
31.0,7.2,3.89,6.5,356,26.2,32.9,79.7,71,F,0
26.456539724783863,11.4,5.44,8.715533393774555,309,29.6,34.6,87.6,59,F,1
29.73637518358093,14.5,4.94,7.3,258,29.4,36.1,84.61133272892113,60,F,0
34.1,10.609434767764597,4.73,40.9,566,18.8,26.1,72.1,50,F,1
25.9,12.778752051366055,2.98,2.2,76,25.5,31.7,80.4,26,M,1
38.6,12.8,4.42,18.4,236,29.0,33.2,80.9,82,F,1
47.10936555239906,12.749350256875191,5.44,8.9,39,32.01251108542603,33.33647627682079,85.5,30,M,1
38.22611060743427,12.6,4.544802055001511,8.715533393774555,148,28.4,33.2,84.61133272892113,5,M,0
34.4,11.3,4.73,8.9,346,23.9,34.21076773296917,72.7,9,M,0
46.49094284533337,6.0,3.86,3.8,220,30.3,27.1,83.12994296684457,37,M,0
44.7,15.0,5.558834486203206,6.5,332,28.0,33.6,83.4,46,F,1
40.2,13.9,4.41,5.5,203,18.6,33.8,91.2,80,M,0
19.7,10.7,3.45,15.237822077367142,308,27.878114761884756,35.5,87.2,34,M,1
33.6,10.3,3.72,14.0,304,27.7,31.25911779340126,90.3,67,F,0
33.7,10.576504195766553,4.544802055001511,3.3188594774732136,207,28.5,33.5,83.3,43,F,0
45.3,10.6,4.684465945502499,9.930071195631669,326,28.2300392867936,34.0,87.3,10,M,0
37.0,14.288993376438945,3.83,7.4,265,34.2,35.10329646496897,95.8,62,M,0
30.6,15.4,6.24,20.8,139,30.778796560991463,34.6,82.5,81,M,0
40.3,13.4,4.39,24.6,163,30.5,33.3,91.8,82,M,1
39.1,13.0,4.75,2.5,54,32.0,33.60038372292527,77.17188141568386,11,F,1
38.22611060743427,16.1,3.48,1.8,258,29.6,34.6,86.6,20,F,0
32.5,11.0,3.4756510046188493,5.746273276546969,135,28.2300392867936,33.8,83.03935495512647,76,M,1
41.3,12.0,4.04,9.1,251,29.7,33.6,88.4,62,F,0
30.1,6.5,2.09,24.6,128,31.910487535885533,33.0,94.3,46,F,1
31.6,12.749350256875191,3.55,7.3,430,27.6,33.33647627682079,80.09651689805105,77,M,1
44.1,14.4,4.896382576567109,8.7,390,15.5,34.6,92.8,69,M,0
