,synth,train,val,test,synth_value,real_value,jsd,wasserstein,diff_corr,dcr_rf,nndr_rf,dcr_rr,nndr_rr,dcr_ff,nndr_ff
0,0\synth.csv,0\train.csv,0\val.csv,0\test.csv,0.6115702479338844,0.6454183266932271,0.013352163100938884,0.01023883820423648,0.35210687663512025,0.35739064301832135,0.5145155476463235,0.398074352757757,0.5208718334592021,0.371008188295758,0.5435816766525733
1,1\synth.csv,1\train.csv,1\val.csv,1\test.csv,0.5651302605210421,0.6035502958579881,0.0181987809454812,0.009525289476421074,0.34724740229851014,0.35829975529350305,0.5104486239669722,0.40128924480244493,0.5217034059483369,0.3992716320114697,0.5538754099110156
2,2\synth.csv,2\train.csv,2\val.csv,2\test.csv,0.60813704496788,0.5750528541226215,0.04017624158654527,0.005454890550863545,0.32749621487944575,0.3440857246560466,0.48346882001490077,0.391240014065082,0.4975527914636806,0.3821413496324203,0.5243102663413063
3,3\synth.csv,3\train.csv,3\val.csv,3\test.csv,0.5504587155963303,0.625,0.036895582055402804,0.01457211886486479,0.43302683915229384,0.42050495353176576,0.567208377216632,0.40578234191037704,0.5144504354962349,0.41566487371255945,0.582286647146382
4,4\synth.csv,4\train.csv,4\val.csv,4\test.csv,0.5980861244019139,0.6612244897959185,0.03890320420782586,0.007877159237028673,0.2563783389916631,0.40007516726409476,0.5502084169253003,0.39968857645640016,0.5212078162604378,0.40174694075462564,0.5631501092583643
