age,sex,bmi,children,smoker,region,charges
49,male,30.404190083669477,1,no,southwest,39774.2763
59,male,32.395,1,no,northeast,33243.33942929257
47,male,27.645,2,no,southeast,24535.69855
19,male,34.4,2,no,northwest,1261.859
18,female,37.892998205826956,2,no,northeast,2217.6012
37,female,26.4,1,yes,southeast,19539.243
27,male,45.9,2,yes,southwest,3693.428
44,female,40.66,0,no,northeast,13270.422265141257
36,female,28.88,3,yes,northeast,6748.5912
28,male,40.48,0,no,southeast,8974.28984633688
52,female,46.75,5,no,southeast,12592.5345
26,male,34.32,1,no,southeast,20420.60465
43,male,39.93,1,no,southeast,37165.1638
34,female,20.9,1,no,southwest,5012.471
49,female,42.68,2,yes,southeast,9800.8882
39,male,34.916045826727604,0,no,northeast,2198.18985
55,female,32.775,2,no,northeast,-971.9022992485516
51,male,24.795,0,no,southeast,23967.38305
33,male,35.53,0,no,northwest,23738.41019082041
35,male,30.66339686098655,1,yes,northwest,7441.053
19,male,22.35318233002765,0,yes,northwest,17468.9839
63,female,31.8,0,no,southwest,13270.422265141257
20,female,24.42,1,yes,northwest,26125.67477
64,male,37.905,1,no,southeast,23288.9284
39,female,30.66339686098655,0,no,southeast,10601.63225
24,male,24.42,0,yes,southeast,21223.6758
