haematocrit,haemoglobins,erythrocyte,leucocyte,thrombocyte,mch,mchc,mcv,age,sex,source
32.701702006778895,12.749350256875191,5.458353533494354,8.715533393774555,391,17.0,31.14761201747527,93.0,83,F,1
26.1,12.3,4.42,2.733148563146437,60,34.2,30.5,83.46032430502281,37,F,1
38.9,12.8,3.44,20.0,75,31.1,35.246558052476516,91.45643724642214,83,M,1
38.22611060743427,14.7,4.544802055001511,12.5,294,30.629612840736065,33.8,85.1,46,M,0
41.8,13.0,4.88,15.0,283,21.157818720908,31.6,84.4,-5,F,0
49.8,4.6,5.8,9.5,258,30.9,35.9,94.02395488988671,38,M,0
36.9,12.4,4.54,17.19352152718129,205,27.3,33.33647627682079,81.3,5,F,0
36.6,12.0,4.16,5.4,365,28.8,32.8,88.0,38,M,0
42.5,7.84409301430075,5.29,4.3,162,27.8,34.6,84.61133272892113,22,M,1
52.490702009972786,17.726842693164553,4.25,6.6,210,25.9,35.2,83.0,24,M,0
42.9,14.1,3.15,8.0,304,28.4,32.9,86.5,45,M,0
35.4,11.8,3.82,10.174672177988633,309,30.9,33.3,92.7,72,M,0
37.6,12.7,4.52,8.715533393774555,208,28.1,33.33647627682079,83.2,91,F,1
41.3,14.2,4.8339046677047115,13.5,421,27.8,34.4,84.9,38,M,0
30.9,13.227033797858399,3.63,10.8,450,28.7,34.006065483455515,85.1,44,M,0
31.6,11.0,3.84,26.8,215,28.3,34.8,84.61133272892113,66,F,1
49.3,12.749350256875191,4.835181956986651,5.7,169,25.7,32.7,78.6,25,M,1
38.1,11.6,4.544802055001511,6.6,258,28.2300392867936,30.4,63.2,36,M,1
48.09861168032093,15.0,5.2,4.9,301,28.8,33.93775307635975,84.2,23,M,0
43.7,13.9,4.5,11.5,169,26.0,31.8,81.8,60,F,1
48.41543487747608,14.9,4.415967866103997,5.3,65,27.152989981636612,31.6,90.45153895862639,60,F,1
15.3,5.1,1.8,6.142432274437841,246,28.6,33.3,85.0,79,F,0
37.6,10.7,3.59,3.9,258,35.7,34.0,104.7,85,M,0
31.8,12.6,4.76,14.5,396,28.2300392867936,32.4,81.7,68,F,1
38.22611060743427,15.5352286954232,5.34,3.3,126,28.61899113271456,34.0,80.8,30,F,0
48.3,16.8,5.62,1.2,308,29.9,31.8,85.9,46,M,0
