age,sex,bmi,children,smoker,region,charges
42,male,26.03,0,no,northeast,-1622.8725205175124
56,female,30.032371525471817,1,no,southwest,11674.13
50,female,28.12,3,no,southwest,11085.5868
44,male,24.64,0,no,northeast,13270.422265141257
64,female,30.305,0,no,southeast,6500.2359
28,female,31.8,0,no,southeast,4544.2348
32,male,32.6,0,no,southeast,3994.1778
58,male,30.66339686098655,0,no,southwest,15543.177518575747
39,male,32.131361846109215,1,no,southeast,43578.9394
20,female,32.395,1,no,northwest,11833.7823
43,male,44.22,2,yes,northwest,7441.501
49,male,26.8,0,no,southwest,8116.68
64,male,26.885,0,no,southeast,21774.32215
32,female,30.66339686098655,1,no,southeast,28826.55262769294
23,female,19.60359721590528,0,no,southwest,2396.0959
36,male,33.82,1,no,northeast,5377.4578
38,female,28.025,1,no,northeast,6067.12675
37,male,29.64,2,no,northwest,5028.1466
57,female,23.18,0,yes,northwest,-8137.151148406136
36,male,30.66339686098655,0,no,northwest,11353.2276
25,male,33.66,1,no,southeast,4504.6624
39,male,29.217129445414667,2,yes,southeast,4795.6568
27,male,31.4,1,no,southwest,3659.346
35,male,34.1,0,no,southeast,13270.422265141257
30,male,24.61976201734056,1,yes,southeast,8501.800045241296
33,female,39.82,0,no,northwest,12925.886
39,male,24.292033491400197,2,no,southeast,13270.422265141257
34,female,47.6,2,yes,southwest,46113.511
43,male,38.19,2,no,southeast,10713.447772038126
38,female,19.782744408593917,2,no,northeast,7144.86265
39,female,21.755,0,no,southwest,4134.08245
60,female,40.73384542236232,0,yes,southwest,12644.589
39,female,33.11,0,no,southeast,34439.8559
46,male,30.66339686098655,1,yes,southeast,7742.1098
30,female,17.195,1,yes,northeast,5966.8874
54,male,29.2,4,no,southeast,10436.096
26,male,31.02,1,no,northeast,26745.55156619026
33,female,26.9,0,yes,southwest,13270.422265141257
38,male,21.12,3,no,southeast,6652.5288
19,male,33.1,0,no,southwest,23082.95533
36,male,28.88,1,no,southwest,13270.422265141257
42,male,26.125,4,no,northeast,7729.64575
40,male,28.975,3,yes,northeast,-14737.348494115808
46,female,28.9,2,no,northeast,8823.279
35,female,31.0,1,no,southwest,5240.765
58,female,22.77,3,no,southeast,2362.22905
32,female,30.66339686098655,1,no,northeast,10318.005958921989
37,male,23.37,2,no,northwest,5439.639590058442
31,female,35.3,0,no,northeast,4040.55825
20,male,36.806476547013425,2,no,southeast,2104.1134
47,female,26.993137070244597,-1,yes,southeast,17085.2676
51,female,36.385,5,no,northwest,21259.37795
