age,sex,bmi,children,smoker,region,charges
38,male,31.0,1,no,southwest,5488.262
31,female,30.23050698576575,1,no,northwest,45008.9555
24,male,29.83,1,yes,northeast,18648.4217
55,female,28.975,0,no,northwest,12921.534192285291
19,male,21.89,0,yes,southwest,16884.924
42,female,37.513271642061426,1,no,northwest,21348.706
44,male,36.07239874508933,1,no,northwest,2730.10785
39,female,32.34,0,no,northwest,7633.7206
34,female,27.5,2,no,southwest,5003.853
39,male,31.608401529378725,3,yes,southeast,28112.727468946836
56,female,20.235,2,no,northwest,11658.11505
16,female,32.78,2,yes,southeast,27049.35607047895
34,male,30.66339686098655,0,no,northeast,4906.40965
52,female,41.895,1,no,southeast,10043.249
19,female,33.1,0,no,southwest,-6323.492185306233
62,female,32.965,3,no,northwest,15612.19335
39,male,22.77,1,no,northeast,7518.02535
82,female,23.655,0,no,northwest,25678.77845
35,male,26.942338372758964,0,no,northwest,1632.03625
29,female,27.94,1,no,southeast,13270.422265141257
29,female,35.8,1,no,northwest,11674.13
40,male,36.949387548193776,0,no,northeast,35272.73391948607
44,female,27.265,1,no,northwest,6555.07035
63,male,30.66339686098655,0,no,northwest,13390.559
62,male,30.21,1,yes,northwest,43943.8761
35,male,27.1,0,no,southwest,4746.344
33,female,30.66339686098655,2,no,southeast,3766.8838
35,male,36.19,0,yes,southeast,13270.422265141257
54,male,26.7,0,yes,northeast,19521.9682
50,male,30.66339686098655,1,no,northeast,4661.28635
40,male,41.42,1,no,northwest,28476.73499
39,male,39.8,1,no,southeast,15170.069
32,male,30.237282551018957,1,no,southeast,-2000.5427313088812
58,male,29.5,1,no,southwest,11345.519
47,female,33.44,1,no,southeast,13423.348491518578
40,female,30.230751407468848,2,no,northwest,13270.422265141257
37,female,28.88,1,no,northeast,9249.4952
52,male,19.791795857435048,1,no,southwest,13270.422265141257
40,female,29.26,0,yes,southwest,11138.607916179957
58,female,45.32,0,no,southeast,12231.6136
26,male,17.67,1,no,southeast,1137.4697
48,female,44.7,2,yes,southeast,11411.685
34,male,42.13,0,no,southeast,5124.1887
39,female,25.365,0,no,northeast,11833.7823
46,male,37.07,5,no,southeast,18328.2381
18,male,30.66339686098655,1,no,southeast,5529.454947887575
51,male,22.939096009738773,2,yes,northwest,23967.38305
18,female,21.66,1,yes,northwest,10369.036177851192
19,female,30.02,0,yes,northwest,33307.5508
47,male,27.645,1,no,northwest,13270.422265141257
48,female,32.3,2,no,northeast,7323.734819
48,female,28.9,0,yes,southeast,8277.523
