age,sex,bmi,children,smoker,region,charges
43,male,27.8,0,no,southwest,13270.422265141257
54,female,30.66339686098655,1,yes,southeast,2201.0971
18,male,26.125,0,no,northeast,1708.92575
25,male,35.625,0,no,southeast,2534.39375
45,male,39.805,1,no,northeast,7448.40395
51,male,18.05,0,no,northwest,9644.2525
39,male,39.5,0,no,southwest,1682.597
39,male,30.59,0,no,northwest,13507.257088108341
19,male,32.3,1,no,southeast,1720.3537
37,male,28.1,2,no,northwest,6203.90175
57,female,31.825,0,no,northwest,11842.62375
46,female,30.556952570392063,1,no,southwest,13270.422265141257
46,female,29.701648995581692,0,no,southwest,8825.086
42,male,31.19929014233546,1,no,northeast,4719.52405
50,female,39.34379066629444,4,no,northwest,9048.0273
39,male,31.388649203296467,1,no,northeast,2566.4707
30,male,20.6,3,yes,southwest,9264.797
25,female,25.41,1,yes,southeast,21978.6769
28,male,23.1,0,no,southeast,2483.736
26,male,27.265,4,no,southeast,4661.28635
44,male,39.0966669906809,2,yes,southeast,42969.8527
39,male,28.1,3,no,northwest,10965.446
36,male,36.08472974474128,-1,no,southeast,4889.0368
26,female,30.66339686098655,2,yes,southwest,14455.64405
56,male,34.01,0,no,southeast,26467.09737
24,female,34.02285840004927,1,no,southwest,4234.927
27,female,42.13,0,yes,southeast,23967.38305
45,female,33.1,0,yes,southeast,13270.422265141257
51,female,39.05,3,no,southeast,3947.4131
25,male,24.985,2,no,northwest,21344.8467
64,male,27.55,1,no,northeast,13217.0945
53,female,28.025,3,no,northeast,25312.713395243023
37,male,27.4,0,no,northwest,13270.422265141257
32,male,33.66,1,no,northwest,-765.9088676786287
39,female,35.53,0,yes,southeast,35160.13457
33,male,35.75,1,no,northwest,18218.16139
27,female,32.395,1,no,northeast,18903.49141
25,male,20.8,1,no,southwest,5000.856756344336
53,male,36.6,3,no,southeast,11264.541
59,male,31.35,1,no,southeast,12622.1795
24,male,24.51,0,no,northeast,1705.6245
32,male,41.446345304067606,3,no,southeast,22607.966087770754
31,male,30.66339686098655,2,no,northwest,39611.7577
48,male,28.88,3,no,southwest,13270.422265141257
36,male,24.32,2,no,northwest,25735.241663482888
15,female,30.03,1,no,southeast,3804.9968611559934
35,male,30.66339686098655,3,no,northeast,20234.85475
76,female,30.66339686098655,3,no,northwest,14385.03736925497
27,male,20.7,2,no,southwest,-8772.105272692537
38,female,29.59,3,no,southwest,7151.092
25,female,33.80004176396833,1,no,southeast,4889.9995
18,male,23.085,0,no,northeast,-16864.523009362038
