haematocrit,haemoglobins,erythrocyte,leucocyte,thrombocyte,mch,mchc,mcv,age,sex,source
30.6,12.9,4.37,8.5,350,29.5,36.82939307502276,85.1,48,M,0
39.5,13.7,4.6,7.640161973892753,438,28.2300392867936,34.6,90.02936011104839,50,F,1
45.7,12.749350256875191,4.52,8.715533393774555,59,26.180066634424186,31.9,82.5,21,M,0
29.8,10.1,3.3556203588747513,7.8,239,29.4,33.9,86.6,91,F,1
33.9,11.4,4.08,17.848562848819874,74,27.9,33.6,83.1,65,M,1
40.2,12.8,5.44,6.0,519,29.864358030081004,31.8,81.4,11,F,0
47.1,16.0,4.94,8.9,39,32.2,34.0,86.6,9,M,1
41.09610242516275,10.3,4.415440953216375,3.9,107,28.4,33.2,98.8,30,M,0
34.4,11.3,4.73,8.9,258,23.9,32.8,72.7,30,M,0
44.78198688474251,12.61824960412148,3.86,3.8,122,28.2300392867936,27.457636691313656,91.2,38,M,1
44.7,5.8,5.36,6.5,258,28.0,33.6,83.4,32,M,1
38.22611060743427,13.9,4.41,18.607888524084757,356,27.6,34.7,57.3,80,M,1
30.1,10.7,3.45,10.2,308,31.0,35.5,84.61133272892113,81,M,0
33.6,12.6,3.72,8.715533393774555,67,27.7,33.33647627682079,84.61133272892113,46,F,0
43.41848664703528,10.346159684238048,4.53,7.8,207,28.5,33.5,83.27294930754803,39,F,1
45.3,15.4,4.544802055001511,17.2,311,29.7,34.0,87.3,50,M,0
36.7,13.1,3.83,7.3,265,28.147803991526608,33.33647627682079,87.91735416642149,68,M,0
37.2,12.749350256875191,4.544802055001511,20.8,110,28.6,34.6,77.47923336282156,34,M,1
40.3,13.4,4.39,8.0,163,30.5,35.22239426787588,79.1,82,M,0
38.22611060743427,12.597217731974787,4.75,11.6,54,27.4,33.2,82.3,11,F,0
46.5,16.1,6.0529146972730645,1.8,144,23.9,27.1,85.5,46,M,0
32.5,11.0,3.72,8.9,135,29.6,31.00038988581771,87.4,76,M,1
49.3,10.238362722036808,4.04,10.397245280947214,259,29.880306408165215,33.6,88.4,89,F,0
19.7,6.5,2.09,24.6,128,31.1,30.0,94.3,74,F,0
28.86637112982785,8.9,4.54,7.3,430,31.5,31.0,89.0,17,M,1
44.1,14.4,3.9531092017711162,13.7,203,30.3,32.7,92.8,69,M,0
