haematocrit,haemoglobins,erythrocyte,leucocyte,thrombocyte,mch,mchc,mcv,age,sex,source
39.0,14.8,3.57,5.5,234,30.9,33.33647627682079,89.9,28,F,1
44.7,12.749350256875191,5.12,4.4,384,24.515062762671047,35.270774026130695,87.3,30,M,0
40.3,12.8,4.68,9.4,431,27.4,31.8,86.1,45,F,1
30.4,10.5,3.19,9.1,184,35.854371534734085,32.4,95.3,46,F,0
37.8,12.5,4.03,27.8,44,31.0,33.1,84.61133272892113,74,M,1
42.7,14.3,4.83,7.11477483924492,261,29.6,34.0,88.4,51,M,0
48.6,15.9,5.1523358643179815,10.3,34,26.6,32.7,85.1,44,M,1
38.22611060743427,14.79663997644482,3.53,17.2,369,30.9,35.7,86.4,81,M,1
31.4,12.7,3.0929974559875864,8.715533393774555,145,27.7,33.5,73.9,29,F,0
38.22611060743427,13.2,4.544802055001511,4.7,258,26.3,32.7,80.8,34,M,0
33.6,10.0,4.53,12.040483742242726,437,22.1,29.8,74.2,21,F,0
35.3,6.7,3.66,5.8,167,26.9,33.7,79.7,46,M,1
41.3,12.749350256875191,4.38,5.3436569002246035,110,32.075107195427144,35.1,94.3,40,M,0
35.5,12.0,4.544802055001511,3.9,258,29.1,33.8,84.61133272892113,70,M,0
40.4,13.2,5.47,13.9,6,32.980099024178635,32.7,81.7,-9,F,0
44.9,13.4,5.35,5.1,378,27.7,33.0,85.24733754997003,46,M,0
37.4,11.1,4.04,6.3,116,28.2300392867936,33.33647627682079,82.4,54,M,1
27.5,11.511019561557736,3.91,2.321044650135013,403,28.2300392867936,34.4,76.59339732486981,36,F,1
24.7,8.5,4.729740544531806,4.7,434,20.4,30.6,96.9,14,F,0
29.9,13.769365477547682,4.43,13.2,130,28.7,32.62101654410109,81.7,39,F,1
43.7,14.5,4.99,8.715533393774555,238,30.7,33.2,87.6,57,M,0
35.077508166669425,12.0,4.35,9.6,280,27.6,32.463641600616626,77.9221914226131,85,F,0
41.52111357119575,11.5,5.36,7.0,256,21.5,31.9,72.4,28,F,0
54.84633766825786,16.53234204245108,4.4030024742003615,7.0,344,29.5,33.0,92.09166870965694,56,M,1
35.096274543425245,11.8,4.57,6.5,332,26.9,32.31000600367759,82.7,32,M,0
28.9,6.2,2.02,18.1,527,29.1,35.0,87.6,28,M,0
