age,sex,bmi,children,smoker,region,charges
26,female,18.099608656581726,2,yes,northeast,14455.64405
27,male,23.9,1,yes,northwest,1622.1885
50,male,30.97,3,yes,southeast,17763.60683703527
34,female,27.55,0,no,southeast,1634.5734
18,male,27.5,1,no,southeast,5003.853
52,female,30.66339686098655,1,no,northeast,10797.3362
46,male,25.745,1,no,southwest,24476.47851
31,female,23.6,2,no,northwest,18033.9679
54,female,24.889760646913196,3,no,northwest,12479.70895
55,male,40.26,1,no,northwest,13937.6665
31,female,36.63,1,no,southeast,4949.7587
63,male,31.445,0,no,northeast,13974.45555
49,male,25.84,2,yes,northwest,4266.1658
53,female,34.98570078823705,2,no,southeast,6881.562669157651
40,male,31.73,4,yes,northeast,36189.1017
43,male,31.68,2,no,southwest,19798.05455
39,female,26.885,0,no,northwest,13270.422265141257
14,female,34.9,0,no,southwest,4274.97245584825
63,female,31.8,0,no,northeast,13880.949
55,male,30.86520199448236,5,no,northwest,10601.63225
43,male,35.31,2,no,southeast,18806.14547
39,female,30.02,0,no,southeast,9301.89355
59,male,27.5,1,yes,southwest,12333.828
46,male,30.66339686098655,1,no,southeast,13270.422265141257
60,female,28.7,1,no,southwest,21783.869768955246
60,male,37.335,1,yes,northeast,4667.60765
