age,sex,bmi,children,smoker,region,charges
64,female,32.965,0,no,southeast,14692.66935
20,female,30.59,0,no,northeast,1633.9618
60,female,28.31,0,yes,southwest,13270.422265141257
39,female,29.81,1,yes,southeast,27533.9129
48,female,36.575,1,no,northwest,13270.422265141257
46,male,33.155,5,yes,northeast,8538.28845
19,male,35.1,2,no,southeast,12644.589
18,male,31.305373249720382,1,no,southwest,1727.54
35,female,36.67,2,no,northeast,39774.2763
51,male,26.41,1,no,northwest,8827.2099
20,male,30.66339686098655,1,no,southeast,6112.35295
45,female,28.783362545320056,0,no,southeast,7348.142
40,male,31.459491269886403,2,yes,northwest,40003.33225
19,female,43.4,1,yes,southwest,34828.654
33,female,32.7,3,no,northwest,5972.378
62,male,39.93,0,no,southwest,12982.8747
22,male,34.8,3,no,southeast,3443.064
30,male,43.255274527617885,2,no,southeast,52333.94524372547
47,male,25.41,1,yes,southeast,21978.6769
37,male,24.51,-1,no,northeast,13270.422265141257
24,male,47.61106759304373,0,no,southeast,38126.2465
53,female,29.7,0,no,southwest,1615.7667
54,female,27.491616678685876,0,yes,southeast,40974.1649
39,male,34.1,2,no,southeast,9391.346
55,male,27.62920378974353,3,no,southeast,19081.5716507842
19,female,30.66339686098655,1,no,northwest,2709.1119
67,male,31.825,2,no,southeast,16069.08475
61,male,34.9,4,no,southeast,12574.049
18,male,29.165,0,no,northeast,7323.734819
30,female,30.348219497968564,0,no,southeast,25860.785602941418
74,female,27.06,2,yes,southeast,13270.422265141257
18,male,26.125,0,no,southeast,41329.34607747516
19,male,44.22,0,no,northwest,12982.8747
63,female,29.7,2,no,southwest,28834.241076459548
27,male,28.5,0,yes,northwest,13937.6665
60,male,30.66339686098655,-1,no,northwest,12523.6048
36,male,28.6,1,no,northwest,24855.879595329487
45,male,37.3,1,no,southwest,8232.6388
46,female,41.8,0,yes,southwest,10795.93733
18,female,38.28,3,no,northwest,17690.11214204001
18,male,34.92934334387725,0,no,southeast,1631.6683
39,female,29.8,1,no,southwest,23272.743739004676
26,male,34.137246635623185,2,no,southeast,2459.7201
43,male,32.6,0,no,southwest,24429.629916962258
39,male,30.66339686098655,0,no,northwest,15213.67952382248
31,male,45.9,0,no,southwest,3693.428
41,female,34.105,3,no,southwest,16232.847
39,male,27.55,0,no,southwest,8116.68
37,female,30.66339686098655,2,no,northwest,7261.741
39,male,24.795,1,no,northwest,10942.13205
39,female,26.315,3,no,northwest,13270.422265141257
30,female,35.15,2,no,southeast,7448.40395
