age,sex,bmi,children,smoker,region,charges
38,male,28.025,1,no,northeast,6067.12675
22,female,31.139982153130514,0,no,southwest,2166.732
39,male,33.63,5,no,northwest,13270.422265141257
31,female,29.15,1,no,southeast,21250.38330059385
29,male,27.94,0,no,southeast,13270.422265141257
51,male,23.655,0,yes,northwest,2899.48935
23,female,41.47,1,no,northwest,10977.2063
24,female,31.839953192602586,4,no,northwest,11436.73815
62,male,30.66339686098655,1,no,northeast,15010.469576113437
29,male,35.35509858686741,0,yes,southeast,44585.45587
25,female,24.273170557693,3,no,northwest,14382.70905
23,male,32.34,1,no,southeast,3875.7341
43,male,35.97,1,no,southeast,42124.5153
34,female,34.21,0,no,northwest,3935.1799
22,female,27.90526627609115,0,no,northeast,2154.361
32,female,35.815,1,no,southeast,3994.1778
36,male,25.633635555939836,3,no,northeast,9500.57305
37,female,24.795,1,no,southeast,21082.16
54,female,31.9,3,yes,southeast,38260.35398795892
71,male,30.66339686098655,0,no,northeast,1705.6245
39,male,30.66339686098655,1,no,southeast,2257.47525
46,male,25.8,1,no,southwest,10096.97
39,male,42.655,0,no,southeast,11306.577344511637
18,male,27.620789831652353,1,no,southeast,1711.0268
19,male,28.6,5,no,southeast,4687.797
51,male,26.26505299552203,2,no,northeast,4449.462
47,male,47.52,1,no,southeast,-734.2554329441318
64,female,26.505,0,no,southwest,1969.614
44,female,36.56137348055671,0,no,northeast,14319.031
44,male,29.735,2,no,southeast,13270.422265141257
29,male,31.79,0,no,northeast,13270.422265141257
39,male,30.66339686098655,5,no,southeast,6653.7886
55,male,36.52,1,no,southeast,13270.422265141257
41,female,30.78,2,yes,northeast,39597.4072
32,male,32.11,2,no,southwest,39887.18296637811
21,male,20.235,3,no,southwest,9549.5651
29,male,41.14,0,no,southwest,1146.7966
35,male,17.86,1,no,northwest,5116.5004
39,male,46.09,0,no,southeast,8124.4084
45,male,30.66339686098655,4,no,southeast,7445.918
56,male,32.11,2,no,southwest,2207.69745
33,male,24.605,3,no,northeast,5257.50795
50,male,35.86,1,no,southeast,3861.20965
18,male,26.73,0,no,southeast,1615.7667
-4,male,43.4,1,no,southeast,15017.240195485076
58,female,22.77,-1,no,southeast,28964.06601153373
39,male,41.23,0,no,southwest,2203.47185
47,male,36.228462618879604,1,no,southwest,8068.185
61,male,28.975,0,no,southwest,12574.049
39,male,35.3,2,yes,southwest,18385.130460892957
39,female,29.92,3,yes,southeast,5478.0368
7,male,26.125,0,no,northeast,21330.178480248906
