haematocrit,haemoglobins,erythrocyte,leucocyte,thrombocyte,mch,mchc,mcv,age,sex,source
44.0,15.1,5.21,5.9,279,29.0,34.909467522869974,88.8,26,M,0
44.3,15.1,7.4992362488887885,9.1,387,29.5,34.1,86.7,53,M,1
38.22611060743427,15.2,4.544802055001511,12.788454524172222,238,27.6,33.33647627682079,74.2,55,M,0
31.1,14.7,4.57,11.6,578,32.2,31.7,95.0,59,M,1
45.5,14.7,5.42,2.0,317,27.1,32.3,85.63533580381433,67,M,0
41.5,12.749350256875191,5.42,6.771930419554784,258,29.50785390157601,34.9,72.93949683564179,46,F,0
40.2,13.3,5.314889971646556,6.5,354,30.7,33.1,92.8,58,F,1
31.131034050904994,9.4,4.13,7.0,275,18.0,31.6,84.61133272892113,90,M,0
38.0,11.9,4.16,5.0,472,22.5,31.3,71.8,42,F,0
52.2,13.2,7.63,6.8,328,28.396810447866184,34.3,83.6,42,M,1
38.22611060743427,11.721287548435566,4.9,14.1,42,26.9,35.30626355709874,89.0,1,F,1
43.0,14.2,4.544802055001511,8.715533393774555,538,29.986318443845388,33.0,83.5,45,M,0
33.6,12.749350256875191,4.634590658713045,10.9,673,22.1,36.4,83.1,50,F,0
43.4,18.2,5.06,3.1,258,28.2300392867936,28.0,61.5,1,F,0
33.2,10.1175227594362,3.87,14.3,161,29.5,32.5,79.0,32,F,0
41.80029315540946,14.2,4.47,5.4,324,30.0,33.33647627682079,88.1,15,F,0
34.5,11.3,3.71,8.715533393774555,274,30.5,33.601875568416304,95.44018168316649,64,M,1
42.7,10.207379985435418,5.5,11.1,36,22.9,31.7,68.7,39,M,0
21.650677932172332,12.0,5.5,15.327740421673095,346,28.2300392867936,32.1,67.0,68,M,0
41.7172155380537,13.922312945129763,3.41,11.2,292,26.1,32.4,80.6,65,F,1
45.7,15.8,5.28,3.1,173,29.9,34.6,86.6,6,F,0
42.8,15.7,3.998595605683374,4.7,25,29.2,36.32262223080182,80.57508448655057,34,M,1
34.6,11.7,5.29,11.1,85,28.1,33.8,83.2,53,F,0
43.2,12.5,5.09,6.1,230,28.9,34.0,84.9,72,F,0
42.3,14.4,5.32,4.8,252,27.1,34.0,79.5,12,F,0
47.7,16.4,5.4,3.0838446889670874,304,29.064318361600968,34.4,84.61133272892113,46,M,0
