haematocrit,haemoglobins,erythrocyte,leucocyte,thrombocyte,mch,mchc,mcv,age,sex,source
45.8,14.471513090121736,5.36,7.0,275,28.2,31.6,85.4,-14,M,0
45.9,14.05541496808319,4.334509952190614,12.7,343,28.1,33.5510332458491,84.4,48,F,1
41.9,10.370199116095815,4.67,3.5,258,34.67681981286042,34.4,89.7,18,F,0
44.8,14.5,4.87,6.8,258,30.162946589225445,33.4,89.1,47,M,0
44.5,14.7,4.646876096784692,9.67237411779777,335,29.3,33.0,88.8,32,F,0
36.3,9.0,5.1,0.7850377392571719,262,23.5,33.1,71.2,3,M,0
38.2,12.2,4.36,9.2,492,28.0,31.28866970808001,87.6,72,M,0
30.26654865917333,14.336097713281244,5.74,6.5,122,30.6,33.33647627682079,80.8,43,M,0
38.22611060743427,15.4,4.97,4.3,290,28.4,38.4,85.3,46,F,0
48.8,16.7,5.64,4.5,59,31.20067194445606,34.2,82.7,43,M,1
43.7,14.3,5.42,9.9,240,28.5,32.7,83.8260637774679,33,M,1
40.2,12.749350256875191,4.41,11.0,267,29.5,32.3,84.61133272892113,59,M,1
41.6,13.4,5.03,8.0,286,26.6,32.2,86.5,43,F,0
47.77821767233382,13.3,4.544802055001511,8.715533393774555,332,19.3,34.0,90.09550074680145,43,M,0
23.5,14.0,4.544802055001511,18.7,358,25.907099265464815,32.746960510750036,100.2,81,M,0
31.0,9.6,4.930457739321633,12.8,251,29.0,31.0,62.2,53,F,1
41.7,13.6,5.13,-0.40623798749289897,288,26.5,32.6,86.34697543117781,73,M,0
47.6,16.2,3.98,8.715533393774555,249,27.3,32.4,67.2,82,M,0
30.107788634368127,12.749350256875191,5.94,6.2,279,28.9,33.4,79.7105660430778,41,F,1
31.9,3.8,5.56,6.3,226,29.0,34.3,84.5,51,F,0
40.66004568974035,11.4,3.92,6.503904345032762,264,27.9,33.33647627682079,90.1,69,M,0
38.22611060743427,14.1,5.07,17.9,289,28.2300392867936,33.5,90.7,26,F,0
37.0,12.1,3.83,7.3,242,31.6,31.887199327134823,96.6,75,M,1
29.1,10.0,3.7881592602272076,12.1,188,29.2,34.4,84.61133272892113,50,M,1
41.3,13.4,4.14,8.3,396,27.1,32.4,83.4,46,F,0
43.4,15.3,5.37,7.2,231,28.2300392867936,34.2,82.3,41,M,1
