haematocrit,haemoglobins,erythrocyte,leucocyte,thrombocyte,mch,mchc,mcv,age,sex,source
42.5,14.1,4.7,8.0,246,30.0,33.2,90.4,48,F,0
38.9,10.5,4.53,10.8,168,26.0,31.4,99.97100472122773,29,M,0
43.4,15.0,5.49,12.9,241,27.3,33.4,81.8,17,M,0
44.5,12.3,4.63,19.2,247,32.0,35.7,96.1,64,M,1
22.5,4.270638900677326,2.72,4.6,28,28.763261250026858,36.7,82.7,70,M,0
30.4,10.5,4.039353489669807,4.4,258,35.095192096169534,34.56626400715661,95.3,78,F,0
44.5,12.2,4.792849002334741,10.0,326,28.2300392867936,33.33647627682079,73.1,57,F,1
34.4,14.0,4.52,7.5,316,28.2300392867936,32.5,97.2176360411912,46,F,0
27.3,9.0,2.83,5.7,90,31.8,33.0,85.9,84,M,1
38.22611060743427,16.5,5.63,7.5,329,23.8,33.3,82.1,61,F,0
42.9,12.749350256875191,4.894441434347576,8.715533393774555,422,30.2,34.3,88.1,76,M,0
32.1,10.4,5.24,25.0,391,27.72121927444395,32.63199303174497,84.61133272892113,45,M,1
32.3,11.21408016092466,3.76,8.715533393774555,267,18.5,33.33647627682079,96.5,81,M,0
29.742123104845614,14.8,4.544802055001511,4.0,226,28.1,33.74558051593821,83.3,27,F,0
42.71066875602253,11.332065136137157,4.65,11.3,352,33.2230719115415,33.6,84.61133272892113,75,F,0
41.83660130556446,7.6,3.93,8.8,314,26.5,32.3,82.0,46,F,1
42.7,14.3,5.24,7.5,282,27.3,33.5,81.5,46,F,0
43.1,6.884276068918428,3.0102817166522575,9.1,156,30.4,31.7,95.8,21,F,1
41.0,13.7,4.83,7.2,416,28.4,32.56519119854498,84.9,17,F,0
37.824156558355234,14.7,5.39,5.6,895,27.3,33.1,82.4,10,M,0
38.22611060743427,14.6,5.26,15.948219483545406,258,27.8,34.8,77.86539100649382,9,F,0
28.9,10.1,3.47,12.637221066137581,151,29.1,28.9,89.3,65,M,1
69.0,12.1,4.04,11.55449954828594,318,30.0,34.8,86.1,69,M,0
26.8,8.8,5.46,2.2,250,27.2,32.8,82.7,74,M,1
39.6,12.749350256875191,4.7,7.190900072312652,320,28.9,33.1,80.08193777919243,31,M,0
34.8,11.5,4.544802055001511,6.3,237,28.5,33.0,86.4,46,F,0
