haematocrit,haemoglobins,erythrocyte,leucocyte,thrombocyte,mch,mchc,mcv,age,sex,source
41.70240199592886,8.0,5.03,1.5,541,28.2300392867936,32.5,78.8,19,M,1
40.6,16.26552186575507,4.86,7.6,322,29.8,35.7,83.5,3,M,0
40.8,10.166058248045598,5.23,3.6,237,31.855694253378118,34.8,85.7,49,M,1
41.3,14.2,4.34,13.5,208,26.7,32.4,70.92171371184693,86,F,0
40.7,12.9,4.31,6.6,145,26.9,33.33647627682079,84.8,42,F,0
40.7,10.0,4.77,15.6,282,27.640298796693987,33.2,90.6,57,F,1
38.22611060743427,15.4,5.46,7.2,15,28.2,33.33647627682079,84.2,67,F,0
45.8,15.1,5.36,8.715533393774555,275,28.2,33.0,85.4,28,M,0
38.987400081849216,11.2,4.87,5.0,436,24.9,30.19572301073375,74.7,47,M,0
44.8,13.1,4.4085416508690525,6.6,196,28.2300392867936,32.1,82.14678704220965,29,F,0
34.6,11.6,5.11,4.771494389522078,232,27.8,33.5,79.7,5,F,0
43.5,14.7,5.81,12.1,342,25.3,33.8,84.61133272892113,38,F,0
21.1,12.7,4.58,7.392343740329284,186,27.7,34.2,97.7,29,F,1
36.5,10.9,4.8,10.1,510,22.7,29.9,76.0,24,F,0
44.67861144854605,12.749350256875191,4.89,7.4,370,30.51008592289522,32.14902319388784,85.3,18,M,1
38.22611060743427,10.989183503578959,4.9,10.2,258,31.0,33.1,81.96542855005013,50,M,0
35.4,11.4,4.8,3.5,183,23.8,28.9,73.8,46,F,0
36.2,14.3,4.22,3.3,154,29.6,33.4526019459915,67.4,30,M,0
35.9,12.749350256875191,3.8765994787802445,3.2,169,27.4,34.0,80.5,50,F,0
37.89390969963324,14.0,4.846144408197936,14.2,294,31.2,34.0,73.81649462139008,14,M,1
28.9,9.7,4.24,10.926491707371182,253,22.9,32.50400552708583,68.2,24,M,0
39.6,13.102311364153971,5.19,12.8,340,29.49450847027255,34.1,84.61133272892113,5,F,0
42.2,13.9,4.58,8.715533393774555,258,30.3,32.9,92.1,55,F,0
39.3,10.9,6.021213823803469,19.74240344099521,163,29.3,33.9,86.6,46,M,0
42.2,14.1,4.544802055001511,4.0,432,28.3,33.4,84.6,19,M,0
41.9,12.5,4.544802055001511,4.9,193,30.9,34.1,79.4,9,M,0
