haematocrit,haemoglobins,erythrocyte,leucocyte,thrombocyte,mch,mchc,mcv,age,sex,source
49.3,13.4,4.544802055001511,12.6,322,27.0,33.2,84.1,32,M,0
55.445554673229736,11.655947770618651,5.5,16.3,248,31.1,34.5,90.2,46,M,0
38.22611060743427,8.8,4.98,5.8,345,28.8,33.0,84.61133272892113,25,F,1
42.4,13.1,3.34,6.5,73,25.7,32.1,84.61133272892113,14,M,0
41.0,13.5,4.93,6.0,345,27.4,32.15299805523729,84.8,65,M,0
44.8,15.548886056011423,5.71,5.0,260,25.7,36.8,68.55937047626114,30,M,0
32.2,10.7,4.34,9.905683985626576,240,17.2,33.2,84.2797862013277,46,F,0
36.5,12.1,4.1,10.1,528,29.5,33.3,89.0,46,M,0
31.97603913784066,10.1,4.823012356322726,12.4,319,26.0,32.26102498410207,79.9,46,F,1
40.9,13.5,4.46,5.9,278,30.3,33.0,91.7,40,F,0
31.3,10.4,3.05,6.9,155,26.720670048374508,33.2,102.6,87,M,1
32.5,13.0,4.59,17.5,413,28.3,33.6,84.3,49,F,1
42.2,15.241782785974529,5.6,8.715533393774555,258,24.8,34.7686279642028,75.4,36,M,0
35.8,12.749350256875191,4.48,7.8,33,29.9,37.4,79.9,67,M,0
43.7668167352916,15.5,5.36,0.2449064534461982,338,28.9,34.4,93.6,19,M,0
29.4,9.8,5.3,11.92774616725335,378,29.3,33.5,88.0,38,M,1
38.5,16.4,4.66,10.6,20,28.1,34.8,82.6,59,F,0
34.5,14.2,4.94867098980041,9.6,307,29.6,33.7,94.71336204096374,54,F,0
41.3,14.3,4.72,10.7,510,29.006757677885922,33.53063514631345,84.4,40,F,0
18.8,5.8,3.09,9.9,432,30.1,33.33647627682079,97.4,73,M,0
38.22611060743427,11.8,3.9056737541781015,10.7,250,28.2300392867936,33.0,85.0,59,F,0
40.1,12.028969831755417,5.93,3.3,316,21.1,31.2,80.25498684210397,79,M,0
24.55470660519281,11.3,4.477296581510713,27.157479644576224,258,31.6,33.33647627682079,84.1,57,F,0
46.9,15.3,4.544802055001511,10.6,254,29.303256732794125,32.6,82.4,37,M,0
42.1,11.6,3.92,8.715533393774555,203,28.2300392867936,33.6,88.0,67,M,0
37.1,12.749350256875191,5.79,9.1,185,33.42752827629614,33.2,60.6,47,F,0
