haematocrit,haemoglobins,erythrocyte,leucocyte,thrombocyte,mch,mchc,mcv,age,sex,source
23.667167961934638,13.8,5.2,13.1,374,26.5,34.32815736054239,78.1,46,F,1
43.5,12.749350256875191,5.81,12.1,196,25.3,34.46608982843207,84.21433262950386,46,F,0
31.0,10.6,4.544802055001511,8.430361126248247,107,28.2,34.2,82.4,19,F,0
44.3,13.122150556846968,5.07,15.166891916469579,332,31.003324745780485,35.0,87.4,45,F,0
38.6,11.7,4.43,11.3,360,32.8,35.6,75.0,70,M,0
38.22611060743427,15.7,5.67,3.8,58,28.0,33.33647627682079,79.56318527548183,39,M,1
32.7,11.355847046291183,3.12,6.6,192,26.3,33.3,78.8,47,F,0
38.22611060743427,8.2,4.544802055001511,8.715533393774555,154,28.9,31.59791550403768,84.61133272892113,4,F,0
48.9,7.4,3.56,9.4,100,27.6,34.4,86.94399899310092,47,F,1
39.7,13.1,4.61,3.6,121,30.31008376333716,33.0,86.1,49,F,0
46.65869165294343,13.2,4.71,10.1,162,28.0,33.0,84.9,28,M,1
30.2,9.9,5.030238222609933,6.8,181,29.8,32.8,91.0,70,M,1
38.2,12.7,4.34,7.3,284,29.3,33.2,70.3,30,M,0
41.9627033732535,14.5,4.57,10.2,216,31.7,33.6,71.9,53,M,0
28.0,8.7,2.68,8.2,258,24.4,31.1,78.7,24,F,1
25.4,12.749350256875191,2.82,10.8,284,27.95062988654336,32.7,90.1,24,M,0
42.8,14.4,7.54,9.3,262,33.0,33.6,98.2,61,M,0
46.9,16.3,4.810545978277867,15.5,197,28.2300392867936,34.8,90.2,43,F,0
32.3021582387342,12.8,4.758948455096166,4.814963019344021,301,26.9,32.0,83.6,31,M,0
46.5,15.9,5.68,2.7,258,27.6,33.8,81.9,39,M,0
32.0,11.0,4.46,8.1,88,28.2300392867936,33.33647627682079,71.7,7,M,0
42.4,11.288545419524153,4.321042896655008,5.8907824915792375,260,21.5,32.66620436338984,74.18031618984554,57,M,0
32.9,9.1,5.37,6.3,271,24.728387603326492,28.0,94.3,23,F,0
47.2,15.6,5.08,6.2,237,30.7,33.1,84.61133272892113,15,M,0
31.9,11.075408565908736,3.87,8.715533393774555,417,25.4,35.1,82.4,70,M,1
39.4,13.2,4.13,10.2,205,21.9,34.7,95.4,72,M,0
