haematocrit,haemoglobins,erythrocyte,leucocyte,thrombocyte,mch,mchc,mcv,age,sex,source
25.0,8.1,3.91,11.7,382,26.8,32.4,82.8,43,F,0
43.4,13.9,4.544802055001511,6.9,297,31.3,33.33647627682079,89.9,46,F,0
41.3,13.4,4.76,4.0,238,28.2,32.4,86.8,24,M,0
39.7,12.749350256875191,4.39,9.3,236,26.2,33.33647627682079,90.4,24,M,0
32.8,10.9,3.02,9.156967369528603,476,27.9,33.2,83.9,53,M,0
48.4,12.749350256875191,3.76,18.5,217,31.9,33.90261233756297,75.7,76,M,0
45.1,16.0,4.71,7.1,232,28.2300392867936,30.8,86.6,64,F,0
34.9,16.3,5.43,7.1,145,27.92547654121601,33.7,79.1,49,M,0
35.4,12.0,4.74,13.76017687883484,349,26.8,33.9,76.03380532245254,27,F,0
43.9,15.3,4.196825978868253,21.5,258,30.7,34.9,86.6,35,F,0
38.4,15.690437475411503,4.1,7.7,400,30.2,33.74107279947032,85.1,63,M,1
38.22611060743427,11.2,5.36,8.715533393774555,210,16.9,33.0,84.61133272892113,28,M,0
30.4,10.0,4.544802055001511,13.6,213,27.6,32.9,83.32518053298668,36,M,0
38.754134008449995,16.2,5.030446055902498,11.2619703999249,168,28.2300392867936,33.72811578363621,73.84035439079088,48,M,1
40.3,15.1,4.61,9.81854376686772,217,30.2,34.5,87.4,89,M,0
38.22611060743427,10.908088935436865,3.3703204918806473,11.0,258,29.8,33.4,81.2,19,M,1
27.4,12.6,4.33,7.3,287,29.1,33.2,63.4,70,M,0
40.80667166571413,11.6,4.3,11.6,258,27.313818142514112,34.1,89.1,3,M,0
39.53591916731729,9.4,4.28,6.3,229,29.9,32.9,90.9,75,M,1
37.2,12.5,4.42,8.7,328,28.3,33.05810738969868,84.2,37,F,0
44.6,14.1,6.83,10.5,150,20.6,31.6,65.3,74,M,1
38.8362053928397,12.6,3.761651060510923,6.0,431,29.49419068971853,32.9,89.3,59,F,0
35.3,11.8,4.03,8.2,380,29.3,33.4,82.16185016799085,59,M,1
32.9,10.4,4.43,5.5,362,23.5,31.6,74.3,4,F,0
44.3,13.178070889922852,5.2,8.715533393774555,347,28.5,36.7,84.61133272892113,46,M,1
45.4,12.721561518890184,5.3,30.6,145,27.544959680565878,30.6,85.7,31,F,1
