age,sex,bmi,children,smoker,region,charges
33,male,40.923511332424056,1,yes,southeast,38282.7495
40,male,30.66339686098655,1,no,northwest,9583.8933
20,male,28.975,0,no,northwest,13270.422265141257
39,female,28.405,2,no,southwest,11729.6795
63,male,34.01971749192688,0,no,northwest,21815.50309421336
19,female,28.31,0,yes,northwest,17468.9839
56,male,30.8,0,no,northwest,13390.559
13,female,33.77,1,no,northwest,1725.5523
44,male,25.365,1,no,southeast,13270.422265141257
41,male,40.15,0,no,southeast,7804.1605
53,male,31.825,1,no,southeast,11842.62375
48,male,34.3,3,no,southwest,9563.029
34,male,42.9,1,no,southwest,4536.259
19,female,26.434790853307323,0,yes,southwest,36898.73308
20,male,25.84,0,no,southeast,1964.78
36,female,25.9,1,yes,southwest,-715.5005383264133
38,female,21.12,3,no,southwest,6652.5288
22,male,27.1,0,no,southeast,14235.072
39,male,37.05,2,no,northwest,7265.7025
38,female,19.475,2,no,southeast,7624.63
43,male,32.6,-1,no,southwest,7441.501
54,female,47.41,0,no,southeast,56797.37601941072
20,male,24.6,1,no,southeast,18006.38505418925
60,male,47.43484757463051,1,no,northwest,12741.16745
39,male,28.9,2,no,southwest,2154.361
47,female,30.66339686098655,1,no,southwest,8556.907
