age,sex,bmi,children,smoker,region,charges
21,male,21.89,1,no,southeast,3180.5101
19,male,34.8,0,yes,southeast,13270.422265141257
43,male,29.9,4,no,southwest,7337.748
81,female,25.6,1,yes,northwest,8932.084
55,male,27.645,0,no,northwest,10594.50155
33,male,42.28966009584112,5,no,southeast,8059.6791
39,female,34.228094192291344,4,no,southwest,11552.904
21,male,38.095,0,no,southeast,13019.16105
45,male,28.7,0,no,northwest,13352.0998
49,female,36.385,1,yes,northwest,11436.73815
56,male,39.6,1,no,southwest,13270.422265141257
52,male,21.11057922039526,0,no,southeast,9869.8102
52,male,39.05,0,no,southeast,11856.4115
35,male,27.74,2,no,southeast,20984.0936
31,female,26.62,0,yes,southeast,3757.8448
36,male,37.9,3,no,southwest,14023.573655008262
54,female,30.8,1,yes,southeast,41999.52
39,male,30.66339686098655,1,no,southwest,1534.3045
18,male,27.2,0,no,northwest,27231.03527852956
23,female,30.66339686098655,2,no,northwest,13270.422265141257
37,female,29.15,3,no,southeast,287.9133727913413
46,female,30.66339686098655,2,no,northeast,25065.252889035946
60,female,18.335,1,no,northeast,13204.28565
58,female,32.653870577797136,0,no,northeast,13270.422265141257
45,female,21.375,1,no,northeast,7222.78625
21,male,24.51,0,no,northeast,1532.4697
39,female,30.66339686098655,0,no,northeast,11070.535
53,male,30.66339686098655,1,yes,southeast,23244.7902
39,female,37.4,0,yes,southeast,5729.0053
60,male,14.453130995733401,1,no,southeast,19719.6947
31,male,28.975,1,no,northwest,9198.388059556262
38,male,30.45366124355344,0,no,southeast,4185.0979
30,male,22.99,1,yes,southeast,17361.7661
54,female,43.38357878275295,0,no,southeast,1917.3184
81,male,30.0,0,no,northeast,6563.121894499456
28,male,30.875,0,no,southeast,-3263.1371044119624
63,male,34.105,0,no,northeast,6600.20595
33,female,33.33,0,yes,northeast,8823.279
19,female,23.671347350445487,0,no,southwest,1744.465
39,female,33.0,1,yes,southeast,7682.67
62,female,36.85,1,no,southeast,34516.37372068715
21,male,21.375,0,no,northeast,4500.33925
36,female,23.525047362241622,1,yes,northeast,580.5987250523976
51,male,31.635,0,no,northwest,9174.13565
37,male,30.59,2,no,southeast,7256.7231
27,male,21.47,0,no,northwest,13270.422265141257
14,male,29.2,1,no,southwest,10436.096
56,female,17.385,0,no,southwest,2203.47185
54,female,21.47,3,no,southwest,12475.3513
38,female,29.92,1,no,southeast,4889.0368
56,male,27.2,0,no,southwest,11073.176
63,male,14.141854248968636,1,no,northwest,10466.135042924743
