haematocrit,haemoglobins,erythrocyte,leucocyte,thrombocyte,mch,mchc,mcv,age,sex,source
42.1,14.7,4.76,10.5,299,29.554000049111437,33.33647627682079,84.31483520411278,45,M,0
42.2,16.3,4.75,6.2,245,27.722386297146073,33.9,88.8,53,M,0
30.23035146427726,14.6,4.79,22.5,236,26.7,33.5,84.11319736214602,63,M,0
34.9,11.8,3.933523588314132,8.715533393774555,211,31.890112862517924,33.8,90.4,47,M,0
22.4,9.563949801315903,2.63,7.0,258,37.8,33.0,85.2,57,F,1
44.2,12.7,4.544802055001511,8.715533393774555,259,20.6,31.7,65.1,36,M,1
38.22611060743427,5.0,6.03,4.3,112,21.6,34.6,85.4,2,M,1
42.7,14.2,3.9593895932451058,5.7,300,29.7,30.57818564890921,84.61133272892113,50,M,0
39.4,12.2,4.69,4.4,284,26.0,32.6,79.7,2,M,0
42.3,14.6,4.7,8.3,299,31.1,34.5,90.0,46,M,1
27.8,8.9,3.18,11.972639974137895,345,28.2300392867936,36.9,87.4,80,F,0
45.802265389561654,14.0,5.15,12.1,333,27.2,33.5,81.2,45,F,0
25.8,14.755316763933003,4.79,27.6,187,29.2,33.33647627682079,89.73456806141272,85,F,1
51.12489133286008,15.658801716496454,6.121307967727577,6.9,295,25.767525680941908,33.0,84.3,52,F,0
42.2,14.8,5.21,3.9,10,28.4,34.791974043780115,81.0,65,M,1
34.69133293944731,16.6,5.87,7.0,51,28.2300392867936,30.8,81.8,80,F,1
39.1,14.98351909082579,4.98,10.2,366,27.5,35.0,78.5,46,F,0
42.0,13.7,4.315796899321392,8.7,143,29.3,33.84657426544571,89.9,55,M,0
29.8,13.5,4.77,0.294962777961878,282,21.7,32.605063709179596,85.3,57,M,0
37.4,14.0,5.62,3.234535201593202,297,22.6,32.2,70.1,5,M,0
25.0,13.3,4.55,15.5,258,29.2,37.2,84.61133272892113,55,M,1
33.6,10.6,4.544802055001511,8.6,322,21.9,31.5,94.3,3,M,0
38.22611060743427,12.749350256875191,7.54,7.7,265,28.3,31.0,70.0,21,M,0
41.3,14.5,4.38,6.2,110,33.1,35.1,69.6,45,M,1
42.9,12.749350256875191,4.56,7.1,110,29.9,33.8,88.5,32,F,0
39.0,13.1,4.65,0.6226642097325232,490,28.2,33.6,82.37749344361642,22,F,0
