haematocrit,haemoglobins,erythrocyte,leucocyte,thrombocyte,mch,mchc,mcv,age,sex,source
40.6,13.8,5.2,16.6,374,26.5,34.0,78.1,56,F,1
43.5,14.7,5.81,12.1,368,25.3,33.8,74.9,38,F,0
31.0,10.6,3.0350071071345304,8.715533393774555,107,40.8,34.2,84.61133272892113,51,F,0
32.9,15.5,5.07,6.8,332,37.718270628677956,35.0,89.66428403045194,39,M,0
44.3,8.3,4.544802055001511,14.72411574676537,360,32.8,28.1,84.84899995287822,70,M,0
53.92795490141347,10.374152419997442,5.67,15.455901614977243,360,28.0,33.33647627682079,54.1,62,M,1
34.4,11.3,3.72,4.6,224,30.4,32.8,92.5,25,M,1
36.7,12.749350256875191,4.3,13.1,456,28.8,30.9,79.68856531117963,51,F,1
36.589616236839404,12.0,3.81,7.5,202,31.5,32.3,97.4,84,F,0
43.7,14.6,4.58,9.1,312,28.0,33.4,84.61133272892113,19,F,0
40.6,13.8,4.618719894063242,15.6,325,29.3,35.14775284100763,86.1,72,M,1
47.8,14.6,4.48,10.3,258,28.2300392867936,32.6,82.42375512676043,48,F,0
24.6,4.497105272005548,3.12,9.3,192,26.3,33.5,78.8,46,F,1
34.7,11.6,4.57,17.3,166,28.2300392867936,33.4,75.9,4,M,0
23.1,9.9,2.68,9.4,234,27.258275163121432,32.0,86.2,47,F,1
39.7,13.1,4.61,3.6,121,28.4,33.33647627682079,86.2,61,F,0
33.39066572944244,13.2,3.56,10.1,261,29.3,32.530524854320745,84.9,46,F,1
30.2,7.4,3.649645882504654,6.8,181,27.95520830937022,32.8,91.0,70,M,1
38.2,14.622474571518303,4.34,11.393418487726231,239,28.0,33.593649520932125,88.0,30,F,0
34.12909349431487,14.5,3.8746601413878006,3.3648324724672882,171,31.7,33.6,94.3,44,M,0
46.6,12.749350256875191,4.71,8.2,100,24.4,31.1,78.7,24,F,0
38.22611060743427,8.3,2.82,10.8,197,29.4,33.03534160138707,90.1,74,F,1
42.8,16.085187662474343,4.36,6.6,262,33.0,33.6,98.2,52,M,0
46.9,16.3,4.544802055001511,8.715533393774555,258,31.3,34.8,90.2,43,M,0
33.7,12.8,4.45,5.7,301,28.730187120367024,34.4,83.6,31,M,0
38.22611060743427,13.2,4.13,10.1,205,25.9,33.3,61.3,62,M,1
