age,sex,bmi,children,smoker,region,charges
41,male,34.28053115989046,1,no,northeast,20773.62775
47,female,46.2,0,yes,southeast,6985.50695
41,female,21.755,1,no,northeast,13270.422265141257
59,male,41.14,1,yes,southeast,48970.2476
41,male,32.2,1,no,southwest,6875.961
79,male,34.32,0,no,northeast,5934.3798
51,male,47.41,1,no,southeast,24875.33842277372
53,male,26.268540722108384,0,no,southeast,27346.04207
44,male,29.735,3,no,southeast,32108.66282
37,male,33.06624604951613,4,no,southwest,12142.5786
27,male,30.66339686098655,3,no,southwest,4260.744
41,male,34.2,3,no,northwest,7261.741
55,male,18.421947073615563,1,no,northeast,18765.87545
19,male,35.4,3,yes,northwest,-59.574370122729306
24,female,23.21,0,no,southeast,41.29166375490422
16,male,26.41,2,no,northwest,5385.3379
54,male,30.5,0,yes,southwest,2136.88225
18,male,26.315,0,no,northeast,28096.853660137745
39,male,23.085,1,no,northeast,14451.83515
51,male,35.1090122208183,0,no,northeast,11365.952
48,female,30.66339686098655,0,no,northwest,8671.19125
39,male,27.0,1,no,southeast,8083.9198
29,female,30.66339686098655,0,no,northwest,2494.022
51,female,40.563702724128035,1,no,northeast,13656.295069719217
39,female,21.8,1,no,southwest,5472.449
39,male,35.42,1,yes,southeast,12471.973641556975
22,female,39.805,1,no,northeast,9895.946605902856
34,male,33.915,1,no,southwest,3292.52985
24,male,29.64,0,yes,northeast,34254.05335
27,male,24.035,0,no,northeast,19542.846359648673
31,male,31.065,5,yes,northeast,9222.4026
55,male,37.1,0,no,southeast,2566.4707
62,female,40.15,2,no,northeast,23234.073008008618
52,male,31.735404349882263,0,no,northeast,9722.7695
56,male,22.1,0,no,southwest,8534.6718
54,male,19.57,1,no,southeast,13270.422265141257
41,female,30.59,2,no,northwest,13270.422265141257
54,male,29.26,0,no,northwest,6457.8434
18,male,36.079776873895575,0,yes,northeast,1705.6245
39,male,40.185,2,no,southeast,4433.9159
64,female,30.66339686098655,2,no,southwest,13270.422265141257
54,male,25.4,0,yes,northwest,70462.7704295073
39,male,32.11,0,no,northeast,13270.422265141257
51,female,23.21,1,yes,southeast,22218.1149
59,male,32.1,1,no,southwest,14007.222
20,male,35.15,2,yes,northwest,18767.7377
40,male,36.42711783191006,5,no,southeast,2867.1196
23,male,31.4,0,no,southwest,34166.273
35,female,34.8,1,no,southwest,5246.047
61,male,30.66339686098655,1,no,southeast,21082.16
52,female,47.74,1,no,southeast,9748.9106
43,female,25.30352764706158,2,no,southeast,10713.644
