age,sex,bmi,children,smoker,region,charges
39,male,20.045,2,yes,northeast,23563.01618
22,female,30.4,0,yes,northwest,33907.548
45,male,30.66339686098655,3,yes,northwest,37175.667841989096
39,male,44.88,0,no,southeast,39722.7462
39,male,44.154733759995715,1,no,northwest,13270.422265141257
55,male,20.9,1,no,southwest,6203.90175
39,female,32.3,3,no,northwest,4627.80834610037
46,female,35.2,2,no,southeast,46200.9851
59,male,35.31,1,no,northwest,2789.0574
48,male,41.23,4,no,northwest,11033.6617
43,male,34.96,1,no,northeast,11881.358
40,male,41.23,1,no,southeast,13270.422265141257
57,male,19.95,1,no,southeast,13270.422265141257
47,male,22.402629051616078,2,yes,southeast,51325.72104082329
21,male,23.21,1,no,southeast,20842.68988705877
54,female,30.8,0,no,southeast,8604.48365
28,male,30.66339686098655,0,no,southeast,3277.161
21,male,36.005,0,no,southeast,1534.3045
19,female,31.92,0,no,northwest,2138.0707
27,male,26.971325345022382,1,no,northeast,11455.28
31,female,30.66339686098655,0,no,southwest,635.2605125914724
41,female,35.1,0,no,northwest,12644.589
43,male,30.685,0,no,northeast,8310.83915
31,male,34.39,3,yes,northwest,38746.3551
60,female,36.63,1,no,southwest,13224.693
19,male,38.19,1,no,northeast,30629.01730310605
37,female,30.66339686098655,2,no,southwest,19168.197006767634
54,female,33.06,2,yes,northwest,7749.1564
38,female,31.16,5,yes,southeast,43578.9394
28,female,28.7,1,no,southeast,13270.422265141257
33,male,30.66339686098655,0,no,southeast,8302.53565
39,female,36.53704489815808,0,no,northeast,9875.6804
18,female,21.78,2,no,southwest,11884.04858
54,male,11.878400976742778,2,yes,northwest,29237.961343654097
62,male,42.940391070809376,0,yes,northeast,12981.3457
24,female,31.255,0,yes,northwest,1909.52745
49,female,36.421370323973925,1,no,northwest,9583.8933
19,male,32.51422812492129,0,no,southeast,5280.419699930702
36,female,22.135,3,no,southeast,7228.21565
41,male,35.474285657605904,2,no,northwest,7265.7025
44,male,27.5,0,no,southwest,23636.284119298438
18,male,23.21,0,no,southeast,7261.741
55,female,43.89,0,yes,southeast,44423.803
57,male,25.935,1,yes,southwest,4827.90495
18,male,28.25858206383581,2,no,southwest,19798.05455
62,male,36.955,0,no,southeast,13270.422265141257
48,female,33.33,1,no,southeast,8283.6807
9,female,23.4,1,yes,southwest,1969.614
72,male,33.66,0,no,southeast,15161.5344
83,female,27.93,1,no,southwest,1880.487
42,female,33.155,2,no,southeast,7639.41745
60,female,37.4,0,no,southwest,12979.358
