haematocrit,haemoglobins,erythrocyte,leucocyte,thrombocyte,mch,mchc,mcv,age,sex,source
38.22611060743427,14.2,5.04,14.00408913528694,105,32.1,34.19671307117441,83.5,33,M,1
43.2,11.816292462604032,6.556978759190848,17.1,241,17.25482853328518,30.1,62.1,53,M,0
35.4,12.0,4.59,7.1,179,26.1,33.9,77.1,46,F,0
38.0,12.8,2.71,7.5,258,26.7,33.33647627682079,73.98401556261358,67,F,1
35.2,11.3,3.93,6.4,244,28.8,32.1,89.6,35,M,0
37.7,12.1,4.544802055001511,4.4,321,25.3,32.1,84.3,82,M,0
24.8,8.5,4.156772564478726,7.3,214,27.9,33.3,83.8,35,F,0
43.5,4.6,5.129769527499969,6.216573760114759,272,27.7,34.5,80.3,78,M,1
34.5,12.6,4.45,14.4,221,28.3,33.0,85.8,53,F,0
32.5,10.3,3.74,7.0,70,29.482268314706474,34.2,86.9,70,M,0
41.4,13.5,1.93,8.4,257,28.2300392867936,32.6,67.6,63,M,0
41.8,10.548928595413372,3.04,20.0,259,27.9,33.3,83.9,70,M,1
40.6,13.6,4.96,2.7,160,27.4,32.554359830637175,99.3,15,M,1
32.5,10.9,3.86,12.6,193,28.2,33.5,84.2,3,F,0
42.5,15.74428057669492,4.96,5.8,258,29.6,34.6,88.05817002178755,36,M,1
44.3,15.0,3.7445100180729534,17.8,374,30.5,33.9,90.0,40,M,0
31.8,12.749350256875191,4.544802055001511,4.7,543,27.5,31.4,84.61133272892113,52,M,0
41.331735614550645,14.5,4.69,23.859559725789346,27,28.2300392867936,31.7,97.7,74,F,1
39.0,12.7,4.63,8.715533393774555,430,27.4,33.4,84.61133272892113,35,F,0
33.13782522129327,13.5,4.91,7.8,330,20.7,32.9,86.5,46,F,0
38.6,12.055950254978587,4.58,8.9,304,28.4,34.2,84.3,62,F,0
38.22611060743427,12.0,4.22,13.3,136,28.4,33.33647627682079,90.3631314258297,74,M,0
30.21617666557279,9.8,3.61,14.0,102,27.1,32.8,82.8,74,M,1
43.0,15.2,5.15,5.3,479,25.087501288445477,33.0,80.54012873121776,29,F,0
43.22168609058615,12.749350256875191,5.73,8.715533393774555,249,25.810709430899195,34.916036648795185,73.8,42,M,0
29.1,9.5,4.98,12.703376944316439,161,31.3,33.588070522873096,95.7,56,M,0
