age,sex,bmi,children,smoker,region,charges
29,female,29.516428249310668,1,no,southeast,16522.736791237327
41,male,20.35,2,no,southeast,8605.3615
24,male,25.8,0,yes,northeast,34254.05335
18,male,30.66339686098655,0,no,northeast,1702.4553
34,male,37.7,1,yes,southwest,48824.45
27,male,31.4,0,yes,southeast,34838.873
46,male,25.6,4,no,southwest,5708.867
60,female,36.005,0,no,northeast,13228.84695
18,male,42.24,0,yes,southeast,38792.6856
40,female,29.81,1,no,southwest,2727.3951
32,male,37.1,3,no,southwest,-1878.132284611243
40,female,25.46,1,yes,southwest,38053.81116562176
39,female,31.065,1,no,southwest,13270.422265141257
23,female,33.4,0,no,northwest,10795.93733
63,female,30.21,1,yes,southeast,43943.8761
56,female,35.56573188155042,2,no,southeast,20588.79953939192
38,male,19.95,2,no,northwest,5855.9025
47,male,20.473064068342737,0,no,southwest,8428.0693
19,male,29.07,0,yes,southeast,15019.76005
62,female,30.495,2,no,northwest,17352.6803
25,male,36.3,0,no,southeast,15817.9857
30,male,30.14,0,no,southeast,1131.5066
48,female,30.66339686098655,3,yes,northeast,9563.029
54,female,22.705,0,no,southeast,63770.42801
39,female,30.8,1,yes,northeast,13270.422265141257
40,male,27.680905795935967,5,no,northwest,26392.26029
