haematocrit,haemoglobins,erythrocyte,leucocyte,thrombocyte,mch,mchc,mcv,age,sex,source
41.0,13.6,3.73,9.8,258,27.4,33.2,82.5,42,M,1
40.9,13.6,4.81,5.3,268,28.3,36.5,85.0,2,M,1
38.3,10.7,3.69,16.7,329,24.43654759459533,33.4,86.7,44,M,1
33.5,9.0,4.4,8.4,315,25.2,33.1,70.84160976395741,39,F,0
39.6,12.8,4.81,16.1,280,26.6,32.3,82.3,68,M,1
43.8,15.0,3.01,9.5,341,28.2300392867936,34.2,80.8,17,M,1
32.5,10.9,3.81,32.3,307,28.6,33.5,85.36129460376974,39,F,1
43.2,14.4,4.79,7.5,220,28.2,33.3,78.7,32,M,1
43.72510664024439,10.137119678908054,6.03,8.1,147,28.8,33.0,76.8,31,F,1
42.64463206363262,14.9,5.67,2.992003157015468,277,26.3,32.4,81.1,24,M,0
36.1,12.2,4.608976185123311,13.0,352,32.9,33.8,97.3,52,M,0
39.7,12.749350256875191,5.08,9.5,386,26.0,33.33647627682079,78.1,67,F,0
38.22611060743427,12.749350256875191,4.544802055001511,5.21382543138216,195,29.7,33.3,81.3,64,M,1
34.7,9.3,4.217597895058476,14.6,152,28.2300392867936,34.9,81.54873190669102,76,M,1
43.8,18.042411649408763,5.1,8.6,271,31.511513524950452,30.6,91.4,67,M,0
38.22611060743427,13.381703977848558,4.69,3.1,157,25.249634280711547,31.414421959385688,82.0,66,M,1
47.6,15.2,5.65,8.715533393774555,314,27.3,32.4,84.2,46,M,0
41.07584756928182,13.6,5.875335812772002,8.7,231,21.36288738097121,33.8,83.2,37,M,0
32.0,12.6,4.544802055001511,2.483247124209667,244,29.9,32.29368567184398,84.61133272892113,80,F,0
22.5,15.017935954279144,4.96,4.2,307,28.8,33.33647627682079,84.7,19,F,0
41.0,14.0,4.75,8.715533393774555,276,18.8,34.1,86.3,62,M,0
41.6,13.9,4.69,10.819652718435853,258,30.1,33.09198358048541,88.7,46,M,1
36.6,11.7,4.636884974167709,6.7,379,27.1,32.0,85.1,38,M,0
38.7,12.8,4.22,4.4,204,30.3,31.551987397599966,84.61133272892113,46,M,1
38.67694680256968,5.8,1.93,9.9,261,29.6,30.9,73.97490706422052,58,F,0
44.7,15.4,5.23,8.4,264,29.1,34.0,85.5,36,M,0
