age,sex,bmi,children,smoker,region,charges
46,male,30.66339686098655,3,yes,northwest,40720.55105
27,male,18.905,3,no,southwest,8013.429689897799
53,male,23.8,1,no,southeast,3847.674
46,male,29.97192290967299,1,no,northeast,19594.80965
49,female,27.1,1,no,southeast,26140.3603
39,male,34.241935456313755,1,no,northeast,2719.27975
64,female,25.8,1,no,southeast,2007.945
51,male,38.06,0,no,southeast,44400.4064
27,female,34.8,1,no,southwest,3577.999
21,male,35.53,1,no,southeast,45710.20785
25,male,29.9,0,no,northwest,2523.1695
62,female,37.96775494778573,3,no,northwest,12839.61527046925
27,male,36.7,-1,no,southeast,11554.2236
27,female,30.115,0,no,northeast,2203.47185
39,male,27.94,-1,no,southwest,22462.04375
57,male,40.37,0,no,northwest,13270.422265141257
21,male,22.3,1,yes,southwest,2103.08
21,female,40.47,3,no,southeast,13270.422265141257
36,male,30.66339686098655,1,yes,northeast,20773.62775
41,female,33.06,2,no,southeast,7749.1564
47,male,29.925,1,yes,northeast,9144.565
39,female,31.406408403119002,0,no,northeast,7935.29115
61,female,33.535,0,no,northeast,13143.33665
51,female,20.6,0,yes,southeast,12203.863120901173
31,male,27.645,2,no,northeast,5031.26955
10,male,33.63,4,no,northeast,5965.379353824133
