age,sex,bmi,children,smoker,region,charges
39,male,27.453278310787194,2,no,northwest,13270.422265141257
34,male,19.0,3,no,northeast,6753.038
20,male,24.42,0,yes,northwest,26125.67477
19,male,25.175,0,no,northwest,-6736.607446011079
41,male,21.78,1,no,southeast,6272.4772
46,male,27.94477275156442,0,no,southwest,19199.944
39,female,24.605,3,no,southeast,12479.70895
60,female,22.04,0,no,southeast,28923.13692
19,female,24.51,1,no,northwest,2709.1119
60,male,32.30840314379255,0,yes,southwest,4320.41085
39,male,43.7,1,no,southwest,11576.13
39,male,31.73,3,yes,northeast,36189.1017
27,male,31.13,2,no,southeast,34806.4677
23,female,21.85,1,no,southwest,6117.4945
47,male,24.13,2,no,northwest,5125.2157
43,male,34.7,2,no,southwest,17878.90068
57,male,28.1,0,no,southwest,-1164.3509914193946
43,male,23.2,2,no,northeast,6250.435
18,male,41.325,0,yes,northeast,6082.405
34,male,52.58,1,no,southeast,12278.37156662091
34,female,30.66339686098655,4,no,southeast,13270.422265141257
40,male,30.66339686098655,0,no,southeast,12124.9924
18,male,34.1,0,no,southwest,1137.011
23,male,31.6,4,no,northeast,2395.17155
34,male,23.845,0,no,northwest,6186.127
19,female,22.495667868030765,5,no,southeast,10122.134355837286
