age,sex,bmi,children,smoker,region,charges
30,male,22.99,1,yes,southeast,17361.7661
21,female,22.135,1,no,northeast,5354.07465
9,male,24.42,4,yes,northwest,19361.9988
53,male,31.567919290918287,0,no,northwest,24513.09126
18,female,24.09,2,no,southeast,2201.0971
61,female,38.38,1,yes,southwest,28868.6639
42,male,35.97,2,no,southeast,13270.422265141257
55,male,37.8,3,no,northwest,7789.635
56,female,30.66339686098655,1,yes,southwest,-1655.3173803462105
45,male,28.7,2,no,northwest,-21932.584259457766
39,male,35.15,1,no,northwest,2134.9015
35,male,38.75416694464203,3,no,northeast,13351.095950945748
38,male,27.6,0,no,southeast,5383.536
39,male,30.66339686098655,1,yes,southwest,7337.748
42,female,24.6,2,no,southwest,4529.477
1,female,21.7,0,yes,northwest,13844.506
21,male,20.9,1,no,northeast,1832.094
41,male,29.26,1,no,southeast,6289.7549
20,female,48.349470042549896,5,no,southwest,4883.866
39,male,29.45,1,no,southeast,17560.37975
57,male,27.94,1,yes,southeast,13270.422265141257
39,male,30.2,2,no,southwest,-8280.972150091184
39,female,30.66339686098655,1,no,northwest,5649.715
18,female,21.66,0,yes,northeast,14283.4594
50,male,27.455,5,no,southeast,9617.66245
48,male,30.774341899750482,2,yes,northwest,13270.422265141257
22,female,28.32192500040365,0,no,northeast,2731.9122
31,female,33.0,1,yes,southeast,4349.462
36,male,34.21,2,no,northeast,22662.726714153083
43,female,25.935,1,no,northwest,4133.64165
55,male,23.21,0,no,northeast,13270.422265141257
25,male,48.48324269200593,2,no,southeast,5124.1887
31,male,29.81,0,no,southeast,19350.3689
47,female,24.6,0,yes,southwest,17496.306
57,male,21.532476917209156,0,yes,northeast,45.541897387429344
21,female,34.105,4,no,southeast,1515.3449
59,male,37.4,0,no,southeast,5373.36425
35,female,23.72671077487182,1,no,southwest,6414.178
54,male,30.66339686098655,2,no,northeast,11244.3769
18,female,30.115,1,no,southwest,21344.8467
38,male,30.94861051828144,0,no,southeast,4420.671881790186
48,male,30.2,2,yes,southwest,13270.422265141257
40,male,41.23,3,no,northeast,6610.1097
36,male,34.865,1,no,southwest,21797.0004
64,female,31.825,2,no,southeast,16069.08475
25,female,22.515,1,no,northwest,8733.22925
48,male,22.232367338293756,0,no,southwest,30063.58055
45,male,24.31,1,yes,southeast,26484.358183586442
43,female,26.6,0,no,northwest,11926.631482741519
21,male,30.66339686098655,0,no,northeast,1534.3045
58,female,33.11,0,yes,southeast,2438.0552
32,female,18.6,3,no,southeast,-4975.84268773915
