haematocrit,haemoglobins,erythrocyte,leucocyte,thrombocyte,mch,mchc,mcv,age,sex,source
39.0,13.4,4.34,9.4,234,30.9,35.9481541981341,95.746829123316,28,M,0
44.7,13.4,5.12,10.3,384,29.1,33.3,84.61133272892113,30,F,0
39.715637143991955,12.729112417491862,4.544802055001511,5.5,431,27.4,31.8,86.1,45,M,1
36.5,10.5,3.19,4.4,258,32.9,32.4,95.3,78,F,0
37.8,12.5,4.03,5.2,50,33.4,33.1,93.8,46,M,1
38.22611060743427,14.3,6.206286940365009,6.3,258,29.6,33.5,88.4,39,M,1
48.6,15.9,5.71,10.3,473,28.2300392867936,32.7,85.1,44,M,0
36.515316012599904,10.9,3.53,17.2,369,30.9,32.7,74.2,81,M,0
37.4,12.749350256875191,4.58,14.303764057858853,145,27.7,32.839761266307164,81.7,29,F,1
40.4,13.2,4.87,10.455625477457426,282,27.551761792441074,35.7,80.5,32,M,0
33.6,17.0,4.53,10.9,673,22.1,29.8,86.4,21,F,0
35.3,11.9,4.43,18.8,167,25.587484445227748,35.9,67.67682244712289,32,M,1
34.8,14.9,5.342687140348159,8.4,284,31.2,35.5,89.1,18,M,1
38.22611060743427,12.2,4.87,32.0,495,25.1,33.33647627682079,74.9,46,F,1
35.0,11.0,4.544802055001511,8.4,94,26.87414012498867,34.9,84.61133272892113,76,M,0
37.7,11.9,5.02,16.7,413,28.3,34.2,71.5,46,M,0
37.51556816398819,12.4,3.95,8.4,109,31.4,33.7,61.3,86,M,0
31.9,11.2,3.87,9.0,274,28.9,35.1,82.4,75,F,0
17.7,6.403389333697076,2.02,21.988895296332736,70,30.7,35.0,87.19742581793544,50,M,0
41.3,14.5,4.38,8.715533393774555,110,29.1,35.1,94.3,26,F,1
35.5,12.749350256875191,4.73,3.9,22,30.919886555125174,30.77761731441486,86.0,8,F,1
40.4,13.2,3.36,9.3,194,28.2300392867936,32.7,73.9,26,F,0
44.9,13.001862746166568,5.35,5.1,344,27.7,33.33647627682079,83.9,41,F,0
41.10209667213954,12.75717952629293,3.1468052878866763,3.3823188806393163,27,33.1,35.4,95.43963195934441,5,F,1
32.6,11.2,5.755681749554138,8.715533393774555,194,28.6,34.4,83.4,55,M,0
48.9,12.3,4.57,6.5,99,26.9,32.487906105959055,82.7,32,F,0
