haematocrit,haemoglobins,erythrocyte,leucocyte,thrombocyte,mch,mchc,mcv,age,sex,source
31.2,6.9,5.41,12.9,345,28.8,35.1,90.74460693471941,12,F,0
43.8,8.7,5.19,3.9,153,28.2,34.5,84.4,29,M,0
36.35308152415774,12.749350256875191,4.544802055001511,6.9,231,30.7,35.2,85.4,81,M,1
39.9,12.9,5.42,2.4,163,23.351395885868556,32.3,73.6,30,M,0
41.7,13.31387993473393,2.047513976211684,10.7,222,28.1,30.749976604306884,85.2,61,F,0
27.1,15.0,3.5,8.715533393774555,60,24.9,32.1,77.4,81,F,1
30.3,12.749350256875191,5.505684875139432,6.8,187,23.5,33.3,70.5,24,M,0
23.165557987217205,8.2,2.72,6.9,45,27.044184463580876,36.7,90.8,91,M,1
50.3,16.7,5.81,6.9,270,28.7,33.2,86.6,30,F,0
38.22611060743427,12.8,4.544802055001511,4.5,117,29.254066517447967,33.33647627682079,85.0,46,F,0
38.22611060743427,8.297577340164306,5.67,3.0,312,28.9,33.1,87.3,55,F,0
33.6,11.1,3.96,10.0,351,25.7,33.0,68.6,33,F,0
34.6,11.6,2.699977632361707,8.715533393774555,137,28.2300392867936,32.33408832406818,99.3,50,M,1
38.5,11.7,3.75,5.3,264,24.131661579218218,36.5,89.51419426975997,56,M,1
46.1,15.0,5.47,5.710325229713177,378,27.4,32.5,84.61133272892113,53,M,1
32.8,11.5,4.32,12.7,151,29.0,32.792745663069816,82.8,78,M,1
45.5,15.1,5.23,13.5,328,27.2,33.211481885846645,82.0,56,F,1
35.4,12.3,4.18,10.5,145,29.4,34.7,84.7,43,M,0
41.8,13.9,4.99,5.8,184,20.9,32.5,83.8,50,M,0
34.6,15.067117582416898,4.3,14.7,223,30.9,34.2,89.5,58,F,0
40.1,12.8,5.12902789180345,5.2,258,27.2,31.9,85.3,51,F,0
38.5,12.5,4.64,10.370792787706177,572,26.9,33.33647627682079,83.0,55,F,0
19.7,6.5,2.09,11.458493098903414,128,31.1,33.0,94.3,74,M,1
46.8210875186235,14.4,4.62,9.8,338,25.5,32.1,84.61133272892113,46,F,1
27.5,9.0,3.3,9.7,258,22.8,32.7,78.5985440578523,74,M,0
38.122617399707,15.033099688817542,4.85,16.482137978614645,335,28.2300392867936,33.6,93.70469258563033,46,M,0
