age,sex,bmi,children,smoker,region,charges
59,male,25.46,0,no,northeast,12913.9924
27,female,31.42713702544203,1,no,southeast,3956.07145
63,male,36.3,0,no,southeast,13887.204
50,male,27.5,3,no,northeast,5031.26955
14,female,23.21,0,no,southeast,13270.422265141257
23,female,42.75,2,yes,northeast,6474.013
47,male,22.88,2,no,southeast,23244.7902
24,female,24.32,0,no,southwest,10115.00885
57,female,24.111974441450613,0,no,northeast,13322.218144787974
39,male,15.96,4,no,northeast,6571.02435
25,female,34.485,0,no,southeast,3021.80915
40,female,33.0,0,yes,northeast,20781.48892
46,male,34.6,0,yes,southwest,41661.602
36,male,36.96,2,yes,northwest,49577.6624
39,male,27.6,0,no,northwest,13270.422265141257
22,male,19.95,1,no,southeast,4005.4225
19,female,26.03,1,yes,northwest,16450.8947
55,male,33.66,5,no,southeast,13270.422265141257
46,male,31.35325609731213,1,no,northwest,13918.07396755936
39,male,29.31895965261618,0,no,northeast,11927.100274823453
44,female,30.66339686098655,0,no,southwest,40904.1995
45,female,28.88,2,no,northeast,12096.6512
18,male,24.51,0,no,northeast,1694.7964
46,male,45.71600517590468,2,no,southeast,1968.1232142845602
30,male,20.8,0,yes,northeast,14133.03775
56,male,26.695,1,no,northwest,26109.32905
39,female,23.37,1,no,northeast,4646.759
39,male,26.18,1,no,southeast,-4860.252416847721
22,male,30.66339686098655,4,no,northwest,18246.4955
40,male,25.08,0,no,southeast,5415.6612
22,male,31.02,0,yes,southeast,16586.49771
55,male,30.66339686098655,1,no,southeast,13270.422265141257
24,female,24.663606608186562,1,yes,northwest,2855.43755
46,female,35.15,0,no,southeast,2134.9015
32,female,31.5,1,no,southwest,4076.497
44,female,27.5,1,no,southeast,7626.993
17,female,36.575,2,no,northwest,-5700.146702937725
20,female,26.84,1,no,southeast,17085.2676
41,female,43.4,0,no,southeast,6710.1919
63,male,16.06528923075015,2,yes,northeast,12829.4551
19,male,28.7,1,no,southwest,1253.936
28,female,21.3,1,no,southwest,9182.17
57,female,30.66339686098655,1,yes,southeast,11830.6072
55,female,27.220199656471223,3,no,northeast,-888.4215689038447
18,male,30.566787422378223,1,no,southeast,15237.782044879354
45,female,30.66339686098655,4,no,southwest,10118.424
55,female,27.4,1,no,southwest,6496.886
18,male,45.54,0,yes,northeast,8827.2099
39,male,39.14,0,no,northeast,20984.95846679449
57,male,21.89,0,no,northwest,11353.2276
18,male,22.515,2,no,southeast,-22178.955779587777
23,female,20.333079776909685,1,yes,northwest,13270.422265141257
