age,sex,bmi,children,smoker,region,charges
42,male,31.223956768902347,1,no,northeast,6849.026
24,male,23.655,0,no,northwest,5815.797241181288
65,male,27.455,0,no,northeast,9617.66245
49,male,29.83,1,no,northeast,9288.0267
57,male,30.03,0,no,southeast,9377.9047
43,female,32.965,0,yes,northwest,2257.47525
19,male,34.1,3,no,southwest,31762.793004900097
45,female,26.6,1,yes,northwest,12415.34517296321
63,female,32.3,0,no,southwest,5002.7827
38,male,31.73,0,no,southeast,33732.6867
26,male,49.06,3,yes,northeast,4661.28635
58,female,30.44740573665556,0,no,southeast,3044.2133
63,male,34.865,2,yes,southeast,13270.422265141257
48,male,30.78,3,no,southwest,13270.422265141257
48,male,38.38,1,no,northwest,19447.15385004517
64,male,31.248832889491403,0,no,northeast,14319.031
42,male,32.87,5,no,northeast,34038.342513374184
39,male,45.60929694845066,0,no,southeast,6672.101034859165
18,male,30.03,1,no,southeast,11833.7823
38,male,25.6,0,no,northwest,8932.084
41,male,32.2,2,no,southwest,13270.422265141257
19,female,24.3,4,no,southwest,2730.10785
53,male,26.4,1,no,southeast,19539.243
39,male,41.47,0,no,northeast,13270.422265141257
44,male,43.89,1,no,southeast,46200.9851
39,male,24.052786421229683,2,no,southeast,12124.9924
42,female,29.8,0,no,southwest,1744.465
18,female,30.66339686098655,3,yes,southeast,41949.2441
49,male,47.52,1,no,southeast,12406.121139839306
23,male,25.51591165943138,2,no,northeast,6770.1925
50,female,27.835,1,no,southwest,7144.86265
64,male,30.66339686098655,0,yes,southeast,46889.2612
40,male,27.012763964495612,0,yes,southeast,2396.0959
31,male,35.6,1,no,northeast,4441.21315
44,male,21.85,0,no,northeast,8891.1395
37,female,25.27,0,yes,northeast,11363.2832
36,male,28.12,2,no,southeast,-4103.560174463746
51,female,20.6,1,no,southwest,-17908.750757617872
23,male,24.795,5,no,southwest,9500.57305
54,female,30.115,1,no,northeast,10923.9332
32,male,35.810432072777516,0,no,northeast,5757.41345
43,male,27.8,0,no,southwest,37829.7242
63,female,30.66339686098655,2,yes,southeast,47305.305
54,female,30.66339686098655,2,yes,southeast,44260.7499
33,male,29.4,4,yes,northeast,6059.173
54,male,30.21,4,no,northwest,14979.385654607031
48,male,37.29,2,no,southeast,8978.1851
39,male,33.551173409270184,2,no,southeast,11884.04858
55,female,29.7,2,no,northwest,11881.358
41,female,20.727789247072053,1,yes,southeast,3500.6123
19,female,30.66339686098655,3,no,northwest,1759.338
39,female,41.23,4,no,southwest,13270.422265141257
