age,sex,bmi,children,smoker,region,charges
36,male,28.025,2,yes,southeast,5472.449
43,female,46.2,0,yes,southeast,45863.205
31,female,26.05502301052698,5,no,northeast,158.4214838523185
59,male,41.14,1,yes,southeast,48970.2476
41,male,32.2,2,no,northwest,6875.961
35,female,26.434946948280963,3,no,northwest,16720.620460108006
51,male,25.4,1,no,southwest,8782.469
66,male,31.35,0,no,southeast,27346.04207
44,male,29.735,2,no,northeast,32108.66282
39,male,25.74,0,no,northeast,12142.5786
39,female,25.85,3,no,southwest,4260.744
41,female,30.66339686098655,3,no,northwest,7261.741
55,male,35.245,1,yes,northeast,11394.06555
40,male,30.66339686098655,0,no,southwest,1263.249
48,male,23.21,0,no,southeast,25081.76784
34,female,26.41,1,no,southeast,19571.94895553174
52,male,39.39864065086587,0,no,southwest,13270.422265141257
17,female,18.91812554997582,0,no,northeast,37484.4493
63,female,30.02,0,no,southeast,24476.47851
54,male,35.245,2,no,northeast,12404.8791
48,female,36.575,0,no,northeast,13270.422265141257
39,male,47.52,1,no,southeast,8083.9198
19,male,36.575,0,no,southeast,-4757.922217866528
47,male,33.915,0,no,southwest,9866.30485
36,female,33.740007912997065,1,yes,southwest,20773.62775
23,female,23.18,2,no,northwest,2850.68375
44,female,36.48,1,yes,northeast,15082.555540701742
45,male,39.49,1,no,southwest,2395.17155
42,female,35.97,2,no,southeast,7160.3303
23,male,32.7,3,yes,southwest,13270.422265141257
19,female,30.66339686098655,0,no,northwest,36898.73308
39,female,24.59034034783754,1,no,northeast,8310.83915
19,female,36.955,1,no,northwest,-5235.441822063476
19,male,30.66339686098655,0,no,northwest,5415.6612
32,male,23.085,0,no,southeast,14451.83515
57,male,26.59350163721476,0,no,southeast,43578.9394
45,male,31.13,0,yes,southwest,11264.541
20,male,36.6,1,no,southeast,2566.4707
18,female,23.75,0,no,northeast,1705.6245
29,male,35.15424816529052,2,no,southeast,4433.9159
19,female,38.66125315803303,0,no,southwest,-20741.711494840572
44,female,47.41,0,yes,northeast,63770.42801
35,male,30.66339686098655,0,no,northeast,13270.422265141257
62,male,23.21,0,yes,southeast,22218.1149
27,female,40.34064676129301,3,no,southeast,14007.222
43,male,20.13,2,no,southeast,18767.7377
29,male,27.94,5,no,southeast,6652.5288
55,female,22.22,3,yes,southeast,8594.261109214838
62,male,25.7,1,no,southwest,5246.047
39,female,36.385,1,yes,northwest,49882.443172461724
39,male,47.74,1,no,southeast,13270.422265141257
38,male,29.26,2,no,northwest,29930.41949699889
