haematocrit,haemoglobins,erythrocyte,leucocyte,thrombocyte,mch,mchc,mcv,age,sex,source
46.2,16.5,5.63,7.5,329,29.3,34.3,78.44243388032426,27,F,0
35.89865943530232,11.4,6.384622029423783,4.9,164,26.686291474360765,31.8,88.54628242265751,69,M,1
43.1,14.7,5.12,8.9,803,28.7,34.1,87.9,67,M,0
41.9,17.975294375562047,5.14,3.551414930839229,258,28.6,34.1,83.9,4,M,0
38.22611060743427,16.546168175017428,3.85,56.7,290,28.2300392867936,32.62118520139307,84.2,83,F,0
39.7,8.6,4.79,2.3,80,28.2300392867936,34.3,82.9,63,F,0
45.0,14.1,6.54,17.5,234,21.6,36.9,80.16359877579475,17,M,0
46.0,15.4,4.81,3.1,153,27.3,33.33647627682079,81.6,33,F,1
39.3,10.236222632731433,4.886975679121964,11.1,76,29.1,34.9,85.4,69,M,1
38.22611060743427,17.8,6.75,8.715533393774555,158,26.4,32.3,82.7,62,M,1
39.0,13.2,4.96,33.3,611,26.6,33.8,78.6,46,F,0
37.31591248303232,14.0,4.77,8.220987947516663,258,24.667309059754395,35.4,83.0,64,M,1
41.1,13.4,5.35,17.0,324,29.0,33.617690771873676,89.0,32,M,1
32.6,9.4,5.84,6.8,349,16.1,28.8,84.61133272892113,53,F,0
33.6,11.0,3.51,3.0812740604848496,279,31.3,32.7,95.7,46,M,1
37.8,12.9,4.544802055001511,3.6,221,31.0,34.1,90.9,39,F,0
45.2,15.5,5.3,7.1,147,28.3449521764036,35.7,85.3,40,M,1
31.8,10.6,4.419210008551537,5.4,383,27.9,33.3,65.8,60,F,0
43.1,12.749350256875191,5.28,4.9,193,27.1,34.1,79.4,9,M,0
24.6,12.749350256875191,5.47,5.7,55,29.4,33.33647627682079,85.6,30,M,0
36.8,11.0,5.6,6.4,260,20.4,31.426418692974657,65.7,61,F,0
23.3,16.3,4.978375745881787,2.5,7,30.0,34.6,84.61133272892113,20,M,0
26.8,8.8,4.544802055001511,9.1,207,29.3,32.96866581784931,98.6,74,M,0
46.33773918961318,16.2,5.52,11.6,275,27.2,34.3,85.5,45,M,0
42.7,14.449140290288318,5.64,-1.3215450223531304,232,22.3,33.5,88.8,68,M,0
52.84579205942407,10.2,5.69,8.715533393774555,334,26.881033927364257,32.6,81.37413787319733,37,M,0
