age,sex,bmi,children,smoker,region,charges
26,female,17.195,2,yes,northeast,1621.3402
62,female,31.35,0,no,southeast,1622.1885
50,male,30.97,3,no,southwest,21643.15484363987
18,female,40.26,0,no,northeast,4667.60765
34,male,27.5,1,no,southwest,5003.853
52,female,23.6,1,no,northeast,10797.3362
27,male,32.393508621332714,2,yes,southwest,13270.422265141257
24,female,32.7,0,yes,northwest,34472.841
39,female,23.21,1,no,southeast,-2195.8969228044116
48,female,36.2214557187781,0,no,southeast,8283.6807
52,female,34.865,0,yes,southeast,10197.7722
63,male,40.41712813662176,0,no,northwest,13270.422265141257
46,male,25.745,3,no,southeast,-2245.9262287163183
30,female,30.78,1,no,southwest,5028.1466
54,female,24.605,3,no,northwest,12479.70895
18,male,30.66339686098655,0,no,southeast,13937.6665
31,male,36.63,2,no,southeast,4949.7587
63,male,31.445,2,no,southwest,13974.45555
28,male,30.66339686098655,2,yes,southwest,23807.2406
24,female,34.28999540260438,0,no,southeast,29186.48236
23,female,31.73,3,no,northeast,36189.1017
43,male,20.045,2,yes,northeast,20606.6018484752
43,female,26.885,0,no,northwest,21774.32215
39,male,30.4,0,yes,southwest,34828.654
60,male,31.8,1,no,southwest,13880.949
32,male,37.335,0,yes,southwest,1634.5734
