age,sex,bmi,children,smoker,region,charges
28,male,25.46,1,no,northwest,3956.07145
57,male,30.66339686098655,0,no,southwest,20709.02034
20,male,23.1,-1,yes,southeast,11473.155013947397
28,female,32.56,1,no,southeast,1253.936
62,male,32.11,0,no,northeast,15203.304780131644
56,male,19.95,1,yes,southeast,21479.394748705643
59,male,31.255,1,no,northwest,12913.9924
53,male,26.7,1,no,southwest,-2275.3017129795608
60,male,32.01375766365251,0,yes,southeast,2842.76075
34,female,26.41,1,no,northwest,13270.422265141257
36,female,27.55,5,no,southeast,9800.8882
30,male,31.4,0,no,southwest,2730.10785
55,male,30.66339686098655,0,no,southeast,-5234.318041249269
19,female,39.615,0,no,northeast,3659.346
8,female,31.46,1,no,southeast,13270.422265141257
18,male,31.92,0,no,northeast,2205.9808
26,male,21.5,1,no,northeast,10791.96
26,male,33.7,0,no,southwest,5012.471
34,female,27.72,0,yes,southeast,4415.1588
19,male,27.835,2,no,northwest,1635.73365
21,female,36.7,1,no,southwest,13270.422265141257
45,male,20.35,0,no,southeast,8605.3615
9,male,30.66339686098655,1,no,southwest,1824.2854
39,female,39.20673103585418,4,no,southeast,5708.867
30,female,20.235,0,no,northeast,3861.20965
18,female,30.115,1,no,southeast,1629.8335
28,female,33.4,0,no,southeast,9288.0267
39,male,20.7,0,no,southeast,1242.816
34,female,27.056007530679977,2,yes,northwest,47928.03
47,female,24.1,0,no,southwest,17292.353082490008
34,male,30.050563724794216,0,yes,northwest,14210.53595
58,male,30.66339686098655,2,no,southeast,29742.659386227926
19,female,25.175,0,no,northwest,1632.03625
19,female,26.4,2,no,southwest,2913.569
63,male,26.98,0,yes,northwest,28950.4692
37,female,25.555,1,yes,northeast,20296.86345
62,female,35.53,1,yes,northwest,13270.422265141257
22,female,39.805,3,no,southeast,2755.02095
39,male,19.219084331045714,1,no,southwest,2565.796660301734
23,male,28.12,2,no,northeast,2690.1138
30,female,43.12,2,no,southeast,4753.6368
48,female,25.84,0,no,northeast,3558.62025
39,female,28.7,0,no,southeast,11455.28
53,male,36.1,1,no,northeast,12404.8791
64,male,42.68,0,no,northeast,29587.348997499674
20,female,28.975,0,no,northwest,2257.47525
64,male,37.649260507708426,0,no,southeast,13831.1152
19,male,26.90122225432556,2,no,southwest,24059.68019
54,male,30.66339686098655,3,no,northeast,4846.92015
21,male,27.013185351826845,1,no,northwest,13270.422265141257
39,male,33.73672400740453,1,no,southwest,11554.2236
28,female,23.222608248012154,1,no,northwest,20688.095646256203
