,synth,train,val,test,synth_value,real_value,jsd,wasserstein,diff_corr,dcr_rf,nndr_rf,dcr_rr,nndr_rr,dcr_ff,nndr_ff
0,0\synth.csv,0\train.csv,0\val.csv,0\test.csv,0.058750604345369495,0.13398266962982563,0.14723053320998006,0.09693257261683201,2.2717871446377114,0.1631771695956949,0.5857018831062637,0.09130767063792977,0.24633357080973978,0.06452888754744324,0.37954142301005866
1,1\synth.csv,1\train.csv,1\val.csv,1\test.csv,0.13447280192453903,0.14154374891637833,0.10606540959964154,0.0668713705864271,1.5196460961451292,0.1468762613310203,0.4932385598793084,0.08166376557959076,0.22431853633651205,0.07894318520853359,0.3273337926868044
2,2\synth.csv,2\train.csv,2\val.csv,2\test.csv,0.026290943375854026,0.142860043225167,0.10168634952916407,0.08251538585965894,2.3341417525114956,0.146109132551499,0.44893217931583584,0.08570482848700434,0.2175863521008934,0.0696417676904588,0.38127917647795334
3,3\synth.csv,3\train.csv,3\val.csv,3\test.csv,0.15484726214577305,0.14403738191764737,0.12362118259492956,0.0947805172535836,1.9009469224770577,0.15928949000950204,0.3708146679298212,0.08949106528440576,0.2628329164779755,0.06730447197309063,0.3649907182415469
4,4\synth.csv,4\train.csv,4\val.csv,4\test.csv,0.14077202334933392,0.13051409269684777,0.24597715616492088,0.09874489524869415,1.4788557560231415,0.21205105956785336,0.6111084221402461,0.09075478109033544,0.2358448385203547,0.060425273255203,0.33749088448318876
