haematocrit,haemoglobins,erythrocyte,leucocyte,thrombocyte,mch,mchc,mcv,age,sex,source
45.2,15.5,5.3,7.1,462,28.2300392867936,33.607400158621246,85.3,40,M,0
24.96927458231453,9.3,3.62,3.4,258,30.7,33.1,92.5,50,M,0
33.7,12.749350256875191,3.52,8.715533393774555,258,29.2,34.31995798709528,84.61133272892113,64,M,0
28.4,14.5,4.86,14.384176679010634,313,32.854350727186834,34.6,87.2,26,F,0
38.22611060743427,12.0,4.08,5.0,123,29.4,33.33647627682079,82.4,54,F,0
42.2,14.3,5.01,5.4,242,28.5,33.9,84.2,31,M,0
42.3,10.822199919893633,4.544802055001511,15.97532916426505,273,30.7,35.7,86.31738710330299,43,M,0
29.9,7.8,3.93,17.5,399,25.7,32.2,73.6,54,M,0
34.7,11.7,3.87,9.5,253,30.2,33.7,89.7,10,M,1
31.2,9.7,3.87,10.6,293,28.2300392867936,31.1,88.6,65,M,0
34.0,11.2,2.941298110697114,8.4,126,20.0,34.18851300864214,68.1,46,F,1
33.044464253359294,12.749350256875191,4.95,9.019816505220511,231,22.9,33.0,85.9,68,F,0
40.7,13.5,4.65,4.2,167,29.0,33.2,101.38189940234552,36,M,1
35.7,9.57361335494107,4.15,9.6,273,29.4,34.2,85.1,73,F,0
36.8,13.1,3.95,8.4,175,31.4,33.7,87.1,75,M,1
35.47822953118613,16.0,5.44,8.9,39,29.0,33.33647627682079,81.32406296756447,30,M,1
27.6,9.2,2.077499056299952,4.5,66,29.4,33.3,93.2,46,F,0
40.47833053131143,12.954760016781503,4.5,3.309301236885793,252,26.68733300857862,34.379575491539605,90.73910996871295,30,F,1
35.3,11.3,4.544802055001511,12.1,270,28.075545071713943,27.1,73.2,30,M,0
38.22611060743427,12.4,5.122540952679325,6.6,31,23.1,32.1,84.61133272892113,34,F,0
45.4,15.029480445483653,4.95,5.7,250,29.485668225848706,34.1,91.7,36,M,0
33.5,11.0,3.4,8.0,244,32.4,32.8,98.5,75,M,0
31.2,10.7,2.66,9.6,303,31.2,28.1,91.0,32,F,1
39.7,13.4,4.65,8.715533393774555,276,28.8,33.8,85.4,61,F,1
41.7,14.4,4.203631330294398,5.1,263,31.0,34.5,89.7,41,M,0
43.4,14.8,4.89,18.4,157,30.3,34.1,88.8,51,F,1
