age,sex,bmi,children,smoker,region,charges
9,male,36.67,2,no,northwest,17633.01677103775
40,male,30.66339686098655,1,no,southeast,6593.5083
46,female,26.51,1,no,southeast,4340.4409
51,female,21.56,1,no,northeast,21774.32215
49,male,28.69,1,no,northwest,17716.69741220567
33,male,39.6,3,yes,southeast,1607.5101
45,female,30.20686478835803,2,no,southeast,8516.829
46,female,21.488682395976678,1,no,southeast,11938.25595
26,female,27.075,1,no,southeast,8444.474
28,female,37.62,0,no,southeast,3766.8838
50,male,25.365,5,yes,northwest,30284.64294
58,male,22.61,4,no,southeast,5584.3057
19,male,28.405,1,no,northwest,9778.3472
61,female,39.1,0,no,northeast,14235.072
45,female,28.13525958977532,4,no,northeast,29725.553521944625
40,male,19.8,1,yes,northeast,4187.524397822428
34,male,30.66339686098655,2,no,southwest,-3499.0091313103567
44,male,25.19190046919178,1,yes,northeast,39556.4945
45,male,33.48018444927026,2,no,southeast,20229.409089343157
59,male,30.495,2,no,southeast,38559.132042412144
39,female,44.745,3,no,southwest,7418.522
41,male,38.83,1,yes,southeast,13457.9608
36,male,38.221520301176746,0,no,southwest,8334.45755
25,male,30.66339686098655,3,yes,southwest,19933.458
21,male,30.66339686098655,0,no,northwest,1906.35825
21,female,30.115,1,no,southeast,9910.35985
29,male,34.4,0,yes,northwest,36197.699
21,male,36.86,0,no,southeast,1917.3184
31,female,27.93,1,yes,southwest,4137.5227
11,female,43.89,2,no,southeast,17361.7661
50,female,34.1,4,no,northeast,9541.69555
31,female,31.79,3,yes,southeast,13270.422265141257
62,male,40.26,1,yes,southeast,5709.1644
41,female,43.33627679979449,1,no,southeast,6781.3542
58,female,26.6,1,no,northwest,10355.641
47,male,25.41,1,no,southeast,21978.6769
39,male,23.891260441688903,0,no,southeast,13270.422265141257
40,male,24.05047040639356,2,yes,southeast,7640.3092
39,male,30.02,0,no,southeast,13270.422265141257
47,male,19.19,1,no,southwest,4497.259359932203
21,female,39.49,0,no,southeast,2026.9741
37,male,36.19,0,no,southeast,-3650.292129989499
39,female,32.395,1,no,northwest,13019.16105
29,male,20.235,1,yes,northeast,19594.80965
54,female,26.885,0,yes,northwest,9855.1314
39,female,31.6,0,no,northeast,-3533.314833418881
64,male,30.66339686098655,0,no,southeast,11093.6229
34,male,27.835,1,yes,northwest,13270.422265141257
60,female,23.7,2,no,southeast,20234.85475
53,male,27.4,1,no,southwest,6496.886
39,female,24.51,1,no,southeast,2709.1119
21,male,37.906385904318704,0,no,southeast,13270.422265141257
