age,sex,bmi,children,smoker,region,charges
52,male,36.765,2,no,northwest,3056.3881
32,female,22.515,1,no,northwest,3594.17085
24,male,46.920801367194834,0,yes,northeast,34254.05335
18,male,35.5,2,no,southwest,13270.422265141257
63,female,37.145,0,no,southeast,13887.204
63,male,24.225,1,no,southwest,13390.559
52,male,36.97184018697962,0,no,northeast,30259.99556
51,male,30.66339686098655,1,yes,northeast,22218.1149
41,male,37.05,0,no,northwest,7265.7025
51,female,36.385,3,yes,northwest,13270.422265141257
28,female,30.66339686098655,0,no,southwest,3172.018
22,male,28.88,5,no,southwest,5969.723
42,male,40.375,4,no,northwest,8733.22925
19,female,23.21,-1,no,northwest,2136.88225
55,male,27.382271811751615,0,no,southeast,28350.403493602706
60,female,47.74,1,no,southeast,8608.636666068933
29,female,33.11,0,no,southwest,34439.8559
42,male,34.1,0,yes,southeast,21772.895737969156
-8,male,38.28,0,no,northeast,1631.8212
39,male,26.9,0,no,southwest,2250.8352
19,female,30.8,2,no,southeast,12105.32
45,male,37.0623137989856,1,no,northeast,7387.762733140428
39,male,36.575,1,no,southeast,3561.8889
23,male,27.36,1,yes,southeast,2789.0574
26,male,20.8,0,no,southeast,2302.3
20,female,31.79,3,no,southeast,42112.2356
