age,sex,bmi,children,smoker,region,charges
18,female,24.90853100563563,0,yes,southeast,36149.4835
29,male,31.9,1,no,southeast,2866.091
57,male,18.335,0,no,northeast,11534.87265
59,female,31.07048106070068,0,no,southeast,36898.73308
37,female,29.5,2,no,southwest,20709.02034
29,female,39.9,0,no,southeast,48173.361
28,female,25.8,0,yes,southwest,3161.454
49,female,34.485,4,yes,northeast,3033.575100596252
19,male,37.757250548974774,1,no,northwest,12244.531
54,female,30.66339686098655,3,no,southwest,12105.32
20,female,35.72,0,no,southeast,2404.7338
21,female,28.1166298563803,1,yes,northeast,15161.5344
58,female,23.569834937014996,1,yes,northeast,13270.422265141257
47,female,27.568706585787048,0,no,southeast,12622.1795
8,male,30.66339686098655,0,no,southwest,31467.572484699245
25,male,30.66339686098655,2,yes,southeast,30853.903086599355
34,female,31.635,0,no,northeast,4992.3764
29,female,30.0,0,no,southwest,2904.088
59,female,32.0,1,no,southwest,8551.347
39,male,30.66339686098655,3,no,northeast,38746.3551
46,female,36.67,2,no,southwest,11163.568
26,male,31.065,0,no,northwest,29905.34175919941
39,male,36.955,3,yes,northwest,13270.422265141257
42,female,23.37,0,yes,southeast,23383.675135064244
48,male,29.37,0,no,southeast,1719.4363
39,female,22.77,1,yes,northwest,13270.422265141257
36,male,22.42,0,no,northwest,9361.3268
64,male,32.82976651304215,2,no,southeast,14988.432
49,male,29.83,1,no,northeast,9288.0267
18,male,34.43,0,no,southeast,18733.08764351499
46,female,32.3,2,no,southeast,13270.422265141257
51,female,23.275,0,no,northeast,7986.47525
39,male,39.7,0,yes,southwest,9391.346
25,female,33.345,0,no,northwest,3021.80915
21,male,42.75,0,no,northwest,19673.33573
39,female,29.545,3,no,northwest,43921.1837
19,female,22.01932029218394,0,no,northeast,2117.33885
24,male,35.15,1,no,southeast,4435.0942
39,male,29.26,2,no,northeast,-17333.96858775195
62,male,38.414614568163834,1,yes,southeast,46718.16325
24,male,30.66339686098655,4,yes,northeast,17128.42608
40,male,30.1,5,no,southeast,58571.07448
36,female,28.321867637045983,0,no,northeast,5397.6167
39,female,34.1,3,no,southeast,23563.01618
19,female,34.77,1,no,northwest,13270.422265141257
40,male,33.0,0,no,southwest,14859.54611688192
54,female,27.2,4,no,southeast,10928.849
36,male,19.855,0,no,northeast,4030.5790874845234
30,male,21.4,0,no,southwest,12957.118
32,male,31.5,1,no,southeast,19056.579934616308
22,male,20.235,0,no,southeast,2527.81865
18,male,35.625,1,no,southeast,38344.566
