age,sex,bmi,children,smoker,region,charges
46,male,23.655,1,yes,northwest,13270.422265141257
72,male,41.046715920950916,0,no,northwest,13352.0998
53,female,38.06,4,no,southeast,22507.462308664588
43,female,33.1,3,no,southeast,48517.56315
18,male,38.0,0,no,southeast,1711.0268
39,female,37.05,3,yes,northeast,46255.1125
39,female,33.345,0,yes,northwest,2855.43755
52,female,31.2,1,no,southwest,5812.520739371506
56,male,28.31,1,no,northeast,11657.7189
53,female,30.66339686098655,2,no,southwest,11150.78
21,male,22.42,0,no,northeast,-14960.717646100153
37,female,26.62,2,no,southeast,6313.759
49,female,33.25,3,no,northeast,5594.8455
53,male,24.64,1,no,northwest,19515.5416
39,male,30.66339686098655,1,no,northeast,13270.422265141257
34,male,42.13,1,no,southwest,5051.785977038072
19,female,30.66339686098655,1,yes,southwest,13844.506
60,female,28.9,5,yes,southwest,12146.971
28,male,28.595,0,no,southwest,10965.446
28,male,26.885,0,yes,southwest,8280.6227
26,female,22.832159010003256,0,no,northwest,22192.43711
35,male,30.66339686098655,2,yes,northeast,24915.04626
59,male,27.5,1,no,northwest,12333.828
21,female,38.54862809685011,0,no,southwest,5836.5204
61,female,31.790693517503975,0,no,southeast,5649.715
29,female,29.83,3,no,southeast,5383.536
36,female,30.02,0,no,southeast,5272.1758
20,female,27.524711731269342,2,no,southeast,8334.5896
23,male,30.66339686098655,0,no,southeast,1824.2854
60,female,38.06,0,no,southeast,13270.422265141257
39,male,39.1,2,no,northwest,14235.072
39,female,34.31664009419964,2,no,southeast,7611.503078258551
15,male,39.16,1,no,southeast,4829.488499980407
39,male,31.13,0,no,southeast,5267.81815
56,male,28.1,0,no,northeast,5937.13821381638
18,male,33.535,0,yes,northeast,5668.892163925033
27,male,34.8,1,no,southeast,3577.999
19,female,36.575,0,no,southeast,-18638.872228077737
53,male,24.53,0,no,northwest,2138.0707
22,female,29.59,2,no,southeast,37484.4493
60,male,19.855,0,no,southeast,2254.7967
58,female,41.8,2,yes,southeast,47269.854
21,male,17.385,1,no,northwest,13270.422265141257
18,male,37.29,0,no,southeast,1141.4451
19,male,30.59,2,no,northwest,24059.68019
23,male,34.4,0,no,southwest,1826.843
51,male,37.29,2,no,southeast,591.5033746229929
39,male,39.196568607576125,0,no,southeast,13270.422265141257
51,male,40.676896131435825,1,no,northeast,9174.13565
42,male,28.31,2,yes,northeast,11244.3769
28,female,28.98927138157377,1,no,southeast,3766.8838
35,male,37.896178433757676,2,no,northeast,2020.177
