haematocrit,haemoglobins,erythrocyte,leucocyte,thrombocyte,mch,mchc,mcv,age,sex,source
47.5,12.749350256875191,4.761278252611394,6.1,218,27.9,34.7,80.4,34,M,1
43.6,10.9,5.216119946689058,34.9,258,31.4,33.33647627682079,87.3,46,F,0
23.4,13.2,4.62,4.7,121,28.8,33.3,86.4,45,M,0
30.3,12.5,3.768659320009692,11.7,212,26.9,30.84246990778609,89.0,1,M,1
41.3,13.8,4.96,5.040023240847873,237,28.5,33.2,82.95485395081161,72,M,0
35.5,16.371724767669647,4.17,18.4,378,27.6,32.4,85.1,42,M,0
47.4,15.9,5.64,2.9,137,28.2,33.5,84.0,91,M,1
37.0,12.4,4.74,3.7,70,30.5,33.3,81.6,42,M,1
37.8,13.767048846443133,4.544802055001511,5.2,50,28.2300392867936,33.1,93.8,46,F,0
41.66832584605145,13.3,4.544802055001511,12.3,363,32.705476211951634,34.0,76.5,37,F,1
35.78909733294235,10.0,3.91,13.0,267,25.6,34.1,97.5,32,F,0
35.8,11.282242688448354,4.73,6.2,351,35.7,32.1,75.7,46,M,1
45.9,15.2,5.11,14.1,424,29.7,31.231144775396867,89.8,70,M,0
35.5,11.5,4.35,4.0,258,26.4,26.1,90.9,33,F,1
43.9,14.9,5.2,8.715533393774555,134,27.53494643346057,33.9,84.4,45,M,1
47.9,11.3,4.07,8.715533393774555,305,31.2,33.44468848423762,78.96376315920955,1,F,0
38.22611060743427,10.7,3.76,10.243766176123932,190,28.5,33.5,85.4,-13,M,1
46.7522545788417,14.4,6.96,5.1,322,23.6,33.9,91.50853932789181,48,M,0
33.4,10.6,4.38,5.0,583,24.2,31.7,84.61133272892113,32,F,0
44.8,17.1,4.96,8.4,226,30.6,33.9,61.7,85,M,0
38.7,14.682795695403144,5.09,11.5,470,27.32647465624397,33.6,71.90078426273804,39,F,0
38.22611060743427,12.749350256875191,2.94,10.0,227,29.6,33.5,88.4,56,M,1
33.2,11.5,3.69,16.0,293,23.8,35.22356962043072,90.0,63,M,1
34.3,10.7,3.8,12.270952725858418,257,30.437012795482552,31.2,90.3,46,F,1
50.24180265287429,15.6,5.737936397771917,10.44674671946013,71,28.2300392867936,33.33647627682079,84.61133272892113,21,M,1
55.3,17.9,6.61,10.3,340,27.1,32.4,83.7,38,M,0
