,synth,train,val,test,synth_value,real_value,jsd,wasserstein,diff_corr,dcr_rf,nndr_rf,dcr_rr,nndr_rr,dcr_ff,nndr_ff
0,0\synth.csv,0\train.csv,0\val.csv,0\test.csv,0.6351606805293006,0.6454183266932271,0.01390731559207025,0.00961973476472058,1.2914404118539766,0.4359759355082265,0.5940735218402557,0.398074352757757,0.5208718334592021,0.3671207039671591,0.5700210958225602
1,1\synth.csv,1\train.csv,1\val.csv,1\test.csv,0.5774058577405858,0.6035502958579881,0.013441237431477196,0.01141792525253574,1.1372371203881353,0.4253429570710837,0.586568990986564,0.40128924480244493,0.5217034059483369,0.3388683171862376,0.5518084104552891
2,2\synth.csv,2\train.csv,2\val.csv,2\test.csv,0.6037735849056604,0.5750528541226215,0.012649400653448205,0.012129262037921733,1.7445851220606543,0.42861856720494373,0.5880469924493147,0.391240014065082,0.4975527914636806,0.2984210324507552,0.5245257397591548
3,3\synth.csv,3\train.csv,3\val.csv,3\test.csv,0.591304347826087,0.625,0.015225092654375456,0.011515368789766861,1.647804783736583,0.4333374836392246,0.5848713758918495,0.40578234191037704,0.5144504354962349,0.3159747809446612,0.543807192118391
4,4\synth.csv,4\train.csv,4\val.csv,4\test.csv,0.6484210526315789,0.6612244897959185,0.012124187607046498,0.009690412592025834,1.1122379489354828,0.4269181949858975,0.5889472826571965,0.39968857645640016,0.5212078162604378,0.3408751298178696,0.5425237734541787
