age,sex,bmi,children,smoker,region,charges
62,female,36.86,1,no,southeast,31620.00106
26,male,30.0,1,no,southeast,-7042.245161907724
47,male,30.5681573032277,2,no,southeast,44202.6536
27,male,44.33321390746393,2,no,southwest,43896.3763
24,male,33.63,4,no,southwest,2709.1119
54,male,26.287677506642716,3,no,northwest,4376.72158692807
23,male,27.36,0,no,northeast,2789.0574
39,female,28.975,1,no,northwest,2257.47525
47,male,26.695,0,yes,southeast,1100.3616185848314
62,male,37.4,0,no,southwest,12979.358
22,male,30.66339686098655,1,no,northeast,2250.8352
32,female,29.48,1,no,southeast,3392.3652
35,female,35.2,1,yes,northeast,24915.04626
28,male,35.2,1,yes,southeast,4934.705
18,male,29.7,1,yes,southwest,19933.458
60,male,22.04,2,no,southwest,5976.8311
54,female,27.69922355340796,3,yes,northwest,13270.422265141257
51,female,31.79,2,no,northwest,16919.676310861214
25,male,24.035,2,no,southeast,13270.422265141257
45,female,30.66339686098655,1,no,northwest,8932.084
18,female,17.44857635622986,2,no,northwest,13270.422265141257
63,female,24.51,1,no,northwest,17128.42608
39,male,25.175,1,yes,southeast,24946.71108780702
32,male,24.6,0,yes,southwest,17496.306
39,male,27.835,1,yes,southeast,20009.63365
27,male,35.27082651449967,0,yes,southeast,18310.742
18,female,31.13,0,no,southeast,-16873.436953061682
26,male,30.68099400267632,0,no,southeast,1720.3537
68,male,26.505,0,no,northeast,27226.178171136933
39,male,25.6,4,no,southwest,-1664.7441980624972
36,male,34.43,0,yes,southeast,8827.2099
30,female,39.84422568793811,1,no,northwest,1727.785
38,male,18.046074460530786,2,no,northwest,18033.9679
52,female,46.75,3,no,southeast,12592.5345
42,male,30.66339686098655,0,yes,southeast,21348.706
27,female,29.545,1,no,southwest,13270.422265141257
33,male,33.0,0,no,southeast,-1290.2375819468382
51,female,34.2,1,no,southwest,12592.5345
26,female,25.9,0,no,northeast,5148.5526
46,male,24.32,2,no,northwest,6198.7518
18,female,21.12,0,no,southeast,1146.7966
36,female,30.66339686098655,5,no,southwest,4032.2407
31,female,33.88,2,no,southwest,4934.705
60,female,25.84,-2,yes,northwest,13012.20865
20,male,30.1,1,no,southwest,1980.07
28,female,30.66339686098655,0,no,southwest,13270.422265141257
50,male,32.205,0,no,northwest,8835.26495
18,male,36.19,0,no,southwest,19214.70553
18,female,25.08,0,no,northeast,16408.196556099683
53,male,28.1,4,no,southeast,11741.726
19,male,39.014810146330056,0,no,southwest,1842.519
39,female,33.0,1,no,southwest,44423.803
