age,sex,bmi,children,smoker,region,charges
37,male,45.68979367399857,1,no,southeast,3947.4131
45,male,30.134856704056332,3,no,southeast,8605.3615
24,male,31.065,3,yes,northeast,34254.05335
18,male,21.47,0,no,southeast,-9858.234328687486
63,female,37.7,0,yes,southwest,48824.45
27,female,31.4,0,yes,northwest,34838.873
56,female,25.65,1,no,northwest,11454.0215
43,male,42.4,4,yes,southwest,19040.876
51,female,29.114558497142003,0,yes,northwest,2037.794893793872
18,female,30.115,0,no,southwest,2203.47185
33,male,30.66339686098655,1,yes,southwest,10407.08585
16,male,32.395,1,no,southwest,13270.422265141257
39,female,26.22,1,no,southeast,6123.5688
44,female,25.8,1,no,northeast,7624.63
36,female,39.53831033864321,0,no,southeast,10795.93733
34,female,30.21,1,no,southeast,43943.8761
52,male,34.3,3,no,northwest,33471.97189
38,male,30.66339686098655,1,no,northwest,13270.422265141257
47,male,19.57,1,yes,northwest,8428.0693
36,male,29.07,0,yes,northwest,2007.945
62,female,30.495,0,no,southeast,15698.898418958648
25,male,24.13,0,yes,northwest,15817.9857
18,male,30.14,0,no,southeast,1131.5066
48,male,37.525,0,no,southwest,9563.029
39,female,33.25,0,yes,southeast,34672.1472
34,male,30.8,0,yes,southwest,515.0292559194495
