haematocrit,haemoglobins,erythrocyte,leucocyte,thrombocyte,mch,mchc,mcv,age,sex,source
37.87180342125527,8.4,2.88,27.6,313,29.2,32.6,89.6,46,F,1
37.5,12.691119634529915,3.92,4.8,315,31.4,32.8,81.3,68,F,0
34.3,12.749350256875191,4.09,25.4,706,29.3,35.0,83.9,50,M,0
40.3,13.957892971881119,4.999623574409295,6.1,431,27.4,31.8,86.1,45,M,1
20.17136187944662,8.0,2.37,4.4,156,33.8,34.3,98.3,72,M,0
47.5,8.428732386979581,5.91,9.4,218,28.2300392867936,35.982243486883675,77.1,38,M,0
31.7,11.2,3.51,5.4,174,28.207357973416972,34.4,90.3,86,F,0
38.1,12.8,4.8851711045415165,6.1,28,30.0,33.6,89.2,64,F,0
39.0,13.5,4.78,9.3,394,28.2,34.6,88.56473016558483,28,F,1
30.0,10.4,4.43,10.3,266,27.447514282935856,32.6,86.2,30,M,1
40.4,15.8,5.29,2.4885249132461746,31,29.9,32.2,84.61133272892113,32,F,0
48.4,9.4,6.28,0.5955845329305198,156,26.6,33.33647627682079,80.4,41,M,0
40.0,13.5,3.24,7.3,304,29.0,34.126815380007386,84.61133272892113,49,F,0
39.1,16.7,3.32,12.2,205,29.0,33.5,84.6,79,M,0
39.7,12.895845633619764,6.216063857151461,8.715533393774555,288,29.4,32.7,65.3,63,F,0
38.22611060743427,11.7,4.939403319718091,8.6,220,28.3,30.9,84.1,73,F,0
30.326347866613602,10.4,4.544802055001511,7.7,386,29.8,33.5,88.8,46,M,1
28.1,12.749350256875191,4.86,15.4,290,31.4,31.7,84.19109369823029,49,F,0
38.22611060743427,12.3,4.4,9.1,272,28.0,33.2,84.3,47,F,0
36.2,11.8,4.28,7.44952597619945,344,25.81152060986846,34.7,84.6,34,M,0
34.814443191267245,13.2,4.63,7.8,285,27.6,35.10708373850307,86.8,51,F,0
25.4,9.1,4.65,2.1,148,28.1,33.1,69.46882557612938,68,M,0
41.8,5.8,4.73,5.752708462893679,182,29.8,34.49435098145976,88.4,67,M,0
27.9,9.5,5.67,12.2,258,33.2,34.1,104.57764667312469,79,F,0
38.0,12.5,4.544802055001511,8.715533393774555,258,20.69268148636976,32.9,73.4,64,M,0
42.7,14.0,5.15,11.0,131,28.2300392867936,33.33647627682079,82.9,67,F,0
