age,sex,bmi,children,smoker,region,charges
6,male,29.64,3,no,southeast,17663.1442
29,male,27.2,2,no,southwest,2866.091
6,male,27.28,3,yes,northeast,18223.4512
23,male,27.61,0,no,southeast,9447.3824
25,female,24.754567719538105,5,no,northeast,13270.422265141257
40,female,29.9,2,no,southwest,-4321.350274076846
30,female,32.12,1,no,southeast,2801.2588
62,female,30.66339686098655,4,no,northwest,4561.1885
53,female,32.03157256671573,0,no,southeast,9625.92
35,female,39.27,2,no,southeast,3500.6123
43,male,23.98,0,no,northwest,5028.1466
50,female,30.66339686098655,3,no,southeast,11085.5868
56,male,31.280724010034067,0,no,southeast,10601.412
54,female,35.815,2,no,northeast,12096.6512
25,male,21.465353815155606,1,no,northwest,3309.7926
39,male,38.665,2,no,southwest,3393.35635
55,male,33.88,3,no,southeast,13270.422265141257
49,male,17.48,2,yes,northeast,8538.28845
52,male,31.2,4,yes,southwest,9487.6442
39,male,28.595,3,no,northwest,14749.631067576966
44,female,25.0,1,no,southwest,-1613.4096775091239
42,female,29.48,2,no,northeast,7640.3092
37,female,34.1,4,yes,southwest,40182.246
61,male,36.67,1,yes,northeast,-10290.951786226666
19,male,32.11,1,no,northwest,2130.6759
27,male,45.9,0,no,southwest,3693.428
