age,sex,bmi,children,smoker,region,charges
45,male,33.7,1,no,southwest,10959.33
47,female,32.0,1,no,northwest,8551.347
50,male,25.3,0,no,northwest,8442.667
49,male,18.715689878284362,0,no,northwest,9282.4806
39,female,36.385,3,no,northwest,13270.422265141257
20,male,31.5,1,no,southwest,4076.497
18,male,32.557722426683156,1,no,northwest,11228.037746003549
38,male,19.475,2,no,northwest,6933.24225
58,male,26.798345446789543,4,no,northeast,19496.71917
57,male,23.7,0,yes,southwest,7445.918
20,male,29.64,0,no,northeast,2257.47525
29,male,28.975,1,no,northeast,20277.80751
18,female,33.155,0,no,northeast,2207.69745
39,male,35.245,1,no,southeast,12404.8791
18,female,40.26,0,no,northeast,8765.249
55,male,39.4,2,yes,southeast,38344.566
49,male,30.25,0,no,southeast,3704.3545
23,male,36.515080296989275,0,no,southeast,1824.2854
44,male,27.4,2,no,southwest,-4255.371210768
36,male,34.43,0,yes,southeast,37742.5757
56,female,33.1,1,no,northwest,1306.9779554589568
18,male,30.66339686098655,0,no,southeast,13747.87235
52,male,39.6,1,no,southwest,11073.176
16,male,28.88,3,no,northeast,13270.422265141257
61,female,30.66339686098655,0,no,northeast,17168.24691114749
55,female,17.955,0,no,southeast,42303.69215
