haematocrit,haemoglobins,erythrocyte,leucocyte,thrombocyte,mch,mchc,mcv,age,sex,source
32.4846807710652,10.7,3.62,9.7,724,28.2300392867936,35.2,88.0,75,F,1
38.22611060743427,13.2,4.48,19.6,258,29.5,34.4,88.66614037433675,46,F,0
36.5,12.7,3.82,10.2,241,33.2,34.2,95.5,59,M,0
43.3,15.6,4.95,6.1,299,29.1,33.2,87.5,51,M,0
53.2,17.0,4.544802055001511,6.1,12,23.1,32.0,72.4,25,F,0
40.9,9.43164231037709,5.25,6.0,309,37.8,32.0657017950254,67.5,24,M,1
45.6,16.6,5.940577797328517,9.375451506188215,369,30.5,36.4,83.8,21,M,0
33.5,12.749350256875191,4.23,8.715533393774555,161,30.4,32.2,92.96063660501378,79,M,0
38.22611060743427,7.7,2.9899062350987897,18.8,374,31.835083690737214,29.9,84.0,81,M,0
38.7,13.317809734017152,4.4,4.0,130,21.0,34.4,88.0,59,M,1
39.7,13.2,4.59,13.9,436,26.3,31.887346252905804,80.9,50,M,1
41.98402896004282,14.9,4.71,10.2,441,26.615431971665867,33.3,85.27405450459077,13,M,1
46.0,14.0,4.78,9.700545377813695,310,29.3,34.2,85.6,21,M,0
23.3,8.7,2.88,17.7,113,34.94404186272024,37.3,84.61133272892113,74,M,1
69.0,10.8,4.487401910842266,8.2,258,29.4,34.52909846578875,87.9,64,F,1
37.41844781039546,12.1,3.93,-0.021415443312102767,402,31.0,36.0,85.5,88,M,1
38.6,13.5,4.66,16.4,324,29.0,35.0,82.8,54,M,0
40.2,14.513636857160051,5.25,6.3,64,22.757268416095116,33.22283057072684,76.6,38,F,1
38.0,12.4,5.01,6.9,115,27.0,33.33647627682079,82.8,16,M,1
24.6,9.3,2.87,14.6,152,32.4,37.8,85.7,76,M,1
42.4,6.4,4.463603665284113,5.9450207731962195,144,27.2,34.0,80.2,55,M,0
42.8,12.749350256875191,4.544802055001511,5.8,450,25.8,32.0,80.5,64,F,1
31.180496645832207,12.6,3.85,11.5,299,28.1,33.6,84.61133272892113,19,M,1
43.3,14.201843465237117,4.67,9.5,30,30.8,33.5,92.7,62,F,0
44.5,15.1,5.12,10.7,202,28.2300392867936,33.33647627682079,82.60696759025764,34,F,1
23.5,10.9,4.8,8.715533393774555,510,22.7,32.9,76.0,46,M,0
