age,sex,bmi,children,smoker,region,charges
23,male,37.1,2,no,northeast,6548.19505
18,male,24.1,4,no,southeast,36219.40545
34,male,19.8,1,no,southwest,25045.265166248715
25,male,30.66339686098655,2,no,northeast,23163.774921686145
43,male,24.7,1,yes,northwest,21880.82
42,male,24.86,0,no,southeast,5966.8874
39,male,31.92,0,no,northeast,34806.4677
40,female,29.9,2,no,southwest,6600.361
36,male,30.66339686098655,0,yes,northwest,4883.866
28,female,37.98462302700765,3,no,northwest,5312.16985
60,female,40.92,0,no,southeast,48673.5588
28,male,17.29,1,no,southeast,8527.072634073153
28,female,23.845,2,no,northwest,4719.73655
37,female,37.07,1,no,southeast,39871.7043
43,male,30.02,0,no,northwest,2201.0971
50,female,35.30961755867289,2,no,northwest,13270.422265141257
41,male,35.435,5,no,southeast,14478.33015
62,male,33.62299449526454,3,yes,northwest,46718.16325
35,female,35.86,1,no,northeast,13270.422265141257
39,male,31.16,1,no,northwest,10461.9794
39,male,33.88,0,no,southeast,11482.63485
44,female,30.66339686098655,0,no,southwest,2200.83085
54,male,39.805,3,no,northeast,4779.6023
41,female,7.985721633112696,3,no,northwest,12523.6048
27,male,36.955,0,no,southwest,23241.47453
48,male,44.609046459124656,1,no,southeast,13169.856066581606
69,male,22.8,0,no,southwest,6542.022930925031
27,male,30.66339686098655,0,no,northeast,5152.134
21,female,21.3,0,no,southeast,13270.422265141257
37,male,36.2,1,no,southwest,28450.15764851764
61,male,16.815,2,no,southeast,6640.54485
34,female,19.0,2,no,southeast,13270.422265141257
22,male,28.16,0,no,northeast,2166.732
46,female,30.93239356555893,2,no,southeast,8327.602116093392
30,female,27.93,4,no,southwest,11015.1747
60,male,22.515,1,no,northwest,9391.184348634926
28,male,22.42,0,yes,northeast,9361.3268
38,male,30.9,0,no,northwest,11488.31695
22,female,32.160893107090686,0,yes,northwest,33907.548
39,female,27.74,1,no,northwest,8026.6666
36,male,36.75361911901572,3,no,northwest,3597.596
27,male,30.66339686098655,1,yes,southeast,2261.5688
39,female,22.895,1,no,northeast,4719.52405
26,female,23.37,2,no,southeast,13270.422265141257
29,female,29.59,2,no,northeast,-1923.0983390144434
35,female,20.7,3,no,southwest,5926.846
18,male,25.175,1,yes,southeast,15518.18025
33,female,35.75,2,no,southeast,4889.9995
47,female,29.71811163382741,0,no,southeast,6112.35295
20,female,30.685,0,yes,northeast,13722.300935381703
17,female,20.36526310259784,1,no,northwest,4296.2712
49,male,32.205,0,yes,southwest,17081.08
