age,sex,bmi,children,smoker,region,charges
22,female,21.28,3,no,northwest,4296.2712
39,female,23.275,2,no,northwest,13270.422265141257
61,female,30.66339686098655,0,yes,southwest,48517.56315
58,male,30.66339686098655,0,no,northwest,11743.9341
45,female,31.16,2,no,northwest,43578.9394
25,male,23.4,1,no,northwest,27451.144995480994
41,male,39.49,1,no,southeast,13270.422265141257
48,male,32.886519996982685,0,no,southwest,12638.195
50,male,26.03,0,no,southeast,18955.22017
33,female,30.177415492645117,2,no,northwest,12269.68865
64,male,31.13,2,yes,northwest,2566.4707
33,female,31.35,4,no,southeast,4561.1885
50,male,21.01,1,no,northwest,27162.435712460767
46,male,30.66339686098655,2,no,northwest,47291.055
13,female,22.77,1,yes,northwest,-120.26303705413011
44,male,30.2,2,yes,southwest,38998.546
10,female,31.3,2,no,southeast,9193.8385
37,female,27.74,3,no,northwest,13270.422265141257
33,female,24.429377039759665,3,no,southeast,5906.313518439694
19,male,22.8,0,no,southeast,14358.116335079658
58,male,20.12939008152771,1,no,southwest,11345.519
24,male,17.4,0,no,southwest,1417.7881288980109
33,female,32.00730115416527,0,no,southeast,37079.372
50,female,41.55944584238059,1,no,southwest,-8896.39328733941
26,female,28.05,1,no,southeast,6770.1925
49,male,27.1,2,no,southwest,26140.3603
39,male,20.297290437730034,4,yes,southeast,13270.422265141257
18,male,27.642501843272612,0,no,northwest,13747.87235
55,female,30.14,0,no,southeast,14007.222
39,male,26.6,1,no,southeast,2396.0959
41,male,31.02,1,no,southeast,6185.3208
43,male,26.98,0,yes,southwest,11082.5772
43,female,38.17,2,no,northwest,21880.82
21,male,23.21,5,yes,southeast,1515.3449
39,male,35.393464975186475,2,no,southeast,7731.4271
42,male,24.605,2,yes,northeast,11844.782460192542
53,female,29.48,0,no,southeast,10797.3362
39,female,44.7,0,yes,northwest,21774.32215
34,female,27.5,1,no,northeast,5003.853
24,male,27.6,0,no,southwest,2102.2647
54,male,30.97,1,no,northeast,10600.5483
20,female,25.260878646777098,0,no,southwest,5227.98875
44,male,27.4,3,no,southwest,-7403.299375024163
18,male,23.21,1,yes,southeast,1121.8739
18,male,24.605,0,no,southeast,6605.473979465109
23,male,30.66339686098655,3,no,southeast,13270.422265141257
42,male,36.955,2,yes,southeast,47496.49445
39,male,34.865,0,no,northeast,11944.59435
20,male,35.625,3,yes,northwest,37465.34375
32,male,28.785,3,no,northeast,14394.39815
69,female,30.66339686098655,3,yes,southwest,25309.489
39,female,33.8,1,yes,southwest,47928.03
