,synth,train,val,test,synth_value,real_value
0,0/synth.csv,0/train.csv,0/val.csv,0/test.csv,0.5425742574257426,0.6404715127701376
1,1/synth.csv,1/train.csv,1/val.csv,1/test.csv,0.49074074074074076,0.5714285714285714
2,2/synth.csv,2/train.csv,2/val.csv,2/test.csv,0.5417607223476298,0.5478841870824054
3,3/synth.csv,3/train.csv,3/val.csv,3/test.csv,0.39583333333333337,0.5974025974025974
4,4/synth.csv,4/train.csv,4/val.csv,4/test.csv,0.5134474327628362,0.6143790849673202
