age,sex,bmi,children,smoker,region,charges
24,female,10.900434462489315,0,no,southwest,7503.191562762472
59,male,27.83,1,yes,southeast,14001.2867
45,female,30.2,1,no,southwest,7441.053
56,male,29.30595396582921,0,no,southeast,11165.41765
22,male,35.1,0,no,northwest,2527.81865
31,female,25.74,0,no,southeast,3756.6216
59,female,28.0,0,yes,southwest,14394.39815
58,male,30.66339686098655,1,no,northeast,24382.376387563974
55,male,33.0,3,no,northeast,32108.66282
39,female,27.645,2,no,southeast,13270.422265141257
30,male,35.53,0,yes,southeast,36950.2567
35,female,26.57002295250674,1,no,northwest,5385.3379
27,female,19.883231301546605,0,no,southeast,2974.126
37,male,29.9,1,no,southwest,7337.748
50,male,30.66339686098655,0,no,northwest,10600.5483
39,male,22.23,1,no,southeast,3176.2877
62,male,29.735,5,no,southeast,20781.48892
42,female,20.235,0,no,southeast,13270.422265141257
50,female,36.63,2,no,southwest,14349.8544
17,male,29.48,0,yes,northwest,5654.840105795485
47,female,33.915,3,no,northwest,10115.00885
20,male,22.0,1,no,southwest,7427.926349147583
24,female,33.4,0,no,northeast,3046.062
60,female,29.48,1,no,southeast,7640.3092
18,male,42.24,0,yes,northeast,38792.6856
42,male,40.3,0,no,southwest,6474.013
