age,sex,bmi,children,smoker,region,charges
28,male,24.51,3,yes,northwest,19673.33573
38,male,34.65088763639658,2,no,southeast,6082.405
48,male,38.94,2,yes,southeast,13270.422265141257
27,female,23.465,2,no,northeast,6402.29135
30,male,31.359684112134467,2,yes,southwest,5428.7277
26,male,23.7,2,no,southwest,11030.349985043413
35,male,43.34,2,no,southeast,23650.68458017987
19,female,32.11,-1,no,southeast,10391.9541133316
49,male,36.85,0,no,southeast,8125.7845
19,female,33.82,1,no,northwest,22192.43711
19,male,28.69,1,no,northwest,2219.4451
19,female,28.4,1,yes,northwest,13405.3903
63,male,41.47,0,no,southeast,1842.519
59,female,23.655,0,yes,northwest,25678.77845
82,male,40.565,1,yes,northeast,48549.17835
33,female,33.33,3,no,southwest,4151.0287
39,male,30.66339686098655,4,no,southeast,12949.1554
48,male,22.213318272878446,2,no,northeast,8968.33
49,male,41.47,0,no,southeast,10977.2063
39,male,33.88,1,yes,northwest,10601.63225
44,male,30.66339686098655,2,no,southeast,6948.7008
14,female,28.49,1,yes,northwest,13270.422265141257
32,male,29.193200614810404,1,yes,northeast,33475.81715
50,male,30.97,3,no,northeast,7722.721851225635
30,male,36.29,3,no,northeast,6551.7501
46,female,30.8,3,no,southeast,9414.92
