haematocrit,haemoglobins,erythrocyte,leucocyte,thrombocyte,mch,mchc,mcv,age,sex,source
43.2,13.3,4.33,14.3,78,30.7,34.582034116606614,92.8,32,F,0
29.7,9.4,4.731451454558883,7.0,275,22.8,34.04194190335507,71.9,21,F,1
31.0,11.9,3.649499772450427,17.035397978891037,472,29.5,31.3,71.8,46,M,0
41.4,12.749350256875191,4.634801245981853,6.8,265,28.7,33.33647627682079,100.20021037306427,48,M,0
39.714722953025245,12.281036619310777,2.39,14.1,-124,26.9,30.3,89.0,1,F,1
38.22611060743427,14.7,5.15,7.1,538,27.6,33.0,83.5,29,F,0
33.6,10.0,4.53,12.637279217364707,258,22.1,29.8,74.2,46,M,0
31.1,8.7,5.06,11.1,416,17.2,34.6,79.01875764592687,1,F,1
33.2,11.6,3.87,8.715533393774555,196,30.0,33.33647627682079,85.8,32,F,0
43.4,13.2,3.84,9.5,230,22.5,33.5,84.4,48,F,0
34.5,11.3,4.544802055001511,13.8,229,30.5,32.8,93.0,64,M,1
37.8,12.0,5.5,11.1,387,22.37593852040354,31.7,68.7,74,M,0
37.4,12.0,5.58,7.1031521671586235,320,21.5,32.1,67.0,68,F,0
38.1,13.0,4.38,11.9,145,29.7,34.1,87.0,82,M,1
33.2,10.4,3.47,7.2,378,27.5,33.7,85.21221907662205,69,F,0
46.6,16.305211839984945,5.98,7.8,325,28.3,33.5,88.1,8,M,1
45.69618869608123,14.74335500951949,4.47,13.9,409,23.50484194904675,33.0,76.89696234292549,46,M,0
45.8,15.5,5.14,7.1,322,28.2300392867936,33.8,89.1,58,M,0
30.48586206513342,15.2,5.06,7.6,252,30.0,36.6,83.6,53,M,0
27.5,10.6,3.41,11.2,292,26.1,38.2,80.6,53,F,1
45.7,12.749350256875191,5.28,6.1,173,29.56706546815511,28.0,86.6,20,M,0
38.22611060743427,15.7,5.37,4.034263996482462,25,29.2,33.2342067584421,79.7,59,M,1
34.6,11.7,4.16,8.715533393774555,258,31.640674563721483,33.8,83.2,65,M,0
40.2,14.2,5.102069696975462,3.1,324,28.2300392867936,34.0,84.61133272892113,87,F,0
42.3,14.4,5.32,15.1,252,27.1,34.0,92.7,12,F,0
56.61171307672079,11.317578302888801,4.544802055001511,5.8,283,21.1,31.52413057735993,84.61133272892113,55,M,0
