age,sex,bmi,children,smoker,region,charges
50,male,32.3,1,yes,northeast,41919.097
65,female,23.18,0,no,northeast,10197.7722
35,male,30.66339686098655,1,no,northwest,13270.422265141257
40,male,30.66339686098655,1,yes,southeast,17191.37498946312
23,female,47.74,1,no,southeast,4133.64165
62,male,24.6,1,no,southeast,4529.477
64,male,23.76,0,yes,southeast,13270.422265141257
60,female,30.66339686098655,0,no,southeast,13012.20865
27,female,24.75,2,no,southeast,23730.735211446816
50,male,34.2,0,yes,northwest,21774.32215
14,male,33.75726018767177,0,no,northeast,10309.816462646566
12,female,36.67,2,yes,northwest,18829.993383036322
18,male,23.21,0,no,southeast,1121.8739
18,female,31.13,1,no,southeast,1621.8827
40,female,40.98994233069257,1,no,northwest,4889.0368
29,female,32.11,1,no,southwest,4922.9159
55,male,30.4,0,no,northeast,2741.948
46,female,30.875,0,yes,southeast,42111.6647
42,female,37.7,1,no,southeast,7050.0213
36,female,29.681488877045787,3,no,southeast,5920.1041
62,female,26.29,0,no,southeast,27808.7251
19,male,27.645,0,no,northeast,1842.519
39,male,35.53,3,yes,northwest,43651.96748195142
40,male,25.84,1,no,northeast,13270.422265141257
41,male,30.349115168407064,1,no,northwest,4237.12655
39,male,31.047626431349475,2,no,southeast,1984.4533
38,male,18.6,1,no,southeast,-9953.045341739176
39,male,27.15859937882991,0,yes,southeast,2055.3249
60,female,36.08,3,yes,northeast,33316.213806553846
27,male,33.11,3,yes,northwest,18804.7524
18,female,36.52,1,no,southeast,44585.45587
50,female,28.16,3,no,southeast,10702.6424
41,male,36.385,2,no,southwest,6875.961
23,male,34.4,0,no,southwest,1826.843
64,male,28.29803258953856,0,no,northeast,13768.951372601463
63,male,32.87,1,yes,southeast,13270.422265141257
37,male,34.1,-2,yes,southwest,40182.246
23,male,29.04,1,no,northwest,2775.19215
24,male,29.3,0,no,northeast,12094.478
39,male,36.50282743629015,5,no,southwest,9222.4026
30,female,32.775,0,no,northwest,10601.63225
60,male,24.1,0,no,southwest,2974.126
64,male,17.955,2,no,northeast,15006.57945
39,female,30.66339686098655,0,no,northwest,7512.267
52,female,37.525,0,no,northwest,5080.096
39,female,26.41,1,no,southeast,5385.3379
59,male,43.255360434114195,0,yes,southwest,1633.0444
39,female,30.69,1,no,southeast,-4457.090379443843
34,male,27.5,2,no,southwest,5003.853
26,male,30.66339686098655,0,no,northeast,8125.413756187263
40,male,28.38,1,yes,northwest,19521.9682
27,male,32.41757947476965,4,no,northwest,13270.422265141257
