haematocrit,haemoglobins,erythrocyte,leucocyte,thrombocyte,mch,mchc,mcv,age,sex,source
47.1,15.7,5.44,7.7,174,28.9,33.3,86.6,69,M,0
29.5,10.1,3.3,16.5,232,30.6,33.33647627682079,76.1,75,F,1
28.41186802822838,8.692431174144634,2.53,5.8,248,30.0,28.0,95.3,81,M,1
46.2,15.8,5.09,6.965533063245433,362,30.7,34.2,89.7,26,M,0
30.6,8.6,4.7,10.2,364,18.3,28.1,84.61133272892113,56,F,0
38.22611060743427,10.2,3.64,14.49378124030271,327,21.6,32.9,85.2,57,M,0
46.2,16.5,5.63,8.715533393774555,431,29.3,35.7,80.06752924952352,27,M,1
37.1,12.749350256875191,5.29,9.5,284,28.2300392867936,29.1,82.5,44,F,1
41.3,14.0,4.81,8.715533393774555,248,29.1,33.9,84.61133272892113,33,M,0
38.5,9.1,4.613652116434593,11.4,258,29.5,33.33647627682079,84.45012577030012,64,M,1
38.0,11.9,3.76,5.0,472,18.87339763644131,31.3,71.8,42,M,0
39.6,13.247676253282663,6.035427241235666,11.1,265,25.6,31.3,88.28126362821757,17,F,1
32.6,12.749350256875191,3.8,7.9,167,30.0,34.47445543578287,85.8,59,M,1
25.8,10.0,4.65,11.4,258,26.7,33.4,79.8,77,F,0
41.6,13.9,4.41,5.5,213,30.5,34.6,100.0722815624689,48,M,1
44.7,15.3,4.331773460580352,5.3,242,31.5,34.2,89.2,37,M,0
42.2,13.6202500753935,3.47,5.9,220,30.1,34.67856808455334,87.7,41,M,0
48.6,12.8,3.88,8.9,151,27.7616245272635,31.784225216606316,99.2,49,M,0
40.3,13.6,4.85,3.0538488456673587,250,28.0,34.5,83.1,3,F,1
50.14720341674321,11.15126334039278,5.1,7.3,338,27.5,30.5,68.6,16,M,0
49.9,17.2,5.78,11.264649051778072,32,28.2300392867936,33.7,86.3,30,M,0
27.5,13.1,3.0500220880482845,19.2,19,26.665398262525002,33.1,74.1,68,M,0
28.963369471297494,14.8,5.39,12.7,202,27.5,34.0,80.7,1,F,0
35.721978654240914,11.3,4.544802055001511,7.3,330,26.4,36.117150766173175,79.7,46,F,0
38.22611060743427,8.3,4.544802055001511,8.5,50,27.453375885673122,34.6,99.5,57,F,0
31.7,10.6,3.69,10.8,101,20.9,33.4,85.9,46,M,0
