age,sex,bmi,children,smoker,region,charges
45,male,24.31,5,no,southeast,9788.8659
28,male,39.49,0,no,northwest,3161.454
39,male,41.40771490566118,5,no,southeast,13270.422265141257
35,female,32.23,1,no,southeast,8871.1517
64,male,33.66,4,no,southeast,15161.5344
24,male,25.8,0,no,southeast,2480.9791
48,female,33.42803629173004,1,no,southeast,5240.765
42,male,25.559437162988218,2,no,southeast,7640.3092
54,female,31.9,2,no,southeast,19652.887148646732
30,male,33.0,1,yes,southeast,1980.07
48,female,27.17,0,yes,northwest,4441.21315
28,female,23.8,1,no,southwest,7337.748
42,male,24.605,2,no,northeast,21259.37795
39,female,30.66339686098655,1,no,southwest,13270.422265141257
45,male,40.3,3,no,southwest,10602.385
44,male,26.885,1,no,northeast,12222.8983
37,male,30.25,0,no,southwest,4646.759
19,female,32.11,0,no,northwest,2130.6759
52,female,34.99153080157107,5,yes,southeast,15394.297198931317
21,female,34.6,0,yes,northeast,5974.3847
46,male,30.66339686098655,0,no,southeast,7526.70645
29,male,21.755,1,yes,northeast,16657.71745
19,male,33.77,1,no,southwest,-1357.8712885388247
56,female,26.6,1,no,southeast,41466.04093863744
63,female,21.09,0,no,northwest,13770.0979
61,female,29.92,3,yes,southeast,30942.1918
