haematocrit,haemoglobins,erythrocyte,leucocyte,thrombocyte,mch,mchc,mcv,age,sex,source
41.5,14.6,4.544802055001511,11.4,201,28.7,35.2,87.1,61,M,1
38.2,14.841400218340985,3.939465856138732,5.8,392,29.1,34.0,84.70770521782393,25,F,0
35.7,10.9,3.85,9.0,366,29.9199945798056,30.5,92.7,75,M,0
49.9,15.7,4.12,9.7,182,28.5,32.8,82.8,71,M,0
36.6,13.1,4.09,4.6,258,28.2300392867936,33.33647627682079,89.22725285472407,65,F,0
43.2,15.4,5.57,14.877849953726432,325,17.1,32.6,84.61133272892113,9,F,0
38.22611060743427,9.4,4.13,7.0,71,22.8,31.6,71.9,75,F,0
38.8,12.2,4.1,3.2613728019611106,226,32.0,33.8,94.6,76,F,1
34.5,12.0,2.15,7.6,187,32.22633241735697,36.8,66.4,28,F,0
45.2,12.749350256875191,5.44,3.6,268,26.5,33.8,78.3,11,M,0
38.5,13.1,4.88,16.9,75,29.0,32.924503745207204,96.48392092329368,32,F,0
34.6,11.383226675755374,4.28,24.6,286,26.9,33.33647627682079,80.8,4,M,0
38.50259429571518,13.5,5.864972210521304,11.3,338,28.2300392867936,36.2,76.6,-4,M,0
42.125126751375134,15.2,5.43,-1.7569419208445298,30,28.0,34.4,81.4,48,M,1
28.8,12.749350256875191,2.221090086287739,8.715533393774555,128,28.0,33.7,83.2,53,M,1
40.06111483386824,14.90494135822076,3.93,8.0,289,30.5,33.57118422285012,86.55132913888701,46,F,0
38.78548434492724,13.6,4.53,8.715533393774555,288,31.88781113231204,33.535548739106154,84.61133272892113,37,M,0
50.7,16.7,5.86,8.1,330,27.2,32.9,86.5,46,F,1
30.6,10.2,3.61,4.5,185,17.5,33.3,84.8,46,F,0
34.0,11.3,4.06,10.3,352,27.8,33.8,105.3,53,F,0
42.6,15.3,4.544802055001511,5.3,277,30.38477612060462,35.067506848208865,86.6,37,M,0
30.4,6.9,3.72,6.022483738792923,279,28.5,34.9,81.7,70,F,0
44.6,14.1,4.79,19.0,235,29.4,33.2,81.7,41,F,1
26.3,8.6,4.2216761100058475,6.3,50,29.8,32.7,91.0,49,F,1
38.22611060743427,3.0888748425457884,4.37,9.3,500,15.8,26.4,59.7,30,F,1
40.6,13.5,4.51,7.1,258,27.7,33.3,83.2,21,M,0
