haematocrit,haemoglobins,erythrocyte,leucocyte,thrombocyte,mch,mchc,mcv,age,sex,source
44.7,16.236890458734315,6.049970206437196,3.2693144163673145,258,31.8,34.7,61.3,46,M,0
43.9,14.4,5.02,6.8,418,28.7,32.8,87.5,58,M,0
28.695450250108877,12.749350256875191,4.02,6.6,317,28.4,32.5,88.27019701362298,57,M,0
48.09506307601127,15.3,5.07,21.5,258,30.2,34.9,86.6,35,F,0
38.4,12.7,4.28,8.715533393774555,180,29.7,33.1,89.7,56,M,0
33.9,12.749350256875191,5.151402332650669,9.024961232457239,256,28.2300392867936,31.735918530752794,71.6,48,M,1
38.22611060743427,13.0,4.64,24.1,215,28.2300392867936,34.9,96.87927695907608,58,F,0
42.1,11.7,4.08,7.9989534712231976,383,28.4,33.33647627682079,87.7,68,M,0
36.7,12.0,5.09,2.1,473,23.6,32.7,72.1,2,F,0
42.5,15.0,4.933569209158873,11.3,247,23.76014394501283,33.65865620034372,84.61133272892113,52,M,0
33.4,9.8,5.33,9.295089489020679,335,18.4,35.9,62.7,31,F,1
38.3,12.6,4.32,7.4,236,33.4,32.9,81.6,23,M,0
45.419821546525064,13.9,2.53,12.1,206,29.256480744544984,34.6,84.5,52,M,0
41.5,17.24123539968986,5.17,9.1,295,18.7,33.7,80.3,77,M,0
45.0,15.7,5.47,3.4,19,28.7,32.9,82.3,45,M,0
35.2,13.2033165644497,4.544802055001511,6.2,215,29.9,30.2,84.61133272892113,15,F,0
36.032876795755044,12.7,4.76,6.5,150,32.8,34.3,95.7,60,F,0
36.3,8.6,3.7929037031333324,8.715533393774555,247,27.2,29.811204242195476,87.2,60,F,1
38.22611060743427,14.048500109192013,2.59,6.3,276,28.2,33.6,83.9,22,F,0
45.6,6.1,5.44,9.6,292,30.5,36.4,92.42560555178157,46,M,0
34.3,10.7,3.8,19.6,257,24.901504253633185,31.2,90.3,51,M,1
35.8,15.2,4.93,8.0,310,29.729832308593465,33.33647627682079,85.4,86,M,1
42.2,14.3,4.57,3.3,258,27.7,34.35005247051332,88.7,8,M,1
36.4,12.3,4.8,7.8,386,25.6,33.8,75.8,5,F,0
36.5,8.3,4.544802055001511,52.8,241,33.2,34.8,95.5,59,F,1
29.0,12.0,3.59,3.9,84,29.2,34.9,86.57616574353415,77,M,0
