age,sex,bmi,children,smoker,region,charges
53,male,21.78,1,no,northeast,5383.536
39,female,37.62,5,no,southeast,591.5580308411268
50,male,32.11,-1,no,southeast,25333.33284
19,male,20.654201645988785,1,no,southwest,1837.237
42,female,30.68763309029764,0,no,southeast,13270.422265141257
22,male,30.76773559428942,1,no,southeast,2219.4451
19,female,30.59,1,no,northwest,1639.5631
47,male,36.0,1,no,southeast,8556.907
63,male,44.77,2,no,southeast,9058.7303
19,male,30.66339686098655,0,no,southwest,1241.565
19,female,28.3,0,yes,southeast,17081.08
18,male,23.75,0,no,northwest,1705.6245
54,female,32.3,2,no,northeast,7184.123968672452
39,male,22.968249658275916,0,no,southwest,13390.559
33,female,40.26,0,no,southeast,13270.422265141257
56,male,28.31,0,no,northeast,3645.0894
38,female,27.6,0,no,southwest,9601.919676700581
58,male,30.305,0,no,southeast,1909.52745
32,male,28.88,2,no,northwest,9630.397
50,female,30.66339686098655,0,yes,southwest,17496.306
18,female,38.665,1,no,southeast,3393.35635
23,male,31.255,1,no,northeast,11938.25595
60,male,46.09,0,no,southwest,12142.5786
49,female,30.8,1,no,northeast,15963.631139281166
60,male,33.11,3,no,southeast,13919.8229
47,male,29.545,2,no,northeast,8930.93455
