age,sex,bmi,children,smoker,region,charges
22,male,31.73,0,yes,northeast,23568.272
28,female,33.4,1,no,northwest,3172.018
18,male,30.66339686098655,3,no,northeast,7323.734819
52,male,29.9,1,no,southwest,10214.636
31,male,22.3,1,no,northeast,5674.617005923653
20,male,37.0,1,no,northwest,4830.63
31,male,28.0,1,no,southwest,2254.7967
27,female,37.67973256643932,0,no,southeast,11362.755
67,male,22.23,0,no,southeast,20781.48892
47,female,30.66339686098655,0,yes,northwest,5234.806380441355
30,male,29.3,0,no,southeast,13270.422265141257
34,female,35.86,0,yes,northwest,5385.3379
58,female,36.92410276151445,0,no,southwest,2974.126
43,female,29.9,1,no,southwest,7337.748
50,male,30.97,1,no,southwest,43254.41795
26,female,33.0,0,no,northwest,3176.2877
17,male,29.735,2,no,southwest,47305.305
60,female,35.1,0,no,southeast,19213.66321988362
39,female,28.356347027527853,2,no,southeast,13270.422265141257
53,male,29.48,0,no,southeast,10344.049987169046
47,female,33.915,3,no,northwest,10115.00885
64,male,22.0,1,no,northeast,1964.78
24,female,38.51059886925933,0,no,northeast,3046.062
42,female,29.48,2,no,southeast,7640.3092
39,male,42.24,0,yes,southeast,38792.6856
42,female,37.9,2,no,southwest,6474.013
