age,sex,bmi,children,smoker,region,charges
54,male,28.05,3,yes,northwest,37607.5277
26,male,20.8,0,no,southeast,2302.3
28,male,30.685,0,no,northeast,35797.13889066036
18,female,37.29,1,no,southeast,2219.4451
24,female,23.466242766066852,0,no,southeast,3044.2133
46,female,28.5,0,no,northeast,1712.227
39,male,24.605,3,yes,northwest,8342.90875
18,male,29.37,1,no,southeast,14852.957523940735
26,male,35.07135953546299,1,no,northwest,12044.342
24,male,28.598142654232106,2,yes,southwest,15631.557839951362
32,male,30.66339686098655,0,yes,northeast,12479.70895
39,male,25.745,2,no,northeast,3279.86855
20,male,20.3,4,no,southwest,1242.26
25,male,30.14,3,no,southwest,4391.652
19,female,27.9,1,yes,southwest,16884.924
22,male,24.605,1,no,southeast,4234.927
58,male,34.865,0,no,southeast,11944.59435
40,male,29.355,0,no,northwest,6393.60345
21,female,33.915,3,no,northwest,10115.00885
16,female,30.66339686098655,0,no,southwest,1137.011
37,male,18.05,0,yes,northeast,13270.422265141257
18,male,25.889876206054453,0,no,northeast,13270.422265141257
50,male,44.77,1,no,southeast,9058.7303
47,male,25.8,0,no,southeast,-21747.11387063669
49,female,33.345,0,yes,northeast,10370.91255
24,male,28.5,0,no,northeast,35147.52848
