age,sex,bmi,children,smoker,region,charges
57,male,25.46,0,no,northwest,13270.422265141257
52,female,18.335,0,no,northwest,13270.422265141257
36,female,22.6,1,yes,southwest,10072.05505
48,female,25.378759898541244,-1,no,southwest,41676.0811
39,male,25.84,1,no,southeast,46330.71174263331
34,female,33.33,5,no,southeast,21978.6769
53,female,38.06,3,no,southeast,9324.798317592978
15,male,32.395,0,no,southeast,2362.22905
50,female,26.315,1,no,southeast,11538.421
19,female,27.776774798564382,0,yes,northwest,33750.2918
19,male,28.88,0,no,northwest,17748.5062
62,male,36.86,1,no,northeast,13270.422265141257
44,male,27.61,1,no,southeast,4747.0529
63,male,39.8,3,no,northwest,15170.069
16,male,27.6,0,no,southeast,24231.447657212135
39,male,32.916662850272246,1,yes,northeast,48970.2476
30,female,32.04889525051579,0,no,southwest,4149.736
61,female,40.66,0,no,southeast,9875.6804
-1,female,17.8,2,yes,southeast,1727.785
59,male,30.66339686098655,0,no,southeast,11743.299
28,female,30.66339686098655,3,no,southeast,7682.67
35,male,32.585,3,no,northwest,4846.92015
47,male,33.7,0,no,southeast,1664.9996
31,male,47.300349003964826,5,yes,southeast,6186.127
39,male,23.18,0,no,southwest,12124.9924
39,male,34.91347589965239,1,no,northeast,1633.9618
49,female,41.47,4,no,southeast,18636.041337951403
20,female,46.7,1,no,southwest,1880.487
78,female,30.66339686098655,0,no,southeast,12622.1795
45,male,39.93,2,yes,southeast,8515.7587
18,female,41.14,1,no,southeast,13270.422265141257
59,female,36.52,1,no,southeast,28287.89766
50,male,31.6,2,no,southwest,12080.236190579322
29,male,38.06,0,no,southeast,4337.7352
51,male,39.70468781943079,4,no,southeast,32169.599097800776
41,male,31.07247625219763,0,no,southeast,5699.8375
44,male,32.11,0,no,northwest,-17525.24053705216
46,male,40.375,2,no,northwest,31974.166347917762
32,female,39.27714069815876,3,no,northeast,38709.176
39,female,30.66339686098655,2,no,northeast,16069.08475
54,female,33.3,2,no,southwest,6389.37785
31,male,35.97,0,no,northwest,4243.59005
21,male,38.095,0,yes,southeast,1131.5066
30,female,30.05120792250035,3,no,northwest,13270.422265141257
28,female,24.035,0,yes,northeast,10422.91665
35,female,34.21,1,no,southeast,5245.2269
23,male,27.36,1,no,northwest,2244.018679608826
63,female,30.66339686098655,0,no,southwest,45706.34926788486
33,male,19.095,2,no,northeast,16776.30405
53,female,30.495,1,no,southeast,18608.262
53,female,41.69,0,no,southwest,1728.897
39,male,32.34,2,no,southeast,6338.0756
