haematocrit,haemoglobins,erythrocyte,leucocyte,thrombocyte,mch,mchc,mcv,age,sex,source
36.10216563725055,10.5,4.52,7.316830633107221,450,23.2,30.7,84.61133272892113,37,F,1
46.2,17.19858113848402,5.2,25.4,295,29.6,33.3,88.8,71,M,0
31.3,10.4,2.4887566684043056,6.9,184,34.1,34.8,89.97912247943422,87,F,0
29.44105459935672,12.4,4.544802055001511,6.3,286,30.0,33.3,90.4,60,F,1
38.1,7.4,5.457817592074724,8.715533393774555,157,29.34848377907734,31.5,81.2,25,M,0
44.0,15.3,5.32,6.2,250,29.014121963527142,33.2,82.7,35,M,0
44.7,14.862517798406016,5.36,8.342635217269128,449,28.7,36.9,88.45242340729318,32,M,1
40.1,13.6,4.08,6.2,301,27.156481248930668,33.9,99.39621384415412,41,M,0
40.6,13.3,4.85,14.9,711,27.4,35.2,83.7,67,M,0
33.4,11.3,3.3043120205653946,16.8,536,27.8,32.9,82.26757556432617,73,F,0
40.4,13.4,4.79,6.4,212,28.0,33.2,83.3,59,M,1
41.06056032462807,9.0,4.758032704362427,10.916783288144982,207,28.2300392867936,32.7,84.3,46,M,1
37.6,11.0,5.5,25.631244855753057,376,28.2300392867936,35.112684028322974,68.4,42,F,0
38.22611060743427,12.122695603376211,5.16,4.5,203,26.6,32.4,82.0,17,M,1
37.3,12.3,5.05,9.4,349,27.2,33.0,82.3,60,F,0
35.8,12.2,4.22,2.1,150,28.9,33.3,98.9,55,F,1
29.0,12.749350256875191,4.544802055001511,8.715533393774555,218,27.3,32.53553257872824,84.61133272892113,33,F,0
32.5,13.090168462174098,4.53,5.6,258,28.3,33.9,87.7,33,F,0
27.172684162886263,13.7,2.53,8.8,160,28.83674627967865,33.33647627682079,88.9,45,M,0
21.9,7.3,3.06,22.6,237,23.9,33.3,71.6,53,M,0
38.6,13.2,4.7,6.5,403,28.1,34.2,82.1,28,M,0
42.7,9.4,3.54,14.4,258,26.5,33.33647627682079,81.9,28,F,0
38.22611060743427,12.749350256875191,4.88,7.2,223,23.6,33.46104955852364,72.7,44,M,1
36.4,15.9,4.24,15.9,273,29.7,31.79367981513148,85.8,67,M,0
34.1,11.6,4.88,7.1,279,23.8,34.0,69.9,25,F,0
41.0,13.5,3.13,10.0,247,25.6,32.9,77.8,46,M,0
