,synth,train,val,test,synth_value,real_value
0,0/synth.csv,0/train.csv,0/val.csv,0/test.csv,0.08587580489427815,0.1209510473607125
1,1/synth.csv,1/train.csv,1/val.csv,1/test.csv,0.10795113626461061,0.13838043621195284
2,2/synth.csv,2/train.csv,2/val.csv,2/test.csv,0.13821996522538693,0.13500543510381557
3,3/synth.csv,3/train.csv,3/val.csv,3/test.csv,0.10855947236807117,0.11898416703166714
4,4/synth.csv,4/train.csv,4/val.csv,4/test.csv,0.09810836671793277,0.11729751562971324
