haematocrit,haemoglobins,erythrocyte,leucocyte,thrombocyte,mch,mchc,mcv,age,sex,source
38.1,12.5,4.52,9.8,249,27.7,33.77643475211007,84.3,79,M,0
38.22611060743427,13.6,5.47,9.3,233,24.1,32.7,73.9,26,F,0
42.3,12.749350256875191,5.62,11.9,426,28.1,34.2,82.2,48,M,0
37.623910536219185,6.9,4.94,6.0,519,25.9,31.8,81.4,46,M,1
36.9,12.4,5.09,8.3,244,24.4,33.6,72.5,7,M,1
31.4,11.2,3.92,8.1,410,28.6,34.3,87.0,33,M,0
38.22611060743427,13.5,5.155785812605989,7.1,336,27.7,31.562359662611797,72.1023927951092,46,F,1
35.6,10.7,3.76,14.3,173,25.92551292898755,33.33647627682079,85.4,35,F,1
40.5,13.8,4.544802055001511,5.6,655,32.3,34.1,79.88042494537764,33,M,1
45.6,14.4,3.86,6.6,210,25.6393117789653,32.029290672172024,84.61133272892113,24,M,0
42.9,14.7,5.133782028796463,8.715533393774555,258,27.100682675899773,35.7,81.0,76,M,0
36.207457912943575,13.2,4.6,8.715533393774555,729,28.7,34.7,87.5425275494258,50,M,1
42.5,14.7,4.61,11.1,189,31.9,34.6,92.2,60,M,0
51.0,12.749350256875191,5.58,10.4,217,31.8,33.1,91.4,58,M,0
46.9,12.240334118661233,4.544802055001511,15.5,284,20.0,33.33647627682079,90.2,43,F,0
39.8,13.2,4.74,12.2,527,28.7,33.8,84.8,66,M,0
33.3,12.749918105853272,3.59,15.9,258,24.618206130065932,38.1,92.8,50,F,1
37.2,10.779020121490708,6.51,-6.443781703624166,186,27.5,33.9,81.2,6,F,0
33.8395327589588,11.7,4.57,3.0,191,28.2300392867936,33.532706958979695,79.2,25,M,1
46.2,13.2,6.59,10.852374025589313,197,31.3,31.2,64.2,28,F,0
39.7,14.1,4.4,12.4,249,28.2300392867936,35.5,83.21060940291395,46,M,1
40.3,16.6,4.63,8.2,162,29.6,31.8,80.1,36,M,1
39.4,13.665051904679377,4.78,-4.493873126045149,372,29.3,32.7,73.8,45,F,0
37.588517540774546,11.3,3.890162967332273,9.925567597671163,151,25.1,31.5,84.61133272892113,82,M,0
45.2,15.2,5.900067195609846,7.0,261,28.3,33.6,84.2,15,M,0
37.3,11.5,5.65,7.4,301,35.4,30.8,66.0,52,M,1
