age,sex,bmi,children,smoker,region,charges
51,male,23.98,2,no,southeast,8211.1002
48,male,30.2,1,no,southwest,8968.33
68,male,33.33,1,no,southeast,13270.422265141257
53,female,41.69,1,no,southeast,10579.711
25,female,24.3,3,no,southwest,4391.652
48,female,31.13,0,no,southeast,8280.6227
24,female,29.37,1,no,southwest,-687.3103347867745
30,male,30.66339686098655,0,yes,southeast,10977.2063
28,male,18.3,2,no,northwest,4719.73655
76,male,41.47,0,no,southeast,36837.467
33,male,28.025,1,yes,northeast,27499.69199594638
44,female,30.5,3,yes,southwest,9875.6804
39,female,35.75,1,no,southeast,40273.6455
60,female,31.35,3,yes,northwest,9193.8385
40,female,32.775,2,no,northeast,40003.33225
54,female,32.68,0,no,northeast,24741.58899660821
39,female,36.2,2,no,southeast,25104.8214127941
33,male,34.98237760532002,2,no,southeast,5261.46945
45,female,37.23805016810888,4,yes,southeast,8520.026
47,male,25.46,2,no,northeast,9225.2564
26,male,40.06699815967563,2,yes,southwest,36085.219
39,male,28.3,1,no,southwest,21082.16
39,female,30.66339686098655,1,no,northwest,4738.2682
19,male,30.25,0,yes,southwest,32548.3405
36,male,28.984782858088472,0,yes,northwest,5272.1758
40,male,23.845,5,yes,southwest,13270.422265141257
