age,sex,bmi,children,smoker,region,charges
60,male,28.595,0,no,northeast,13270.422265141257
51,male,23.21,1,yes,southeast,13270.422265141257
51,male,31.79,2,no,southeast,7265.7025
51,female,36.385,1,no,northwest,11436.73815
28,female,23.9,0,no,southwest,3172.018
18,female,28.88,0,no,northeast,2250.8352
58,male,34.39,0,no,northwest,11743.9341
45,male,22.895,0,no,southeast,39047.285
54,male,31.57,1,no,northwest,2136.88225
56,female,30.66339686098655,0,yes,northwest,12224.35085
30,male,37.43,3,no,southwest,16790.981598654264
43,female,32.205,3,no,northeast,11488.31695
52,male,37.05,2,no,southeast,3056.3881
46,male,40.375,0,no,northeast,8733.22925
19,female,30.66339686098655,0,no,southeast,4239.89265
46,female,28.975,1,no,southeast,10796.35025
52,male,47.74,1,no,northwest,9748.9106
19,female,33.11,0,yes,southeast,34439.8559
39,male,32.61573763451158,2,no,northeast,5979.731
18,male,32.181917746159485,0,no,southeast,7719.950778875716
42,female,26.9,0,no,southwest,5969.723
31,male,30.440533847072437,2,no,southwest,12105.32
45,male,39.805,0,no,northeast,13353.650229853942
39,female,23.21,1,no,southeast,13429.0354
23,male,29.39575058647645,1,no,southeast,-15227.578109823045
26,female,20.8,0,no,northeast,2302.3
