haematocrit,haemoglobins,erythrocyte,leucocyte,thrombocyte,mch,mchc,mcv,age,sex,source
47.4,14.4,4.544802055001511,8.715533393774555,188,20.0,33.33647627682079,65.7,23,M,0
32.12637134054951,12.749350256875191,5.15,12.1,284,27.2,33.5,81.2,45,M,0
28.3,9.2,4.0463058437968655,4.1,207,20.6,32.5,84.90674189743639,90,M,1
36.5,12.1,4.1,8.715533393774555,528,29.5,33.2,89.0,46,F,0
33.7,17.8,3.77,8.7,137,31.8,35.6,89.4,46,M,0
38.2,13.4,4.27,7.1,258,31.4,35.1,84.61133272892113,46,M,0
49.0,12.749350256875191,5.95,9.066369095119908,352,18.7,32.8138735359723,82.4,40,M,0
39.4,13.4,4.32,3.6,161,31.0,33.33647627682079,84.61133272892113,50,M,0
40.7,12.474843579584746,6.69,4.7,419,26.921685120233768,33.5,84.9,56,M,0
35.7,11.5,4.08,4.3,204,28.2,32.2,89.8,29,M,0
44.1,14.3,4.544802055001511,8.5,211,29.1,31.923149465207366,87.5,36,M,0
37.0,12.5,4.16,2.9106001169899827,29,30.0,33.8,98.9,45,F,1
25.0,14.5,3.1,5.3,125,30.182188444376628,32.4,80.6,47,M,1
46.39942752056781,13.9,4.83,4.7,241,31.131897871438948,33.2,95.75432116386149,6,M,0
33.5,12.372082701437574,3.7017181079956814,8.0,244,28.2300392867936,30.7,87.5,63,M,0
28.4,12.1,4.33,3.9,280,27.9,32.6,85.7,61,F,1
38.22611060743427,7.3,3.06,22.6,172,29.827396669554428,33.3,71.6,53,F,1
38.2915419472217,15.0,4.41,8.3,299,17.5,34.5,102.44315719069044,25,M,0
29.5,9.4,3.55,4.0,436,28.2300392867936,34.031487445154546,83.1,49,F,0
45.58921397874923,15.6,4.401624350906301,7.2,22,28.9,32.3,88.3321399643779,11,M,0
39.8,13.0,4.215138383888865,4.0,130,26.9,33.0,81.4,10,M,0
40.2,11.721617091028754,4.7,11.0,267,29.0,35.9,91.2,59,F,1
38.22611060743427,12.7,3.82,7.236514428058794,352,33.2,34.8,95.5,59,F,0
43.3,14.6,5.14,5.3,19,29.2,33.99728881353698,84.2,21,M,1
27.9,8.035502273353348,3.43,10.258348248508117,258,28.3,30.0,81.3,15,F,0
42.0,14.2,3.91,13.2,44,29.5,33.8,85.7,32,M,1
