age,sex,bmi,children,smoker,region,charges
44,female,23.98,2,no,southeast,8211.1002
51,male,30.2,2,no,southwest,8968.33
61,female,33.33,2,no,southeast,13270.422265141257
39,male,34.634765419793595,1,no,southeast,8764.29627528278
25,female,24.3,3,no,southwest,4391.652
48,male,31.13,0,no,northeast,8280.6227
40,male,23.37,3,no,southeast,8520.026
23,male,31.4,1,yes,southeast,34166.273
22,female,27.1,0,no,southeast,11488.31695
61,female,21.755,0,yes,southwest,4134.08245
22,male,37.07,2,yes,southeast,37484.4493
35,male,20.13,0,yes,southeast,13270.422265141257
39,male,32.68,7,yes,southwest,19023.26
41,female,41.970213352988665,1,no,southeast,40273.6455
60,male,30.66339686098655,3,yes,northwest,46130.5265
40,female,32.775,2,yes,southeast,40003.33225
47,female,40.28,0,yes,southeast,10251.415120530512
13,female,38.90096569544008,2,yes,southeast,19444.2658
33,male,42.9,2,no,northwest,5261.46945
39,male,30.9,1,no,northeast,8252.2843
54,male,30.66339686098655,4,no,northeast,32197.4992265533
57,female,32.9,2,yes,northwest,36085.219
39,male,19.766285191674875,1,no,southeast,26467.09737
31,female,18.3,1,no,northwest,4738.2682
5,male,30.25,0,yes,southeast,27325.105756237288
36,female,30.02,0,no,northwest,5272.1758
