age,sex,bmi,children,smoker,region,charges
46,male,30.66339686098655,3,no,northeast,9500.57305
18,female,42.24,-1,no,southeast,38792.6856
64,female,20.9,3,no,southwest,11881.358
48,female,32.257463403837875,0,no,southwest,8280.6227
36,male,26.2,0,no,southeast,4883.866
39,male,29.735,0,no,southeast,1769.53165
19,female,22.61,0,yes,northwest,24476.47851
51,male,26.876932070504093,2,no,northwest,1711.0268
63,female,28.566891683842037,0,yes,northwest,-429.0730482750132
37,male,29.0,1,no,southwest,-532.8556003960657
45,female,27.5,3,no,southwest,8615.3
30,male,24.13,1,no,southeast,4032.2407
12,female,30.66339686098655,0,no,southeast,1815.8759
30,male,25.08,5,yes,northwest,2904.088
61,female,30.0,0,no,southeast,24513.09126
55,male,30.115,3,no,northwest,13270.422265141257
19,male,22.515,1,no,southeast,34806.4677
57,male,23.7,0,no,southwest,10959.33
18,female,23.32,1,no,southeast,6198.7518
19,male,27.835,0,no,southeast,1635.73365
25,female,26.79,2,no,northwest,4189.1131
26,female,42.4,1,no,southwest,8001.825979446877
39,male,23.845,0,no,northeast,2395.17155
19,male,20.47312357164063,0,no,southeast,1241.565
23,female,37.1,3,no,southwest,31283.758144214902
21,female,35.245,1,no,northeast,13270.422265141257
