age,sex,bmi,children,smoker,region,charges
62,male,27.55,1,yes,southeast,13937.6665
61,male,39.1,1,no,southwest,8083.9198
19,male,30.66339686098655,1,yes,southeast,19719.6947
20,female,38.30872171425299,0,no,northeast,13270.422265141257
56,female,24.605,2,no,southeast,10960.898972702525
32,male,37.51,0,no,northwest,1727.54
33,female,34.979936452924996,3,no,southeast,12968.470302295407
51,female,34.2,1,no,southwest,9872.701
61,male,32.3,2,no,northwest,14119.62
49,female,27.55,0,no,northwest,13217.0945
29,male,42.61659047208836,0,no,southeast,3471.4096
58,female,28.215,0,no,northeast,12224.35085
51,female,26.9,1,no,southwest,9957.7216
18,male,35.2,1,no,southeast,4670.64
51,female,21.85,1,no,southwest,13270.422265141257
18,male,38.28,0,no,southeast,1631.8212
45,female,30.875,-1,no,northeast,23045.56616
40,female,41.42,1,no,northwest,28476.73499
22,male,31.73,0,no,northeast,-1445.463658706928
20,male,30.66339686098655,1,yes,northwest,17938.912462536973
54,male,29.262230927955983,1,no,southeast,24915.04626
42,female,35.2,2,no,southeast,12265.5069
36,male,26.885,2,no,northwest,5267.81815
32,male,25.555,1,no,northwest,1632.56445
39,female,30.14,2,no,southeast,11881.9696
39,female,40.565,1,no,northeast,48549.17835
