age,sex,bmi,children,smoker,region,charges
39,female,25.4,0,no,northeast,8782.469
56,male,19.332803611573507,0,no,southwest,7336.718299059035
18,male,31.54,1,no,southeast,1711.0268
30,male,25.85,0,yes,southwest,36837.467
30,female,33.33,1,no,southeast,7325.0482
43,male,30.66339686098655,3,no,southeast,42124.5153
11,male,32.49,0,no,northwest,36898.73308
43,female,30.66339686098655,1,no,northwest,3736.4647
47,female,36.63,1,yes,southeast,42969.8527
18,female,30.115,2,no,southeast,21344.8467
58,female,29.59,0,no,southeast,30166.61817
30,female,29.07,4,no,northwest,29141.3603
26,male,42.4,1,no,southeast,3410.324
57,female,25.359191990905252,0,no,northeast,4561.1885
47,female,26.125,2,yes,northeast,44400.4064
50,male,27.645,1,no,southeast,11305.93455
59,female,33.78722356248107,3,no,southwest,7802.695240220836
18,male,39.14,0,no,northeast,13330.183007887941
64,male,24.7,1,no,northwest,48673.5588
60,male,34.39,0,yes,northwest,11743.9341
18,male,23.085,4,no,southeast,1704.70015
25,male,33.66,4,yes,southeast,4504.6624
64,female,31.428054547671646,0,no,southwest,21232.18226
18,male,40.28,1,yes,southeast,13270.422265141257
29,male,40.92,0,no,southeast,15569.162174086694
39,male,25.555,1,yes,northeast,13270.422265141257
