haematocrit,haemoglobins,erythrocyte,leucocyte,thrombocyte,mch,mchc,mcv,age,sex,source
38.9,13.6,4.56,18.0,374,29.8,34.5,83.7,62,F,0
31.8,8.90039329271103,4.32,4.8,258,18.5686182053134,28.6,73.6,24,M,0
35.4,15.026830872175521,5.59,6.0,258,26.8,33.82050111148512,91.59670893619945,48,M,1
38.22611060743427,12.2,4.544802055001511,9.7,174,26.3,37.2,75.93510296994714,11,F,1
32.6,14.215799386318784,3.97,8.1,192,28.2,33.4,82.1,71,F,1
41.0,13.8,4.65,6.1,118,27.92491940130168,33.7,88.2,55,M,0
42.1,15.2,4.93,4.206786403308703,108,30.8,36.1,84.61133272892113,41,M,1
44.0,14.5,5.06,21.40165973700111,218,28.2300392867936,33.33647627682079,87.0,46,M,0
33.2959016398958,12.2,4.14,1.3,49,28.2300392867936,34.5,85.5,46,M,0
46.5,15.3,6.01,7.2,107,25.5,34.3,77.4,25,M,0
38.3,12.7,4.66,7.3,324,28.9,33.2,87.0,61,F,1
40.5,13.3,4.4,7.1,333,30.079222176563533,33.097505012751704,86.9,19,M,0
40.10588778319579,14.8,4.544802055001511,3.8,571,30.7,33.3,92.1,84,M,1
48.0,16.3,4.891131166034217,9.0,200,23.1,34.0,83.6,35,M,0
31.5,10.4,4.470558501249501,8.715533393774555,187,33.034282734962154,33.0,77.39002693999004,98,F,1
37.8,12.749350256875191,3.88,12.4,319,26.0,34.43644346528896,79.9,67,M,0
41.3,13.7,4.69,4.0,123,30.4,33.2,59.1,55,M,0
38.15613110727508,8.2,3.12,7.066634559590343,204,26.3,33.33647627682079,64.60931059914493,47,F,1
38.3,11.4,5.979734805395625,9.061227005369556,633,21.0,29.8,84.61133272892113,53,F,0
36.0,12.7,4.08,4.3,50,29.9,33.9,88.2,45,F,1
46.03717371583353,14.3,4.71,7.2,170,29.2,33.6,103.2,21,M,0
47.3,12.749350256875191,5.324828436718227,3.0,167,26.8,33.02984890949465,80.9,32,F,0
44.6,11.839588674919913,5.15,8.715533393774555,308,29.3,33.9,86.6,57,M,0
36.6,13.0,4.29,10.7,280,30.3,33.4,90.7,98,M,0
36.9,16.5,4.83,11.4,218,28.9,33.9,92.0,48,F,0
38.22611060743427,11.2,2.55,7.0,286,28.1,33.6,80.3,89,F,1
