age,sex,bmi,children,smoker,region,charges
41,male,33.55,0,no,southeast,5699.8375
60,male,23.137421309120782,2,yes,southwest,54662.58216005209
33,female,39.995,3,no,northeast,9704.66805
9,male,42.4,5,yes,southeast,13270.422265141257
54,male,25.08,3,yes,southwest,25382.297
38,male,25.1,0,no,northeast,27533.9129
21,female,17.4,1,yes,southwest,2585.269
18,male,41.1,2,no,northeast,13725.941456632205
50,male,25.365,2,no,northwest,30284.64294
56,male,38.39,3,no,southeast,41949.2441
62,male,32.11,1,no,northeast,13937.6665
36,male,20.38793124357344,5,yes,northwest,13270.422265141257
19,female,31.73,0,no,northeast,14043.4767
33,male,35.75,1,no,southeast,7160.094
26,female,17.195,1,yes,northeast,42560.4304
21,female,40.54062917111014,0,no,northwest,7152.6714
24,male,28.5,1,no,southwest,19565.90282471172
48,male,31.445,1,no,northeast,8964.06055
54,male,32.95180689218847,0,no,northeast,4185.0979
27,female,30.66339686098655,0,yes,southeast,2886.9260213443813
32,female,24.53,1,no,southeast,1627.28245
47,female,29.756224260048494,0,no,southeast,23045.56616
18,female,33.1,0,no,northwest,7345.084
45,female,34.21,1,yes,northwest,21098.55405
49,female,37.51,3,yes,southeast,9304.7019
64,female,26.725603152656355,1,no,northeast,16069.08475
34,male,30.66339686098655,2,no,northeast,14549.302307055665
62,male,22.77,2,no,southeast,44183.59392610598
54,male,37.715,3,no,northwest,13270.422265141257
36,female,26.418404178154603,1,no,northeast,5472.449
55,female,30.66339686098655,2,no,southeast,2913.569
39,male,21.85,1,no,northwest,6117.4945
54,male,22.895,0,no,southeast,15856.964476740923
45,female,28.215,1,no,northeast,2200.83085
16,female,39.7,0,no,southeast,14319.031
20,female,24.42,0,yes,southeast,26223.594059130308
39,female,15.476221920420942,0,no,southeast,3044.2133
32,female,38.19,0,no,southeast,8604.48365
39,female,39.805,0,no,northeast,2755.02095
59,female,30.66339686098655,2,yes,southeast,14455.64405
39,male,25.528044168091892,0,no,southeast,13270.422265141257
51,female,19.95,2,no,southwest,7133.9025
29,male,35.8,1,no,northwest,4889.9995
39,female,29.267327967974065,2,no,southeast,5373.36425
32,female,37.145,3,no,northwest,-22718.425919179244
41,female,31.8,4,no,southeast,13880.949
41,female,33.06,2,no,southeast,17151.239195098304
19,male,30.66339686098655,0,no,northwest,1639.5631
19,male,17.48,0,no,northwest,13270.422265141257
39,male,28.12,4,no,northwest,21472.4788
35,male,25.3,1,no,southwest,11070.535
28,male,32.3,2,no,northwest,10269.46
