haematocrit,haemoglobins,erythrocyte,leucocyte,thrombocyte,mch,mchc,mcv,age,sex,source
33.1,14.166812055738003,3.94,13.3,248,29.2,34.7,84.0,47,M,0
39.1,12.3,4.03,8.9,279,29.9,34.9,85.0,40,M,0
31.9,10.3,3.29,8.8,233,31.3,32.3,68.9,17,F,0
18.8,15.2,5.08,8.715533393774555,258,18.1,32.3,85.6,23,M,0
31.482115951674366,12.514017833098613,5.211539156989109,6.2,342,26.6,32.5,81.8,24,F,0
38.22611060743427,7.2,3.46,7.3,230,25.24524813435047,31.965178954181738,64.1,46,M,1
31.7,10.9,4.403268241676619,5.4,174,31.1,33.33647627682079,90.3,86,M,0
38.22611060743427,12.749350256875191,4.544802055001511,7.0,323,28.2300392867936,32.576206989534484,89.2,28,F,0
39.0,13.5,4.78,9.3,405,28.2,34.6,81.6,64,F,0
30.0,10.4,3.48,10.3,266,29.9,34.7,81.66454282673241,73,F,1
46.7,15.8,5.29,9.600918156367594,404,27.5,33.8,88.3,46,M,0
48.4,12.749350256875191,6.28,4.9,156,28.2,34.5,84.61133272892113,26,M,0
34.391499487834636,13.5,2.39,4.194619750853336,57,29.0,32.9,84.61133272892113,20,F,0
28.1,13.0,3.32,10.9,205,28.3,33.5,76.67053577074398,66,M,1
39.7,9.4,4.42,8.715533393774555,231,26.50828580643174,32.7,89.8,63,F,0
33.9,11.604709231901253,4.48,8.80502340418863,220,29.0,34.5,84.1,30,M,0
31.0,10.4,4.544802055001511,7.7,386,29.8,33.5,88.8,66,F,0
38.1,12.4,4.86,7.1,288,25.5,31.7,92.810683992229,17,F,0
32.32934537123233,12.3,4.4,9.1,362,28.0,35.752360688009915,97.6,47,F,0
36.2,11.8,4.855048987314636,4.7,78,29.82117538554513,32.6,84.6,34,F,1
40.2,13.2,4.63,14.6,285,29.709924866896376,33.33647627682079,86.8,48,M,0
32.14530850677583,9.1,3.24,2.1,203,28.1,29.9,84.9,68,M,0
38.9,11.3,4.73,8.8,182,29.8,33.7,88.4,69,M,0
27.9,9.5,2.5255298099624053,7.1,344,33.2,34.1,84.3,79,F,0
38.0,10.09039904483998,4.05,12.2,258,28.2300392867936,31.388922176115166,83.15358007520791,12,M,0
42.7,14.0,5.15,16.76991144716007,303,27.2,32.8,82.9,72,F,0
