age,sex,bmi,children,smoker,region,charges
45,male,31.1,0,no,northeast,2102.2647
40,male,32.9,2,no,southeast,1532.4697
39,male,35.92088032428346,2,no,northwest,3717.297906909038
53,male,28.025,3,no,northeast,11488.31695
53,male,30.66339686098655,1,no,northeast,6316.9053310517875
33,female,37.335,2,no,northwest,13270.422265141257
42,female,31.065,0,no,northwest,4347.02335
25,female,30.3,0,yes,northwest,2299.5889901386904
52,male,33.3,2,no,southeast,10806.839
33,female,33.0,1,no,southeast,7682.67
39,female,28.595,1,no,northwest,4243.59005
19,male,27.7,0,yes,southwest,11840.77505
14,female,37.18,1,no,southeast,3392.9768
28,male,22.895,0,yes,southeast,21098.55405
55,male,32.67,1,no,southeast,13270.422265141257
54,female,25.46,3,no,northeast,25517.11363
28,male,25.935,0,no,northeast,11165.41765
41,female,33.51673231202291,1,no,northwest,2517.132848864854
62,male,30.59,1,no,northeast,15993.890054982568
36,female,18.3,1,yes,southeast,19023.26
32,male,29.92,2,no,northwest,4673.3922
24,female,25.27,3,no,northeast,7935.29115
27,male,30.66339686098655,4,yes,northwest,45702.02235
36,male,18.107613422119375,2,no,southeast,6652.5288
52,male,34.105,0,yes,northeast,47269.854
52,male,39.20551593621024,0,yes,northwest,33907.548
34,male,34.21,0,no,northwest,13270.422265141257
20,female,30.66339686098655,1,no,southeast,1877.9294
47,male,28.215,3,no,southeast,9301.89355
23,male,30.66339686098655,3,no,southwest,3597.596
39,female,36.95603444348911,1,no,northeast,8232.6388
63,male,31.445,0,no,northeast,13974.45555
16,female,30.495,0,no,southeast,11840.77505
53,female,22.88,1,yes,southeast,38163.00400485195
32,male,30.03,1,no,northeast,4074.4537
46,female,24.01945672174464,2,no,northeast,13270.422265141257
36,male,30.36,1,yes,southwest,62592.87309
52,male,38.95488981525092,2,yes,southeast,43254.41795
42,male,23.085,2,no,southeast,7640.3092
15,male,17.29,0,no,northeast,15817.173981137255
30,male,23.98647189931596,3,no,southeast,13270.422265141257
38,male,37.496751932058345,1,no,southeast,9566.9909
21,male,35.53,0,no,southeast,5375.038
37,female,26.4,0,yes,northwest,19539.243
39,male,30.66339686098655,0,no,northeast,4527.18295
26,male,25.20367791158361,1,no,southeast,2927.0647
55,male,35.2,0,yes,southeast,44423.803
39,female,34.77,3,no,southeast,14001.1338
20,male,30.59,5,no,northeast,2459.7201
22,female,34.8,0,no,southwest,21210.583422609416
36,male,28.82,1,no,southeast,16098.047180635616
37,male,32.205,1,no,southeast,11194.665942908743
