haematocrit,haemoglobins,erythrocyte,leucocyte,thrombocyte,mch,mchc,mcv,age,sex,source
37.0,15.301603707883642,4.88,6.1,346,20.4,33.0,84.61133272892113,23,M,0
36.6,11.4,4.373352332945964,3.8020033069349743,258,22.1,31.1,71.1,55,M,0
53.2,12.1,2.25,15.229900212107527,173,26.4,33.33647627682079,100.88612606809141,34,F,0
38.8,13.2,4.544802055001511,7.7,288,28.9,34.0,89.2,46,F,1
36.8,13.970820616952778,4.83,9.7,286,26.3,33.08295295854759,79.10372525590384,11,F,1
46.5,15.7,5.68,2.7,109,28.196826732620174,33.5,81.9,24,M,0
48.6,10.1,3.14,3.7,128,32.2,33.6,93.3,59,M,0
37.7,12.5,4.7131555963305605,24.2,344,28.1,33.33647627682079,95.06166748028747,47,M,0
42.3,12.749350256875191,5.22,8.715533393774555,386,28.5,35.2,81.0,45,M,1
30.6,12.749350256875191,5.481383588563561,8.715533393774555,12,23.5,31.4,84.61133272892113,11,F,1
28.347182399632917,10.0,5.01,6.3,196,28.3,32.9,86.2,51,M,1
35.7,11.9,4.28,10.3,241,27.8,33.3,83.4,86,M,0
38.22611060743427,9.9,4.25,4.252580835974985,248,27.05954237585864,31.54415486458956,95.9,92,F,1
38.68673515027473,8.504214301818674,3.46,11.1,61,31.8,34.7,91.6,25,M,0
28.6,6.638539899498625,3.59,19.24703810394123,360,25.1,31.5,79.7,49,M,0
30.5,10.5,3.34,17.0,165,31.4,34.4,91.3,83,M,1
50.65525069916482,15.5,5.16,9.6,238,25.257868800629712,33.3,61.7,37,M,0
45.1,16.0,5.21,1.8,232,30.7,35.5,86.6,64,M,0
33.0,10.9,3.88,10.2,331,28.5,32.0,85.1,27,F,1
43.0,14.5,4.45,6.2,44,28.2300392867936,33.47324993126776,72.28234588950737,46,F,0
38.22611060743427,12.4,4.19,6.1,251,30.9,33.8,87.6,21,M,0
44.6,15.3,4.544802055001511,9.2,244,28.2300392867936,34.3,90.3,64,M,1
44.9,17.1,5.95,6.3,258,25.0,31.2,75.5,51,F,0
38.5,12.5,3.42,6.6,338,29.4,32.5,90.6,45,F,0
47.2,14.9,5.02525070912765,7.2,338,28.424914695928305,35.3,82.3,27,F,0
33.99576360695831,13.4,4.62,10.5,230,29.0,34.62810227985343,84.8,61,M,1
