haematocrit,haemoglobins,erythrocyte,leucocyte,thrombocyte,mch,mchc,mcv,age,sex,source
44.7,12.6,5.36,6.5,266,28.0,33.6,83.4,46,M,1
43.791657078323624,11.1,3.55,11.0,101,31.3,34.8,89.9,52,F,0
27.8,13.0,3.14,9.184179990171705,185,20.3,32.4,83.42166897349252,42,F,1
38.22611060743427,11.8,4.179263128030344,18.9,259,25.518059514991258,33.6,88.2,79,M,0
38.2,12.8,4.72,6.4,281,29.9,33.5,80.9,41,F,0
33.4278887398704,15.6,4.407944342218051,3.218935965460948,233,26.887308170907115,33.33647627682079,79.4,58,M,0
41.1,13.6,4.37,6.6,150,27.4,33.1,78.0,22,M,1
47.8,16.0,4.51,8.6,268,34.67324866468544,33.5,83.2,33,F,1
38.3,12.749350256875191,4.47,2.7,170,28.3,33.33647627682079,78.3,3,M,0
45.2,13.166027543173598,5.37,52.8,237,26.4,33.6,84.2,15,M,1
51.1,16.8,6.14,8.715533393774555,291,27.4,37.1,84.0,22,M,0
22.746386754808345,10.8,4.37,10.9,509,24.7,31.3,78.9,21,F,1
31.1,9.4,2.59,4.3,183,28.033340416019666,30.2,81.4,42,M,0
38.22611060743427,14.7,5.42,8.7,461,28.2300392867936,32.3,83.9,32,M,0
41.7,10.405597587513281,5.46,4.5,258,25.6,32.40744622301997,84.61133272892113,27,M,0
25.8,8.6,3.82,5.8,578,33.2,33.3,84.61133272892113,79,M,0
43.0,15.0,4.95,3.0,67,30.3,34.9,86.9,46,M,1
37.1,16.346004553946266,4.66,16.4,258,29.0,35.0,92.2,53,M,1
35.0,12.7,4.792400040810055,3.3,261,28.2300392867936,33.486105368067236,90.14344240304312,32,F,0
43.0,14.8,5.66,15.002132083345007,179,26.1,34.4,76.0,35,F,0
40.2,9.0,4.41,13.2,267,29.5,34.412107388778615,91.2,59,M,1
32.6,10.8,5.268425692951067,11.1,340,26.1,33.1,78.7,22,F,0
35.1,12.2,4.11,1.6,158,29.7,28.8,77.96182220127031,24,F,0
29.173113659238105,15.782467898232202,4.544802055001511,11.4,370,26.7,33.4,79.8,79,F,0
40.7,13.6,4.52,8.715533393774555,327,30.1,32.12906703622111,90.0,48,F,0
41.9,12.749350256875191,4.544802055001511,6.91518443104567,225,30.2,33.4,103.05559745845228,70,F,0
