age,sex,bmi,children,smoker,region,charges
38,male,41.91,1,no,northwest,5855.9025
48,female,36.63,1,yes,southeast,42969.8527
18,male,23.21,0,no,southeast,13270.422265141257
37,male,39.92226839225604,1,no,southwest,254.55798538901763
28,male,29.0524666122371,1,no,northwest,43578.9394
25,male,36.85,0,no,southeast,13270.422265141257
19,female,37.43,1,yes,northwest,2138.0707
27,male,19.065099410435675,3,no,northeast,4827.90495
31,female,29.1,1,no,northwest,13270.422265141257
60,female,35.1,0,no,southwest,15828.82173
43,male,26.885,2,no,northwest,8310.83915
31,male,34.39,3,no,northwest,38746.3551
55,female,28.7,1,no,southwest,25098.09710244745
64,male,38.19,0,yes,southeast,14410.9321
37,female,42.4,2,no,southeast,6311.952
41,female,33.06,2,no,northeast,13270.422265141257
57,female,37.635824344398166,0,yes,southwest,3277.161
28,female,25.935,0,no,southeast,23563.01618
44,male,22.135,1,yes,northeast,4629.780283642236
39,female,40.66,0,no,northeast,9875.6804
39,male,21.78,0,no,southeast,11884.04858
49,female,30.66339686098655,0,yes,southeast,23306.547
62,male,38.83,0,no,southwest,1969.614
36,male,31.255,0,no,northwest,1909.52745
49,male,30.66339686098655,1,no,northwest,9583.8933
-9,male,30.59,1,no,southeast,1639.5631
43,female,22.135,3,no,southeast,-4080.507537495654
41,male,30.66339686098655,2,no,northwest,7265.7025
39,female,33.339400356850156,3,no,northeast,6751.7360250635775
18,male,23.95930526340225,0,no,southeast,8960.379213899136
54,female,29.15,0,no,southeast,1622.1885
57,male,28.7,0,no,southeast,11455.28
39,male,30.66339686098655,2,no,southeast,31859.82228266907
60,female,36.955,2,no,northeast,12741.16745
47,female,38.48053844659359,0,no,southeast,23030.10500085033
51,male,23.4,0,no,southeast,12981.3457
63,male,34.06152642399188,3,no,southeast,8823.279
48,female,27.93,4,no,northwest,11015.1747
42,female,30.66339686098655,1,no,southeast,7639.41745
27,male,24.985,0,no,northwest,1261.442
54,female,19.95,1,no,southeast,13270.422265141257
37,male,37.48856494626119,1,no,southeast,11881.358
45,female,31.255,1,no,southeast,3956.07145
39,female,37.51,2,no,southeast,12265.5069
43,female,39.49,0,no,southeast,2026.9741
42,male,22.61,0,no,northeast,7986.47525
62,female,31.247739891872715,0,no,northeast,45710.20785
18,female,21.945,4,yes,northeast,4561.1885
31,male,30.685,1,no,northeast,31718.636760194513
55,male,24.605,1,no,northeast,43012.32832208459
44,female,37.525,3,yes,northwest,33471.97189
61,male,37.4,5,no,southwest,12979.358
