age,sex,bmi,children,smoker,region,charges
39,male,28.3,2,yes,southwest,21082.16
19,female,30.66339686098655,0,no,northeast,6753.038
47,female,20.7,3,no,southwest,8577.744893970428
29,female,35.924707027126615,4,no,southwest,-7095.6001882384735
59,male,17.195,0,no,southwest,6474.013
33,male,22.705,0,no,northwest,13270.422265141257
25,female,25.59901914634534,3,no,southeast,4391.652
39,male,35.70482581340373,2,yes,northwest,3989.841
39,male,37.4,5,yes,southwest,12979.358
53,male,26.41,2,no,southeast,3594.17085
19,male,27.93,3,no,northwest,21870.640075199946
59,male,28.7,-1,no,southwest,11454.0215
38,female,30.66339686098655,0,no,northeast,14256.1928
24,female,22.61,1,no,northeast,14455.64405
32,female,34.1,2,no,southeast,9283.562
48,female,33.11,0,no,southeast,40974.1649
49,male,29.83,1,no,northwest,9288.0267
39,male,30.66339686098655,1,no,southeast,18223.4512
18,male,33.535,0,no,northeast,13270.422265141257
23,male,26.51,1,no,southeast,13270.422265141257
53,male,31.35,3,no,southeast,27346.04207
34,male,35.815,0,no,northwest,4320.41085
46,male,30.8,3,no,southwest,9414.92
51,female,30.685,0,no,southeast,9361.3268
38,female,19.95,1,no,northeast,-992.448169613237
47,male,38.39,1,no,northwest,3956.07145
26,female,37.9,2,no,northeast,9566.9909
32,female,29.37,1,no,northwest,21051.167895424525
32,male,35.7,0,no,northwest,12629.1656
62,male,25.0,1,no,southeast,13451.122
33,female,23.35100742851472,1,no,northeast,-4219.225019911631
55,female,37.73,1,no,southeast,5397.6167
60,male,28.9,0,yes,southeast,13270.422265141257
42,male,26.961528786343674,2,no,southeast,14692.66935
54,male,31.065,1,no,northwest,2139.8253130991234
44,male,36.85,0,no,southeast,16797.963043481195
58,female,30.66339686098655,1,no,northeast,13019.16105
51,female,42.999830289446,4,no,southeast,44641.1974
62,female,31.255,3,yes,southeast,41949.2441
63,female,46.7,1,no,southwest,11538.421
39,male,39.995,3,no,northeast,9704.66805
25,female,35.61318861404153,4,no,southwest,4504.6624
50,male,33.155,2,no,northwest,4058.71245
18,male,25.935,1,yes,southeast,7045.499
31,male,28.595,1,no,southwest,23205.344086521167
39,female,31.6,0,no,southeast,17715.718281677986
18,male,23.21,0,no,southeast,1121.8739
46,male,30.66339686098655,3,no,southeast,12928.7911
58,female,31.825,2,no,northeast,13607.36875
60,female,32.13653158202236,0,no,northwest,2211.13075
22,male,14.764517445138338,1,no,northeast,23288.9284
19,male,32.0362223267679,0,yes,northwest,13270.422265141257
