haematocrit,haemoglobins,erythrocyte,leucocyte,thrombocyte,mch,mchc,mcv,age,sex,source
45.6,15.704900834748255,4.864724315907551,13.629245450742573,19,30.0,32.9,75.4,36,M,0
42.6,12.749350256875191,5.18,4.6,220,27.2,33.578205359860114,82.2,39,M,0
31.846099232898876,9.9,5.24,7.9,318,28.8,34.2,84.4,43,M,0
32.6,11.4,3.8,15.7,226,31.883836663188983,35.0,85.8,59,F,1
42.2,15.0,4.544802055001511,8.3,313,25.7,32.9,89.6,22,M,0
36.0,12.0,4.25,12.3,412,29.63528681673678,34.646893626834974,80.3,37,M,0
23.9,10.8,3.651224881560683,1.6,187,27.2,31.9,85.3,58,F,0
43.4,14.1,5.25,6.0,258,29.3,32.5,90.2,55,M,1
37.1,11.1,3.81,7.5,258,31.5,31.436488024483726,97.4,46,M,0
37.4,12.3,4.66,6.4,166,28.2300392867936,32.9,84.7,46,M,0
37.14067370634354,13.1,4.14,8.715533393774555,227,31.6,34.4,84.61133272892113,73,M,1
36.6,11.3,4.610409547409813,5.4,313,29.5,34.3,83.2,36,F,1
47.7,15.8,5.79,3.0,146,27.871944790703097,33.1,84.30176233909222,20,M,1
32.5,10.6,4.19,5.2,111,25.3,33.05157303575584,77.6,1,F,1
40.8,13.6,4.3,5.6,227,31.6,33.33647627682079,94.9,68,M,0
31.24348561014115,9.8,6.42,11.5,476,28.2300392867936,32.3,84.61133272892113,75,M,0
42.3,14.6,4.8,8.3,-57,31.1,29.3,90.0,76,M,0
42.5,14.1,5.07,11.501836822558209,242,32.0,33.2,81.30781755343806,35,M,1
38.22611060743427,14.170642712139516,5.2,6.8,336,29.0,30.9,77.91441784025315,49,M,1
30.1,7.330149543469563,4.544802055001511,10.2,428,31.0,33.33647627682079,87.2,60,M,1
32.7,12.8,3.45,0.6874537054640584,207,31.3,33.0,94.8,81,M,0
38.142984704148226,12.749350256875191,4.96,4.517693388674214,497,26.6,33.8,75.1,46,M,0
41.3,15.330479208746617,4.7,8.715533393774555,348,29.2,33.9,86.0,44,M,0
38.22611060743427,15.0,5.14,5.3,346,33.16249306942597,34.6,84.2,21,M,0
32.6,11.9,3.84,16.3,234,31.0,36.5,78.76800388592798,63,M,1
41.5,14.4,3.638996523232107,19.6,426,29.6,29.3,74.5,30,M,0
