haematocrit,haemoglobins,erythrocyte,leucocyte,thrombocyte,mch,mchc,mcv,age,sex,source
42.5,14.1,4.78,15.6,293,29.5,33.2,88.9,17,F,0
51.434352353949436,14.5,1.8,12.0,110,28.2300392867936,35.1,94.3,5,M,1
34.5,11.7,3.98,6.1,239,32.8,33.9,82.39711274808181,72,M,0
37.6,12.4,3.78,7.4,145,29.4,33.0,84.61133272892113,54,M,0
52.78515638480356,13.9,3.99,6.5,169,30.931883304963257,34.8,84.61133272892113,73,F,0
33.5,11.3,3.58,-0.09643352561587903,364,29.262338251525016,33.33647627682079,93.6,46,M,1
47.2,15.4,5.75,8.7,193,31.4,32.6,77.13772016899621,82,M,1
39.38975605539612,18.2,3.96,21.101176944837427,151,29.0,33.1,82.8,78,M,1
44.7,15.5,5.06,8.715533393774555,256,30.6,35.23093413757398,88.3,40,M,0
38.22611060743427,12.5,4.63,9.2,312,27.0,34.4,78.4,54,M,0
35.4,14.84096365112558,4.8,7.866017181990015,258,23.8,31.385483430550423,73.8,1,F,0
40.2,17.1130923155264,3.8335731494891627,5.5,203,28.2300392867936,34.6,69.2,80,M,1
52.2,12.2,4.544802055001511,8.715533393774555,261,30.4,35.9,92.9,83,M,0
38.22611060743427,15.5,3.46,6.6,316,31.87641361351765,33.33647627682079,82.7,47,M,1
30.2,12.749350256875191,5.28,6.7,257,29.9,30.7,83.3,39,M,0
34.6,13.4,4.3,7.5,240,26.0,32.4,80.5,3,M,0
35.0,12.749350256875191,4.8,5.9,415,30.0,34.4,87.3,46,M,1
34.2,12.452738818605093,4.544802055001511,4.3,288,30.701763092350106,33.6,89.96834182053969,28,F,1
41.0,11.2,5.187801771857174,11.8,248,33.3,34.0,81.8,24,F,0
41.5,14.1,4.47,5.2,421,26.2,34.0,77.1,5,F,0
37.4,12.4,3.4750823031083553,6.506441467908056,263,29.9,33.2,90.1,32,F,0
35.0,11.015399626602335,3.4253536112431817,5.4,161,28.2,34.3,82.4,55,F,1
31.033214432194253,12.3,4.97,10.7,22,24.7,35.66376421090262,89.5904525953181,46,M,1
33.2,10.6,3.46,7.3,243,30.6,31.9,96.0,74,F,0
41.9,11.8,5.38,2.7,170,26.4,34.08234309903432,78.0,3,M,0
47.2,15.6,5.08,7.3,258,30.7,33.1,99.3,36,M,1
