age,sex,bmi,children,smoker,region,charges
30,female,46.42848725997396,0,no,southwest,12648.7034
36,male,22.3,0,no,southeast,1532.4697
39,male,42.655,2,no,southeast,13270.422265141257
31,male,29.26,1,no,southeast,4350.5144
18,male,25.175,0,yes,southwest,10506.364912569506
22,male,35.625,2,no,northwest,2534.39375
31,female,35.5,2,no,southeast,4931.647
52,female,32.56742154950456,0,yes,southeast,9144.565
21,male,22.951345046762185,0,no,southeast,2020.177
47,male,29.48,0,yes,northwest,8428.0693
25,female,26.79,2,no,northwest,4189.1131
48,male,35.53,1,yes,southeast,2103.08
36,female,25.84,1,no,northwest,13270.422265141257
39,female,32.5,1,no,northeast,-22237.168923164667
36,female,39.7,0,no,northeast,12448.55626031301
37,male,37.07,1,no,southeast,39871.7043
31,male,29.81,1,no,southeast,19350.3689
58,male,36.08,1,no,southeast,4185.0979
39,male,34.1,0,no,northeast,-2607.8501018769816
59,female,30.66339686098655,1,no,southeast,11363.2832
21,male,25.932562794094743,0,no,northwest,60021.39897
61,male,30.66339686098655,1,no,southeast,13143.86485
32,male,30.8,0,no,southwest,13390.559
59,female,32.395,3,no,northeast,14590.63205
25,female,25.175,0,no,northwest,2045.68525
39,male,27.74,0,yes,northeast,40182.246
