age,sex,bmi,children,smoker,region,charges
30,male,24.139061952918127,2,yes,southwest,39241.442
39,female,33.8,1,yes,southwest,15006.57945
29,male,27.76403531919617,0,no,northeast,18903.49141
44,male,29.860627906999845,1,no,southeast,7152.6714
43,male,32.3,1,no,southeast,8765.249
46,male,39.425,1,no,southeast,8342.90875
34,male,23.65,2,yes,southeast,11737.84884
42,male,29.0,1,no,southeast,10106.13425
40,female,30.02,0,no,northwest,-559.7245552260792
62,male,30.66339686098655,1,yes,northeast,11272.33139
15,male,34.57508076385261,1,no,northwest,2709.24395
31,female,25.74,0,no,southeast,10980.405646231491
52,male,33.25,0,yes,northeast,32424.231931411545
24,male,38.17,-2,yes,southeast,11033.6617
64,female,19.8,2,no,southeast,49577.6624
36,female,36.19,0,no,southeast,1163.0349543034754
19,female,28.88,1,no,northwest,17748.5062
49,female,42.68,1,yes,southeast,9800.8882
35,female,24.89,0,no,southwest,4751.07
23,male,43.89,2,yes,northwest,46200.9851
44,male,29.45,3,yes,southwest,24476.47851
53,male,29.48,0,no,southeast,13270.422265141257
39,male,36.96,3,no,southeast,13270.422265141257
50,male,27.69234736087427,1,yes,northwest,13270.422265141257
48,male,29.7,0,no,southeast,8530.400590451925
63,male,30.02,0,yes,northwest,47291.055
48,female,41.23,1,no,northwest,36307.7983
10,female,32.23,1,no,northeast,19442.3535
39,male,36.08,0,no,southeast,6058.047435619889
34,male,42.13,4,no,southeast,5124.1887
46,female,32.431855874614186,1,no,northwest,8233.0975
19,female,30.66339686098655,0,yes,southwest,13270.422265141257
24,male,30.66339686098655,0,no,southwest,22248.209472065406
39,male,30.66339686098655,1,no,northeast,9282.4806
25,female,25.65,1,no,southeast,8068.185
38,female,33.0,3,no,southeast,7682.67
45,female,22.281240187196268,2,no,southeast,8027.968
54,male,25.1,0,yes,southwest,25382.297
24,male,39.658404746295055,0,yes,southwest,38126.2465
18,female,25.99208370626534,1,yes,northeast,2211.13075
21,male,30.21,3,no,northwest,20680.238476902938
39,male,41.180793346685974,0,no,southeast,19040.876
19,female,30.66339686098655,0,no,southeast,1275.3541743132726
22,male,37.07,1,yes,southeast,37484.4493
58,female,36.08,1,no,southeast,11363.2832
52,male,36.67,4,no,northeast,39774.2763
13,male,30.5,0,yes,northeast,21659.9301
22,male,27.94,1,no,northwest,19107.7796
44,male,29.735,2,no,southwest,32108.66282
52,female,32.3,3,no,northwest,-3523.7359032486092
33,male,33.33,0,no,southwest,13270.422265141257
37,female,31.255,1,no,southeast,6313.759
