age,sex,bmi,children,smoker,region,charges
16,female,25.08,0,no,northwest,9566.9909
18,male,34.3,0,no,northeast,-4439.91250176949
28,male,28.937529069423825,-1,no,southwest,10231.4999
40,female,28.12,1,yes,northeast,22331.5668
45,female,41.48966679714344,2,yes,southeast,21098.55405
27,female,40.81,1,no,southwest,14358.36437
48,male,30.66339686098655,0,no,northwest,5257.50795
57,female,38.0,2,no,southwest,12646.207
30,male,23.655,4,yes,northwest,18765.87545
57,male,22.23,0,no,northeast,12029.2867
37,male,33.535,0,no,southwest,13143.33665
49,male,22.61,1,no,southeast,2196.4732
41,male,30.66339686098655,2,no,northwest,13270.422265141257
39,female,29.6,0,no,southeast,18117.285339224767
49,female,27.17,0,no,southeast,8601.3293
21,female,32.775,0,yes,northeast,40003.33225
39,female,43.12,1,no,northwest,20225.16168743949
50,male,37.07,0,yes,southeast,9469.601421088806
20,male,23.487472378848786,1,no,southwest,13270.422265141257
27,female,30.73426531574551,3,no,northwest,5209.57885
33,male,22.99,3,no,southwest,9563.029
40,male,32.3,2,no,southeast,2913.569
38,male,16.815,2,no,northeast,6640.54485
63,male,31.445,1,no,southeast,13974.45555
49,female,21.3,1,no,southwest,9182.17
39,female,24.225,5,yes,northwest,8965.79575
