age,sex,bmi,children,smoker,region,charges
26,male,30.66339686098655,1,yes,northwest,33750.2918
63,female,36.3,1,no,southeast,23480.083707645543
62,female,30.66339686098655,0,yes,southeast,12981.3457
64,female,40.26,0,yes,northwest,10355.641
34,female,19.0,1,no,southeast,6753.038
58,female,41.91,0,no,southeast,24227.33724
18,male,34.83629607551786,0,no,northeast,2203.47185
62,female,26.29,2,no,southeast,27808.7251
39,male,26.991137073985122,1,no,southwest,1743.214
77,male,30.97,3,yes,northwest,10600.5483
63,female,35.2,1,no,southeast,14474.675
62,female,39.2,0,no,northeast,1639.5631
39,male,30.66339686098655,1,no,northwest,4243.59005
36,male,33.66,3,no,northwest,20773.62775
23,female,29.165,1,no,northeast,39983.42595
19,male,19.19,0,no,northeast,13470.86
48,female,41.23,3,no,northwest,6113.23105
44,female,30.66339686098655,1,no,northwest,7626.993
18,male,43.01,2,no,southeast,13270.422265141257
38,male,23.87,1,no,southwest,5428.7277
24,female,33.99,0,no,southeast,13270.422265141257
43,male,21.710443508602822,0,yes,northwest,17127.196884960355
39,male,23.3,0,no,southwest,18608.262
18,female,20.79,3,no,southeast,1607.5101
61,male,34.2,0,yes,northeast,13143.86485
32,male,26.45518639003655,5,no,southwest,10096.97
18,female,25.08,0,yes,northeast,27134.635014707805
39,male,22.108792397572692,1,no,northwest,7201.70085
39,male,21.12,3,no,southeast,6652.5288
54,female,33.63,1,no,southwest,29288.17365602743
19,female,32.49,0,yes,southeast,26945.256686066707
31,male,18.62031509798235,2,yes,southwest,5031.26955
20,female,24.42,0,no,southeast,13831.1152
36,male,26.6,0,no,southeast,5709.1644
63,female,40.48,0,no,southeast,26125.67477
65,male,24.84204011195156,1,no,southeast,13270.422265141257
28,male,25.861156016024697,2,no,southeast,36414.4505500297
43,male,19.57,1,no,northeast,8835.26495
21,female,32.53124149178373,4,no,northwest,11015.1747
45,male,30.66339686098655,3,no,northeast,6585.428695929624
53,female,31.3,0,yes,southeast,47291.055
22,male,52.58,1,yes,southeast,47491.57552561954
39,female,32.6,3,no,southwest,13270.422265141257
31,female,38.285,0,no,northeast,7935.29115
30,female,28.0,4,no,southwest,13126.67745
26,female,33.915,2,no,southeast,-1327.6034246987324
20,male,43.7,1,yes,southeast,13270.422265141257
44,female,43.89,2,yes,southwest,46200.9851
63,male,31.445,0,no,southeast,13974.45555
53,male,37.07,0,no,southeast,28856.66687258021
22,male,36.26285644952199,0,no,northwest,6435.6237
59,female,26.505,0,no,northeast,12815.44495
