haematocrit,haemoglobins,erythrocyte,leucocyte,thrombocyte,mch,mchc,mcv,age,sex,source
37.2,12.3,4.88,4.4622383792444325,79,25.2,33.1,76.2,46,M,1
41.4,7.2,4.86,6.602240715589578,151,28.2300392867936,34.82483181680235,65.7,39,F,1
42.1,12.749350256875191,5.49,14.9,506,25.0,33.6,76.78078551692745,21,F,0
34.8,12.0,4.27,6.7,239,28.3,34.5,81.5,33,F,1
40.06318729856182,14.262719994012809,5.56,8.5,210,25.9,30.5,82.0,46,M,0
28.833623547945923,10.7,4.94,17.7,232,27.9,33.8,95.1,17,F,1
38.22611060743427,8.2,2.089079048512792,9.3,72,26.3,33.3,84.61133272892113,32,F,0
38.22611060743427,8.2,2.87,4.9,183,19.0,33.33647627682079,88.5,69,F,0
41.8,13.5,4.93,6.0,345,29.997279901086632,31.24530370212675,84.8,65,M,1
37.0,12.4,4.46,2.0,111,27.8,33.5,85.9227267798372,19,M,0
39.9,13.4,4.55,6.6,258,29.5,37.1,87.7,28,M,1
33.131639114812884,15.2,5.66,3.9970351077275224,68,29.57190820515599,33.91918352338128,81.6,22,M,0
51.7,9.2,4.544802055001511,9.7,153,21.8,31.9,84.61133272892113,58,M,0
40.8,14.0,5.12,8.0,207,25.964168215161546,33.3,82.2,38,M,0
39.9,12.749350256875191,4.58,19.737353386226285,170,25.2,33.6,93.4,62,M,1
46.3,15.1,5.91,3.3,150,25.5,32.6,78.3,47,M,0
44.6,13.870650293546886,3.84,9.2,244,31.0,34.3,79.52240255432737,64,M,1
42.5,15.0,5.3,6.3,247,28.1,35.3,79.8967039850629,12,M,0
28.3,16.5,3.03,8.4,100,30.4,32.5,87.1,92,F,0
28.5,13.8,3.956440774673297,32.3,258,29.9,34.6,89.4,25,M,1
43.87801213756832,12.9,4.7,5.8,257,27.4,33.9,80.9,19,F,1
38.3,12.9,6.14,8.715533393774555,412,28.2300392867936,33.63642187217633,77.4,-15,M,1
35.0,11.408360829515116,4.745406421623705,21.2,160,26.4,33.33647627682079,78.3,3,M,0
45.7,15.8,4.544802055001511,5.5,228,22.975460939663886,33.5,86.1,67,M,0
42.7,13.24444049350185,4.616090649215602,8.8,324,26.5,32.3,82.0,25,M,1
43.4,6.2,3.47,8.715533393774555,261,28.9,33.1,87.4,46,F,1
