age,sex,bmi,children,smoker,region,charges
27,female,36.19,1,no,southwest,3577.999
40,female,27.4,2,no,southwest,13937.6665
33,male,30.66339686098655,5,no,southwest,4539.034670426792
54,female,38.06,0,yes,southeast,1837.237
26,male,25.3,2,yes,northwest,24667.419
37,male,35.53,0,no,northwest,1646.4297
39,male,34.8,0,no,northeast,19214.70553
33,female,22.95284625132143,3,no,southwest,5972.378
18,female,25.08,5,no,northeast,14894.808118840423
24,male,40.15,0,yes,southeast,38126.2465
20,male,26.62,1,no,southeast,18082.078905561964
41,female,31.02,0,no,southeast,6185.3208
23,female,27.36,2,no,northwest,2789.0574
14,female,34.77,0,no,southeast,3556.9223
37,female,29.59,1,no,southeast,4562.8421
30,male,44.22,2,no,southeast,13270.422265141257
39,female,30.66339686098655,2,no,southwest,1391.5287
47,female,25.08,1,no,northwest,14254.6082
27,female,23.854714244352582,0,yes,northwest,16577.7795
54,male,34.4,1,yes,northwest,41786.38790444979
45,female,27.652110348943307,2,no,southeast,8413.46305
52,female,40.185,0,no,northwest,3201.24515
51,male,30.710134653019917,1,no,southwest,11520.09985
64,male,24.7,2,no,northwest,13270.422265141257
43,male,25.41,2,yes,southeast,42560.4304
62,male,27.55,1,no,southeast,6496.886
