haematocrit,haemoglobins,erythrocyte,leucocyte,thrombocyte,mch,mchc,mcv,age,sex,source
53.2,17.0,7.35,17.92367628421448,204,28.2300392867936,32.0,70.41986100681858,25,M,1
38.22611060743427,11.9,5.15,76.6,301,22.1,31.1,71.1,55,M,0
37.0,12.749350256875191,6.024476718966872,8.715533393774555,430,26.4,32.7,80.6,34,M,0
38.8,13.2,4.57,7.7,288,28.9,34.0,84.9,52,F,0
36.8,12.7,4.83,4.22858794686558,431,26.3,34.5,76.2,11,M,1
44.3,15.7,5.68,2.7,670,27.6,30.156828619931176,81.9,80,F,0
34.3,11.2,1.98,4.8,103,25.4,32.95651882450821,77.8,8,M,0
42.5,13.4,4.99,8.0,347,28.5,31.5,84.61133272892113,46,M,0
40.0,12.9,4.57,5.4,101,21.1,33.33647627682079,87.5,58,F,0
27.3,13.889130670953943,4.39,26.8,678,27.9,30.3,84.5,42,F,1
35.4,11.9,3.9,5.3,243,30.5,33.6,86.0,35,F,0
37.8,12.9,4.71,2.7,269,27.4,34.1,80.3,47,F,0
30.1,10.1,4.544802055001511,10.817759849733015,128,32.2,35.40579985425504,95.9,86,F,0
39.60499526724822,12.0,3.23,6.3,344,26.9,33.2,85.9,48,F,1
35.7,13.258792683478555,5.22,5.3,50,28.5,35.2,81.0,45,M,0
38.22611060743427,9.6,4.544802055001511,11.0,346,30.33803128247124,31.4,74.8,37,M,1
52.72405968707239,12.916079811750166,5.2601532756788485,3.3783743564526296,112,27.7,27.1,86.83035145482437,51,M,1
42.3,11.4,4.28,10.3,241,25.716934620405937,33.3,66.13238180878662,86,F,0
31.9,12.749350256875191,3.42,8.7,258,30.499699613296944,32.3,93.3,92,F,1
43.0,14.5,5.236015220324139,6.2,255,32.6,33.2,75.5,67,F,0
30.502944560699596,5.0,4.19,27.8,146,29.6,33.33647627682079,87.6,80,F,0
44.6,15.3,4.9,8.715533393774555,244,31.0,34.3,84.61133272892113,64,M,1
32.0,14.9,5.95,6.3,131,31.063152500430665,33.7,96.6,84,M,0
38.5,8.601240101586018,4.25,6.6,338,28.2300392867936,35.16909265849308,85.30471802665781,45,M,0
48.4,17.1,5.492278635081105,7.2,338,29.1,35.3,89.2,34,M,0
34.22842283351561,13.4,4.62,10.5,258,29.0,34.2,84.8,46,M,0
