haematocrit,haemoglobins,erythrocyte,leucocyte,thrombocyte,mch,mchc,mcv,age,sex,source
34.8,12.1,5.8,6.2,436,24.206799876423776,32.0,91.06640812624053,87,M,0
48.9,16.3,5.81,10.1,409,28.1,34.40408461505763,84.2,40,M,1
41.0,13.5,4.51,6.0,261,29.9,34.0,90.9,53,F,1
34.4,12.749350256875191,3.59,19.2,156,30.4,31.7,95.8,42,F,1
41.2,12.879085043943414,5.25,3.1,258,28.5,32.0,77.48156311738536,12,F,0
49.5,9.6,5.92,18.8,614,28.2300392867936,33.7,83.6,46,M,0
34.9,12.749350256875191,5.924209826509156,9.814373271120708,331,28.4,32.4,70.8,66,M,0
37.5,12.8,4.88,7.18787042915816,290,24.8,32.3,77.22687041580173,-12,F,0
33.172325427635535,12.1,3.889677818172644,1.4,46,29.8,34.9,84.8,44,F,0
38.22611060743427,12.3,4.35,1.5,81,28.3,33.1,83.2,37,F,1
56.0,12.0,4.04,8.715533393774555,259,26.04971743783312,33.6,88.4,62,F,0
42.7,15.1,4.98,10.8,322,31.5,35.4,85.7,38,M,0
37.3,12.3,4.38,8.4,265,28.1,33.33647627682079,85.2,61,M,1
40.0,11.5,3.89,-0.933711190421902,345,29.6,33.0,89.5,39,F,0
30.6,9.7,4.544802055001511,10.7,375,27.3,32.6,85.50197151557995,61,M,1
35.9,11.9,4.65,21.5,419,25.6,33.1,77.2,2,F,0
44.73183883415613,14.9,5.51,7.8654593768739485,71,21.1,33.5,80.8,19,F,1
45.28653056358732,14.3,4.537523021071802,9.9,240,25.1,33.33647627682079,84.61133272892113,46,M,1
38.22611060743427,14.2,4.84,6.1,258,28.2300392867936,32.9,86.4,86,F,1
47.4,13.29961570381789,5.94,9.4,169,27.8,34.8,79.8,24,M,0
40.1,13.6,4.544802055001511,9.4,479,27.9,32.851512860115655,83.4,23,M,0
40.7,12.9,5.04,8.715533393774555,186,26.9,33.096154102070585,84.61133272892113,38,F,0
35.7,13.846573670775387,3.13,9.6,223,28.875797369477265,32.8,82.4,56,F,1
31.914294545362047,9.3,4.557408776772648,3.8,36,30.055825788652577,35.5,95.2,46,M,0
31.7,10.6,3.74,8.5,258,28.3,33.4,85.5,29,M,0
43.6,8.881970518827991,4.8,16.7,105,30.2,33.81607382041749,86.5,35,M,0
