haematocrit,haemoglobins,erythrocyte,leucocyte,thrombocyte,mch,mchc,mcv,age,sex,source
46.73829970205736,15.0,5.36,6.5,266,30.3,33.6,83.4,32,M,1
31.9,11.1,3.55,24.6,200,31.3,34.8,89.9,52,F,1
24.083621774474157,12.749350256875191,2.55,5.5,259,28.7,32.4,88.5,76,F,0
24.4,10.934669355186898,4.544802055001511,18.9,185,29.6,31.620417726983064,84.3,46,F,0
38.2,14.8,4.72,6.4,349,28.2300392867936,33.5,80.9,23,M,0
29.6,9.8,3.73,5.2,233,25.37899744898178,33.1,80.7923762306531,45,M,1
23.4,7.7,2.66,15.802055257997322,290,28.9,32.9,88.0,81,M,0
44.1,15.7,5.37,18.7,353,31.680216061089368,33.45428776567215,84.61133272892113,-6,M,1
37.0,9.289729003985729,4.35,5.1,258,28.705113954064526,33.189261913540506,92.2,59,M,0
35.1,7.3,3.55,4.3,407,20.6,29.9,68.7,17,F,0
48.8,12.749350256875191,4.81,13.567194708359759,292,29.6,33.1,93.00303053285062,43,M,0
44.4,13.5,5.64,5.8,481,29.9,33.33647627682079,92.3,72,M,0
45.17424574532622,8.4,6.558070402143531,6.6,323,27.4,34.2,82.9,22,M,1
47.8,16.063255724228128,4.876395198733056,8.613833019507908,275,28.2300392867936,33.5,84.61133272892113,42,M,0
37.5,11.8,4.47,2.7,258,29.7,33.33647627682079,78.3,7,F,0
45.2,15.2,4.544802055001511,7.0,261,20.6,33.6,84.2,29,M,0
51.1,16.8,6.14,8.715533393774555,291,27.4,32.9,76.0,-24,M,0
38.22611060743427,10.8,4.37,7.8,509,24.7,31.3,78.9,22,F,0
38.22611060743427,9.4,3.4810323225952478,4.3,183,24.6,34.2,81.4,33,M,0
43.0,12.8,5.66,3.9,179,26.1,37.0,83.2,46,F,0
40.2,13.0,4.41,11.0,267,29.5,33.31268867948331,91.2,59,F,1
32.6,10.8,4.14,11.1,297,26.1,33.1,78.7,21,F,0
35.1,7.446927459758317,4.11,8.715533393774555,158,26.4,34.8,87.48535445693791,24,M,1
37.1,12.4,4.65,13.778506899660622,370,26.7,33.4,88.33977669655509,79,F,0
40.7,13.6,2.62,8.2,504,30.1,33.4,61.4,48,M,0
34.223634302372034,13.7,5.24812633774212,5.4,225,31.993195976495258,33.4,90.5,70,M,0
