haematocrit,haemoglobins,erythrocyte,leucocyte,thrombocyte,mch,mchc,mcv,age,sex,source
48.7,13.2,4.75,2.1,227,27.8,34.6,84.18257199205694,29,F,0
32.0,9.9,6.66,17.2,421,28.2300392867936,33.33647627682079,84.4,32,M,0
31.0,10.5,4.43,21.1,222,29.9,33.9,88.3,92,M,1
28.1,9.4,3.32,12.2,205,29.5,33.5,84.61133272892113,79,M,1
38.22611060743427,12.749350256875191,4.544802055001511,12.8,391,31.3,33.5,80.7,20,M,0
39.3,12.5,3.7592838728932945,8.715533393774555,371,25.5,31.998774902840694,84.61133272892113,70,F,0
38.2,16.405644763017282,5.6,8.1,128,28.8,33.1,84.12970374742261,50,M,0
42.9,14.0,4.57,6.2,336,30.6,32.6,93.9,70,F,1
35.7,12.086641373954794,4.61,8.0,389,26.5,34.2,77.4,46,M,1
42.7,14.1,5.04,2.2,279,28.54553384962021,32.7,84.7,75,F,0
37.7,11.8,4.544802055001511,11.213985559259722,216,31.07199789728177,32.253257892342965,72.0,46,F,1
43.208888624901746,12.8,4.4,3.0,117,29.1,34.2,85.0,65,F,1
38.9,13.5,3.51,10.016194607968252,165,28.1,34.7,87.8,43,M,1
23.2,12.5,2.5955111605062164,2.3,258,29.7,33.33647627682079,89.6,54,F,1
48.9377280445286,11.8,4.280185578059727,10.0,258,30.7,32.2,68.2,74,F,0
38.5,12.8,2.62426034852424,13.669820842067907,331,29.0,33.0,87.1,27,M,1
35.9936314235024,11.496107176525301,4.38,4.0,226,30.5,33.7,83.3,61,M,0
45.0,15.2,5.81,5.9,219,26.44443304828862,33.8,77.5,-24,M,0
38.22611060743427,11.549760132918468,5.15,4.6,191,20.2,32.1,94.31907523208723,3,M,0
32.0,12.8,5.18,9.2190241602557,321,24.15443750605384,33.22560149269987,73.4,12,M,0
29.2,9.4,3.25,8.715533393774555,328,28.9,29.6,89.8,76,M,1
49.0,12.749350256875191,7.54,5.4,352,27.6,34.79114560902111,82.4,40,F,0
40.8753567407727,11.8,5.28,9.6,354,28.2300392867936,31.1,89.8,23,F,1
39.1,12.4,5.73,10.5,382,21.6,31.7,68.2,29,M,0
36.7,11.6,4.04,5.9,331,28.7,31.6,90.8,62,F,0
47.4,17.4,5.64,2.9,130,28.2,33.5,81.09289318234651,73,M,1
