age,sex,bmi,children,smoker,region,charges
41,male,34.13568058620241,2,no,southeast,8538.28845
43,female,30.02,0,no,northeast,14043.4767
20,female,39.71,0,no,southwest,1875.344
47,male,33.88,3,yes,northeast,32699.1079857823
47,female,30.66339686098655,1,yes,southeast,36950.2567
29,male,29.735,2,yes,northwest,8930.93455
58,male,36.08,0,yes,southeast,1719.4363
52,male,21.003924054531254,0,no,southeast,10965.446
57,male,38.285,1,no,northwest,11842.62375
18,male,34.43,0,no,southeast,1137.4697
55,male,29.8,3,no,southeast,13270.422265141257
43,male,35.31,2,no,southeast,13270.422265141257
17,male,37.73,1,yes,southwest,3443.064
69,female,33.1,0,no,southwest,11848.141
27,male,30.3,1,no,southwest,4260.744
61,female,24.42924499945163,0,no,southeast,26926.5144
56,female,47.41,1,no,northwest,12044.342
19,female,23.4,2,no,southwest,30905.229160845385
12,female,26.13827289377458,0,no,southeast,1731.677
56,male,28.8,2,no,northwest,11085.5868
59,male,26.505,-1,no,southeast,12815.44495
34,male,42.13,1,no,southeast,-1400.3247554149739
39,male,33.42567090591772,5,no,southeast,9788.8659
56,male,35.150646541026575,0,no,southwest,24915.04626
40,male,25.325102077291763,3,no,northeast,8252.2843
63,female,29.022745076452512,0,yes,northwest,23027.285065664568
45,male,25.175,1,yes,northeast,14235.880394901222
35,female,34.21,3,no,southeast,5245.2269
18,female,31.48120872979679,2,no,northeast,21344.8467
41,male,34.58,2,no,southeast,1819.2911519351433
39,female,27.83,1,no,southeast,29908.633920748736
60,male,28.9,0,no,northeast,13270.422265141257
46,male,28.31,2,no,southwest,13270.422265141257
25,female,30.66339686098655,2,no,southwest,23241.47453
30,female,29.37,1,no,southeast,1719.4363
20,male,30.66339686098655,1,yes,northeast,7537.1639
38,female,30.21,1,no,southeast,20009.63365
38,male,37.05,1,no,northeast,6079.6715
32,male,32.11,4,no,northeast,10493.9458
18,female,30.9,3,no,southwest,5325.651
27,female,30.59,4,no,southeast,16796.41194
22,male,23.94,1,no,northeast,6858.4796
39,male,31.86419126534508,1,no,southeast,7215.745399262672
48,male,35.91,1,no,southwest,24873.3849
39,male,30.66339686098655,3,no,northeast,32787.45859
53,female,22.61,1,no,northeast,26392.26029
26,female,30.66339686098655,-2,no,northwest,3176.2877
39,female,33.0,3,no,northwest,-12437.688867259492
40,male,26.03,0,no,southwest,2102.2647
26,male,40.92,0,yes,southeast,13270.422265141257
54,female,26.6,0,yes,southeast,63770.42801
46,female,22.3,0,no,northwest,21131.374924880663
