age,sex,bmi,children,smoker,region,charges
21,female,34.6,0,no,southeast,2020.177
35,female,42.76154451821353,2,no,southeast,5846.9176
39,male,40.15,0,no,southeast,26868.687596695316
20,female,26.60172821020485,1,yes,southeast,26125.67477
25,female,33.66,4,yes,southeast,4504.6624
26,male,31.16,0,no,northwest,4689.318561132186
31,male,28.595,1,no,northwest,4243.59005
38,male,19.475,4,no,southeast,6933.24225
35,male,30.66339686098655,2,no,northeast,15378.147695587908
39,male,23.7,0,no,southwest,6770.1925
19,female,28.975,0,yes,southeast,2257.47525
52,male,25.77155122487386,1,yes,southeast,20277.80751
18,female,33.155,1,no,southeast,2207.69745
33,male,35.245,1,no,northeast,6748.5912
18,female,34.141112670913046,0,no,southeast,4704.691560125822
13,male,39.4,2,yes,southwest,38344.566
33,male,30.25,2,no,southeast,3704.3545
23,female,32.56,0,no,northeast,13270.422265141257
36,male,27.4,2,no,southwest,13270.422265141257
62,male,30.66339686098655,0,no,southeast,37742.5757
39,male,32.775,3,no,southeast,11289.10925
18,male,21.565,0,yes,northeast,13012.20865
56,male,39.6,0,no,northwest,10601.412
44,male,27.36,3,no,southeast,12404.8791
46,female,22.61,3,no,northwest,13429.0354
46,male,30.685,0,yes,northeast,42303.69215
