haematocrit,haemoglobins,erythrocyte,leucocyte,thrombocyte,mch,mchc,mcv,age,sex,source
30.7,10.7,3.68,8.715533393774555,307,29.1,34.9,83.4,86,M,1
45.0,15.4,5.54,8.152152438480146,142,27.8,38.1,75.95505192078163,52,F,1
40.1,13.3,4.53,9.3,219,28.2300392867936,33.6,88.5,62,F,0
32.8,13.860504665765093,3.97,10.102132365099584,338,30.0,36.3,82.6,95,M,1
30.3,9.8,4.22,8.715533393774555,200,23.2,30.661079289892417,71.8,45,M,1
46.01777018461618,12.5,7.54,7.3,387,27.7,33.33647627682079,86.41644755071738,32,F,0
40.7,13.6,5.099574177967483,8.2,455,30.1,33.4,84.61133272892113,33,F,0
38.9,12.7,4.83,16.271700269723407,286,26.219608136913187,35.05984748560747,76.2,11,M,1
34.8,12.0,4.48,10.1,347,26.8,33.9,79.0,46,F,0
40.811016651511125,17.03986505581929,4.38,9.5,476,30.823207729562885,35.0,78.16478519788275,67,M,0
46.0,15.6,4.65,5.8,248,32.1,33.9,94.7,47,M,0
32.1,12.749350256875191,2.949175370973649,14.2,268,29.9,32.398383192486264,90.2,46,F,1
40.1,8.943753488208621,2.65,5.1,252,28.2300392867936,33.1,69.9,77,M,0
39.7,13.4,4.86,15.9,258,28.8,33.8,85.4,61,F,1
33.29589374767957,11.558644380942106,4.91,7.0,366,31.0,32.6,85.5,26,M,0
38.22611060743427,12.4,4.15,6.1,263,28.9,33.2,90.1,32,M,0
40.6,13.2,7.3,6.8,413,29.1,34.6,69.8,74,M,1
31.5,10.8,5.104074523867178,29.736431965061932,258,28.7,34.3,83.8,63,M,1
26.993512958984226,12.749350256875191,3.59,16.5,308,28.97811449809836,32.2,76.9,81,M,1
39.2,12.3,4.544802055001511,5.2,214,22.2,31.9,89.4,51,M,0
29.6,9.6,3.51,10.7,246,32.646381170258,32.4,84.61133272892113,40,M,1
32.0,11.0,4.46,8.1,386,24.7,33.33647627682079,75.5670752488196,7,F,1
34.1,16.9,5.310476383240815,6.0,359,33.8,32.5,73.8,83,F,0
38.22611060743427,11.9,5.46,11.6,359,21.8,31.4,69.4,74,F,0
23.9,12.5,5.93,6.5,316,21.1,31.2,67.6,79,F,0
39.8,10.6,4.544802055001511,9.5,273,30.4,31.896668509619335,89.8,33,M,0
