age,sex,bmi,children,smoker,region,charges
47,male,24.31,5,no,southeast,13270.422265141257
28,male,21.755,0,yes,northeast,12222.8983
54,female,31.9,1,no,southeast,12537.18511031663
48,female,30.66339686098655,1,no,northeast,8871.1517
25,female,33.66,3,no,southeast,13417.319964668
36,male,27.15235820726138,0,no,southeast,2480.9791
39,male,31.0,1,no,southwest,5240.765
42,female,29.48,2,no,southwest,7640.3092
26,female,31.9,3,no,southeast,12788.854534877362
20,male,35.310305720143205,1,no,southwest,1980.07
56,female,27.17,0,no,northwest,3161.454
28,male,23.8,2,no,southeast,3847.674
35,female,34.105,3,yes,southeast,39983.42595
45,female,25.175,2,no,southwest,9095.06825
19,female,20.615,1,no,northwest,2803.69785
63,male,31.825,0,yes,northwest,1532.4697
37,male,34.1,4,no,southeast,22816.213639023983
39,male,26.315,3,yes,northwest,6389.37785
61,female,30.66339686098655,1,yes,southeast,30942.1918
52,female,35.694854738520796,5,no,southeast,12592.5345
43,female,25.935,0,no,southeast,2020.177
46,male,35.738362272854175,1,no,northwest,13270.422265141257
29,male,25.8,1,yes,northeast,5926.846
18,male,33.77,1,no,southeast,1725.5523
56,male,24.97,1,no,northwest,12044.342
50,male,28.31,3,no,southeast,13770.0979
