age,sex,bmi,children,smoker,region,charges
41,female,39.7,2,no,southwest,6272.4772
55,female,32.775,2,yes,southwest,12268.63225
52,female,34.87,0,yes,northwest,7650.77375
31,female,24.13,0,no,southeast,2020.5523
43,female,26.79,2,no,southeast,19144.57652
37,male,21.78,1,no,southeast,14319.031
21,male,42.681748013380854,0,no,southeast,2104.1134
59,female,35.78260538276782,1,no,southeast,46889.2612
38,female,23.620960072634954,2,no,northeast,7144.86265
18,male,33.8,1,no,southeast,13270.422265141257
53,female,21.78,1,no,southwest,11884.04858
22,male,27.1,0,yes,northwest,2154.361
29,male,20.235,2,no,northwest,14865.61692104676
39,female,36.85,0,no,southeast,13270.422265141257
41,female,32.2,1,no,southwest,6775.961
46,male,30.66339686098655,5,no,southeast,6653.7886
36,female,29.7,0,no,northeast,4399.731
18,female,25.175,0,yes,southeast,10536.883289066951
39,male,41.47,4,no,southeast,10977.2063
41,female,26.4,2,no,southeast,19539.243
64,male,45.0980627028539,0,yes,northwest,38792.6856
57,male,43.7,0,no,southwest,18697.150959934632
31,male,31.16,0,no,northwest,43578.9394
40,male,19.8,1,yes,southeast,17179.522
52,male,30.66339686098655,2,no,southeast,3446.9804400775593
32,male,33.63,1,yes,northwest,37607.5277
