haematocrit,haemoglobins,erythrocyte,leucocyte,thrombocyte,mch,mchc,mcv,age,sex,source
39.7,13.1,4.427171092131363,5.5,328,28.2300392867936,35.9,87.1,45,F,0
38.22611060743427,8.1,3.1,1.9502878329406745,125,26.1,32.4,85.4,47,M,1
26.4,13.4,3.09,31.2,268,30.922093009310906,33.7,80.6,59,F,1
55.23673824999257,8.9,4.544802055001511,34.9,264,32.7,31.589799513677207,101.2,69,M,1
42.9,14.5,5.84,8.7,402,24.8,33.33647627682079,69.9,46,M,0
38.441520293971294,13.5,3.9856898149285924,4.6,186,28.6,34.0,84.1,67,M,0
37.8,13.9,4.092445534299046,5.2,50,31.0,33.1,93.8,10,F,0
46.9,11.3,4.13,11.7,250,28.2300392867936,32.6,83.1,27,F,0
36.1,11.49457217108684,3.93,8.715533393774555,235,30.0,32.7,91.9,52,F,0
37.8,16.6,4.41,7.2,381,18.1,33.1,85.7,53,M,1
43.9,15.789002422516225,5.02,5.948300870676822,303,28.7,32.8,84.61133272892113,47,M,0
34.4,12.749350256875191,3.47,2.518303676719369,256,30.2,32.6,99.1,46,F,0
37.1,11.0,5.63,9.3,150,24.858632245359132,33.7,103.2,7,M,1
42.2,14.5,4.8,10.8329756534826,258,32.3,34.4,79.72739390022494,55,F,0
40.7,13.8,4.42,8.715533393774555,291,31.2,33.9,92.1,27,M,1
21.9,12.749350256875191,4.544802055001511,22.6,183,23.9,33.33647627682079,71.6,62,F,0
32.6,13.788215258769487,5.13771757385197,15.0,387,26.4,32.6,81.6,61,F,1
47.7,15.7,3.16,2.9,159,27.9,33.003672699948794,84.7,39,M,1
38.9,13.1,5.8,12.7,308,22.6,33.7,95.93294841303582,11,F,0
39.33394408460196,12.0,4.6,6.2,388,26.1,33.7,76.52226833338518,8,M,0
46.7,15.8,5.41,5.6,60,29.2,33.6519771817201,86.3,37,M,1
37.423382789844254,14.6,4.78,5.0,282,30.5,34.5,86.1,23,M,0
38.22611060743427,16.1,5.6,2.2,187,28.8,33.1,87.0,29,M,0
41.3,13.1,5.61,4.0,256,27.8,33.5,81.21822436182421,49,F,0
32.2,12.724262874032437,5.49,8.7,258,26.129918859433605,33.22612240706374,72.9,44,M,0
28.1,9.4,3.32,12.2,205,30.92183067828752,31.7,84.61133272892113,43,M,1
