age,sex,bmi,children,smoker,region,charges
44,female,29.735,2,no,southeast,32108.66282
67,male,30.66339686098655,2,yes,southeast,51142.77569620086
24,male,27.72,0,no,southeast,30038.288080386334
32,male,22.6,4,no,southeast,4686.3887
60,female,36.005445909958645,0,no,southwest,6186.127
27,male,32.3,1,yes,southwest,13270.422265141257
48,female,32.3,2,no,northeast,10043.249
23,female,32.78,2,no,southeast,36021.0112
61,male,35.86,0,yes,southeast,13270.422265141257
31,female,20.4,0,no,southwest,14410.9321
30,female,19.095,0,yes,northeast,16776.30405
61,male,30.66339686098655,1,no,northwest,28868.6639
57,male,38.19,0,no,northeast,3260.199
39,male,35.815,0,no,northwest,4320.41085
60,female,30.5,0,no,southeast,12638.195
32,male,22.705,3,no,northeast,6985.50695
33,male,44.765696452977195,2,yes,southeast,2523.1695
39,female,33.88,0,no,southeast,11482.63485
79,male,33.55,1,no,southeast,6610.1097
28,female,33.0,2,no,northeast,-1202.5811896595023
52,male,26.4,3,no,southeast,4402.233
41,male,41.23,0,no,southeast,5699.8375
36,female,21.47,1,yes,southeast,5472.449
43,female,39.97349234710524,1,no,southeast,7345.7266
56,male,36.1,3,no,southwest,-5949.28125442819
55,male,33.42212695066985,1,no,northwest,10594.50155
