,synth,train,val,test,synth_value,real_value,jsd,wasserstein,diff_corr,dcr_rf,nndr_rf,dcr_rr,nndr_rr,dcr_ff,nndr_ff
lct_gan_0_0_0,lct_gan_0_0_0\synth.csv,lct_gan_0_0_0\train.csv,lct_gan_0_0_0\val.csv,lct_gan_0_0_0\test.csv,0.1788617886178861,0.941919191919192,0.6837676509557097,0.2359416304583365,3.861082927275767,0.6424757823758975,0.9999995213590536,0.1286330241956277,0.2813317776077186,0.0792659793265518,0.2334874014268285
lct_gan_0_1_0,lct_gan_0_1_0\synth.csv,lct_gan_0_1_0\train.csv,lct_gan_0_1_0\val.csv,lct_gan_0_1_0\test.csv,0.1788617886178861,0.9658994032395568,0.6837676509557097,0.2420429656454761,3.50235377535589,1.4116605798093051,0.9999816329710554,0.12189690866761,0.3459974619303256,0.1415608512552551,0.4216779371555603
lct_gan_0_2_0,lct_gan_0_2_0\synth.csv,lct_gan_0_2_0\train.csv,lct_gan_0_2_0\val.csv,lct_gan_0_2_0\test.csv,0.1666666666666666,1.0,0.6776045432457228,0.2379642992229425,3.254515830288076,1.122077336303456,0.999991865529002,0.1315341215921004,0.3231954438095035,0.1422050441039614,0.2871813493113375
lct_gan_0_3_0,lct_gan_0_3_0\synth.csv,lct_gan_0_3_0\train.csv,lct_gan_0_3_0\val.csv,lct_gan_0_3_0\test.csv,0.1666666666666666,0.925925925925926,0.6776045432457228,0.22431813421522,3.978710468068704,0.662326851957411,0.999966638284668,0.1302991515551109,0.4320354547813144,0.0735500318731623,0.3836332575985045
lct_gan_0_4_0,lct_gan_0_4_0\synth.csv,lct_gan_0_4_0\train.csv,lct_gan_0_4_0\val.csv,lct_gan_0_4_0\test.csv,0.1666666666666666,0.9073684210526316,0.6776045432457228,0.2340826197028903,3.9937675651815017,0.6832248508298505,0.999997708886338,0.1247356095373769,0.2785187980195435,0.0903597888909015,0.4141069229887412
