haematocrit,haemoglobins,erythrocyte,leucocyte,thrombocyte,mch,mchc,mcv,age,sex,source
51.8,12.749350256875191,6.1,14.1,147,27.7,32.6,84.9,22,M,0
48.8,10.3,3.54,-5.964368193638547,258,32.40528370710141,34.28043989749769,85.6,70,M,0
42.6,13.7,6.56,8.8,238,28.9,32.2,77.5,55,F,0
36.5,16.872185513603988,5.571990856441713,9.3,265,27.6,33.7,82.0,45,F,1
43.0,12.8,4.544802055001511,7.9,274,30.9,33.4,88.7,76,M,0
26.6,8.6,2.423953870106256,7.0,271,28.2300392867936,32.3,82.9,36,M,0
38.22611060743427,12.7,4.51,7.1,317,23.2,32.8,85.8,35,F,0
28.0,13.2,4.75,2.1,67,27.8,34.6,95.2,29,M,1
38.22611060743427,11.5,4.17,6.7,53,28.2300392867936,34.3,72.81877669801972,7,F,0
43.3,14.4,4.95,6.1,299,29.1,32.971659629135495,86.68122007618192,75,M,0
30.8,11.870679323645398,3.98,5.1,406,25.8,34.9,77.4,24,F,1
47.36527079524758,16.5,5.53,4.1,243,29.8,35.4,84.3,18,M,0
45.7,10.7,3.4,7.01237985099248,208,31.5,32.96148608179818,91.8,55,M,0
30.6,10.2,3.95,8.715533393774555,94,25.9,33.3,87.5,47,F,1
36.4,15.0,4.63,8.715533393774555,231,28.068730787974953,32.25748253219973,87.3,78,M,0
29.40218204503013,18.3,4.544802055001511,13.26982321488772,173,21.7,31.5,89.41204458097938,17,F,1
45.99598646157815,12.749350256875191,5.39,9.4,335,29.3,30.3,87.4,39,M,0
43.8,14.7,6.839542081250286,7.3,225,25.9,33.6,77.1,18,M,0
45.6,8.94412778966591,4.626556014829347,8.3,313,29.5,32.9,84.61133272892113,46,M,0
31.2,15.8,5.28,3.1,265,29.9,34.6,84.61133272892113,20,M,0
36.28866322236735,11.893694395296235,3.3,11.6,258,30.6,33.33647627682079,89.4,51,F,1
47.5,16.2,5.82,10.4,307,26.497638104127784,34.1,60.0,33,F,1
46.2,15.6,5.4,5.042537934004301,182,28.9,33.8,85.6,46,F,1
36.6,5.0,3.5,10.8,213,29.25787592624737,33.33647627682079,81.34840777726643,67,M,1
42.5,14.1,4.91,11.9,239,28.7,33.2,86.6,23,M,1
40.7,13.1,4.99,7.7,359,26.3,36.6,81.6,24,F,0
