age,sex,bmi,children,smoker,region,charges
12,female,31.57,0,no,southeast,-1006.2722323797443
53,male,30.66339686098655,2,no,southeast,9605.030465423948
52,male,29.4,0,no,southwest,11394.06555
45,male,36.48,4,no,northwest,13270.422265141257
51,male,22.42,0,yes,northeast,13270.422265141257
31,female,29.26,0,no,southeast,4350.5144
48,female,43.20518810893283,2,yes,southeast,13270.422265141257
39,male,33.535,0,no,northwest,6436.261924300957
40,male,29.9,2,no,southwest,19151.816141775656
60,male,27.55,0,no,southeast,22144.032
18,male,21.805088203589403,2,yes,southeast,42154.17716815796
43,male,35.625,0,no,southeast,2198.18985
30,male,33.90333703335324,0,no,northeast,35147.52848
45,male,34.3,1,no,northeast,8604.48365
54,female,31.08298192533149,4,no,northeast,19539.243
53,male,31.065,2,no,northwest,7348.142
39,female,33.33,2,no,southeast,36580.28216
39,female,30.66339686098655,0,no,southeast,2211.13075
46,female,33.44,1,no,southeast,8240.5896
59,female,30.66339686098655,0,no,southeast,3171.6149
44,male,42.9,1,no,northwest,4536.259
48,male,59.04809387121845,1,yes,northwest,6067.12675
56,female,32.395,0,no,southeast,14590.63205
37,female,30.66339686098655,3,no,northwest,17345.862358085895
64,female,35.6,1,no,northeast,14410.9321
27,female,28.025,0,no,northwest,20234.85475
44,male,29.92,4,no,northeast,13270.422265141257
41,female,22.514387858643982,0,no,southeast,7750.2022558967055
19,male,31.92,1,yes,northeast,33750.2918
25,female,22.609749332445865,1,no,southeast,3594.17085
38,female,24.925564443584875,0,no,northwest,35160.13457
22,male,38.19,1,no,southwest,35585.576
18,male,23.32,1,no,southeast,1711.0268
58,female,30.66339686098655,0,no,southeast,12224.35085
42,male,25.0,0,yes,southwest,13217.0945
39,female,23.08433765853702,1,no,northeast,6059.173
43,male,38.665,0,no,southeast,1631.6683
22,male,24.035,0,yes,southeast,9220.978656392985
57,male,40.37,5,no,southeast,2069.4521984385574
22,female,39.805,4,no,northwest,2755.02095
61,male,38.38,0,no,northwest,12950.0712
47,male,19.57,1,no,northeast,8428.0693
42,male,26.125,2,no,southwest,7729.64575
19,male,25.137746475166363,0,no,northwest,1615.7667
46,male,39.425,1,no,southwest,8342.90875
59,female,27.55,1,no,southeast,6746.7425
25,female,30.2,1,no,southwest,33900.653
39,male,23.75,2,no,northwest,3077.0955
51,female,36.385,3,yes,northwest,23867.969988790872
41,female,28.785,1,no,northwest,13270.422265141257
18,male,42.4,0,no,northeast,34617.84065
78,female,32.45,3,yes,southeast,45008.9555
