age,sex,bmi,children,smoker,region,charges
31,male,28.595,1,yes,southeast,4243.59005
36,female,28.025,1,yes,southeast,20773.62775
60,female,29.165,0,no,northeast,7323.734819
30,male,37.83055447702357,0,no,northwest,1639.5631
31,female,26.125,3,no,northeast,6113.23105
9,female,27.5,1,no,southwest,7626.993
17,male,43.01,0,no,southeast,1295.5457835248585
21,male,30.66339686098655,2,no,southwest,12979.358
24,female,33.99,0,no,southeast,15371.13153380336
35,male,19.013546643052184,1,no,northwest,5116.5004
39,male,28.54230171758054,0,no,southwest,13270.422265141257
21,male,28.714379639215878,0,no,southeast,13270.422265141257
61,male,33.915,1,no,southeast,13143.86485
39,male,25.8,5,no,northwest,7633.7206
18,male,29.64,0,no,southeast,-4623.356377039225
39,male,26.315,0,no,southeast,7201.70085
64,female,39.995,3,no,southeast,281.64119964967176
54,male,39.67721404885289,0,no,northwest,10825.2537
19,male,32.49,0,no,northwest,36898.73308
31,female,39.34089503820437,2,yes,northeast,5031.26955
20,female,24.42,0,yes,southeast,11945.1327
33,female,35.5,1,no,southeast,7272.505732957019
38,male,40.48,0,no,northwest,23401.30575
39,male,28.025,1,no,northwest,13974.45555
40,male,31.68,1,yes,southeast,34672.1472
33,male,19.57,1,no,northwest,8428.0693
43,male,26.885,2,no,northwest,7441.501
61,female,29.362954089157203,0,no,northwest,13270.422265141257
41,male,30.66339686098655,0,no,southeast,4746.344
44,female,30.66339686098655,5,no,southeast,10096.97
49,male,32.3,2,no,northeast,10464.89653142759
52,male,35.7,0,no,southwest,11362.755
62,female,37.7,0,yes,southwest,24423.119296355922
34,female,29.059325663010444,3,no,southeast,6196.448
39,male,27.835,1,no,northwest,4454.40265
39,male,32.34,2,no,southeast,13270.422265141257
39,female,22.1,2,yes,southeast,44260.7499
56,male,39.82,0,no,southeast,11090.7178
62,female,26.505,0,no,northeast,20584.64452224798
48,female,35.493951094147334,1,no,southwest,11015.1747
31,male,32.6,1,no,northeast,4441.21315
64,female,31.3,1,yes,southwest,45290.35650058936
39,male,52.58,1,no,southeast,6653.7886
41,male,30.66339686098655,3,no,southwest,7954.517
45,female,38.285,1,yes,northeast,19412.96242414116
23,female,35.31,0,no,southwest,13126.67745
26,female,30.66339686098655,2,no,southeast,3987.926
20,male,31.864026431259422,2,yes,southeast,40904.1995
39,female,43.89,1,no,southeast,46200.9851
63,male,31.445,0,no,northeast,6067.12675
32,male,37.07,1,no,southeast,13270.422265141257
23,male,25.08,0,no,northwest,5028.1466
