age,sex,bmi,children,smoker,region,charges
37,male,30.8,0,no,southwest,4646.759
33,male,27.835,2,no,northwest,6455.86265
22,male,33.49096049615913,0,no,southeast,1674.6323
49,male,39.6,1,no,southwest,10450.552
20,male,26.505,2,no,southeast,3056.3881
19,female,31.77748834233529,0,no,northwest,1635.73365
54,male,36.385,4,yes,northeast,2801.2588
43,female,24.092936183128515,1,no,southeast,13270.422265141257
39,male,39.82,0,no,northeast,25297.465610758863
24,male,30.66339686098655,0,no,southeast,38126.2465
61,female,41.47,1,yes,northeast,48517.56315
58,male,30.305,0,yes,southeast,2304.0022
43,male,27.8,2,yes,northeast,1288.9719554695366
36,female,26.41,0,no,northwest,5385.3379
25,male,37.335,1,no,southwest,4667.60765
19,male,34.9,0,yes,southwest,22177.602274092133
39,female,23.37,2,no,northeast,6686.4313
63,female,32.2,1,yes,southwest,47305.305
18,male,35.55156273893152,2,no,southeast,11938.25595
44,female,20.235,1,yes,southeast,19594.80965
29,male,34.5,1,no,northeast,26217.532379561835
48,female,33.99,1,yes,southeast,2473.3341
25,male,30.66339686098655,3,no,southeast,13270.422265141257
51,female,20.6,0,no,southwest,20773.62775
39,male,32.3,1,yes,northwest,8765.249
59,female,32.395,0,no,southwest,14590.63205
