haematocrit,haemoglobins,erythrocyte,leucocyte,thrombocyte,mch,mchc,mcv,age,sex,source
37.5,14.4,7.21,4.3,188,28.2300392867936,33.33647627682079,84.61133272892113,23,M,0
41.8,14.0,4.78,12.1,284,31.100683930915963,33.5,88.09673105114352,45,M,0
41.9,9.2,4.46,4.1,207,22.055263089801933,32.5,63.5,35,F,1
36.5,12.7,3.72,8.715533393774555,510,29.5,33.2,89.0,46,M,0
33.7,12.0,3.77,8.7,258,30.760696311806974,35.6,84.61133272892113,80,M,0
42.310995214537115,12.749350256875191,4.27,4.7,150,31.4,35.1,101.63652093719953,76,M,0
38.22611060743427,15.3,3.92,7.1,375,26.6,35.6,80.6,46,M,1
40.66669163230209,13.5,4.96,8.715533393774555,467,27.2,31.9,85.3,78,M,0
32.58759615820895,13.687342566512068,3.95,6.7,500,32.2,33.6,86.1,86,M,0
43.8,8.5,5.09,5.7,332,25.8,29.4,95.7,21,M,0
38.22611060743427,12.515320559873697,4.95,4.0,176,28.5,33.6,84.8,47,F,1
43.35127713024971,14.6,5.15,5.0,282,28.2300392867936,34.5,88.5,27,F,0
49.0,14.057751547972561,5.95,8.7,352,28.4,33.5,82.4,61,M,1
40.7,13.4,4.32,5.9,307,25.543501449064454,32.9,94.2,46,F,0
39.4,13.2,4.371662895238226,7.1,29,27.6,33.74045117244742,84.9,14,M,0
25.5,11.40322636653299,4.544802055001511,12.1,74,28.2,30.938200396306478,88.76377743515575,14,M,0
44.1,12.749350256875191,4.91,8.947607863800696,211,29.1,32.4,98.37186345505647,76,M,0
37.0,11.0,4.16,4.2,234,30.0,33.8,88.9,45,F,0
25.0,8.1,4.544802055001511,5.3,125,26.1,32.4,80.6,47,M,1
28.3,13.9,4.83,5.2946691153056555,352,28.8,31.720315815552375,86.7,32,M,0
33.5,12.5,3.4,27.8,244,32.4,33.65404556937864,98.5,89,M,0
37.1,12.1,4.399082374873222,9.020268652597629,280,27.9,32.6,85.7,49,M,0
21.9,7.3,1.6734361373687074,16.91012734997481,414,23.9,33.3,83.7,77,M,1
42.3,14.6,4.7,8.3,228,31.1,33.33647627682079,69.6,39,M,1
29.5,9.4,2.576874642935868,8.6,339,26.5,33.8,83.1,40,M,0
42.0,14.2,4.9,12.8,258,21.7,31.9,85.7,32,M,1
