haematocrit,haemoglobins,erythrocyte,leucocyte,thrombocyte,mch,mchc,mcv,age,sex,source
39.4,12.749350256875191,5.62,2.8,150,22.6,32.2,70.1,5,M,1
31.8,10.1,3.62,15.084788820505002,90,28.1,31.8,84.61133272892113,69,F,0
33.7,10.94901618122582,5.38,7.969922103331241,265,23.7,28.868457962262525,62.6,2,F,0
38.22611060743427,9.1,3.47,7.6,217,21.8,30.89220627067926,70.5,25,F,0
47.8,15.7,5.58,9.7,173,28.2300392867936,32.8,83.88385663335698,2,M,0
42.3,14.3,4.544802055001511,8.3,299,31.1,33.33647627682079,90.0,39,M,1
40.4,13.0,4.56,15.3,274,25.198899287123222,32.2,88.6,68,F,0
39.7,13.8,4.64,14.1,186,29.7,34.8,85.6,46,M,0
44.3,15.1,3.68,14.3,20,29.5,34.9,86.7,32,F,1
39.3,14.0,5.04,21.5,300,29.151161413357805,34.83230709119558,92.3,5,M,0
38.6,12.5,4.99,11.1,317,25.1,33.33647627682079,66.3,38,F,0
29.497697600223326,12.0,4.460278361685385,15.4,457,31.0,33.2,93.3,27,F,1
24.968130509061726,12.0,4.01,7.0,200,29.9,32.3,92.5,37,M,1
34.4,12.868519479548192,4.09,4.2,377,25.732328065895903,32.6,84.1,6,F,0
35.84382915296272,14.6,5.09,2.9,233,27.9,33.7,79.0871177167002,39,F,1
31.9,13.3,3.58,8.149516989234606,258,34.2,32.3,89.1,74,M,0
42.8,12.8,4.3,11.6,227,29.8,34.0,105.3,25,M,0
40.3,17.2,5.087996342457416,8.715533393774555,323,29.1,34.0,85.9,3,M,1
42.2,13.1,5.934052871064502,7.7,258,21.7,31.0,85.52945452122125,42,M,0
42.6,15.71737855124535,3.7914718372036442,12.0,240,27.7,32.6,85.0,46,M,0
43.9,14.1,4.4,19.3,330,32.0,32.1,99.8,74,F,0
35.2,11.938751793194495,4.83,8.3,312,26.1,36.11376109095799,79.7,71,F,0
38.22611060743427,12.7,4.04,8.715533393774555,219,27.792286413415823,33.9,78.0,68,M,0
37.7,15.0,4.95,3.1,261,28.2300392867936,35.0,86.5,67,M,1
42.7,14.4,4.544802055001511,3.4628531987255,380,27.4,33.7,74.55575993130932,20,M,0
52.62062746151831,12.749350256875191,5.77,7.4,260,28.1,36.2,84.61133272892113,20,M,0
