age,sex,bmi,children,smoker,region,charges
39,female,36.753596821096316,1,no,northwest,3180.5101
33,male,34.8,5,yes,southwest,9058.7303
39,male,17.765,3,no,southeast,7337.748
49,male,25.6,4,no,southwest,192.38110472737026
55,female,23.377821601931128,0,no,northwest,10594.50155
33,male,33.44,0,no,southeast,-1545.1670630148328
50,female,27.34677858880582,1,yes,southeast,11552.904
21,male,36.85,2,no,southeast,1534.3045
45,male,28.7,2,no,southeast,8968.33
51,female,36.385,1,no,southeast,11436.73815
54,male,25.46,1,yes,northeast,25517.11363
53,male,34.149318907879525,0,no,northwest,13270.422265141257
21,female,35.99774403471174,0,no,southeast,43896.3763
18,female,39.87507388189978,1,no,northwest,13270.422265141257
59,male,12.383151558742151,1,yes,southeast,23244.7902
18,female,38.28,0,no,northeast,11601.85831533288
39,female,28.93,1,yes,southwest,13855.152762169564
21,male,28.975,0,no,southeast,14959.227092764957
33,female,24.31,0,no,southeast,4185.0979
48,male,22.99,2,no,northeast,17361.7661
35,female,29.8,1,no,northeast,21235.001217340112
53,male,28.577363219005104,0,no,southeast,684.6361767126218
28,male,30.66339686098655,0,no,northeast,3062.50825
35,male,34.105,0,no,northwest,2302.3
29,male,28.2,1,yes,southwest,2866.091
21,male,26.41,2,no,northeast,11244.3769
57,female,29.81,0,yes,southeast,27533.9129
26,female,20.8,0,no,southwest,6600.20595
35,female,30.66339686098655,0,no,southeast,15230.32405
21,female,21.66,-1,no,northeast,-9955.52659744411
39,female,23.56,5,no,southeast,7789.635
46,female,35.53,0,yes,northeast,13270.422265141257
61,female,29.6,0,no,southeast,11837.16
23,female,23.18,0,no,southeast,11830.6072
40,male,35.684363723740724,1,no,northeast,7077.1894
39,female,31.8,1,no,southwest,13270.422265141257
36,male,35.2,2,yes,southeast,38709.176
63,male,22.135,1,no,northwest,14349.8544
19,female,39.82,0,no,southwest,1744.465
34,male,33.0,3,yes,southeast,7682.67
62,male,29.449690439934443,2,no,northeast,2156.7518
34,male,29.735,-2,no,northeast,-4075.6447354604015
36,male,30.66339686098655,1,yes,northeast,25284.026311140933
51,male,31.635,0,no,northeast,9174.13565
38,female,30.59,2,no,northwest,7256.7231
11,female,21.47,0,no,northwest,3353.4703
44,female,29.2,1,no,southwest,10436.096
56,female,30.21,1,no,southwest,11070.535
82,female,30.66339686098655,0,no,southwest,12475.3513
36,female,29.92,1,no,southeast,4889.0368
56,male,30.66339686098655,0,no,southwest,11073.176
45,male,21.375,0,no,southeast,13270.422265141257
