age,sex,bmi,children,smoker,region,charges
59,female,27.5,0,no,northwest,12233.828
20,male,38.83,3,no,southeast,5138.2567
25,female,24.86,0,yes,southwest,5972.378
56,male,25.935,0,no,northeast,11165.41765
60,female,28.7,1,yes,southwest,28609.234070749273
19,male,21.755,1,no,northwest,1627.28245
31,male,23.18,3,no,southwest,2727.3951
21,male,31.02,0,no,northwest,16586.49771
38,female,29.26,0,no,northwest,6457.8434
18,female,26.181639370613897,3,no,northwest,20521.754472531364
39,male,30.66339686098655,1,no,northeast,12913.9924
29,female,32.11,2,no,northwest,13270.422265141257
68,female,31.825,2,no,northeast,16069.08475
39,male,26.22,2,no,southeast,13270.422265141257
22,female,28.38744788398616,0,no,northeast,28763.078849463727
54,male,21.565,0,yes,northwest,13747.87235
56,male,28.31,2,yes,southeast,24685.227768853634
20,female,34.38503290361308,0,no,northwest,5976.8311
60,female,23.21,1,no,southeast,3561.8889
31,male,24.225,5,no,northwest,8965.79575
62,female,29.92,3,no,southeast,2731.9122
39,female,28.88,1,no,southeast,9249.4952
21,female,27.76123788042668,1,no,southeast,3167.45585
20,male,30.66339686098655,0,yes,northeast,16115.3045
22,female,25.9,0,no,northeast,13457.9608
40,male,43.7,0,no,northeast,6389.37785
