age,sex,bmi,children,smoker,region,charges
32,male,20.4,1,no,northwest,4454.40265
43,male,36.63,2,no,southeast,4949.7587
41,male,28.05,1,yes,southeast,6770.1925
60,female,35.1,0,no,southwest,12644.589
50,male,30.66339686098655,0,no,northeast,9058.7303
58,male,42.06999857184328,2,yes,northwest,9377.9047
39,female,41.8,0,no,southeast,-5630.9009750773475
51,female,44.88,1,no,southwest,39722.7462
19,female,36.3,1,no,southeast,9877.6077
41,female,36.765,1,no,northeast,47896.79135
27,female,30.66339686098655,3,no,southeast,2488.1619682340843
39,male,30.4,3,no,northwest,10457.826281726533
48,male,26.885,1,yes,southeast,2322.6218
33,male,26.695,1,yes,northwest,26109.32905
61,female,28.586092946747243,0,no,northwest,13429.0354
51,female,30.03,1,no,southeast,47496.49445
31,male,20.4,4,no,southwest,3260.199
39,female,29.64,4,no,southeast,-361.1742360985718
53,male,30.495,5,no,northeast,10072.05505
25,female,37.100138906360705,0,no,southwest,13270.422265141257
58,male,32.01,1,no,southeast,13270.422265141257
58,female,33.1,0,yes,northeast,11848.141
31,male,35.42,1,no,northeast,4441.21315
41,female,36.08,1,no,southeast,6781.3542
61,male,30.416821732025664,1,yes,southeast,8277.523
35,female,17.4,1,no,southwest,19444.2658
