haematocrit,haemoglobins,erythrocyte,leucocyte,thrombocyte,mch,mchc,mcv,age,sex,source
41.6,13.5,5.649498950292618,7.6,3,29.8,33.5,89.0,67,F,0
38.22611060743427,10.0,3.44,8.0,443,29.1,32.4,92.8,46,F,1
44.51980481120788,8.8,3.24,76.6,239,27.2,32.6,87.6,69,M,0
31.9,13.3,4.23,10.276665536611244,325,24.873886096514433,29.8,75.4,6,M,1
42.4,13.5,5.07,5.1,310,19.010907264307598,33.33647627682079,84.61133272892113,58,F,1
39.6,13.2,4.074586020907606,5.0,50,29.7,32.3,83.3,54,M,1
38.5,13.691275072930097,4.85,6.2,271,24.7,31.2,79.4,26,F,1
40.5,13.5,4.51,9.9,225,30.5,32.19038143952164,89.8,61,F,0
42.26477427456408,12.6,3.609719788230519,1.372859148058506,105,28.995209134331393,33.8621199882696,85.4,65,F,0
30.613804717217537,12.4,4.58,16.5,342,27.1,33.3,81.2,70,F,0
32.6,11.5,4.544802055001511,23.6,258,27.6,35.3,78.4,46,M,0
38.22611060743427,12.7,3.76,4.0,211,28.5,34.798126173645166,86.25576683552742,34,F,0
38.3,13.0,6.061978759343936,7.9,367,30.4,33.9,89.7,55,F,0
35.1,11.4,4.02,8.8,317,28.4,32.5,76.01079063484474,45,F,0
39.0,11.9,5.5,6.5,246,21.6,30.1,72.0,55,M,1
44.0,13.5,4.544802055001511,8.715533393774555,734,19.1,32.2,93.82612425508181,62,M,0
46.9,15.8,5.67,10.666498512117947,50,27.9,33.33647627682079,84.61133272892113,22,M,1
33.8,12.749350256875191,3.53,15.0,296,28.2300392867936,32.5,84.3,63,F,1
44.3,13.359235064770582,3.23,20.0,292,29.7,33.9,87.7,33,M,0
38.3,9.5,4.36,9.7,257,29.9,35.8,87.8,44,M,1
31.0,14.840044344260143,4.98,8.3,251,19.3,31.0,101.49929522760335,44,F,1
36.6,12.0,4.75,9.5,258,28.2300392867936,34.9,77.1,12,M,0
41.3,12.749350256875191,5.11,11.30225724754897,275,28.7,33.70501857609962,80.8,30,M,0
33.1,9.949971125520655,4.46,6.8,23,29.8,33.8,75.6,20,M,1
43.0,8.2,5.22,5.2,276,28.7,32.8,82.4,27,M,0
42.15217871695296,13.9,4.42,8.715533393774555,290,27.81343916103917,32.7,89.8,63,M,0
