age,sex,bmi,children,smoker,region,charges
44,female,30.66339686098655,1,yes,southeast,32108.66282
64,male,33.88,1,no,southeast,46889.2612
22,female,19.095,1,no,southeast,2464.6188
48,female,31.389452144279083,2,no,southeast,4686.3887
41,female,31.6,1,no,southeast,13270.422265141257
56,male,32.3,1,no,southwest,8062.764
39,female,32.3,2,no,northeast,10043.249
23,female,32.78,2,yes,southeast,36021.0112
61,male,35.86,1,yes,southeast,46599.1084
31,male,20.4,4,no,southwest,9630.397
30,female,27.72,2,no,northeast,16776.30405
61,female,35.05765531615928,1,yes,northwest,28868.6639
19,male,25.4,0,no,southeast,25992.82104
31,male,26.885,2,no,northeast,4441.21315
44,male,22.696541104367142,1,no,northwest,7626.993
35,male,20.615027333825733,1,no,northwest,10374.554821552645
40,male,29.355,3,no,northwest,6393.60345
59,male,32.68,1,no,southeast,3994.1778
21,male,33.0,2,no,southeast,6935.843198567021
52,male,26.4,3,no,southeast,1632.03625
35,male,33.55,0,no,southwest,-456.87313793690737
36,female,25.9,0,no,southwest,13270.422265141257
43,female,30.66339686098655,1,no,northwest,21269.72516820518
39,male,36.1,3,no,southwest,12363.547
55,female,27.645,0,no,northeast,10594.50155
40,male,41.23,1,no,southeast,6610.1097
