age,sex,bmi,children,smoker,region,charges
19,male,30.4,2,no,southwest,10141.1362
39,male,30.66339686098655,2,no,southeast,-11699.14978149578
28,male,31.13,0,no,northwest,19673.33573
24,male,33.345,1,no,northwest,-190.96861621010248
34,male,18.3,0,yes,southwest,9391.346
35,female,29.92,1,no,southeast,8269.044
56,male,40.3,1,no,southeast,10602.385
36,male,37.29,0,no,southeast,24780.01145956626
18,female,38.59731412617307,2,no,northwest,-9343.735738895604
24,male,34.2427906104612,0,yes,northeast,18648.4217
47,female,26.41,1,no,northwest,5385.3379
46,female,34.6,1,no,southwest,52397.485911532385
28,male,22.515,2,no,southeast,4428.88785
19,male,36.39874256436539,0,no,southwest,2302.3
39,male,26.22,0,yes,southeast,4123.224722424173
32,male,42.46,1,yes,southeast,13270.422265141257
45,female,29.7,4,no,southeast,11070.535
40,male,29.925,4,no,southwest,22462.04375
39,female,15.094155592556586,4,no,southwest,28340.18885
47,female,30.5,1,no,southeast,20062.574590515283
43,male,30.66339686098655,5,no,southwest,10096.97
40,male,24.97,1,yes,southeast,6593.5083
46,female,20.7615637407302,-1,no,northeast,8026.6666
56,female,16.394153255077253,2,yes,southwest,12643.3778
39,male,34.8,1,yes,southwest,22702.555127889253
39,female,30.02,0,no,southeast,41999.52
54,male,40.26,1,yes,southeast,8688.85885
35,male,36.63,0,yes,northeast,12741.16745
47,female,28.122990715502898,0,no,southeast,45863.205
33,female,28.5,0,no,southwest,3378.91
32,female,22.8,0,no,southeast,3981.9768
64,male,31.3,3,yes,northeast,47291.055
20,male,33.82,2,no,southeast,13270.422265141257
19,male,31.79,2,no,southeast,12928.7911
29,female,30.66339686098655,2,no,northwest,4906.40965
47,female,36.63,4,yes,southeast,42969.8527
44,female,25.0,1,no,southeast,611.6343146294876
33,female,29.86233850704399,0,no,southeast,4562.8421
51,male,29.519114144241648,3,no,northeast,11621.519752153357
39,male,30.66339686098655,1,no,northwest,13270.422265141257
36,male,35.2,1,no,southeast,38709.176
69,female,26.8,1,no,northeast,35160.13457
26,female,30.461846969261416,2,no,southwest,4564.19145
50,female,26.22,1,no,southeast,21677.28345
41,female,28.31,0,no,northwest,7153.5539
54,male,30.495,0,no,northeast,10072.05505
54,female,27.645,0,no,southeast,11305.93455
54,male,22.515,0,no,northwest,24476.47851
19,female,34.1,0,no,southwest,1261.442
18,male,30.66339686098655,0,no,southeast,2217.46915
55,male,33.0,0,no,southeast,13270.422265141257
19,male,31.445,1,no,northeast,13270.422265141257
