age,sex,bmi,children,smoker,region,charges
26,male,31.065,0,no,northwest,2699.56835
28,female,33.4,0,no,southeast,33486.04344046783
38,female,38.99396956439412,2,no,southwest,6571.544
39,female,34.865,0,no,northeast,14194.249611258818
45,male,30.66339686098655,0,no,southeast,9788.8659
56,male,33.1,1,no,southeast,12363.547
39,male,37.73,2,yes,northwest,18092.815945070564
61,male,32.3,2,no,southeast,4618.0799
17,female,30.21,3,yes,southwest,14119.62
33,male,25.175,5,no,northwest,1632.03625
62,male,32.3,3,no,northwest,10269.46
50,male,44.77,1,no,northwest,13270.422265141257
28,male,30.66339686098655,1,no,southwest,3268.84665
0,female,36.465097406702185,0,no,southeast,1631.6683
53,male,24.035,1,yes,northeast,8604.48365
58,female,25.2,0,yes,southeast,11837.16
40,male,32.775,1,yes,northwest,39125.33225
25,female,18.55881793920384,0,no,northeast,3206.49135
51,male,33.63,0,no,southeast,14820.922618400047
42,male,33.116857202822196,0,no,southeast,7443.64305
27,male,33.155,2,no,northwest,13270.422265141257
35,male,35.75,1,yes,southeast,40273.6455
57,male,42.13,1,no,southeast,20630.28351
43,male,26.885,1,no,northeast,4441.21315
19,male,31.1,0,yes,northwest,39556.4945
31,male,35.31,2,no,southwest,18806.14547
