age,sex,bmi,children,smoker,region,charges
23,female,42.75,1,yes,northeast,40904.1995
48,female,31.445,1,no,northeast,12859.18501049223
31,male,38.37888033593978,0,no,southeast,849.0346153982292
20,male,32.395,1,no,northwest,2362.22905
27,female,34.1,3,yes,northeast,4827.90495
28,male,33.0,3,no,southeast,4449.462
38,female,30.66339686098655,0,no,southeast,8457.818
61,female,32.2,1,yes,northwest,6775.961
39,male,44.0,0,no,southeast,45710.20785
19,female,35.15,4,no,northwest,11729.6795
49,female,37.51,2,no,southeast,13270.422265141257
49,female,20.13,0,no,southeast,13470.8044
18,female,27.28,3,yes,southeast,33194.69399247301
23,female,30.36,1,no,northwest,18328.2381
21,male,32.1000785136242,0,no,southeast,17942.106
53,female,23.75,0,no,southeast,2134.9015
51,female,37.73,1,no,southeast,48824.45
3,female,21.85,1,yes,southeast,13270.422265141257
41,male,38.38,0,no,southwest,12950.0712
39,male,23.37,3,no,southeast,8252.2843
62,male,31.724982573379663,0,yes,southwest,12979.358
28,female,33.0,2,no,northeast,4349.462
33,female,31.684005905963204,2,no,northeast,10043.249
41,female,30.66339686098655,0,yes,southwest,-4089.4386512874
39,female,18.905,2,no,southeast,23563.01618
42,female,31.9,6,no,southeast,11552.904
