haematocrit,haemoglobins,erythrocyte,leucocyte,thrombocyte,mch,mchc,mcv,age,sex,source
31.5,10.446152687479385,4.544802055001511,4.7,43,29.0,35.2,94.49903287526026,82,M,1
25.977381420543058,8.3,4.544802055001511,10.8,79,29.4,33.58546683021094,96.6,74,F,1
45.8,12.749350256875191,5.36,9.087743512146385,359,28.2,35.69077809037304,87.5,45,M,0
27.7,13.9,5.03,11.0,258,27.716905332295454,32.7,84.5,53,M,0
43.1,14.5,4.63,6.3,292,31.3,33.6,93.1,66,M,1
34.4,11.3,3.3,4.6,224,30.4,32.8,74.5826677798585,58,M,1
47.6,21.028239205247733,5.94,4.4,258,28.153738076648388,34.0,80.1,46,M,0
26.5,8.9,2.77,6.8,122,32.1,33.6,84.61133272892113,72,M,1
37.1,12.7,4.24,0.3102565926115268,86,22.2,33.4,85.4,28,F,0
30.1,10.6,3.21424185928752,17.4,150,28.2300392867936,33.66658726601201,84.61133272892113,56,M,1
36.3,12.4,4.76,7.013656281681495,477,24.4,33.33647627682079,92.1,14,M,0
29.4,12.073239591630749,3.44,8.715533393774555,320,29.4,34.4,85.5,84,M,1
40.7,12.091528850620245,4.758332556815266,7.4,294,30.7,33.7,91.3,62,M,1
45.84603435379613,17.1,5.88,7.2,338,29.1,35.3,59.9,34,M,0
40.6,14.0,4.81,6.8,283,29.1,33.62345387039146,84.4,40,M,0
45.1,15.2,6.099647153847991,13.9,334,28.072959197331755,33.33647627682079,86.2,84,M,0
38.22611060743427,14.5,3.13,3.3,427,28.856282154241722,28.8,85.7,2,M,1
38.22611060743427,13.7,4.67,8.8,301,29.3,33.0,82.81289959874566,59,M,1
40.0,12.7,4.82,10.2,182,28.2300392867936,33.5,78.6,41,M,1
40.9,14.2,4.59,18.1,103,30.9,34.7,89.1,63,M,0
40.3,13.5,4.353713602859293,15.727409517975122,236,30.8,29.1,81.08887643038952,66,F,0
32.1,12.749350256875191,4.55,8.715533393774555,236,31.5,34.6,70.5,7,M,1
34.8363828125348,10.7,3.45,2.9,308,31.0,35.5,87.2,46,F,1
37.9,10.9,4.83,3.5,33,28.4,34.3,82.8,32,F,0
35.78189907103902,12.4,4.22,9.6,309,30.1,33.2,85.5,46,M,1
27.3,9.1,4.84,7.1,176,29.1,33.3,87.2,36,F,1
