age,sex,bmi,children,smoker,region,charges
36,female,45.32,1,no,northeast,3167.45585
38,female,40.565,2,no,southeast,6373.55735
51,male,31.635,1,no,northwest,11773.734148040356
24,female,28.595,0,no,northeast,11658.11505
18,male,30.66339686098655,2,no,southeast,13270.422265141257
52,female,30.875,0,no,northeast,13270.422265141257
39,female,28.105703733136295,0,no,southeast,23967.38305
39,male,25.46,2,no,northwest,7077.1894
39,male,39.60877129581315,1,no,southeast,8233.0975
62,male,28.31,3,no,southeast,21730.098935217502
46,female,37.39954130864785,1,no,southwest,23107.43096886867
38,male,38.28,1,no,southwest,5855.9025
24,male,32.01,0,no,southeast,30561.998686204755
39,male,21.375,0,no,northwest,5354.07465
30,female,43.12,2,no,southeast,4753.6368
38,female,40.15,1,no,southeast,13270.422265141257
46,female,32.11,-1,no,northwest,13555.0049
56,male,33.99,1,no,southeast,1515.3449
16,male,30.66339686098655,2,no,southwest,7323.734819
53,male,21.7,0,no,southeast,10959.6947
26,male,30.0,1,no,northwest,43732.69747562496
42,male,33.155,1,no,northeast,7639.41745
18,female,40.26,0,no,southeast,1634.5734
40,female,29.3,0,no,southwest,13270.422265141257
24,female,23.558022894045422,0,no,southeast,25081.76784
38,female,38.692472266935546,1,no,southeast,5397.6167
24,female,26.84,1,yes,southwest,17085.2676
62,male,38.285,0,no,northwest,8208.215596602979
31,male,36.3,2,yes,southwest,15212.832240083466
21,male,30.66339686098655,0,no,southeast,2473.3341
18,female,16.815,1,yes,southeast,8569.8618
31,female,25.745,0,no,northeast,15234.791225292376
18,female,36.85,4,no,southeast,1629.8335
37,female,33.89431032777047,1,no,southeast,6313.759
53,male,27.948403129461557,3,no,southwest,4529.477
9,male,31.825,0,no,northeast,11842.62375
60,male,30.66339686098655,2,no,northeast,13204.28565
39,male,32.67,0,no,southeast,2497.0383
33,female,22.135,1,no,northeast,7222.78625
49,male,26.03450433246887,1,no,northwest,8930.93455
39,male,30.02,0,no,northwest,8688.85885
51,male,17.86,2,yes,southwest,4058.71245
38,male,30.547504439161777,2,no,southwest,6082.405
60,male,30.66339686098655,3,no,southeast,-5989.116981082738
29,female,21.755,1,yes,northeast,16657.71745
19,female,34.465665099561974,1,no,southwest,13270.422265141257
47,male,22.1,0,no,northeast,1702.4553
34,female,30.21,1,yes,southeast,4340.4409
23,male,39.995,0,no,southeast,1815.8759
46,female,48.07,2,no,northeast,11156.455647202969
56,female,26.18,1,no,southeast,7046.7222
63,male,33.155,1,no,northwest,5116.5004
