haematocrit,haemoglobins,erythrocyte,leucocyte,thrombocyte,mch,mchc,mcv,age,sex,source
48.3,16.8,6.54,8.9,308,29.9,34.8,85.9,30,M,0
33.4,10.8,3.69,9.3,271,29.3,32.3,90.5,62,F,0
36.7,10.3,3.27,4.3,258,31.5,33.08037084298723,97.85325813509137,84,F,0
31.8,13.1,3.83,7.3,265,28.144681140805954,30.2,95.8,47,M,0
30.8,10.3,5.10972662729896,8.715533393774555,265,25.9,32.9,84.61133272892113,24,F,0
41.5,16.0,4.74,6.8,219,29.5,33.7,81.6926494833069,73,M,1
33.35043524046882,12.4772774133329,5.35,15.7,258,28.4,33.33647627682079,78.8,26,M,1
31.2,12.749350256875191,3.43,14.5,375,31.2,34.3,91.0,32,F,0
29.4,10.6,4.544802055001511,8.715533393774555,378,28.7,33.3,88.0,57,M,0
38.3,12.6,2.25,3.8044723114461485,803,27.329831817029458,33.4,84.2,22,F,0
42.2,13.9,4.73570545973885,9.4,286,30.5,32.9,92.5,33,M,1
34.5,10.8,5.272073938583192,7.8,509,24.7,32.065217523442236,86.69971234530225,34,F,0
47.87165065213894,9.826069468686772,2.82,9.4,445,29.3,33.2,86.5,65,M,1
53.05032886635854,14.0,4.544802055001511,6.5,122,29.826498683535853,34.5,87.1,33,F,0
43.2,13.40246955404956,6.22,19.8,212,28.2300392867936,36.1,70.9,7,M,1
43.3,14.4,4.94,5.8,301,29.1,33.3,87.7,55,M,0
40.7,13.1,4.48,7.4,205,29.2,32.19065239480698,90.8,33,M,0
39.57361693860359,12.7,4.31,1.0351679800914662,360,28.2300392867936,35.9,89.6,46,M,0
24.4,15.42928552416932,5.01,2.438146873799508,335,29.3,33.88912534320144,88.8,32,F,0
18.6,6.1,4.55,8.6,22,27.1,32.8,84.61133272892113,68,M,0
34.2,11.8,4.05,20.5,480,20.3,34.5,84.4,51,M,1
37.1,12.4,4.26,8.0,341,29.1,33.33647627682079,80.8,46,M,0
38.22611060743427,9.6,3.36,3.8,100,16.5,33.1,86.3,24,M,0
34.1,12.749350256875191,4.66,6.9,194,23.6,33.6,65.89976213284248,24,M,0
38.22611060743427,10.8,3.66,19.8,329,28.6,32.4,88.3,73,M,1
37.3,12.4,5.410436870044261,4.240554721705648,360,26.919207730368992,33.2,85.4,48,M,0
