haematocrit,haemoglobins,erythrocyte,leucocyte,thrombocyte,mch,mchc,mcv,age,sex,source
35.4,13.6,4.59,5.6,270,26.1,33.9,77.1,4,M,0
48.8,16.3,5.59,0.6076711392834406,258,29.2,35.0,87.3,51,F,1
41.2,13.4,4.58,11.5,485,33.08936631273732,33.40599986991355,70.5,70,M,0
31.719838486926044,13.2,4.49,8.715533393774555,57,28.2300392867936,34.0,86.9130963388154,45,M,1
45.9,15.1,6.11,8.715533393774555,101,24.7,32.9,84.61133272892113,46,M,0
40.3,14.1708520068577,4.77,7.9,179,27.3,32.3,84.61133272892113,77,F,0
29.1,12.749350256875191,4.13,10.3,19,21.2,33.0,90.0,75,M,0
38.8,12.8,4.974166930575257,15.779505421993768,241,26.539520348639527,33.5,85.63697552457786,46,F,1
49.4,16.4,5.94,9.1,398,27.6,34.6,76.89051286497254,32,M,0
30.66748030044355,18.003865228517693,4.544802055001511,3.9,141,31.22016795550392,33.6,87.9,59,F,0
42.9,7.979422050692614,6.96,8.3,315,29.9,33.4,85.5,57,F,0
30.724225255042338,12.7,3.591426420804628,5.154724722118303,265,29.7,35.8,83.6,55,F,0
35.3,11.219178211918571,4.19,9.3,230,28.2,31.001977664587137,84.2,64,F,0
40.5,13.4,4.81,10.007985435092138,259,27.9,33.1,91.8,25,F,0
34.7,16.0,5.04,7.5,150,27.6,33.33647627682079,88.7,57,M,1
38.22611060743427,13.1,4.544802055001511,4.6,258,28.2300392867936,35.30991327957168,79.7,51,M,1
50.5,12.749350256875191,5.55,14.6,247,30.8,33.9,91.0,24,M,0
36.7,11.7,4.88,8.3,480,24.0,33.33647627682079,75.2,37,F,0
37.3,13.5,5.07,6.3,187,26.6,34.8,76.5,8,M,0
40.0,16.6,3.27,7.2,252,28.1,34.3,82.1,7,F,0
40.8,13.1,4.38,6.8,177,29.9,32.1,70.67345119623722,82,M,0
42.86982446559566,14.6,5.82,2.5,150,25.1,35.6,70.4,30,M,0
36.8,12.8,5.77,15.9,442,31.7,34.8,79.3,65,M,0
28.5,10.0,4.87,11.3,396,27.8,31.698179716438094,87.2,76,M,1
38.7,12.0,3.1778374492129173,10.9,248,22.405084695227522,35.1,86.6,86,M,0
38.22611060743427,7.7,5.587943843647759,5.3,179,28.8,33.8,72.0,33,M,0
