age,sex,bmi,children,smoker,region,charges
23,female,24.1,3,yes,northwest,40941.2854
34,female,29.907737205001798,0,no,southeast,13270.422265141257
52,female,30.66339686098655,0,no,southeast,25992.82104
39,male,45.43,2,no,southeast,6356.2707
35,female,37.73,0,no,southwest,5397.6167
53,female,27.83,2,no,southeast,8515.7587
49,male,30.9,0,yes,southeast,2974.126
18,male,23.085,2,no,northwest,10594.2257
42,male,24.985,0,no,northwest,8017.06115
47,male,34.105,1,no,southwest,26236.57997
27,male,32.585,2,yes,northeast,18160.231387953703
57,male,31.787532397068375,0,no,southwest,10965.446
45,male,24.31,0,no,southeast,24537.68671061447
56,male,25.935,0,yes,northeast,11165.41765
53,male,32.965,1,no,southwest,12957.118
39,male,39.6,0,yes,southeast,10601.412
33,male,24.795,0,no,northeast,17904.52705
30,female,28.38,1,yes,southeast,19521.9682
24,female,23.65000292260019,0,no,southeast,25081.76784
55,male,33.915,5,no,northeast,3305.221180895882
32,male,33.82,1,no,northwest,4462.7218
4,male,33.25,1,yes,southwest,21082.16
45,female,33.25,0,no,northeast,4180.642207162078
34,male,19.0,3,no,northeast,6753.038
39,male,26.96723904253438,0,no,southwest,39727.614
34,female,30.66339686098655,1,yes,northeast,13270.422265141257
