age,sex,bmi,children,smoker,region,charges
33,female,26.695,0,no,northwest,32603.412042446278
38,female,34.865,0,no,southeast,2899.48935
64,male,38.19,5,yes,northeast,25290.872048161535
49,male,24.50267084723059,1,no,northwest,9841.032967293537
44,male,30.66339686098655,1,no,southeast,22462.04375
0,female,33.3,1,no,southeast,-8366.597255081226
36,female,39.805,2,no,southeast,7243.8136
44,male,23.655,0,no,northeast,13129.60345
34,male,35.815,0,no,southeast,4320.41085
40,male,39.017219051256816,2,yes,southwest,13470.8044
18,male,40.95352672432439,0,no,southeast,1163.4627
54,male,23.895117669647153,1,no,northwest,4894.7533
18,female,28.283528085697263,4,yes,northwest,28340.18885
19,female,28.88,0,no,northwest,13270.422265141257
56,male,35.43909047193364,0,no,northeast,13270.422265141257
26,female,41.91,2,no,southwest,3484.331
61,female,27.5,0,no,southeast,7626.993
28,female,31.35,3,no,northwest,45055.11419876984
61,male,43.4,0,no,southeast,2689.4954
33,female,24.42,3,yes,southeast,7209.4918
40,female,36.19,0,no,southeast,5920.1041
18,female,33.88,-1,no,southwest,17178.6824
45,female,30.66339686098655,0,no,northwest,3579.8287
47,female,32.67,1,no,southeast,8556.907
18,male,41.19984331091899,1,yes,northeast,33732.6867
23,male,23.7,0,no,southeast,-1563.5116034712332
62,female,26.51,2,no,southeast,4340.4409
19,female,28.05,1,no,southwest,8233.0975
39,female,20.045,2,yes,southeast,19798.05455
39,female,35.86,0,no,southwest,13270.422265141257
52,female,26.73,0,no,southeast,3292.52985
53,male,22.90190979398219,1,no,northwest,9863.4718
50,female,24.874288434899043,1,no,southeast,5383.536
20,female,31.79,2,no,southeast,3056.3881
29,male,34.26798387807672,0,no,southeast,2322.6218
31,male,37.335,1,no,northwest,3875.7341
62,male,39.16,0,no,southeast,19444.2658
43,male,30.66339686098655,3,yes,southeast,8410.04685
29,male,32.11,2,no,northwest,4922.9159
39,male,24.32,0,no,southeast,13112.6048
18,male,25.365,1,no,southwest,3277.161
39,male,26.84,1,yes,southeast,7687.622020136936
53,male,27.61,1,no,northeast,12893.829696848345
22,female,30.4,1,yes,northwest,33907.548
39,female,29.26,1,no,southeast,2792.7171135275116
21,male,30.66339686098655,0,yes,northwest,13270.422265141257
59,male,32.1,3,no,northwest,13270.422265141257
31,male,36.3,2,yes,northeast,50480.564563795866
57,male,19.8,1,no,southeast,17179.522
28,male,36.195,3,no,northwest,15612.19335
29,female,30.66339686098655,1,no,southwest,5708.867
62,male,21.4,2,no,southwest,12957.118
