age,sex,bmi,children,smoker,region,charges
33,female,30.66339686098655,3,yes,southeast,5972.378
32,female,37.335,1,no,northeast,-1028.746404732443
40,female,22.22,2,yes,southeast,19444.2658
52,female,32.775,0,no,southwest,10435.06525
41,male,21.755,1,no,southeast,13270.422265141257
22,female,22.0,0,yes,southwest,1964.78
62,female,26.125,0,no,northeast,5227.98875
47,female,33.73786089634106,1,no,southeast,8556.907
49,female,33.725,1,no,northeast,8823.98575
39,male,31.73,2,no,southwest,13270.422265141257
18,male,30.66339686098655,1,yes,southwest,1720.3537
39,male,30.036425247452403,5,no,northeast,7201.70085
59,male,23.1,1,no,southeast,25235.652108622213
47,male,28.926515888832625,0,yes,northeast,8891.1395
30,male,31.445,0,no,northeast,13974.45555
64,male,24.7,0,no,northwest,37701.8768
16,female,40.15,0,no,southeast,7271.43994340036
39,female,27.9,4,yes,northeast,16884.924
32,male,23.56,3,no,northeast,6653.7886
54,male,21.12,0,yes,southeast,21638.372430073505
52,female,30.66339686098655,0,no,northeast,10797.3362
50,male,23.54,2,yes,southeast,10107.2206
39,male,34.1,2,no,southeast,23563.01618
34,female,32.26647807957148,1,no,northwest,13270.422265141257
14,male,38.06,1,no,northwest,9222.4026
62,male,30.02,0,no,southwest,13352.0998
44,male,43.4,2,no,northeast,1727.54
38,male,29.26,2,no,northwest,6457.8434
22,male,33.77,1,no,southeast,1674.6323
34,male,21.87720103937952,2,no,southeast,17381.402066692
24,male,30.66339686098655,0,no,northeast,13270.422265141257
36,male,39.05,0,no,southeast,11856.4115
39,female,21.375,1,no,northwest,6389.37785
63,male,34.79547707735474,2,no,northwest,17361.7661
48,female,41.23,1,no,northeast,11033.6617
33,male,31.5,0,no,southeast,24582.181739542022
55,male,37.715,2,no,northeast,11142.893971918991
31,male,25.9,3,no,southwest,20820.458799231947
28,male,34.77,2,no,northwest,4922.9159
37,female,26.4,0,yes,southeast,24938.79911668485
35,female,30.495,0,no,northwest,15019.76005
39,female,27.93,0,yes,southeast,-26014.77881026584
29,male,35.31,1,no,northeast,16657.71745
45,female,25.827130409447555,5,no,southwest,4830.63
24,male,32.25467731993358,0,no,southeast,1981.5819
32,male,25.39695522220721,2,no,southwest,5152.134
50,female,44.745,0,no,southwest,9541.69555
35,male,32.11,2,no,northwest,5729.0053
21,male,30.66339686098655,0,no,southeast,3172.018
58,male,35.2,1,no,southeast,32108.66282
18,male,36.6,0,no,northeast,5594.8455
37,male,56.36076634765311,2,no,northeast,13270.422265141257
