age,sex,bmi,children,smoker,region,charges
19,male,27.93,2,no,northwest,18838.70366
52,male,33.25,0,no,southeast,23924.020123980365
19,female,30.927002447454452,0,no,northeast,1744.465
61,female,36.385,1,no,northeast,48517.56315
43,female,20.35,1,yes,northeast,21771.3423
46,male,40.375,2,yes,northwest,26278.611907238494
35,male,34.32,2,no,southeast,13270.422265141257
39,male,36.955,0,yes,southeast,36219.40545
43,female,35.64,1,no,northeast,7345.7266
62,male,21.4,0,no,northwest,12957.118
33,male,33.59780618861415,1,yes,southeast,9288.0267
64,female,32.965,4,no,southwest,14692.66935
31,male,29.002492396092652,2,yes,southwest,13270.422265141257
42,male,20.13,1,yes,southeast,7421.19455
43,male,27.8,0,yes,southwest,37829.7242
39,female,29.321535266956865,1,no,northwest,39836.519
52,female,29.26,1,no,southeast,7152.6714
19,female,21.76482470725682,0,yes,northwest,13270.422265141257
21,male,27.265,1,no,northwest,8615.3
50,female,50.6269559623868,2,no,northeast,9541.69555
51,female,33.33,3,no,southeast,13270.422265141257
51,male,30.03,1,no,southeast,13462.52
52,male,30.66339686098655,3,yes,northwest,2302.3
26,male,34.8,3,no,northeast,3443.064
-4,female,30.8,2,no,southeast,6313.759
58,male,34.865,0,yes,northeast,11944.59435
55,female,28.790969834163267,1,no,northeast,11879.10405
40,male,27.645,0,no,southwest,5910.944
62,male,30.66339686098655,0,no,southwest,60021.39897
55,male,33.88,3,no,southeast,-15856.205173617662
26,male,31.255,0,no,northwest,16957.968380377166
30,female,41.42,1,yes,southeast,19594.80965
18,male,25.175,0,no,southeast,15518.18025
50,male,34.2,1,no,southeast,22504.66621640426
42,male,30.66339686098655,3,yes,southwest,36085.219
26,female,32.169332296579206,1,no,southeast,3756.899671770172
57,female,42.24,1,yes,southeast,38792.6856
26,female,29.92,1,no,northeast,3392.9768
25,female,36.4,0,yes,northeast,9875.6804
23,female,37.51014186921747,2,no,southeast,13270.422265141257
62,female,32.965,3,no,northwest,15612.19335
37,male,32.395,1,no,northwest,2362.22905
22,male,28.785,0,no,northeast,3385.39915
34,female,33.25,1,yes,northeast,3674.8240410975905
39,male,32.49909853763521,0,yes,southwest,19210.80887832952
18,male,37.29,1,no,southeast,2207.69745
18,male,26.125,0,no,southwest,23211.476816662376
39,female,30.66339686098655,0,no,southeast,17085.2676
35,male,38.095,4,no,northeast,7923.234254332485
56,male,30.66339686098655,5,no,southeast,11455.28
36,female,26.62,1,yes,southwest,39047.285
39,female,29.6,0,yes,northwest,18767.7377
