haematocrit,haemoglobins,erythrocyte,leucocyte,thrombocyte,mch,mchc,mcv,age,sex,source
32.4,11.9,3.481660767416443,8.715533393774555,336,23.4,31.2,75.0,20,M,0
37.7,12.4,4.31,16.9,284,28.8,32.9,82.6,46,F,0
42.3,12.749350256875191,4.960097950298129,12.3,186,25.1,37.0,84.61133272892113,78,F,0
37.0,12.4,4.07,5.590083053897238,134,30.5,33.33647627682079,95.21119169865082,50,M,1
35.7,12.3,5.39,10.5,114,29.4,34.7,84.7,43,F,0
42.7,14.3,5.24,7.5,282,27.30276861926829,33.5,81.5,8,M,0
42.9,12.749350256875191,4.25,18.41592073279864,258,27.2,31.5,82.1,49,M,0
38.22611060743427,14.9,3.54,23.6,384,25.0,34.8,85.38794976650539,29,M,1
48.3,14.70529974217888,6.24,7.4,258,30.8,33.1,77.4,46,M,0
36.2,17.4,4.31,7.8,516,28.2300392867936,33.2,84.0,10,F,1
32.1,10.7,3.83,7.0,303,27.7,33.0,105.9,53,M,0
46.6,16.54881956335504,5.93,4.873891078445101,341,28.2300392867936,32.17042510111845,81.0,25,M,0
36.2,12.3,4.38,8.715533393774555,332,28.1,34.0,87.5,67,M,1
40.03738762249473,14.0,4.020447353382377,6.6,155,31.3,34.30387282302733,98.4,73,M,1
42.1,15.2,4.93,8.0,310,28.341303728046928,36.1,85.4,31,M,1
45.7,15.2,4.544802055001511,7.9,40,27.0,35.5,96.35016477889975,18,M,0
48.5,16.5,5.63,8.0,633,29.3,34.0,86.1,51,M,0
27.612784891222255,12.0,4.11,8.3,399,29.2,33.76659231115018,87.6,5,M,0
42.23459562288704,12.933796250109335,5.43,10.0,352,25.8,32.0,80.7,41,M,0
42.2,15.502349536434437,4.18,7.2,410,28.88579623332014,33.62430641175179,83.1,33,M,1
34.9,14.0,4.57,6.2,336,18.7,32.6,93.9,51,F,0
36.2,10.1,4.036676685637857,13.9,115,25.9,32.9,84.61133272892113,39,F,0
28.0,10.7,4.1,9.1,361,26.1,38.2,79.04904338637147,46,M,0
37.68266844308389,13.5,4.89,11.5,130,27.6,33.33647627682079,79.1,67,M,0
38.22611060743427,13.8,4.544802055001511,3.2,186,25.685930300280976,34.2,90.8,46,F,0
45.0,15.9,5.32,8.212385336467847,155,29.9,35.3,96.9,56,M,0
