haematocrit,haemoglobins,erythrocyte,leucocyte,thrombocyte,mch,mchc,mcv,age,sex,source
34.2,11.4,3.94,29.8,248,28.9,33.3,86.8,59,M,1
33.6,11.4,3.69,7.1,260,30.9,33.01666969157139,91.1,57,M,0
38.5,16.368532427569175,4.544802055001511,15.5,284,29.690396464252647,33.33647627682079,90.2,43,M,1
35.897632911648124,12.0,5.03772583215302,8.5,186,28.622584406207935,32.3,85.4644343047296,46,F,1
38.22611060743427,13.901870062597046,2.31,8.715533393774555,310,16.5,32.91465953492321,63.2,51,M,0
38.6,11.1,4.600499770771739,9.2605170129059,53,27.9,32.9,84.8,49,F,0
38.22611060743427,15.3,5.69,18.4,334,26.9,32.6,82.4,67,M,0
37.1,12.7,4.3,2.6,158,29.5,32.53033511852393,86.3,55,F,1
38.5,13.1,5.21,18.3,288,25.1,34.0,61.3,6,F,0
39.2,12.5,6.712421494675111,5.2,284,15.628001960511163,34.8,65.0641854004,26,F,0
33.9,13.215903950493976,3.87,12.2,191,29.5,31.3,86.5,44,F,1
27.887401473375057,10.2,3.51,18.9,258,32.6,33.4,86.9,55,M,0
33.15638901428986,12.749350256875191,4.58,16.5,342,27.1,33.3,77.6,38,F,0
33.3,12.7,4.24,3.6,521,28.2300392867936,33.3,78.5,6,M,0
32.049412396737495,10.6,3.99,8.715533393774555,315,26.6,33.33647627682079,79.4,6,M,0
53.2,17.0,6.04,6.1,12,23.1,32.0,72.4,25,M,1
46.9,8.4,4.58,6.7,451,27.05767033462207,31.9,79.76066464925812,36,F,0
33.5,11.3,5.736810807428894,13.2,258,23.8,33.7,70.7,1,M,0
34.6,12.749350256875191,2.71,6.9,264,28.2300392867936,33.8,84.61133272892113,16,M,1
43.6,14.5,5.04,7.6055138241414815,105,30.9,34.9,87.6,24,M,1
38.7,13.6,4.544802055001511,7.9,205,27.4,35.1,78.0,7,M,0
25.8,8.3,3.75,9.2,160,29.0,32.2,87.28997315384876,46,M,1
51.9,15.5,5.32,10.8,376,29.1,33.3,87.4,45,M,0
36.3,12.2,4.77,8.911810348419014,320,25.6,29.3,84.61133272892113,10,M,0
41.5,15.7,5.31,6.2,288,28.8,33.8,85.3,21,F,0
38.2,12.754003934118076,4.2,3.8339732905550203,379,30.6,33.510713589384096,91.0,58,F,1
