age,sex,bmi,children,smoker,region,charges
30,male,30.66339686098655,2,no,northwest,17361.7661
33,male,24.605,0,no,southwest,5257.50795
18,female,28.38,1,yes,southeast,19521.9682
26,female,34.2,1,no,southwest,13840.813597161683
39,male,39.71,4,no,northeast,48.361683800909304
41,female,33.55,0,no,southeast,13270.422265141257
32,male,37.1,2,no,southwest,1137.011
21,male,31.255,1,no,southwest,1909.52745
55,female,25.365,3,no,southeast,2855.43755
46,male,25.745,0,no,southeast,9301.89355
29,male,38.33487268480848,0,yes,southeast,2136.88225
39,male,27.8,1,no,southwest,37829.7242
44,female,27.645,2,no,southeast,7421.19455
58,female,12.686456360649267,5,no,southeast,24227.33724
22,male,32.80953602162515,0,no,northwest,1682.597
39,male,27.455,2,yes,southwest,19023.26
25,female,30.2,0,no,southwest,10923.9332
61,female,26.18,4,no,southeast,13270.422265141257
39,male,30.66339686098655,1,no,northwest,12609.88702
82,male,38.0,0,no,southeast,11365.952
42,male,34.86312736397284,0,no,northeast,33900.653
56,male,36.1,3,no,northwest,12363.547
18,female,31.13,0,no,southeast,-3771.758404475332
54,male,33.33,1,yes,southwest,7046.7222
19,male,40.66,1,no,northwest,2221.56445
53,male,34.105,2,yes,northeast,22185.224612449612
