age,sex,bmi,children,smoker,region,charges
19,male,30.66339686098655,0,no,southeast,1253.936
36,female,26.885,0,no,northwest,13270.422265141257
19,male,36.85,1,no,southwest,1832.094
39,male,34.476912726163604,0,no,northwest,2250.8352
39,male,37.239791176818606,0,no,southwest,1880.487
53,male,36.86,3,yes,northwest,20709.02034
51,male,25.08,1,no,northeast,44400.4064
54,female,21.47,3,no,northeast,12475.3513
58,female,28.5,2,no,southeast,13270.422265141257
52,female,23.18,0,no,northeast,40941.2854
24,female,20.52,1,no,northeast,14571.8908
25,male,23.9,0,no,southeast,5080.096
57,male,37.715,0,no,southeast,30063.58055
11,male,37.29,2,yes,northwest,4058.1161
37,male,29.735,2,no,southwest,6017.152093093984
57,male,40.28,5,no,northeast,46661.4424
40,male,29.621465000821473,2,no,northwest,6986.697
18,female,38.06,1,no,northeast,6216.689952245757
24,male,30.66339686098655,-1,no,southeast,1981.5819
48,female,31.13,0,yes,northeast,-1638.9238445526626
53,female,40.3,2,no,northeast,-98.67056176412734
60,female,40.185,0,no,northwest,3201.24515
34,male,27.835,1,yes,northwest,20009.63365
44,male,30.8,2,yes,northeast,6313.759
35,female,23.465,2,no,southeast,6402.29135
67,male,18.83969896731613,0,no,northwest,42560.4304
