age,sex,bmi,children,smoker,region,charges
39,male,34.105,1,no,northwest,-10351.086235698847
42,female,34.485,0,no,northeast,13204.28565
59,male,32.395,0,no,southeast,11879.10405
23,male,34.865,0,no,southeast,2899.48935
39,male,28.88,3,yes,northwest,10560.4917
39,male,37.29,0,no,northwest,7231.517423961775
52,female,30.66339686098655,4,no,southeast,14474.675
18,male,36.1,0,yes,northeast,34617.84065
50,female,26.22,3,no,southeast,-3949.359057924088
31,female,36.29,3,no,northwest,6551.7501
43,female,20.045,2,no,southeast,19798.05455
45,male,23.56,2,no,northeast,8603.8234
35,male,32.94957265230082,0,no,northwest,-8540.144664519124
36,male,34.77,2,no,southeast,5729.0053
44,female,30.66339686098655,1,yes,southwest,-133.6707118966624
33,female,35.53,0,yes,northwest,9778.5296969432
39,male,25.6,3,no,southwest,13270.422265141257
59,female,26.695,-1,no,southeast,36397.576
45,male,21.3,0,yes,southeast,35069.37452
20,male,31.02,3,no,southeast,3925.7582
60,male,31.193857562100156,0,no,southeast,5969.723
53,male,46.09,3,yes,southeast,9549.5651
59,female,38.0,2,no,northwest,12646.207
55,female,26.505,0,no,southeast,12815.44495
39,male,30.66339686098655,3,no,northeast,9361.3268
44,female,30.66339686098655,1,no,northwest,33471.97189
42,male,34.1,1,no,southwest,5979.731
56,female,31.68,0,no,southwest,11658.37915
44,male,31.35,1,no,northwest,39556.4945
34,male,22.64138854169652,1,yes,northwest,4894.7533
51,female,33.915,1,no,northeast,35595.5898
28,male,22.515,2,no,northeast,13050.10478671539
25,male,18.335,0,no,northeast,3021.80915
12,female,20.585589290023773,0,no,southwest,1737.376
55,female,25.59453878912487,1,no,southwest,24513.09126
19,male,34.7,2,yes,southwest,14382.70905
44,male,30.66339686098655,0,yes,southwest,38998.546
56,female,39.2,2,yes,northwest,15161.5344
53,female,21.8,0,no,southwest,11741.726
41,female,43.79480138961022,2,no,northeast,9704.66805
22,male,34.58,2,no,northwest,35595.5898
59,female,29.3,1,no,southwest,13270.422265141257
57,male,30.62951492867741,0,yes,southwest,47426.905117408736
53,male,33.535,1,no,northwest,13270.422265141257
27,male,33.850553277780826,1,no,northeast,9290.1395
59,female,38.23851061774253,2,no,southwest,6875.961
35,male,31.0,1,no,northeast,8306.831521143806
30,female,28.38,1,no,southeast,19521.9682
61,female,36.385,1,yes,northeast,13270.422265141257
30,female,32.4,1,yes,northeast,10596.600107022827
28,female,28.88,1,yes,northwest,4337.7352
60,male,35.26338694899607,0,no,northeast,13270.422265141257
