age,sex,bmi,children,smoker,region,charges
26,male,25.27,2,yes,southeast,8527.532
50,female,44.745,1,no,southeast,25728.69237014041
39,female,28.4,1,no,southwest,2331.519
53,female,38.06,3,no,southeast,11763.0009
55,female,35.30942533940713,0,no,southwest,13270.422265141257
52,male,35.2,1,yes,southeast,38709.176
48,female,27.83,0,no,southwest,13270.422265141257
37,male,37.07,1,no,southeast,24461.300145144996
34,male,34.21,1,no,southeast,3935.1799
28,male,21.5,1,yes,southeast,40904.1995
29,female,21.85,1,no,northwest,16115.3045
23,female,33.11,5,yes,southeast,15270.432046122849
18,male,21.183316970026983,1,no,southeast,13270.422265141257
56,male,36.7,1,no,northeast,20462.99766
62,male,22.22,2,no,southwest,7990.054906848414
22,male,28.88,0,no,southeast,3280.736007939775
32,male,29.182979766504527,0,no,northeast,13981.85035
32,female,32.31330845829046,0,no,northeast,4894.339806756983
18,female,30.880528068916135,0,no,northeast,445.3571274827573
39,male,30.66339686098655,2,no,southeast,21348.706
32,female,31.46,2,no,northeast,2207.69745
64,female,28.31,1,yes,northwest,7153.5539
51,female,18.05,3,no,northwest,-2736.4151624996866
33,female,27.1,0,yes,southwest,13937.6665
52,male,24.86,2,no,northeast,27117.99378
21,male,24.51,0,no,northeast,2396.0959
19,male,22.99,2,yes,northwest,19444.2658
50,female,24.32,0,no,northwest,9863.4718
19,female,18.6,-1,no,southwest,44770.05493404459
39,male,25.1062660908835,0,no,southeast,3756.6216
24,male,32.01,0,no,southeast,1981.5819
18,female,22.595143263106227,0,no,southeast,2203.73595
46,female,25.529431745114262,2,yes,southeast,9193.8385
57,male,22.895,0,no,northeast,16138.76205
45,female,29.08451590540167,0,no,northwest,7731.85785
35,male,23.3,1,no,southwest,13270.422265141257
39,female,30.66339686098655,0,no,southeast,7209.4918
36,female,33.6756387890558,3,no,southeast,11411.685
18,female,31.13,0,no,southeast,13270.422265141257
42,male,33.155,1,yes,southeast,7639.41745
47,female,35.1,0,yes,southeast,23065.4207
35,female,22.705,1,no,southeast,18891.747942926755
28,female,35.815,3,no,northeast,6985.50695
39,female,35.09,0,yes,northwest,47055.5321
37,female,30.66339686098655,3,no,southwest,19214.70553
62,male,30.66339686098655,1,no,southeast,19040.876
56,male,22.135,0,no,northeast,8302.53565
18,male,30.66339686098655,1,no,southwest,4462.7218
39,female,28.88,0,no,northwest,9869.8102
61,male,33.915,0,no,northeast,13143.86485
19,male,44.88,4,yes,southeast,8017.06115
57,male,30.8,1,no,southeast,36149.4835
