age,sex,bmi,children,smoker,region,charges
23,female,23.18,0,no,northwest,11830.6072
39,male,17.29,1,no,southeast,6877.9801
54,female,30.66339686098655,0,yes,southeast,63770.42801
26,male,30.66339686098655,5,no,southeast,2302.3
44,male,31.35,1,yes,southwest,39556.4945
34,female,35.64,1,no,northwest,14665.249883574055
39,male,23.655,1,no,southeast,8944.1151
19,female,28.9,0,no,southwest,13270.422265141257
81,male,25.3,0,no,southeast,8442.667
46,female,28.16,3,yes,southeast,10702.6424
25,female,32.68,0,no,northwest,23807.2406
60,female,27.16384745336562,1,no,northeast,13224.693
62,male,23.9,0,no,southwest,13270.422265141257
36,male,30.59,4,no,northwest,11436.73815
21,female,9.95885125522847,1,no,southwest,2585.269
57,male,20.1,1,no,southwest,30894.871166711644
61,female,39.1,1,no,northeast,12837.990368795705
42,male,24.64,0,yes,southeast,19515.5416
45,female,24.93053795492598,1,no,northwest,6334.34355
51,female,26.345345958684362,3,no,northeast,7256.7231
18,male,35.2,1,no,southeast,1727.54
28,female,25.8,2,no,southeast,3161.454
25,female,26.79,2,no,southeast,3485.4857822024915
51,female,34.1,0,no,southeast,9283.562
39,male,34.8,1,no,southeast,5484.4673
47,female,28.27,2,yes,southwest,39836.519
