haematocrit,haemoglobins,erythrocyte,leucocyte,thrombocyte,mch,mchc,mcv,age,sex,source
47.5,13.914401191112438,3.3391544471049537,12.299293877366711,218,29.060324331132776,33.33647627682079,80.4,34,M,1
33.4,14.4,3.47,10.2,316,31.4,36.0,87.3,81,M,1
39.9,13.3,5.0,19.6,279,28.8,33.3,86.4,45,F,0
43.6,11.868074515639622,4.9,8.715533393774555,255,27.913985607270728,31.6,89.0,1,F,1
38.22611060743427,13.8,4.85,5.680419740761632,237,28.5,33.33647627682079,85.2,53,M,0
35.5,11.5,4.17,15.816235156904208,378,30.807116451383266,32.4,85.1,42,M,1
36.8,10.4,3.225620749121707,8.715533393774555,571,26.039286186346963,33.113637231480666,92.0,39,F,0
26.1,6.9,4.37,9.3,500,15.8,26.4,77.76865249395257,46,F,0
22.4,9.0,2.98,14.9,340,24.8,32.3,76.9,81,M,1
40.9,12.749350256875191,4.67,2.3,157,31.1,35.0,87.6,61,M,0
38.7,13.6,2.94,10.4,258,31.3,35.1,89.0,67,F,1
36.7709705845193,15.6,5.01,7.2,230,30.6,34.68901234775234,90.6,75,M,1
35.5,11.5,4.35,4.0,158,26.4,32.4,81.6,33,F,0
43.9,14.9,4.544802055001511,22.3,70,28.7,33.9,81.43641086446304,30,M,1
33.5,11.3,4.634124901293519,13.2,284,23.8,34.68585646197335,67.58584262473069,1,M,0
30.581979336341313,10.7,3.76,14.834978199585816,189,28.5,33.3,84.61133272892113,83,F,1
38.22611060743427,10.9,4.845160579356556,5.1,322,34.0,33.9,80.46119460532087,48,M,0
30.3,10.6,4.38,5.0,258,24.2,33.1,65.1,70,F,0
44.8,15.2,4.544802055001511,8.4,226,30.6,33.9,90.3,70,M,0
38.7,10.3,5.09,11.5,534,25.5,33.6,62.7,39,M,0
26.0,8.7,4.35,10.0,227,29.6,33.5,88.4,38,M,0
33.2,11.84549286844075,3.69,14.1,293,28.2300392867936,30.6,90.0,22,M,1
34.3,10.058781701719642,3.8,4.7,257,28.2,31.434612522071063,84.61133272892113,46,M,1
51.22078401333004,12.749350256875191,5.44,3.7,30,18.5,33.5,83.7,50,M,1
54.385839631954276,17.9,6.61,10.3,322,28.2300392867936,32.4,85.7,56,M,0
51.8,15.2,5.11,11.7,424,29.7,31.7,89.8,85,F,1
