haematocrit,haemoglobins,erythrocyte,leucocyte,thrombocyte,mch,mchc,mcv,age,sex,source
41.05794851978194,11.7,4.06,9.2,262,27.149510107784817,31.9,90.4,70,F,0
35.7,9.8,4.008153781654626,7.0,448,29.0,33.3,86.9,30,M,1
35.6,11.8,4.32,7.8,195,28.9,34.647773920183646,80.25595057379373,27,M,1
38.4,13.1,4.15,17.5,178,31.6,34.1,92.5,84,M,0
41.3,12.749350256875191,3.59,8.9,189,30.1,33.4,90.0,36,M,0
38.22611060743427,15.5,5.23,2.4,327,30.80440069207876,34.3,86.4,23,M,1
35.0,17.202884730543794,5.386790028491427,12.6,258,28.0,34.5,84.1,32,M,0
49.6,17.1,4.34,16.3,248,31.1,33.3,90.2,46,F,0
42.4,10.306631136265658,4.98,5.8,345,28.1,33.0,84.61133272892113,1,M,0
42.4,12.749350256875191,5.3,4.4,157,25.7,35.70334444846397,78.58847608654209,43,F,0
41.8,13.5,4.93,6.0,345,27.4,32.3,74.2,47,M,1
44.8,14.7,4.19,5.0,260,25.7,34.856220861486165,87.8,70,M,1
38.22611060743427,10.7,5.5,7.1,240,28.2300392867936,33.2,84.8,25,F,0
38.48780509862415,12.1,4.1,10.1,338,33.3174215880255,33.2,93.36535031293647,46,M,0
31.0,10.1,3.88,12.4,736,26.0,31.104333923383248,67.0,29,F,0
51.52714375065124,8.565074463048447,4.714619661773695,5.9,112,22.7,33.0,84.61133272892113,26,M,1
31.3,10.4,4.189230283884245,8.715533393774555,155,28.2300392867936,33.2,102.6,87,F,0
38.7,13.0,4.544802055001511,8.715533393774555,-70,28.3,33.6,84.3,49,F,1
41.23596806492693,9.9,5.6,5.696446123816357,346,24.8,33.33647627682079,92.33348230206255,59,M,0
35.8,13.4,4.48,5.369625431075679,413,31.414361125596557,36.9,79.9,38,M,0
45.1,15.5,4.544802055001511,10.6,528,27.3,34.4,84.1,19,M,0
32.2,11.9,2.94,9.285702178030903,378,29.3,33.3,88.0,67,M,1
38.5,13.4,4.66,9.2,252,28.8,34.8,82.6,59,M,0
42.1,14.2,4.8,9.6,293,29.6,33.33647627682079,87.7,46,F,0
32.3,14.3,4.72,7.54432606219531,259,20.4,34.6,87.5,40,M,0
37.1,8.439919489610723,4.4,9.1,258,28.0,35.1,84.3,5,F,0
