age,sex,bmi,children,smoker,region,charges
60,male,25.41,5,no,southwest,12146.971
58,male,32.395,1,no,northeast,23309.161087717133
32,female,41.1,2,no,northwest,3989.841
26,female,27.06,1,yes,southeast,6868.146141426615
30,female,30.66339686098655,2,no,northeast,32108.66282
43,male,22.705,1,no,northeast,13270.422265141257
39,female,31.0,1,no,southwest,3594.17085
39,male,25.08,0,no,southeast,2128.1630950274466
58,male,49.06,0,no,southeast,11381.3254
31,female,27.835,3,no,southeast,6334.34355
43,male,27.36,5,no,northeast,18765.87545
46,male,30.66339686098655,3,no,southeast,8944.1151
18,male,28.5,0,no,southeast,1704.70015
24,female,22.6,0,no,northwest,2457.502
26,female,31.065,0,no,northeast,4347.02335
40,male,38.460850018076,-1,no,southeast,3766.8838
36,male,30.66339686098655,3,no,northwest,5584.3057
59,female,31.6,3,yes,northeast,30184.9367
50,male,40.47,3,no,northwest,11289.10925
33,male,29.64,1,no,northeast,13270.422265141257
49,female,25.84,1,no,southeast,9282.4806
34,female,34.21,0,no,southeast,15518.18025
39,male,33.44,5,no,southeast,6653.7886
18,male,38.28,0,no,southeast,14133.03775
45,male,23.56,2,no,northwest,20146.002746780396
56,female,35.05733642985152,3,yes,northeast,7418.522
19,male,30.66339686098655,0,yes,northwest,24667.419
62,female,28.408382566441873,0,no,southeast,13457.9608
18,male,23.753009188481155,0,no,southeast,20386.075814198208
54,male,31.24,0,no,northwest,12065.061943490178
17,male,22.705,1,no,southwest,21984.47061
39,male,34.71570046293505,4,no,southeast,13919.8229
39,male,30.5,0,no,southeast,29491.030954186997
61,male,22.515,1,no,southwest,23874.42915502473
36,male,29.9,1,no,southwest,6548.19505
25,female,20.938970703402354,0,no,northwest,3021.80915
35,female,29.668640497634918,0,no,southwest,16812.826227159385
27,female,29.0,0,no,southwest,7050.642
19,female,27.6,0,no,northeast,1252.407
18,male,17.29,0,yes,northeast,13270.422265141257
49,male,26.03,0,no,northeast,3070.8087
29,male,28.4,1,no,northeast,11363.2832
52,male,25.3,2,yes,southeast,33307.5508
-11,male,23.085,0,yes,northwest,18310.742
53,male,24.32,0,yes,southeast,9863.4718
19,male,40.59254511282588,2,no,southeast,12574.049
19,female,32.38953280298624,0,no,northwest,1748.774
31,male,41.8,2,yes,southeast,13270.422265141257
25,female,22.515,1,no,southwest,5488.262
43,female,35.26967773594208,3,yes,southeast,9755.910623145697
30,male,28.405,1,no,northwest,13270.422265141257
51,female,30.66339686098655,1,no,southeast,32787.45859
