age,sex,bmi,children,smoker,region,charges
31,female,41.1,2,no,northwest,5327.40025
43,female,30.685,1,no,northwest,8310.83915
39,male,32.11,0,no,northeast,1704.5681
21,male,23.21,0,no,southeast,1515.3449
25,female,25.84,1,no,northeast,-49.13476482757687
51,male,28.962683278064272,1,no,southeast,9872.701
23,female,24.225,1,no,northeast,22395.74424
43,male,35.31,2,yes,southeast,18806.14547
51,male,32.9259852695857,0,yes,northwest,2803.69785
58,male,39.05,1,no,northeast,5698.59697513847
18,male,45.9,3,yes,southeast,36149.4835
9,male,20.615,2,no,northwest,17043.3414
18,male,34.43,0,no,southeast,1137.4697
39,male,29.663489546432203,3,no,southwest,22613.933329130727
64,male,40.48,0,no,southeast,13831.1152
27,male,36.85,2,no,southwest,13270.422265141257
43,female,26.7,2,yes,northeast,13270.422265141257
49,male,35.15,3,no,southeast,10269.46
18,male,30.66339686098655,1,no,southeast,1629.8335
25,female,30.59,0,no,northeast,2727.3951
39,male,32.11,0,no,northeast,27037.9141
47,female,29.83,3,no,northwest,9620.3307
42,male,23.75,2,yes,northwest,3077.0955
21,male,41.69,4,no,southeast,5438.7491
53,male,30.66339686098655,2,no,northeast,9715.841
48,male,27.462809963170013,1,yes,southwest,45164.906753450974
