,synth,train,val,test,synth_value,real_value,jsd,wasserstein,diff_corr,dcr_rf,nndr_rf,dcr_rr,nndr_rr,dcr_ff,nndr_ff
0,0\synth.csv,0\train.csv,0\val.csv,0\test.csv,0.48257638112840956,0.49584429115300654,0.048767424874586754,0.027470313825275657,0.7349165803977471,0.0,0.0,0.0,0.0,0.0,0.0
1,1\synth.csv,1\train.csv,1\val.csv,1\test.csv,0.41320712632782225,0.5629760811578994,0.042192937914033814,0.026612177757215923,0.636512170862482,0.0,0.0,0.0,0.0,0.0,0.0
2,2\synth.csv,2\train.csv,2\val.csv,2\test.csv,0.4853223029693618,0.4864045383411581,0.06817968090890694,0.023067507132392633,0.6467036537242766,0.0,0.0,0.0,0.0,0.0,0.0
3,3\synth.csv,3\train.csv,3\val.csv,3\test.csv,0.3516185754230204,0.45152450610540273,0.03931972874059694,0.013063523273446943,0.5112810660985366,0.0,0.0,0.12317923819397492,0.1181055293682034,0.0,0.0
4,4\synth.csv,4\train.csv,4\val.csv,4\test.csv,0.4841570236206251,0.5638491302208116,0.05626040687983565,0.027533902343062643,0.48501568539196943,0.0,0.0,0.0,0.0,0.0,0.0
