age,sex,bmi,children,smoker,region,charges
21,male,28.88,0,no,southwest,9625.92
18,male,28.5,0,no,northeast,-21495.91787198829
0,female,33.33,1,no,southwest,4151.0287
36,female,29.04,4,no,southeast,7243.8136
39,male,23.177723926425735,2,no,southwest,4762.329
31,male,24.3,-1,no,southwest,-16828.37298873824
25,male,24.985,1,yes,northeast,23241.47453
33,female,18.5,1,no,southwest,4766.022
63,male,35.72248833312571,5,no,southwest,13390.559
51,female,36.67,0,no,southeast,49577.6624
24,male,25.4,4,no,southwest,17128.42608
64,male,36.96,2,yes,northeast,10848.1343
22,male,30.66339686098655,0,no,northwest,2527.81865
51,female,31.2,2,no,southeast,12096.6512
29,male,26.909935156151914,0,no,northeast,17280.542175265917
63,male,21.78,2,no,southeast,7325.0482
39,female,25.745,2,yes,northwest,3279.86855
51,female,20.6,0,no,southwest,9264.797
58,female,30.66339686098655,0,no,southeast,11944.59435
22,female,28.05,0,no,southeast,33471.97189
30,female,19.28543569665792,1,no,southeast,11030.695542226784
44,male,27.4,1,no,southwest,13270.422265141257
18,female,32.2,2,no,southwest,47305.305
41,female,36.0,1,no,southeast,9861.025
39,male,26.03,0,no,northwest,13270.422265141257
44,male,25.0,1,no,southeast,7623.518
