haematocrit,haemoglobins,erythrocyte,leucocyte,thrombocyte,mch,mchc,mcv,age,sex,source
47.36944833801929,12.8,4.55,4.7,236,29.0,33.2,87.3,82,F,0
25.4,8.3,3.4317071257651195,10.8,197,29.4,34.4,84.61133272892113,51,M,0
45.8,15.1,5.958321837489093,-0.9530625710540281,258,28.2,33.33647627682079,85.4,28,M,0
42.5,13.9,5.12,14.8,394,27.6,32.7,73.38692164593405,7,M,0
31.9,14.8,4.469006780571834,6.3,292,28.2300392867936,33.6,93.1,66,M,0
34.4,11.3,3.72,4.6,258,30.4,35.41602580672989,92.5,58,M,1
14.5,16.2,4.544802055001511,8.715533393774555,368,27.3,34.0,80.1,59,M,0
26.5,8.9,4.3858182055335835,6.8,296,32.1,29.7,95.7,72,M,0
38.7,14.085631609599453,4.24,7.0,275,28.48993575035475,33.4,87.5,79,M,0
38.22611060743427,10.4,3.53,13.590127829280569,150,28.0,32.9,87.2,69,M,0
36.3,16.19392046369809,3.94,13.35563884726344,477,27.6,34.2,92.1,14,M,1
29.4,10.1,3.44,13.5,320,26.7074990488558,34.4,85.5,73,M,1
37.1,12.749350256875191,4.42,5.4,251,28.7,32.8,89.5,46,F,0
40.091786043796745,13.4,4.34,5.5,231,31.6,32.7,89.9,28,F,0
42.8,14.5,4.65,9.6,49,30.7,33.33647627682079,75.52992794163644,74,M,0
32.3,12.749350256875191,4.03,13.2,234,26.1,32.5,80.1,53,M,1
37.2,12.8,4.81,5.7,301,28.8,35.149701266605945,84.61133272892113,39,M,1
43.2,13.7,5.08,7.4,239,28.2300392867936,31.7,86.9,102,M,1
27.3,15.0,3.13,7.1,257,29.1,33.3,85.3,46,F,1
40.7,13.7,4.46,7.4,294,31.8,33.7,98.00907755707114,38,M,0
33.98284773857503,15.607676223782109,4.544802055001511,7.2,344,29.1,35.3,82.3,34,M,0
36.816921400636545,12.254737941104606,4.45,6.8,283,30.106036117696625,30.4,84.4,40,M,0
45.1,15.2,5.23,8.715533393774555,270,29.1,32.954323090943454,86.2,34,M,0
41.5,14.5,4.84,6.290318585961069,85,30.0,33.19580432103672,92.61425158590826,41,M,1
38.22611060743427,13.7,4.67,8.8,301,29.3,33.0,88.9,34,M,1
36.1,12.7,4.22,7.6,309,26.77033085544148,35.2,85.5,46,M,1
