haematocrit,haemoglobins,erythrocyte,leucocyte,thrombocyte,mch,mchc,mcv,age,sex,source
33.1,13.2,3.94,13.3,248,29.9,34.7,84.61133272892113,47,M,0
38.1,12.3,4.48,8.061427019138707,424,29.465692890782456,32.3,91.49146855055929,91,F,0
46.1,10.3,6.28,8.715533393774555,233,31.3,33.33647627682079,79.79842501080861,43,F,0
42.7,15.2,5.08,12.4,182,24.23776672575819,34.9,96.2,26,M,0
36.3,11.8,5.03,6.2,342,28.2300392867936,34.7,81.8,24,F,0
38.22611060743427,10.0,4.4,1.8927352966834388,230,28.9,32.8,88.2,62,M,1
25.8,9.5,3.832003427134944,27.6,263,29.2,30.678744237167724,89.6,53,F,1
37.5,9.982483041490363,4.544802055001511,6.1,315,31.4,34.91418148610379,95.7,46,F,1
37.926536653640056,12.0,4.905513439660537,25.4,443,29.3,35.0,88.3,50,M,0
40.3,12.8,4.68,9.4,310,27.4,31.8,86.1,45,M,0
23.3,8.0,5.218809903191655,4.4,146,33.8,34.3,103.30217546689667,72,M,0
47.5,12.749350256875191,5.91,4.8,258,27.9,34.7,80.4,34,M,0
31.7,10.9,3.51,5.4,174,31.1,33.33647627682079,90.3,86,F,1
38.22611060743427,12.8,4.27,6.1,323,30.0,38.2,89.2,64,M,1
40.518550233713455,13.5,4.78,9.3,466,28.2300392867936,34.6,81.6,69,F,0
41.75374848109151,9.506540438597186,3.48,-1.5321144580415247,312,29.2,32.5,86.2,73,M,1
46.7,15.8,5.29,6.7,267,29.9,33.8,83.9,80,M,0
48.4,14.040213647862094,3.29,6.5,156,26.6,34.5,77.1,29,M,0
36.087574491569136,9.3,5.4194325583395555,8.715533393774555,304,29.0,36.2,82.73938331071896,46,F,0
36.2,10.307057956231956,4.28,14.0,344,23.0,32.6,84.6,34,M,0
26.7,13.2,4.63,7.8,258,28.5,32.8,70.4,51,M,0
27.5,12.749350256875191,3.24,2.1,372,29.913890571531095,36.49822353958098,84.9,68,M,0
41.8,14.1,4.73,8.8,182,32.3,33.7,88.4,28,M,0
27.9,8.4,2.86,7.1,78,33.2,34.1,97.6,79,F,1
38.0,12.5,5.18,10.9,321,26.70985279868708,29.37036445390503,84.61133272892113,12,F,0
43.5,14.0,4.544802055001511,3.4974394288864383,338,27.2,32.8,82.9,63,F,0
