age,sex,bmi,children,smoker,region,charges
50,female,29.4,0,no,southeast,19673.33573
38,male,24.09,2,no,southwest,2483.736
47,male,38.94,4,no,southeast,44202.6536
35,male,23.465,0,no,southeast,6402.29135
30,male,37.43,3,no,northeast,26786.70372858057
39,male,29.747076904527823,2,no,southwest,3484.331
29,female,23.87,2,no,northeast,2021.2883182502346
19,female,24.040673573959083,0,no,southeast,2130.6759
49,male,36.85,0,no,northeast,8125.7845
19,male,24.51,1,no,northwest,2709.1119
18,male,37.29,1,no,southeast,2219.4451
19,male,28.4,1,no,southwest,9219.7606121373
18,male,34.7,1,no,southeast,2201.0971
54,female,25.84,0,no,northwest,5266.3656
45,male,33.82,0,no,northwest,4462.7218
27,male,23.1,1,no,northeast,6082.405
39,male,28.132985482985113,2,no,northeast,6198.7518
37,female,29.44511471699926,0,yes,northwest,19214.70553
71,male,36.955,2,yes,southeast,13270.422265141257
57,male,39.52,0,no,northeast,6948.7008
23,male,28.49,1,no,southeast,13063.883
20,male,30.66339686098655,0,yes,northeast,3213.62205
28,male,30.66339686098655,0,no,northwest,10600.5483
27,female,36.29,1,no,northwest,6551.7501
46,female,30.8,3,no,southwest,8602.034970031342
49,female,41.47,4,no,southeast,13270.422265141257
