age,sex,bmi,children,smoker,region,charges
36,male,28.025,1,yes,northeast,20773.62775
43,female,46.2,0,yes,southeast,2730.10785
41,female,21.755,1,no,northeast,13725.47184
59,female,41.14,2,no,southeast,48970.2476
30,male,32.2,2,yes,southwest,4936.79258639408
35,male,27.576946931317348,3,no,southeast,4922.9159
51,male,39.27,1,yes,southeast,8782.469
53,female,20.13,0,no,southeast,27346.04207
53,male,29.735,2,no,northeast,32108.66282
60,male,25.74,2,no,southeast,12142.5786
27,male,22.8,3,no,southeast,4260.744
41,male,34.2,0,no,northwest,5223.300589735639
42,male,28.31,1,no,northeast,13270.422265141257
22,male,35.67675283720566,1,no,southeast,33309.95683691802
19,male,20.045,0,no,southeast,7514.617307762252
33,female,30.6183681313577,1,no,northwest,5385.3379
27,male,17.84858605184701,0,no,southeast,2494.022
44,female,26.315,3,no,southwest,2198.18985
55,male,23.085,0,no,northeast,-3871.584658188476
33,male,35.245,1,no,southeast,12404.8791
41,male,30.66339686098655,1,no,northwest,6457.8434
39,male,47.52,3,no,southeast,12797.20962
38,female,36.575,0,no,northwest,-4542.535992237052
57,female,33.915,0,no,northeast,13270.422265141257
36,male,25.9,1,no,southeast,5472.449
49,female,31.0,2,no,northwest,10156.7832
57,female,30.66339686098655,0,no,southwest,8083.9198
45,male,33.7,1,no,southwest,1720.3537
42,male,35.97,1,no,southwest,1472.228599913502
23,female,30.66339686098655,2,yes,southwest,3591.48
19,female,32.49,0,no,northwest,36898.73308
40,male,25.46,3,no,northeast,7077.1894
46,female,35.245,0,no,northwest,13270.422265141257
40,male,25.08,0,no,southeast,5415.6612
54,male,49.32977488358212,1,no,northwest,24476.47851
22,male,31.16,0,no,southeast,10214.636
52,male,36.6,3,no,southwest,17092.185354379824
20,male,31.13,1,no,southeast,2566.4707
26,male,34.3570830949152,0,no,northwest,2322.6218
57,female,30.66339686098655,0,no,southwest,2755.02095
39,male,30.0282883898928,1,no,northwest,36307.7983
24,male,30.66339686098655,0,yes,northeast,34254.05335
54,male,24.035,0,no,southeast,8095.311074912595
41,male,19.097478070366705,5,no,northeast,9222.4026
55,male,29.26,0,no,southwest,13270.422265141257
39,female,24.163410485984436,2,no,northeast,13270.422265141257
39,male,33.25,0,no,southeast,9722.7695
39,male,22.1,0,no,northeast,10577.087
47,female,32.778338871832915,2,no,northwest,6442.058081135148
48,male,30.59,1,no,northwest,7256.7231
38,male,37.1,1,yes,northeast,8671.19125
54,male,47.74,1,no,southeast,9748.9106
