age,sex,bmi,children,smoker,region,charges
61,male,23.655,0,no,northeast,5423.423538113208
52,male,26.4,3,no,northeast,25992.82104
20,male,21.78,0,no,northwest,1646.4297
51,male,41.91,0,no,northwest,11884.04858
31,female,26.62,0,no,southeast,3757.8448
34,male,42.9,1,no,southwest,4536.259
23,male,21.78,2,no,southeast,9644.2525
51,female,36.0,1,yes,southeast,3766.8838
27,male,32.11,0,no,northeast,25333.33284
19,male,24.6,1,no,southeast,13270.422265141257
-3,female,40.15,0,no,southeast,9035.890899240181
-1,female,37.29,1,no,southeast,2219.4451
19,male,30.59,2,no,southeast,7624.63
47,male,37.62,1,no,southwest,8556.907
50,male,25.30355186076066,1,no,southeast,4133.64165
19,male,20.98191294145947,0,yes,southeast,1241.565
19,male,28.3,0,yes,southwest,17081.08
58,male,30.66339686098655,4,no,northeast,1705.6245
54,female,36.04048997865336,1,no,southeast,12096.6512
39,male,30.8,0,no,southwest,13270.422265141257
18,female,30.66339686098655,0,no,southwest,-632.1192535941518
56,female,28.31,0,no,northeast,11657.7189
39,female,27.6,2,no,southwest,5383.536
18,male,30.242816096416725,0,no,northeast,21142.02826008885
50,male,32.3,2,no,southwest,9630.397
47,female,29.545,1,no,southeast,8930.93455
