age,sex,bmi,children,smoker,region,charges
18,female,36.85,1,yes,southeast,36149.4835
39,male,27.2,0,no,northeast,13270.422265141257
57,male,18.335,0,no,southeast,14756.013834385109
60,female,32.56,1,no,southeast,25819.558041207958
37,male,28.917510961043583,2,no,southwest,16682.377187950242
60,male,39.9,0,no,southwest,2117.33885
28,female,13.65721313260429,0,no,southwest,7650.77375
49,female,33.345,2,no,northeast,10370.91255
19,male,30.66339686098655,0,yes,northeast,18608.262
33,male,30.8,2,no,southeast,12105.32
21,female,35.72,0,no,northwest,2404.7338
31,female,38.095,1,no,northeast,33592.49879128411
34,female,30.66339686098655,1,yes,northeast,37701.8768
72,male,31.35,0,no,northwest,12622.1795
32,male,30.66339686098655,5,no,southwest,4646.759
25,male,30.66339686098655,2,yes,southwest,13270.422265141257
39,female,23.56,0,no,southwest,12129.438169660238
26,male,30.0,1,no,southeast,8965.79575
53,female,32.0,1,yes,southwest,4949.7587
23,male,35.42,1,yes,northwest,38746.3551
47,male,35.9,-1,yes,southwest,11163.568
22,male,29.83,-1,no,southeast,2699.56835
44,male,36.955,1,no,southwest,14901.5167
39,female,23.37,0,yes,northeast,19964.7463
39,male,29.37,0,no,southeast,1719.4363
58,female,22.77,0,no,southeast,11736.330784900887
51,male,22.42,4,no,southeast,9361.3268
49,male,25.6,2,yes,northeast,14988.432
64,female,31.065,0,no,southeast,22284.155019945054
18,male,34.43,1,yes,southeast,1137.4697
49,male,24.51,2,no,northeast,13270.422265141257
42,male,32.66004742751271,3,no,northeast,7986.47525
51,female,39.7,1,no,southwest,9391.346
25,female,33.1,0,no,northwest,3021.80915
28,male,33.82,0,no,northwest,19673.33573
32,male,33.155,3,no,northwest,17172.70589741917
39,female,30.66339686098655,0,yes,northwest,48173.361
19,female,21.5,0,no,northwest,2134.9015
30,male,18.527819947060827,1,no,northeast,6640.54485
37,male,35.75961860124001,0,yes,southeast,14443.909732925968
42,female,41.325,1,no,northwest,3161.454
29,male,23.446565965815214,0,no,southeast,9342.082211777522
49,male,34.485,0,no,southwest,13270.422265141257
31,male,36.627280402584354,2,no,southwest,10325.206
39,male,35.8,2,no,southwest,7160.094
23,male,33.3,3,no,southeast,14426.07385
29,male,29.64,1,no,southeast,20277.80751
45,male,33.7,0,no,southeast,7445.918
47,male,32.3,2,no,northwest,6986.697
45,male,22.130895231244963,0,no,northeast,13270.422265141257
0,male,30.047896918779816,-1,no,southwest,2211.13075
22,female,11.487499970399304,0,no,northwest,43753.33705
