haematocrit,haemoglobins,erythrocyte,leucocyte,thrombocyte,mch,mchc,mcv,age,sex,source
40.60664583060269,14.7,4.76,20.6,299,30.9,34.9,62.0,24,F,0
42.2,18.681723208949357,6.38,6.2,125,30.1,33.33647627682079,86.78203391319013,12,M,0
38.22611060743427,14.6,4.79,6.2,236,28.2300392867936,33.5,91.0,-18,M,0
43.54687344516467,4.4,3.86,6.5,211,30.6,33.33647627682079,90.4,47,F,0
22.4,12.749350256875191,2.63,7.0,196,17.0,33.0,85.2,57,F,1
44.2,14.0,4.98,4.7,304,20.6,35.1,65.1,30,M,1
53.0,16.3,7.54,8.715533393774555,112,24.623218165575484,30.42135898678673,96.64726993568614,-38,M,1
50.1,14.2,4.187004456717015,13.024143592873969,300,29.7,33.3,89.3,50,F,0
37.4,12.2,4.0855342399833265,4.4,391,29.2,36.5,79.7,2,F,0
38.22611060743427,14.6,4.544802055001511,8.469399764351262,295,28.2300392867936,35.30118780348882,98.85923096387494,39,M,1
27.4,8.9,3.18,7.8,258,28.0,32.0,84.61133272892113,80,F,0
29.4,14.0,5.15,12.1,284,27.2,33.5,81.2,45,M,0
25.8,8.4,2.88,16.693785898637977,182,26.0,32.6,89.6,46,M,1
35.248032877116735,14.0,5.01,9.926199501858104,299,27.9,38.1,84.6,52,F,0
42.2,8.979818014804906,5.584171558584341,3.9,10,28.4,31.7,91.0,45,M,0
48.0,13.369297140849806,4.544802055001511,7.0,51,28.3,34.6,88.4,60,M,1
39.1,13.877050247001124,6.79,17.5,258,28.92192874704536,35.0,78.5,1,F,0
42.0,13.7,4.67,19.8,143,29.3,32.6,84.61133272892113,55,M,0
44.51329119468479,13.5,4.77,9.9,282,28.3,32.47583166750133,78.79340542497414,57,M,0
27.8,12.749350256875191,3.14,5.5,183,28.7,32.4,88.5,76,F,1
42.7,13.9,6.17,8.4,33,27.1,33.3,81.2,18,M,1
37.8,12.7,3.95,6.7,289,31.8,33.6,95.7,86,M,0
40.7,13.8,4.09,6.3,208,30.0,33.9,88.5,34,F,0
34.3,13.1,3.88,8.7,169,29.4,33.2,81.8,60,F,1
37.6,12.8,4.22,8.715533393774555,40,30.212862239479417,34.0,89.1,46,F,1
39.0,11.4,5.481113972557386,11.3,342,24.662204314085997,30.078639906789792,83.9,22,M,0
