age,sex,bmi,children,smoker,region,charges
26,female,26.41,0,no,southeast,7419.4779
39,female,35.75,0,no,northwest,14692.66935
61,male,33.915,0,no,northeast,13143.86485
39,female,37.4,2,no,southeast,7173.35995
42,female,32.9,0,no,southwest,9634.538
52,male,33.09037689321791,1,no,northwest,7160.3303
33,male,42.4,1,no,northwest,6319.989242286376
25,male,24.13,0,yes,northeast,15817.9857
32,male,25.175,0,no,northwest,1632.03625
62,female,38.095,4,no,southeast,15230.32405
40,male,34.974751935188735,2,no,northeast,5375.038
33,female,30.66339686098655,0,no,northeast,13270.422265141257
20,female,29.735,0,no,southeast,1769.53165
23,male,25.65,0,no,southeast,22312.933622224846
36,male,29.802315435594345,0,no,southeast,4399.731
52,female,23.501195153024515,4,no,southwest,10665.968404799143
47,female,23.6,3,no,southeast,8539.671
27,female,31.4,1,yes,southeast,2254.7967
59,male,37.4,0,no,southwest,10370.91255
45,female,31.5,0,no,northwest,17929.30337
26,female,28.785,0,no,northeast,4407.8497991715385
49,female,17.29,0,no,northeast,6877.9801
18,female,38.17,-1,yes,southeast,13270.422265141257
55,male,40.81,1,no,southeast,12485.8009
49,female,30.66339686098655,0,yes,northwest,14711.7438
51,male,30.03,1,no,southeast,9377.9047
