age,sex,bmi,children,smoker,region,charges
39,male,23.655,1,yes,northwest,21677.28345
39,female,27.477488702249424,2,yes,southeast,33152.75614679671
30,female,34.39,0,no,northwest,3554.203
62,female,30.875,3,no,northwest,13270.422265141257
53,female,37.43,1,no,northwest,10959.6947
48,male,33.915,1,no,northeast,13270.422265141257
3,female,27.83,3,no,southeast,2007.945
58,male,26.73356829371118,1,no,northeast,4751.07
61,female,28.9,1,no,southeast,23072.56998985635
58,female,27.7,0,no,northwest,11743.9341
64,female,35.97,0,yes,southeast,14313.8463
64,male,30.66339686098655,0,yes,southeast,49577.6624
43,male,23.2,2,no,southwest,10959.6947
29,male,32.11,0,no,northwest,4433.9159
23,male,24.4,0,no,northeast,8995.139187672787
55,male,37.3,2,no,northeast,20630.28351
55,male,9.963714520456936,0,no,northwest,1627.28245
54,male,30.02,0,no,northwest,24476.47851
21,male,25.8,0,no,southwest,19749.38338
44,male,30.66339686098655,2,yes,northwest,8116.26885
36,female,22.135,3,no,southwest,7228.21565
57,male,32.395,1,no,northeast,14590.63205
48,male,25.85,3,no,southeast,25490.768950183046
46,female,28.16,3,yes,southwest,9301.89355
19,male,43.40058070331925,1,yes,northeast,12224.35085
51,female,25.8,0,no,southwest,9861.025
