age,sex,bmi,children,smoker,region,charges
18,male,24.09,1,yes,southeast,27346.04207
61,female,30.66339686098655,3,no,southwest,12646.207
51,male,36.385,1,no,southeast,11436.73815
33,male,34.32,3,no,southwest,5934.3798
44,male,24.342982597771098,3,no,northwest,-12361.44549368918
50,male,36.2,0,no,southwest,-8375.13606581738
23,male,35.09,-2,yes,southwest,30741.227781505087
39,male,27.54083071212135,3,no,southwest,11289.10925
46,female,23.655,3,no,northwest,13270.422265141257
30,female,31.8,0,no,southwest,13880.949
25,male,31.324804540711174,2,no,southeast,3238.4357
37,female,30.66339686098655,1,no,northeast,10797.3362
44,male,31.4,0,yes,southeast,22395.74424
26,female,42.68,2,no,southeast,9800.8882
42,female,26.07,1,yes,southeast,13270.422265141257
37,female,47.6,1,yes,southwest,46113.511
22,male,31.35,0,no,southeast,2201.0971
49,male,27.1,1,no,northeast,15436.547330518293
59,male,30.66339686098655,0,no,northeast,12815.44495
58,male,28.31,0,no,northwest,11743.9341
18,male,18.6,3,no,southeast,26926.5144
39,female,30.0,1,yes,southwest,8547.6913
69,female,36.955,0,yes,northwest,32581.965642593652
2,male,26.18,5,yes,southeast,13270.422265141257
58,male,33.77,1,no,southeast,1725.5523
48,male,37.525,4,no,northeast,9447.3824
54,female,38.39,0,yes,southeast,40419.0191
25,female,29.527007206869055,1,yes,northeast,13270.422265141257
51,male,47.58284761715873,2,yes,southeast,44641.1974
47,female,29.37,1,no,southeast,22144.032
28,male,25.838290709988968,0,no,southwest,19673.33573
18,male,25.175,1,yes,northeast,11050.413430953286
39,male,41.23,4,no,southeast,11033.6617
26,male,32.49,1,no,northeast,3490.5491
39,female,17.775739344322336,0,no,southwest,-12840.32993801545
22,female,39.805,0,no,southeast,2755.02095
42,male,30.66339686098655,0,no,southeast,5966.8874
35,male,34.105,0,yes,northeast,19040.876
20,male,30.305,2,yes,northwest,34606.39219654254
47,female,40.26,3,no,northwest,10115.00885
23,male,28.0,0,no,southwest,34404.037600719705
37,male,34.1,4,no,southwest,40182.246
18,male,21.47,0,no,northeast,1702.4553
14,male,32.11,1,no,northeast,13555.0049
57,male,34.6,4,no,southeast,1705.6245
20,female,22.17280594315849,2,no,southeast,13270.422265141257
64,female,33.915,0,no,southeast,34824.33916509183
52,female,30.66339686098655,3,no,southwest,9304.7019
35,female,27.7,2,no,southwest,4462.7218
39,male,18.989449444981894,0,no,northwest,1628.4709
38,male,30.5,0,no,southwest,12638.195
57,female,27.569789982951928,1,no,southeast,24513.09126
