age,sex,bmi,children,smoker,region,charges
42,male,32.395,0,no,southwest,14400.473454081013
39,male,30.66339686098655,1,yes,northwest,1635.73365
34,male,8.52003705744395,0,no,northeast,4500.33925
61,female,38.06,1,yes,southeast,44400.4064
64,male,20.35,0,no,southeast,13270.422265141257
39,male,29.528192136046304,0,no,northeast,3044.2133
20,male,32.395,0,no,northwest,6110.57741646164
20,male,39.4,2,no,southwest,30865.09068902142
60,male,28.595,0,no,northeast,30259.99556
21,female,19.855,1,yes,northeast,19521.9682
19,male,21.85,1,no,northwest,6117.4945
27,male,34.2,2,yes,southwest,11165.41765
31,male,35.815,0,no,southeast,13270.422265141257
56,male,33.725,1,no,northwest,13270.422265141257
19,male,25.175,0,no,northwest,1632.03625
25,male,22.515,1,yes,northwest,3594.17085
71,female,34.1,1,no,southwest,8879.698007870902
56,female,35.77350236611214,2,no,southeast,11090.7178
56,female,32.3,3,no,southeast,6341.355826767659
23,female,24.51,0,no,southeast,3704.3545
43,male,33.535,0,no,northeast,13143.33665
18,male,21.565,1,yes,southeast,13747.87235
19,female,26.582397263956302,1,no,southeast,1242.816
23,female,31.82777226460704,2,no,northwest,7261.741
38,male,35.815,0,no,northwest,8027.968
52,male,32.11,1,yes,southeast,25992.82104
52,male,37.8,2,yes,northeast,17904.52705
39,male,23.37,1,no,southwest,26926.5144
-1,male,38.39,1,no,southeast,4463.2051
33,male,33.3,0,no,southwest,10806.839
53,male,28.6,3,no,southwest,10389.187023426926
32,female,28.93,0,yes,northwest,13270.422265141257
63,male,27.835,3,no,northwest,14256.1928
35,female,35.86,2,no,southeast,5836.5204
37,female,34.8,2,no,southeast,3410.324
58,male,23.3,0,no,southwest,15971.78366633016
23,female,27.083105137353904,3,no,southeast,47896.79135
39,female,28.762469432935816,1,yes,southeast,10959.6947
22,male,26.4,1,no,southwest,2055.3249
53,male,30.66339686098655,2,no,northeast,13874.432893448735
35,male,43.936926384443105,1,no,southwest,39836.519
30,male,30.66339686098655,1,no,northeast,30791.20318793418
52,male,27.55,0,no,southeast,6746.7425
39,male,28.25141156039369,0,no,northwest,2156.7518
25,male,31.73,0,no,southeast,2534.39375
24,female,30.66339686098655,1,no,southeast,2855.43755
41,female,34.7,2,yes,northwest,36397.576
39,female,29.38694952732008,5,no,southwest,8996.832803846573
45,female,28.7,2,no,southeast,4320.41085
60,female,18.335,0,no,northwest,13270.422265141257
34,male,30.66339686098655,0,yes,southwest,35491.64
23,female,33.4,0,yes,southwest,24476.47851
