age,sex,bmi,children,smoker,region,charges
53,female,39.05,2,no,southeast,11856.4115
35,male,27.74,3,yes,northeast,20984.0936
31,female,26.62,0,yes,southeast,17921.061481476783
42,male,30.66339686098655,1,no,southwest,6474.013
54,male,30.8,1,yes,northeast,5400.9805
54,female,32.395,0,no,southeast,20210.075108043322
18,female,46.36553617060414,0,no,southwest,1135.9407
39,female,23.18,4,no,northwest,13270.422265141257
55,female,29.545,3,no,southeast,11987.1682
46,female,23.130822754722246,0,no,southeast,9411.005
60,male,30.66339686098655,1,no,northeast,-7360.195743024427
19,female,23.18,0,no,northwest,9432.9253
45,male,21.375,1,no,southeast,-4487.741192789079
18,male,35.53,0,no,southeast,1532.4697
39,male,30.246605067672462,0,no,northeast,2203.47185
53,male,35.2,1,yes,southeast,23244.7902
50,female,39.7,1,no,southeast,2219.4451
27,male,30.458002907877898,1,yes,southeast,14349.8544
21,female,28.975,0,no,northeast,13270.422265141257
33,female,31.53618226734498,3,no,southeast,-392.9161316295522
30,male,22.99,2,no,northwest,17361.7661
39,male,43.26979117784194,0,no,southeast,11090.7178
42,female,31.635,0,no,southwest,13270.422265141257
28,female,30.875,-1,no,northwest,3062.50825
56,male,37.7197081538764,1,no,northeast,1769.53165
48,female,27.2,1,no,southwest,2866.091
53,female,26.41,2,no,northeast,11244.3769
57,female,35.0680901448057,0,no,southeast,27533.9129
54,male,20.8,0,no,southeast,-8400.182199159375
22,male,37.145,0,no,southeast,2156.7518
28,female,30.66339686098655,0,no,southeast,2585.85065
39,female,32.6,0,no,southeast,4992.3764
33,female,35.53,1,no,northeast,13270.422265141257
30,female,23.985265910830083,1,no,northeast,4076.497
61,male,23.18,0,no,northwest,11830.6072
40,female,25.46,3,no,northeast,23879.75645313472
63,female,31.8,0,no,southeast,13880.949
36,female,22.88,1,no,southeast,20773.62775
63,male,21.66,1,no,northwest,19719.6947
52,female,29.8,0,yes,southwest,10184.657055030199
40,female,30.66339686098655,3,no,southeast,7682.67
62,female,38.095,2,no,northeast,22748.553909922506
34,male,21.375,0,no,northeast,13270.422265141257
39,male,30.659993850262076,1,yes,southeast,38709.176
51,male,30.0,0,no,northwest,9174.13565
41,male,30.59,2,no,southwest,7256.7231
32,male,30.875,0,no,southeast,3353.4703
39,male,29.2,1,no,southwest,10436.096
38,female,25.3,0,yes,southwest,11070.535
22,female,21.47,1,no,northwest,12475.3513
39,male,29.92,2,no,southeast,4889.0368
56,female,30.66339686098655,3,no,northwest,8029.997325766988
