haematocrit,haemoglobins,erythrocyte,leucocyte,thrombocyte,mch,mchc,mcv,age,sex,source
35.1,11.8,5.8569137806031515,6.7,196,31.7,34.62639673265948,94.4,80,F,0
41.3,13.8,5.03,8.715533393774555,357,28.9,33.4,86.6,51,M,1
43.7,15.0,5.44,5.1,180,27.6,34.3,89.243498170482,48,F,0
33.2,11.6,3.87,14.3,707,30.0,34.9,85.8,67,F,0
37.1,12.4,4.24,7.0,453,29.2,26.4,87.5,28,F,0
32.2,10.9,3.72,13.5,254,29.3,32.4,86.6,21,F,0
45.5,13.5,5.28,10.4,64,32.47639491316409,33.0,84.61133272892113,35,M,0
39.6,13.3,5.80061420080936,3.0,241,28.1,33.3,84.61133272892113,40,F,0
38.3,12.040887934334942,4.55,3.614531268344912,414,35.1,32.9,84.2,4,F,0
44.0,15.2,5.75,6.66367765698442,155,26.4,34.5,76.5,29,M,1
14.5,13.9,4.67,6.1,249,25.133492664155465,35.1,89.01946781855162,25,M,0
21.9,8.4,2.39,8.8,258,27.7,38.4,91.6,65,M,0
36.3,12.749350256875191,4.544802055001511,8.975109160681198,262,16.07133213383198,33.1,87.5,18,M,1
22.85328184785505,14.719263104340987,4.7,8.0,291,30.0,33.2,90.4,48,F,0
41.9,13.7,4.945621474159785,9.7,319,18.9,32.7,75.4,51,F,0
41.230674142623435,13.4,4.58,13.4,235,28.2300392867936,32.4,94.17634157320587,30,F,0
42.4,14.061316249395908,5.07,8.715533393774555,258,27.2,33.33647627682079,83.6,46,M,0
45.96041334108413,14.635782086570428,4.45,4.404288996386941,333,32.6,33.33647627682079,96.6,51,M,0
39.8,14.9,5.97,11.8,58,29.0,33.9,85.4,43,F,0
38.22611060743427,15.2,4.2,8.6,255,28.3,32.6,86.94582062373571,32,M,1
39.9,13.1,4.544802055001511,4.3,140,30.8,33.619053207893245,71.8,46,F,0
38.22611060743427,12.4,4.0183169211507455,6.7,231,25.1,33.3,82.3,66,F,0
34.7,11.7,4.26,4.9,300,31.218575315397175,34.03727529292698,81.5,4,M,1
37.2,6.2,4.52,6.6,281,27.9,30.886445668635492,75.2,7,M,0
37.4,12.1,4.77,5.4,246,28.2300392867936,33.4,74.4,29,M,0
31.571522972602487,12.749350256875191,4.59,10.7,45,28.0,33.0,85.0,65,F,0
