age,sex,bmi,children,smoker,region,charges
31,female,21.755,0,yes,northwest,14917.899596661046
31,male,43.12433530324511,2,no,southeast,38711.0
27,female,42.9,3,yes,northwest,8385.64518926608
36,male,31.35,0,no,southeast,12979.358
20,male,31.79,0,no,northwest,-6145.168749683475
57,female,29.3,4,no,southwest,12459.994001852763
24,female,29.925,1,no,northwest,2850.68375
35,female,30.66339686098655,2,no,southwest,7740.337
72,male,19.57,3,no,northwest,18259.216
37,female,47.6,2,yes,southeast,46113.511
32,male,26.180414740070333,1,no,northwest,4462.7218
50,male,37.1,2,no,northeast,5375.038
24,female,42.9,1,no,southeast,2480.9791
52,male,46.68190857279119,1,no,southeast,47269.854
19,male,20.615,2,no,northwest,13270.422265141257
39,male,42.68,2,no,northwest,9800.8882
19,female,30.66339686098655,2,no,southwest,7421.19455
35,male,34.32,0,no,southeast,5934.3798
18,male,25.978988990318946,0,yes,northwest,11426.989544569613
48,female,29.37,0,yes,southeast,8283.6807
41,female,37.1,2,no,southwest,7371.772
23,female,34.4,1,no,southwest,1826.843
39,male,40.89924133462313,0,no,southeast,2721.3208
67,female,29.39212413283027,5,no,southwest,8551.347
49,female,34.8,2,no,southwest,10942.13205
61,male,37.4,0,no,southeast,27346.04207
53,female,30.66339686098655,1,no,southeast,9957.7216
53,male,35.64,1,no,southeast,29141.3603
26,male,29.81,1,yes,northwest,3877.30425
55,male,35.09,0,yes,southeast,47055.5321
39,female,31.152125737584143,1,no,northeast,22182.28690081013
39,female,22.61,1,no,northwest,13270.422265141257
63,female,32.395,1,no,southeast,13270.422265141257
-10,female,35.815,0,yes,northwest,21348.706
48,male,31.445,0,no,northeast,8964.06055
25,male,45.54,1,no,southeast,15269.846098029604
57,male,22.23,0,no,northeast,12029.2867
28,female,38.06,0,no,northwest,2689.4954
34,male,39.49,1,no,southwest,4536.259
22,female,31.02,3,no,southeast,17929.30337
19,male,35.53,0,no,northwest,1646.4297
48,male,22.8,5,yes,northeast,13270.422265141257
23,male,21.565,0,yes,northeast,13747.87235
59,female,30.66339686098655,0,no,southeast,13338.902117036376
46,male,30.875,1,no,southeast,6500.2359
52,male,37.0028235976845,0,no,northeast,13270.422265141257
37,male,36.19,3,yes,southeast,7032.4934155507035
44,female,32.34,1,no,southeast,7633.7206
18,male,29.245359947623307,1,no,southeast,1720.3537
32,female,30.66339686098655,1,yes,southeast,4544.2348
39,male,31.875512407517665,2,no,southeast,16905.65086871209
18,female,21.66,0,yes,northeast,14283.4594
