haematocrit,haemoglobins,erythrocyte,leucocyte,thrombocyte,mch,mchc,mcv,age,sex,source
41.2,10.5,4.52,4.1,314,23.2,30.7,82.54132366376703,37,F,0
46.2,17.39288332137764,5.2,8.715533393774555,265,29.6,33.33647627682079,88.8,72,M,1
31.3,12.88118847189394,4.01,6.9,258,27.98006800642576,33.2,83.98746756349043,87,M,0
37.2,11.776580973417687,4.13,6.3,286,30.816672436827556,33.33647627682079,90.1,28,F,0
38.1,12.0,3.9946542184530633,3.1,157,25.6,31.976795784950713,98.2,25,F,1
44.0,15.3,5.32,6.2,207,28.8,34.8,82.7,35,M,0
38.22611060743427,15.0,4.08,6.5,266,25.728074265882615,33.6,68.4,32,M,1
40.1,13.6,5.36,6.2,160,33.3,33.9,98.3,74,M,1
38.22611060743427,13.3,5.718011046797577,4.5,150,27.4,33.9,83.7,36,M,0
33.4,15.0,3.95,20.5,536,27.8,32.9,84.6,12,F,0
40.4,13.4,4.79,6.4,212,27.2,32.82956585386469,84.61133272892113,45,M,1
27.5,15.3,3.3,9.7,250,16.1,32.7,83.3,74,M,1
37.29225416565363,12.749350256875191,5.5,7.1,321,20.5,30.1,83.4,50,M,0
42.3,13.7,5.16,14.9,205,26.6,32.4,82.0,50,M,1
37.3,12.3,4.53,7.2,349,28.0,33.0,82.3,60,F,1
30.167154779394906,12.749350256875191,4.22,-5.451263080899956,150,22.5,33.3,86.7,46,F,0
42.7,14.3,3.723831373314538,7.5,282,27.3,33.5,77.1,57,M,1
25.4,11.0,5.05,9.793141015352195,292,29.7,32.8,87.7,33,F,0
41.5,13.7,4.544802055001511,8.8,301,28.2300392867936,33.0,77.7493160617245,46,M,0
36.21663018455003,10.5,3.39,6.0,258,31.0,35.4,88.52499801369547,38,F,0
26.799334411960135,13.7,4.38,5.0,356,24.2,31.7,76.3,70,F,0
45.6,14.5,5.28,10.674987401242534,396,27.5,29.5,86.4,94,M,0
33.6,11.7,3.51,8.715533393774555,354,28.2300392867936,34.8,95.7,60,M,0
25.8,8.6,2.9887798953027533,-0.49671945394296824,62,33.2,32.38138828893336,84.61133272892113,54,F,1
44.3,16.496806617134535,4.544802055001511,5.2,106,33.380542870117225,33.5,86.1,43,M,0
37.9,13.5,6.9,10.0,320,25.6,33.05823607241044,77.8,34,F,0
