haematocrit,haemoglobins,erythrocyte,leucocyte,thrombocyte,mch,mchc,mcv,age,sex,source
42.2,14.3,5.17,3.3,185,27.7,33.33647627682079,81.6,8,M,0
29.0,9.6,3.11,18.8,258,23.8,33.1,73.8,23,F,1
31.0,12.749350256875191,3.49,7.7,186,29.8,33.5,88.8,17,F,1
45.6,12.874560825399145,4.15,13.7,258,25.680038381931702,33.010039395366945,84.61133272892113,37,F,1
35.7,16.521867487828995,4.88,8.715533393774555,372,23.2,31.7,73.2,30,F,1
45.00155882307763,14.4,4.758409665639191,8.6,196,30.158906311906758,33.3,95.6,55,F,0
42.511294168337315,13.1,4.81,6.1,299,29.1,32.69632024292183,88.10921678694743,46,M,0
40.8,14.4,3.53,0.586245105055859,309,40.8,35.3,115.6,67,F,0
26.613693871785422,12.749350256875191,4.364516680056833,6.4,230,28.7,32.5,83.8,63,M,0
36.7,12.2,3.64,9.0,258,33.5,33.2,79.0,87,M,0
35.2,15.7,3.93,22.2,372,28.8,32.1,84.61133272892113,68,F,0
33.7,9.327810869194845,3.65,6.9,494,29.6,33.223271163879446,92.3,46,M,0
35.0,10.7,3.51,5.9,386,28.973506089000637,30.6,99.7,73,M,0
35.3,12.2,3.99,9.6,273,29.4,34.6,85.1,46,F,1
38.22611060743427,11.6,4.88,12.729773224741557,279,30.9,34.0,69.9,25,F,0
39.7,12.6,4.577033652713432,6.7,414,27.7,33.08122905782654,91.55177395920656,84,F,0
32.5,4.4,4.544802055001511,2.7,168,26.4,33.7,94.5,3,M,0
39.8,13.8,4.46,-8.504000865464228,227,28.6,34.7,89.2,33,F,0
31.8,10.1,3.62,6.3,90,28.2300392867936,31.8,76.00501881342879,69,F,0
46.6,15.6,5.52,8.715533393774555,325,31.500489017608007,33.5,84.4,23,M,0
38.22611060743427,13.3,4.544802055001511,5.1,295,28.2300392867936,32.4,88.0,49,F,0
29.9,9.6,4.04,3.8,378,28.2,32.3,87.9,80,M,0
34.3,12.058349200911326,5.09,8.3,313,27.6,33.33647627682079,89.6,-3,M,0
35.3,11.4,5.026361058153077,6.2,449,23.8,32.3,93.2,67,F,0
43.595230788739386,14.6,3.9,7.600261645152052,196,30.0,33.3,88.37922426311631,74,M,0
41.3,14.0,4.71,4.0,303,27.8,31.7,87.7,49,M,1
