age,sex,bmi,children,smoker,region,charges
46,male,37.8,1,no,northwest,13270.422265141257
64,female,33.8,1,yes,southwest,9800.8882
47,male,32.71374656740803,0,no,southwest,3201.24515
39,male,38.06,1,no,southeast,13842.849039372968
48,male,25.08,2,no,southwest,13197.900093199567
46,male,31.113477883384103,1,yes,northeast,2498.4144
34,male,29.8,2,no,southeast,11737.84884
42,male,28.394294352310773,1,yes,southwest,49.06420716456705
34,female,30.02,1,no,southeast,11022.041047882958
13,female,28.31,2,no,northeast,11272.33139
19,female,24.605,4,yes,northwest,2709.24395
38,female,25.74,0,no,southeast,-6410.666495294423
52,male,49.06,0,no,northeast,9722.7695
18,male,44.22,0,yes,southeast,36307.7983
64,male,48.00734071850426,2,no,southeast,13270.422265141257
40,male,32.77245164616646,0,no,southeast,5920.1041
57,male,25.41472119684064,1,no,northwest,17748.5062
49,male,30.66339686098655,2,no,southeast,47928.03
35,male,29.2,1,no,southeast,14750.235967936238
30,female,43.89,2,no,southeast,13880.949
47,male,24.985,2,no,northwest,11122.753142608413
34,female,29.48,0,no,southeast,4391.652
54,male,33.4,1,yes,southeast,17179.522
39,male,30.97,3,no,southwest,10600.5483
39,male,29.7,0,yes,southeast,7789.635
54,male,30.02,0,no,northwest,24476.47851
48,female,41.23,4,yes,northwest,11033.6617
25,female,32.23,1,no,southeast,18218.16139
53,male,30.66339686098655,1,no,southeast,8342.90875
34,male,42.13,2,no,southeast,5124.1887
46,male,28.05,1,yes,southeast,8233.0975
48,female,28.3,0,yes,northwest,17081.08
24,male,32.7,1,yes,southwest,13270.422265141257
37,male,22.81304319797074,1,no,northeast,9282.4806
39,male,36.2,1,no,southwest,8068.185
40,female,33.0,4,no,southeast,7682.67
29,male,28.7,1,no,southeast,7430.357045205872
40,male,23.060773145381575,3,yes,northeast,15079.850062446787
17,male,30.66339686098655,4,no,southeast,45256.43285681645
51,female,30.66339686098655,0,no,southwest,13270.422265141257
69,female,28.5,2,yes,southeast,13270.422265141257
44,female,38.17,1,no,southwest,4266.1658
18,female,25.08,0,no,southwest,2196.4732
23,male,19.8,0,no,southwest,10795.93733
36,male,28.225854770818252,5,yes,southeast,37742.5757
52,male,30.66339686098655,0,no,northwest,12231.6136
24,male,25.8,0,no,southwest,1972.95
30,female,30.9,0,no,southwest,17361.7661
39,male,35.3,0,yes,northwest,40103.89
50,male,23.098201756386363,0,yes,southeast,9964.06
37,male,30.8,0,no,southeast,6313.759
48,male,33.33,0,no,northwest,8283.6807
