age,sex,bmi,children,smoker,region,charges
60,male,35.04733265493349,0,no,southeast,1133.1469704844258
31,male,35.53,1,no,northeast,1532.4697
39,male,42.655,1,no,southwest,5757.41345
21,female,30.66339686098655,1,no,southeast,4350.5144
18,male,25.175,0,yes,northeast,15518.18025
25,male,35.625,0,no,southwest,13270.422265141257
33,female,40.5,0,no,southwest,1759.338
67,male,36.7,1,no,southeast,10807.4863
16,female,25.27,0,no,northeast,3044.2133
39,male,33.63,3,no,southeast,50097.35666867412
35,male,23.76,1,no,northwest,5630.45785
53,female,35.9,2,yes,southwest,25809.053934312447
31,female,26.170545523503105,5,yes,southeast,4189.1131
52,male,32.67,0,no,southeast,9144.565
57,female,34.6,0,no,northeast,13270.422265141257
47,male,19.57,1,no,northwest,37079.372
43,female,26.79,1,no,northwest,4931.647
21,male,34.632123000553385,1,no,northwest,2103.08
36,female,25.84,4,no,northwest,5266.3656
33,female,30.66339686098655,0,no,southeast,-3051.334326635717
21,male,30.78,0,no,northwest,2404.7338
61,female,33.915,0,no,northeast,13143.86485
63,male,30.8,0,no,southwest,13390.559
59,female,32.395,0,no,northeast,14590.63205
22,male,25.175,0,no,southeast,2045.68525
46,male,20.29079187699038,0,yes,southeast,9301.89355
