age,sex,bmi,children,smoker,region,charges
33,male,35.625,3,yes,northwest,37465.34375
53,male,22.0,1,no,northwest,48824.45
18,female,30.66339686098655,0,yes,southeast,29186.48236
30,female,18.905,0,no,southwest,1748.774
53,female,32.3,2,no,northeast,2198.18985
50,female,25.6,0,no,southwest,8932.084
51,female,36.385,3,no,southeast,10713.644
39,female,29.07,0,no,northeast,11534.87265
28,male,31.675082186602094,0,yes,southwest,3281.1918605062738
55,male,25.4,5,yes,southeast,28156.39674039087
39,male,28.535392663366885,0,no,northwest,17748.5062
32,female,29.8,2,no,southwest,5152.134
31,male,32.775,2,no,southwest,5327.40025
39,male,27.645,1,no,northeast,4237.12655
57,male,42.13,1,no,southeast,48675.5177
40,female,33.0,1,no,northeast,7682.67
57,male,23.6,3,no,southwest,8539.671
29,male,22.515,3,no,northeast,8368.812813882172
19,male,33.54459426722903,3,yes,northwest,20745.9891
41,female,21.755,1,no,northeast,13725.47184
10,male,30.59,0,yes,northwest,13270.422265141257
49,female,28.8466625507296,0,no,southwest,13270.422265141257
24,male,26.79,0,no,southwest,11062.981622893873
19,female,18.335,0,no,northwest,17352.6803
35,female,30.66339686098655,1,no,southeast,5116.5004
32,male,33.82,1,no,northwest,4462.7218
