haematocrit,haemoglobins,erythrocyte,leucocyte,thrombocyte,mch,mchc,mcv,age,sex,source
44.5,15.6,4.544802055001511,12.9,387,28.8,35.1,81.68168123667078,12,M,1
43.8,15.0,5.36,10.368398056551845,185,28.9,34.2,84.4,29,M,0
36.4,12.8,4.17,5.686223105980182,258,29.6,36.1,87.3,78,M,0
39.9,11.922316847769636,3.085640881341382,2.4,163,23.8,32.3,84.61133272892113,5,M,0
38.22611060743427,12.3,4.38,10.7,265,28.1,32.1,85.2,51,F,1
27.1,8.7,3.5,21.7,312,24.9,32.1,77.4,46,M,0
37.5,12.3,3.92,4.8,315,27.3,32.08539220558623,84.61133272892113,68,M,0
30.498065247085776,14.0,4.544802055001511,7.841145279085339,68,29.8,34.9,85.3,41,M,1
33.4,12.091759993743501,4.78,5.0,282,27.917137607923802,34.5,88.5,27,M,0
18.8,5.8,5.74,9.9,261,30.1,33.33647627682079,97.4,58,F,0
31.0,11.741409974134061,5.64,8.9,191,31.4,33.5,66.7,89,F,1
42.3,7.80905881700217,3.79,8.2,466,29.0,32.034176424150054,79.62782659776542,80,F,0
42.0,12.749350256875191,4.85,5.6,312,29.1,33.6,90.87882476378181,71,M,0
37.2,15.6,3.5441126094037254,5.2,137,30.4,33.5,90.6,50,F,0
34.6,11.7,2.4839776343029154,2.9,264,26.60275139695837,33.8,92.3,62,M,0
46.1,11.5,5.47,9.9,106,28.2300392867936,32.5,84.3,53,M,0
43.6154280243545,15.0,5.073673308201606,15.44155783337883,258,25.31127228316395,33.2,83.3,33,M,1
45.5,15.1,5.55,8.2,328,27.2,35.1,82.0,31,F,1
35.4,17.2,4.18,10.5,207,29.4,33.33647627682079,98.5,56,F,0
39.68996835702178,13.6,4.99,5.8,228,27.3,32.5,83.8,76,M,1
42.76336032880528,13.3,4.3,4.9,183,24.8,34.19932639711371,89.5,56,F,1
40.1,12.8,4.7,1.8,187,28.2300392867936,30.541953189472085,85.3,61,M,0
38.22611060743427,12.749350256875191,4.64,8.715533393774555,403,32.33058397914575,32.5,83.0,39,M,1
19.7,6.5,2.09,24.6,280,31.1,33.0,94.3,74,F,1
44.9,14.4,3.31,9.8,338,25.5,32.1,88.24389293772605,46,F,1
26.4,9.0,3.3,8.715533393774555,145,31.4,32.7,82.8,74,F,0
