haematocrit,haemoglobins,erythrocyte,leucocyte,thrombocyte,mch,mchc,mcv,age,sex,source
36.6,12.749350256875191,4.56,20.1,258,28.2300392867936,37.2,80.3,11,M,0
31.8,9.1,3.97,8.715533393774555,395,28.2300392867936,28.6,76.40164789884865,71,F,0
45.9,15.0,5.59,6.0,255,26.8,36.0,93.1,53,M,1
36.8,9.914760707137315,4.485633607440942,9.7,234,26.3,33.11547378101542,76.2,10,F,1
32.6,11.2,4.32,8.1,204,29.90630306609961,33.4,74.5,24,M,0
41.0,13.8,4.65,6.1,299,29.7,33.33647627682079,88.2,55,M,1
46.11374965433152,15.2,4.93,8.0,310,20.7,32.18752375878111,73.4269707619243,41,F,0
44.0,12.749350256875191,5.06,1.3,218,28.7,33.0,84.74081632397706,74,M,0
35.4,12.2,4.14,15.9,49,29.5,32.1,85.5,44,M,0
38.22611060743427,15.3,3.5,4.301098527537743,150,26.432036248597264,32.9,77.4,25,F,0
38.3,12.7,4.877681324044154,8.715533393774555,324,30.324601335971497,33.2,87.0,22,F,1
40.5,15.2,3.565321332285283,30.0,198,28.5,32.8,78.50249733982415,40,F,1
36.0,15.2,6.004352014220488,11.4,175,29.5,33.33647627682079,90.1,60,F,0
45.8,15.2,5.29,7.7,798,28.7,33.2,86.6,39,M,0
51.30197225434432,16.5,6.09,14.467716558743984,118,27.1,31.020274075356838,80.8,81,M,1
40.96841105395205,9.4,4.98,15.62355494581186,258,27.4,32.6,82.1,17,F,0
35.0,12.6,4.544802055001511,6.6,408,30.3,33.9,82.3,46,M,0
38.22611060743427,15.1,3.51,5.1,282,29.1,33.4,86.9,55,M,0
46.5,12.2,4.08,14.736913615402042,50,29.9,33.9,88.2,45,M,1
42.6,14.3,4.544802055001511,3.8,261,30.4,33.6,84.61133272892113,21,F,0
47.3,15.7,5.85,3.0,167,29.43335667935489,30.86844240896574,80.9,32,M,1
30.366977974157702,10.2,5.15,7.5,312,29.3,33.9,84.61133272892113,46,M,0
38.9,7.9700940272406156,4.29,10.7,280,27.9,34.4,90.7,36,M,0
41.2,12.5,4.01,9.4,218,31.2,33.9,92.0,25,M,0
33.3,11.823696182402436,3.98,7.0,286,28.1,33.6,91.7,89,F,0
38.3,13.784425329519852,7.54,8.3,633,21.0,29.8,70.5,21,F,0
