age,sex,bmi,children,smoker,region,charges
19,male,30.66339686098655,0,no,southeast,1625.43375
36,male,28.88,3,yes,northeast,11674.13
44,male,37.715,0,no,southeast,8302.53565
53,male,28.1,3,no,southeast,11741.726
65,male,43.89,3,no,southeast,-29.033898267800396
55,male,32.67,1,no,southeast,10807.4863
50,female,41.23,4,no,northwest,5846.9176
25,female,30.66339686098655,3,no,southeast,8547.6913
39,female,26.22,0,no,northeast,14256.1928
59,male,38.43857670303674,0,yes,southwest,21797.0004
62,male,27.06,0,no,southwest,17043.3414
28,male,28.025,1,no,southeast,34672.1472
19,female,30.02,1,yes,southeast,34574.17447091302
54,female,30.66339686098655,2,no,northwest,21098.55405
53,male,30.59,1,no,northeast,2459.7201
36,male,31.68,1,no,southeast,4239.89265
39,female,34.58,1,no,southeast,2498.4144
60,male,25.46,0,no,northeast,13012.20865
26,male,30.495,0,no,northwest,-12190.672781481167
18,male,38.17,0,yes,southeast,23967.896120372992
59,male,39.49,1,no,southwest,2416.955
61,male,30.495,0,no,northwest,13270.422265141257
19,male,27.835,1,no,northwest,1635.73365
48,male,33.797438618717166,0,no,southwest,8277.523
30,female,33.72159917824969,1,no,northeast,13270.422265141257
62,female,39.16,0,yes,southeast,13470.8044
48,female,24.42,0,yes,southeast,4149.736
19,male,40.375,0,no,southeast,7762.225044083386
24,female,29.52330514669135,3,no,northeast,5568.866239224963
-10,male,45.9,1,no,southeast,3693.428
64,male,14.057483692244594,0,yes,northwest,29330.98315
19,male,28.4,1,no,southeast,1842.519
47,male,30.66339686098655,1,no,southwest,13270.422265141257
39,male,21.913788463435555,5,no,southeast,12501.150248450154
18,female,27.455,1,no,northwest,4698.616876389373
30,male,24.035,1,no,southeast,3645.0894
29,female,17.955,2,no,northwest,15006.57945
19,male,28.31,0,yes,northwest,17468.9839
51,male,37.0,1,no,southwest,8798.593
46,male,24.795,0,no,northeast,2632.992
60,female,27.078573279150476,0,no,southeast,12629.8967
39,female,23.37,0,yes,northeast,19964.7463
50,male,25.46,0,no,northeast,6311.952
38,female,27.6,0,no,northeast,13270.422265141257
39,female,35.15,2,no,northeast,7201.70085
54,male,28.37240969061259,0,yes,southeast,41999.52
53,male,30.66339686098655,0,yes,southeast,9487.6442
34,female,38.6,0,yes,southwest,9500.57305
59,female,17.674477079233856,0,yes,northwest,16873.029273244098
12,male,32.30819858768854,0,no,southwest,16581.95050072408
39,male,31.35,1,no,southeast,13270.422265141257
23,male,33.66,0,no,southeast,7727.2532
