age,sex,bmi,children,smoker,region,charges
39,male,30.21,0,no,northeast,35160.13457
18,female,39.82,0,no,southeast,1633.9618
37,male,27.87810056306507,0,no,southeast,19214.70553
39,female,31.3,2,no,southwest,2007.945
34,female,33.17491408514017,0,no,southwest,20524.13585303929
64,male,30.14,2,no,southeast,11881.9696
37,female,38.69495966468929,0,no,northwest,24513.09126
62,female,20.8,0,no,northeast,13451.122
45,female,24.53497037415217,-2,no,southeast,9707.315289671882
27,female,21.212000353583537,2,no,southeast,13270.422265141257
58,female,28.215,0,no,northwest,38245.59327
60,female,30.4,0,no,northwest,25500.889895464938
45,male,22.895,2,yes,northwest,6551.7501
39,male,33.7,0,no,southwest,8827.2099
28,female,30.8,1,no,northwest,17657.64654212223
55,female,32.395,1,yes,northwest,11879.10405
59,male,30.66339686098655,4,yes,southeast,14590.63205
39,male,35.3,1,no,southwest,16792.03786889348
22,male,41.3494191499258,0,no,northwest,12523.6048
61,female,35.91,4,no,northeast,13270.422265141257
62,female,28.88,0,no,northwest,16138.76205
62,female,30.66339686098655,0,no,southwest,13470.86
78,male,32.6,4,no,southeast,4504.6624
44,male,30.66339686098655,1,no,southeast,7152.6714
19,male,34.8,0,no,southwest,34779.615
40,male,22.3,0,no,northwest,7147.105
33,male,30.66339686098655,2,no,southwest,16776.30405
41,female,33.66,1,no,southwest,7954.517
23,male,30.66339686098655,3,no,northeast,36189.1017
93,male,33.725,0,no,northwest,10976.24575
31,male,27.645,2,no,northeast,10600.5483
19,male,37.05,0,no,northwest,13064.486292157282
43,male,25.08,1,no,southeast,13270.422265141257
31,male,20.454626399155046,1,no,northwest,4350.5144
50,male,26.41,0,no,northwest,5012.471
59,female,33.977965928575024,-3,yes,northwest,2055.3249
39,female,29.0502825243085,0,no,northwest,3756.6216
62,female,31.2,1,yes,southeast,13844.7972
41,male,24.53,0,no,northwest,1646.4297
54,male,40.565,0,no,southeast,10231.4999
29,female,23.0,3,no,southeast,12094.478
43,male,33.55,0,no,southeast,5699.8375
39,female,26.6,2,no,northwest,-10281.074844926476
28,male,43.7,1,no,southwest,3277.161
24,female,32.49,1,no,southwest,46418.76231915002
57,male,33.84972261514583,2,no,southwest,6870.590708775459
25,female,23.845,0,no,northeast,2395.17155
50,male,30.97,3,no,northwest,5031.26955
30,female,27.93,0,no,southeast,13270.422265141257
42,male,35.97,4,no,southeast,740.2412175824884
32,female,24.6,2,no,southwest,13270.422265141257
32,female,30.03,1,no,southeast,4074.4537
