age,sex,bmi,children,smoker,region,charges
36,male,43.12,1,no,southeast,26232.67819512326
28,female,26.885,0,yes,northwest,11436.73815
38,female,44.22,0,no,southeast,3732.6251
41,female,24.95625954593055,0,no,northeast,25656.57526
18,female,38.665,5,no,northeast,6891.077248847547
53,male,20.9,0,yes,southeast,21195.818
51,male,23.21,1,yes,northwest,22218.1149
39,male,36.71904776819819,0,no,northwest,3857.75925
18,male,29.37,0,no,southeast,1719.4363
51,female,30.155097141191582,0,no,northeast,9361.3268
21,female,28.215,0,no,southeast,2020.5523
49,male,35.97,0,no,southeast,42124.5153
64,male,24.42,1,no,southwest,8068.185
20,male,32.395,1,yes,northwest,2362.22905
43,male,25.52,0,no,southeast,14478.33015
62,female,23.54,2,no,southeast,5124.1887
63,female,26.98,0,no,northwest,28950.4692
43,male,31.46,1,no,southeast,27000.98473
57,female,28.785,4,no,northeast,14394.39815
50,male,37.4,1,no,southeast,6600.20595
44,male,31.35,1,yes,northeast,39556.4945
28,female,33.11,2,no,northwest,-8052.879575963247
50,male,27.58308020024119,0,yes,southeast,11959.934923801778
18,female,47.818582301804156,0,no,southeast,5652.369494618943
31,male,28.88402150605784,1,yes,southeast,38746.3551
39,male,34.50414064179082,1,no,northwest,13270.422265141257
39,male,30.66339686098655,2,no,northeast,23563.01618
48,male,22.8,0,no,northwest,13270.422265141257
56,male,32.67,1,no,southeast,5080.096
21,female,34.87,0,yes,northeast,2200.83085
27,female,34.8,1,yes,southwest,3577.999
25,female,26.22,0,no,northeast,7441.053
39,male,30.66339686098655,1,no,southeast,18047.373009206174
36,female,48.07,0,no,northeast,3956.07145
39,male,28.5,0,yes,southeast,35147.52848
18,female,23.7280028789957,0,no,northwest,9198.111106164124
50,male,41.64054028399765,1,no,southeast,9058.7303
26,female,27.55,2,yes,southeast,23306.547
35,female,34.105,1,yes,northeast,10807.4863
31,male,30.66339686098655,1,no,southeast,13270.422265141257
38,male,32.0,2,no,southeast,-13061.150169629767
18,male,30.66339686098655,0,no,southeast,36307.7983
24,male,20.52,0,yes,southeast,5092.46282927477
24,male,23.21,0,no,southeast,13270.422265141257
43,female,31.255,1,no,southeast,5469.0066
58,male,41.91,1,no,southeast,24227.33724
28,male,32.261454825749915,1,no,southwest,2721.7165191197455
18,male,23.32,1,no,southeast,1711.0268
42,female,32.87,1,no,northeast,13270.422265141257
39,female,39.6,1,no,southwest,1135.9407
28,male,24.3,5,no,southwest,5615.369
39,male,30.66339686098655,1,no,southwest,5472.449
