age,sex,bmi,children,smoker,region,charges
27,male,33.155,2,no,northwest,4058.71245
38,male,16.815,2,no,southeast,21345.59111841629
44,male,22.135,2,no,southwest,7358.17565
18,male,26.125,1,no,northeast,1708.92575
27,male,35.53,0,no,southeast,1532.4697
32,male,27.74,1,no,southeast,18251.33595746089
48,female,30.79657999877972,0,no,northwest,5272.1758
61,female,22.51491995532587,0,no,southwest,13415.0381
19,male,31.92,0,yes,northwest,33750.2918
19,female,40.26,2,yes,southeast,1634.5734
29,female,38.06,3,yes,northwest,44400.4064
39,male,30.66339686098655,0,no,northwest,2866.091
42,male,41.325,1,no,northeast,13270.422265141257
60,female,35.10487835707977,0,no,southwest,18955.22017
20,male,30.97,1,no,southwest,14674.165249736938
55,male,45.56587296404838,0,no,northwest,11082.5772
39,female,30.66339686098655,2,no,southwest,2302.3
36,female,19.475,4,no,southwest,38415.474
59,female,30.66339686098655,3,no,southeast,14001.1338
29,female,25.9,0,no,southwest,3353.284
40,female,17.4,1,no,southwest,7077.1894
22,male,21.28,3,no,southeast,4296.2712
26,male,33.915,0,no,southwest,5979.731
61,female,39.1,0,no,southwest,14235.072
18,female,47.74,4,no,northwest,6985.50695
25,female,34.485,1,no,southeast,1702.4553
53,male,34.105,0,no,northeast,57714.42364597366
39,female,16.932783409784424,2,no,southwest,3238.4357
46,male,21.47,3,no,southeast,12475.3513
45,male,30.78,1,yes,northwest,13270.422265141257
41,female,28.31,4,no,southwest,7153.5539
62,female,28.5,1,no,northeast,14127.467754547188
37,male,34.2,1,yes,northeast,13270.422265141257
48,male,26.695,3,no,northeast,10141.1362
38,male,30.8,3,no,northeast,13270.422265141257
52,male,30.91725921124426,0,no,northeast,11396.9002
18,male,30.66339686098655,-1,no,northeast,3021.80915
37,male,29.64,0,no,northwest,5028.1466
39,male,30.66339686098655,0,no,northwest,15328.872154359527
57,female,23.333958829452456,0,no,southwest,13270.422265141257
32,male,33.63,1,yes,southeast,6940.90985
39,male,37.905,1,no,southwest,23700.97432105639
36,female,34.43,1,no,southeast,9249.4952
33,male,26.004061110447125,0,no,southeast,3761.292
56,female,27.2,0,no,southwest,15925.014239902237
30,female,27.378296312429704,0,no,northwest,3176.8159
53,male,31.16,4,no,northwest,10461.9794
31,female,39.16,1,no,southeast,13850.146210351595
52,male,29.92,1,no,southeast,3392.9768
56,female,29.9,0,no,northeast,-5990.629653902577
60,male,31.033428810880686,0,no,northeast,12730.9996
27,female,31.635,0,no,southeast,8302.53565
