haematocrit,haemoglobins,erythrocyte,leucocyte,thrombocyte,mch,mchc,mcv,age,sex,source
41.1,13.6,5.01,2.8,258,27.1,34.2,78.7,68,F,1
40.1,13.6,3.84,2.8,241,37.19318078124528,33.9,82.65138928181726,78,F,0
40.4,12.3,4.75,1.5638007793106943,124,28.8,33.9,85.1,25,M,1
28.23269836997651,13.9,4.544802055001511,7.8,228,28.92533497348758,33.1,84.8,36,M,0
38.22611060743427,12.749350256875191,4.58,6.6,151,29.3,36.0,81.2,34,M,0
46.7,15.6,5.3,5.9,296,28.2300392867936,33.4,84.61133272892113,34,M,0
35.7,13.7,4.51,4.1,145,28.2300392867936,37.4,79.2,10,M,1
38.8,13.5,4.87,6.3,187,26.6,32.6,76.5,8,M,0
41.1,8.2,4.67,6.4,282,29.8,33.8,88.0,63,M,0
37.9,11.9,4.11,7.9,129,29.0,31.4,86.14971499489845,33,F,0
39.8,12.5,4.2,7.2,303,29.8,34.34422266598343,91.4,31,M,0
31.0,15.4,3.23,8.715533393774555,192,32.8,34.2,96.0,68,F,0
55.3,13.8,4.86,11.4,64,28.4,35.0,81.1,30,M,1
34.1,11.7,4.66,2.0431725673955006,357,31.2,32.411636520897815,77.30791779654957,7,F,1
35.7,12.749350256875191,4.368774285624786,3.1,117,27.8,33.3,83.4,86,F,0
38.4,13.22044435709507,6.209124552883592,4.8,15,25.1,33.4,93.4,46,M,0
46.6,12.9,4.544802055001511,8.715533393774555,269,22.1,32.3,83.20074934577754,46,F,1
34.3527856898153,11.5,4.747950135563411,7.4,191,20.4,33.33647627682079,83.9,33,F,1
36.5,12.1,7.12,9.133018662814061,407,28.7,33.2,85.3,48,F,0
42.0,14.4,5.07,2.3,542,27.8,33.33647627682079,86.2,53,M,1
30.98960131937799,12.0,4.09,25.4,706,30.216118181522564,35.0,66.0,59,M,0
38.22611060743427,12.61896094996426,4.75,15.8,204,27.6,32.4,85.1,39,M,1
40.8,14.512847634875873,4.3,5.6,258,27.854692935343436,33.3,84.61133272892113,73,M,0
30.7,9.7,4.17,15.2,37,23.3,31.77089910381403,73.6,29,M,1
32.12312063879228,14.095235105395748,2.92,2.793914919662821,284,29.1,31.224228286111313,87.4,74,M,0
43.5,14.8,5.019636941290769,12.7,334,27.5,34.0,80.7,1,F,0
