haematocrit,haemoglobins,erythrocyte,leucocyte,thrombocyte,mch,mchc,mcv,age,sex,source
39.5,11.3,2.55,6.4,193,28.8,32.1,84.61133272892113,35,F,0
38.1,12.8,4.14,2.0,72,30.6,33.6,77.94192219580675,46,F,0
45.6,15.0,5.46,8.2,423,27.5,33.33647627682079,83.5,33,M,0
31.0,11.765512349843783,3.3084303995583975,7.001158191597705,386,29.8,33.5,88.8,66,M,0
42.8,13.077309051695718,5.35,6.8,325,28.2300392867936,32.9,80.0,32,F,1
31.807901244338726,10.9,3.8,22.3,368,27.498040461874137,32.5,86.1,49,F,0
46.0621585382511,13.4,4.27,4.7,258,31.378266881133282,35.1,77.40349571378506,75,M,0
29.5,13.90597023406626,3.4,9.2,319,30.9,36.0,86.8,81,M,1
47.72715391638471,13.4,5.108432390673134,11.220254532123093,230,30.5,33.2,84.61133272892113,80,F,0
29.9,9.9,3.21,14.293899245853613,95,30.8,33.1,70.5,39,M,1
48.6,12.749350256875191,5.71,8.715533393774555,525,27.8,32.7,85.1,44,F,0
36.0,11.7,4.73,6.3,84,24.7,33.3,76.1,46,M,0
38.3,12.749350256875191,3.8350868591122045,8.2,372,28.7,34.3,90.6729488458046,47,M,0
34.8,11.5,4.03,7.2,237,31.1,33.0,90.6,42,F,0
38.22611060743427,13.4,3.9206283553657544,8.9,304,28.4,33.7,84.3,46,M,0
38.22611060743427,13.0,4.34,5.7,320,32.5,33.876561800850226,95.99598373474015,78,F,0
29.187330786065562,11.7,3.4,16.3,218,30.9,33.207423690299514,90.6,49,F,1
47.6,16.5,5.66,8.715533393774555,255,28.2300392867936,33.67012679184709,84.1,16,M,1
47.5,15.8,5.61,9.1,348,24.93095573479866,33.33647627682079,66.2,42,F,0
22.0,15.2,4.544802055001511,7.1,42,26.5,34.3,77.1,12,F,0
40.5,12.7,5.81,0.36586299742523476,261,27.8,31.4,88.6,92,F,0
41.4,13.7,4.86,6.0,61,28.2,33.1,85.2,39,M,1
34.9,10.8,4.544802055001511,13.4,246,28.6,36.2,86.4,51,M,0
23.2,14.216926693688295,3.93,3.6,134,30.2,33.2,91.0,70,M,0
35.2,12.8,5.85,7.4,258,27.763776026225194,34.09752351162204,83.5,16,M,1
48.0,16.3,5.51,3.5,120,29.6,34.0,87.1,40,M,0
