age,sex,bmi,children,smoker,region,charges
18,male,25.175,0,yes,northeast,13270.422265141257
5,male,30.115,5,no,southeast,4915.05985
39,female,36.75382066986464,2,no,northwest,13270.422265141257
19,female,17.8,0,no,northeast,1727.785
21,female,34.8,1,no,southwest,1842.519
37,female,38.39,0,yes,southeast,18049.8891542116
45,male,28.12,0,no,southwest,19214.70553
33,female,30.66339686098655,1,no,southwest,5972.378
18,female,25.08,0,no,southeast,2196.4732
24,male,40.15,1,no,southeast,54462.193867802154
46,male,26.62,1,no,southwest,7742.1098
41,female,31.02,0,no,southeast,6185.3208
23,male,42.959134585585865,1,yes,southeast,2789.0574
28,female,29.26,2,no,southeast,-11108.361317067316
32,female,29.59,1,no,northwest,15820.699
30,male,44.22,2,no,southeast,30166.61817
46,female,35.9,2,no,southeast,11163.568
62,male,25.49675666931759,1,no,northwest,14254.6082
27,female,24.75,5,yes,southeast,16577.7795
29,female,30.495,0,yes,southwest,36197.699
37,male,34.4,2,yes,northwest,8413.46305
42,male,40.185,0,no,northwest,22864.82550701344
51,male,30.66339686098655,4,no,northwest,11520.09985
64,male,24.7,3,no,northwest,4266.1658
30,male,38.06,1,no,southeast,42560.4304
39,male,21.798033940449915,1,no,southeast,13937.6665
