age,sex,bmi,children,smoker,region,charges
35,male,28.31,1,no,northeast,11272.33139
55,female,32.67,1,no,southeast,32362.198539483426
63,male,30.8,0,no,southwest,13390.559
23,female,24.27557117371912,1,yes,southeast,22299.24084377092
39,female,30.66339686098655,5,no,southeast,6571.544
46,female,32.5,0,no,northeast,9748.9106
73,female,33.25,0,no,northeast,13980.167509893683
24,male,23.4,1,yes,southwest,1969.614
6,male,21.56,2,no,southeast,5245.2269
51,female,24.97,1,no,southeast,9855.1314
46,male,36.232912291106274,2,no,southeast,8733.22925
39,male,34.77,1,no,northwest,9583.8933
18,male,26.315,1,no,southeast,2198.18985
55,female,29.7,2,yes,northwest,11881.358
61,female,33.535,0,no,southeast,13143.33665
18,female,31.13,0,no,southeast,1621.8827
22,female,23.18,0,no,northeast,13270.422265141257
62,female,39.16,0,yes,southeast,13470.8044
64,male,40.409564619962715,4,no,northwest,19442.3535
29,male,38.19,0,yes,northeast,14410.9321
38,female,31.68,2,no,southwest,1743.214
20,male,30.66339686098655,1,yes,northeast,17085.2676
21,male,22.135,0,no,southeast,15859.339003312803
20,female,27.93,1,no,northeast,10450.552
54,male,33.02055753115957,2,no,southeast,11881.9696
28,male,20.52,0,yes,northeast,13270.422265141257
