age,sex,bmi,children,smoker,region,charges
54,female,46.7,2,no,southeast,11538.421
52,male,22.42,2,no,northeast,26915.04738996733
44,male,30.2,2,no,southwest,38998.546
59,female,25.46,0,no,northwest,12124.9924
55,male,25.6,1,no,southeast,10807.4863
36,female,22.22,2,yes,southeast,13270.422265141257
18,male,23.75,0,no,southeast,13270.422265141257
29,female,35.32780455832087,0,no,southeast,13270.422265141257
48,male,24.92169775303867,2,no,southeast,1824.2854
19,male,41.69,1,no,northwest,6406.168254950619
21,male,49.06,1,yes,southwest,2020.177
27,male,25.745,1,no,southeast,2710.82855
54,female,30.60465449659126,3,yes,southeast,20462.99766
43,female,28.394813624199504,0,yes,northwest,586.4053675452706
50,female,14.14687975966633,3,no,southwest,10118.424
28,female,26.29,0,yes,northeast,27808.7251
36,male,29.92,0,no,southeast,4889.0368
50,male,34.43,3,no,southeast,13270.422265141257
50,female,32.67,2,no,southwest,45702.02235
53,male,36.6,0,yes,southwest,11264.541
44,male,30.66339686098655,1,no,southeast,39556.4945
47,female,19.19,1,no,northeast,10564.8845
59,female,35.2,0,no,southeast,4644.559444143573
30,male,14.196205380049228,0,no,northeast,12941.414643932229
28,male,26.315,0,no,northwest,3906.127
39,male,33.0,1,no,southeast,7682.67
48,male,41.14,1,no,northwest,21797.0004
26,male,31.065,2,no,northwest,2699.56835
21,female,17.4,1,no,southwest,2585.269
50,female,28.16,3,no,northeast,20830.408036889497
47,male,30.66339686098655,5,no,southwest,5426.525950494908
40,male,26.03,0,yes,southeast,7535.2826666741375
39,male,40.81,2,no,northwest,6593.5083
20,female,30.59,1,no,northwest,24059.68019
59,male,37.4,0,no,northwest,9249.4952
62,female,30.66339686098655,2,no,northwest,2217.46915
16,female,30.66339686098655,1,no,northeast,28476.73499
25,male,30.66339686098655,5,no,southwest,5080.096
50,male,26.41,1,no,southeast,8827.2099
19,male,35.31,3,no,southeast,27724.28875
24,female,32.851664958640626,0,yes,southwest,14571.8908
50,male,21.468035234102445,0,no,southeast,2138.0707
35,female,38.095,2,no,northeast,13270.422265141257
39,male,33.66,3,no,southeast,15161.5344
39,female,19.386981592548686,0,no,southwest,22933.90957900766
41,female,35.75,1,yes,southwest,36450.54213464522
28,female,28.88,1,no,northeast,4337.7352
39,female,32.775,-1,no,northeast,36837.467
39,male,35.3,5,yes,southwest,10795.93733
54,female,38.28,3,no,southeast,1631.8212
54,male,28.135786294785824,1,yes,southwest,1261.859
41,male,28.8,1,no,southeast,6282.235
