haematocrit,haemoglobins,erythrocyte,leucocyte,thrombocyte,mch,mchc,mcv,age,sex,source
32.7,10.0,6.333131994384688,12.6,633,19.0,30.6,64.58000627763448,15,M,0
41.3,14.630484445168573,4.68,24.8,40,28.8,30.0,88.2,44,M,0
36.0,14.1,4.66,7.6,251,30.3,34.1,88.6,64,M,1
37.718253963972245,16.3,4.18,7.7,218,28.2300392867936,34.1,84.6,21,M,0
49.3,16.4,5.86,9.6,322,28.0,32.29028048027522,84.1,46,M,0
43.0,13.34267019680312,3.44,12.8,284,29.6,34.9,74.8,17,M,0
38.22611060743427,12.749350256875191,4.32,2.4,218,30.556113207479218,35.6,84.61133272892113,77,M,1
44.629948933714566,15.1,3.833431059913921,-1.228172592938864,183,28.2300392867936,32.8,84.77866307023349,32,F,0
26.8,14.5,2.93,3.5806992466976437,528,28.241251614806984,34.3,89.1,47,M,1
34.9,11.0,4.25,5.6,289,20.341334667648322,31.5,82.1,65,M,0
37.50424729883477,16.3,5.08,10.1,241,27.6,33.940160967307776,89.9,60,M,0
38.22611060743427,10.3,4.45,8.715533393774555,387,23.1,30.9,74.8,-7,M,0
42.95059282480476,15.8,4.947662431267026,8.7,307,26.45700124663138,33.9,84.61133272892113,52,M,0
37.1,11.8,4.04,9.0,258,20.3,33.6,93.6118976898317,5,F,0
41.7,14.5,5.42259435784548,18.2,305,30.1,33.00267797193807,86.7,59,M,0
40.8,12.749350256875191,5.84,8.7,73,24.8,35.5,69.9,18,M,1
41.0,13.064819652630794,4.544802055001511,10.0,291,25.6,32.9,71.8,34,F,0
24.1,7.6,2.53,5.8,248,30.0,31.5,95.3,81,M,0
48.9,14.0,5.81,5.8,237,28.1,32.676148671335085,84.2,40,M,0
36.4,12.3,4.05,5.4,344,27.6,33.8,84.6,35,F,1
40.3,12.8,4.46,13.8,241,28.7,33.4,83.6,76,M,1
42.3,16.663104647331192,4.544802055001511,7.3,333,30.4,33.33647627682079,84.6,73,F,0
33.5,12.8,5.06,5.8,275,31.7,32.5,97.4,46,F,0
36.6,13.6,4.56,3.0467613919081016,258,29.8,33.33647627682079,80.3,62,M,0
43.4,8.8,2.98,14.55062049539654,486,29.5,32.8,89.9,44,F,1
44.7,15.0,5.36,8.715533393774555,266,27.4,33.6,90.11299520068236,32,M,0
