age,sex,bmi,children,smoker,region,charges
66,male,27.645,0,no,northwest,6402.29135
19,male,27.93,3,no,northwest,13270.422265141257
48,male,28.0,0,no,southwest,18838.70366
27,male,30.5,0,yes,southwest,2494.022
24,female,30.74556983884259,-1,yes,southwest,20410.234288226216
17,male,31.02,0,no,southeast,16586.49771
40,male,22.247126855499097,1,no,southwest,15820.699
24,male,33.915,0,no,northeast,13143.86485
57,male,36.494937459445936,1,no,southwest,1256.299
39,female,26.29,0,no,southeast,5209.57885
60,female,18.335,1,no,northeast,13270.422265141257
55,female,29.7,3,no,southwest,11881.358
60,male,28.31,3,no,northeast,13770.0979
50,male,35.429059270961375,4,no,southeast,-4084.696932734063
40,female,30.66339686098655,1,no,northeast,-242.62318234563372
26,female,24.225,2,no,northeast,25805.398994283878
69,male,29.64,0,no,southeast,14210.53595
43,female,27.5,5,no,southwest,7626.993
29,female,23.465,0,no,northeast,10594.50155
39,female,31.662625734640493,2,yes,southeast,25605.420294293923
38,male,44.08191611918848,2,no,southwest,-5665.979121473683
62,female,51.112544969265116,1,yes,northeast,40904.1995
51,female,39.5,1,no,southwest,9880.068
29,male,28.975,1,yes,southeast,4040.55825
18,male,30.66339686098655,0,no,northeast,13270.422265141257
39,female,41.23,1,no,southeast,11033.6617
19,male,27.835,0,no,northwest,3410.324
39,female,23.6,-2,no,southwest,8539.671
47,female,45.32,1,no,southeast,8569.8618
39,female,48.07,1,no,northeast,5002.7827
62,female,19.218139877572764,0,no,southeast,10797.3362
19,male,28.6,0,yes,northwest,33750.2918
32,male,30.66339686098655,1,yes,southeast,4667.60765
52,male,24.32,0,yes,southeast,41019.32631894345
27,male,30.66339686098655,3,no,northwest,11073.470724247602
61,male,29.92,2,no,southeast,30942.1918
39,male,35.42,2,no,southeast,2322.6218
50,female,27.6,1,no,northeast,13270.422265141257
62,female,39.2,0,no,southeast,13470.86
36,female,23.710367659913004,0,no,northwest,4708.637254989269
52,male,38.6,2,no,southwest,10325.206
61,male,32.7,0,no,southwest,34472.841
39,male,19.8,1,yes,southeast,12741.16745
40,female,23.37,3,no,northeast,8252.2843
38,male,30.66339686098655,3,no,northwest,13270.422265141257
46,male,39.68945507003376,0,no,southeast,7147.105
52,female,41.69,0,no,northeast,24671.66334
34,male,25.3,2,yes,southeast,18972.495
58,female,35.625,1,yes,southwest,15937.344502086175
37,male,36.19,0,no,southeast,19214.70553
26,female,37.905,4,no,northeast,23045.56616
46,male,34.21,2,yes,northwest,44260.7499
