age,sex,bmi,children,smoker,region,charges
37,female,25.6,0,no,southeast,8932.084
64,male,37.81664516317321,2,no,southeast,49577.6624
45,male,33.7,1,yes,southeast,4889.0368
22,male,22.432532042732348,1,no,northwest,5855.9025
22,male,24.1,3,no,northwest,4190.822242311777
36,female,29.92,1,no,southeast,7445.918
63,male,39.4923961689247,0,no,northwest,14349.8544
38,male,28.27,1,yes,southeast,5484.4673
44,female,31.3,1,no,southeast,5002.7827
19,female,31.825,1,no,northwest,2719.27975
38,male,27.1,0,no,southwest,9638.796995084573
35,male,24.13,2,no,northwest,5125.2157
36,female,24.67145656370995,5,no,southwest,-4368.48442446263
53,male,30.495,0,no,northeast,46255.1125
26,female,30.66339686098655,2,no,southeast,13270.422265141257
31,female,25.175,0,no,southwest,2974.126
46,female,34.96,2,no,southeast,3292.52985
51,male,34.865,3,yes,northwest,13270.422265141257
39,male,24.605,2,no,northwest,5257.50795
39,male,27.5,0,no,southeast,8615.3
18,female,38.17,0,no,northeast,1631.6683
42,male,30.66339686098655,2,no,southeast,11245.619485284951
28,female,33.0,2,no,southwest,4349.462
21,male,32.68,2,no,southeast,26018.95052
21,male,33.725,1,no,southeast,8823.98575
20,male,27.3,0,yes,southwest,16232.847
