age,sex,bmi,children,smoker,region,charges
22,female,33.82,1,yes,southeast,12643.3778
54,male,31.6,0,no,southwest,8527.532
39,male,26.22,1,no,northwest,9396.385054985189
56,male,38.06,0,no,southwest,2254.7967
23,male,18.715,0,no,northwest,21595.38229
23,male,31.13,1,no,southeast,34806.4677
45,female,36.3,2,no,southeast,9850.432
39,male,37.51,2,no,southeast,9304.7019
18,male,32.015,0,no,southeast,2196.4732
26,male,26.678662318432494,2,yes,southeast,3981.9768
59,female,26.505,1,no,southeast,14001.2867
64,male,23.76,0,yes,southeast,26926.5144
21,female,32.62233072784428,2,no,northwest,4527.348096759353
39,female,30.66339686098655,0,no,northwest,4753.6368
9,male,40.945,1,no,southeast,13270.422265141257
27,male,28.5,0,no,southeast,18310.742
57,male,39.59126842414752,5,no,southwest,10959.33
38,male,33.95796200136333,1,no,northeast,6067.12675
33,male,37.62,1,yes,southwest,37165.1638
29,female,27.94,0,no,southeast,2867.1196
24,male,41.14,0,yes,southeast,38756.02396849486
43,female,27.8,4,yes,southwest,37829.7242
16,male,33.63,4,no,northeast,16859.11536865752
53,female,30.66339686098655,0,yes,northeast,43254.41795
9,female,29.64,4,no,northeast,24671.66334
19,male,29.07,0,no,northwest,13270.422265141257
