haematocrit,haemoglobins,erythrocyte,leucocyte,thrombocyte,mch,mchc,mcv,age,sex,source
48.859077625134276,16.468780601031675,4.764626736560847,3.1,258,29.9,34.2,95.4,46,M,0
40.2,13.432239558015684,4.43,4.6,210,30.2,33.3,90.7,53,F,0
37.4,9.9,4.972636173508649,1.1,38,29.3,34.2,84.61133272892113,44,M,0
43.21232413439859,10.6,3.67,6.9,197,28.9,31.5,91.6,61,M,0
38.22611060743427,11.8,3.9,11.3,331,28.2300392867936,37.2,91.8,74,M,0
38.5,14.0,4.79,14.6,416,28.288129786743223,33.7,101.65022878882985,60,F,0
38.22611060743427,11.5,4.43,4.1,284,25.0,31.7,78.8,14,M,1
36.0,12.1,4.32,15.172192878233185,461,28.0,33.72619214172838,83.3,27,F,0
38.4,14.402475531751454,4.69,8.715533393774555,265,27.1,33.1,81.9,26,M,0
23.7,12.8,4.3,9.1,199,29.5,34.0,81.98500655988224,46,M,1
40.1,13.4,4.544802055001511,4.8,372,30.6,33.4,85.0,52,F,0
37.8,14.314358610569206,4.34,7.673289240012573,507,25.78141258640241,31.5,76.4,35,M,1
41.7,14.4,5.929206125942158,8.715533393774555,159,29.6,33.7,85.6,68,F,0
45.71326426999145,12.8,2.92,8.7,150,33.9,33.33647627682079,76.6,65,F,0
41.3,13.1,6.86,6.408605916910155,303,25.650377836497505,33.28637998403337,87.7,49,M,1
38.4,13.2,4.544802055001511,6.5,241,23.25572756372199,36.530200316906,96.21216182268152,20,F,0
34.4,12.749350256875191,3.98,6.2,30,31.4,34.3427750019973,86.4,41,M,1
38.1,12.9,4.71,5.0,330,27.4,33.9,77.07802225123811,66,M,0
29.7,12.749350256875191,3.722589629363428,6.2,261,29.8,34.5,84.61133272892113,61,M,1
38.1,13.3,5.29,16.3,298,30.0,32.3,93.9,42,M,1
37.34969672385871,12.5,4.42,5.8,218,28.3,32.7,86.4,69,F,1
32.8,16.6,3.86,18.2,283,28.2300392867936,32.3,91.6,51,M,1
42.2,9.4,3.55,8.6,339,26.5,33.33647627682079,83.1,61,F,0
38.0,13.2,4.6,19.801244505553633,655,28.7,34.7,82.6,50,M,0
46.2,15.8,5.62,11.9,258,28.1,34.2,82.2,30,M,0
29.5,14.3,4.75,8.3,245,30.1,33.9,88.8,39,M,0
