haematocrit,haemoglobins,erythrocyte,leucocyte,thrombocyte,mch,mchc,mcv,age,sex,source
43.7,15.5,5.41,7.3,45,33.5,36.60551133337345,80.8,59,M,1
42.7,12.749350256875191,5.24,7.5,282,27.3,33.5,81.5,57,M,0
36.7,12.2,3.64,9.0,152,28.7,33.2,100.8,87,M,0
35.7,11.8,3.9663526936925813,5.7,235,29.2,33.33647627682079,83.875063858001,39,F,0
44.4,10.579928758336159,5.06,7.6,252,30.0,34.2,65.6,53,F,0
26.4,13.365485873069622,3.09,5.993591513677673,226,28.8,29.8,85.4,46,F,1
38.3,12.0,4.57,8.715533393774555,154,25.4,33.4,102.3,4,F,0
30.224684729138264,13.1,6.62,6.3,172,29.0,31.30859864492274,85.4,32,M,0
38.22611060743427,12.1,4.2,7.8,334,28.8,33.5,86.0,56,M,0
36.5,12.1,4.833416381872531,10.1,528,29.5,33.2,81.3,65,M,1
35.8,13.6,4.53,7.1,258,22.3,32.5,84.61133272892113,43,F,1
44.3,14.8,5.25,12.2,258,28.2,33.4,84.4,27,M,1
37.4,12.749350256875191,3.92,3.5194434172453644,302,25.3,31.7,77.6,46,M,0
31.7,5.0,3.5892147385609143,7.9,309,28.2300392867936,33.4,87.6,67,F,1
41.2,13.0,4.88,15.0,174,29.931249653005537,31.6,84.4,1,M,1
41.2,13.2,5.25,7.6960583505564415,268,25.1,32.0,78.5,12,F,0
48.3,17.1,4.544802055001511,7.5,332,27.2783811871229,33.1,84.61133272892113,20,M,0
24.9,9.862116287170243,2.81,12.8,204,28.8,33.7,88.6,46,F,1
31.0,8.317442199029642,3.65,14.8,166,26.0,36.06143208353515,86.34274806976673,46,F,0
37.17688166729191,13.2,5.13,6.5,195,25.7,35.36681678065778,80.5,10,M,0
28.7,11.5,6.07,9.3,330,28.2300392867936,30.3,62.6,37,M,0
34.7,12.7,4.71,12.5,330,27.0,33.2,89.0,29,F,0
38.22611060743427,15.3,5.0,10.1,428,30.805214563624858,34.4,89.0,52,M,0
39.58014008117893,14.1,4.544802055001511,11.384450258792095,290,29.087644051635873,33.3,85.3,47,M,0
41.48384694927891,10.4,3.67,8.715533393774555,269,28.3,32.4,77.06251585296263,74,M,0
35.4,11.6,4.259798556987052,8.4,221,33.8,33.33647627682079,89.49036449336889,73,M,1
