haematocrit,haemoglobins,erythrocyte,leucocyte,thrombocyte,mch,mchc,mcv,age,sex,source
33.7,14.1,4.55,2.3,74,29.0,33.4,86.8,47,M,1
40.7,12.749350256875191,4.89,7.8,248,27.52538279597681,32.9,84.9,60,F,0
37.0,12.7,4.06,5.5,461,31.3,34.72941997612214,91.1,64,F,0
36.5,13.5,3.9093529891983483,5.2,330,28.2300392867936,32.9,83.5,42,M,0
39.5,9.5,4.64,24.1,258,28.0,32.9,87.11055506247105,46,F,0
35.9,9.907739613076362,4.12,10.6,221,28.2300392867936,33.7,84.61133272892113,66,F,0
46.0,15.4,5.46,8.715533393774555,278,31.0,29.5,84.2,46,F,0
50.324345643132446,12.749350256875191,5.36,7.0,275,28.2,33.0,85.4,28,M,0
36.4,11.2,4.544802055001511,5.0,426,23.0,30.8,79.7,47,F,1
40.8,13.1,5.66,22.6,196,23.1,33.370553266575406,72.1,28,M,0
34.6,13.560706948225379,4.544802055001511,5.7,232,26.7,33.5,74.7,15,M,0
38.22611060743427,14.7,5.81,12.1,294,28.2,33.8,74.9,38,F,0
33.789104537639766,12.7,4.58,2.5,145,34.4,34.88057563962161,81.7,29,F,1
41.0,10.9,4.31,10.1,642,25.91739593528123,29.9,76.0,47,M,0
44.3,14.8,4.44,5.359857009224385,370,30.3,33.4,67.1,22,M,1
45.012345741706326,15.2,4.9,5.8529526806846714,294,28.2,30.976601110680665,99.95364989376814,25,M,1
35.4,11.4,4.8,8.715533393774555,183,27.693349510323955,32.2,73.8,1,F,0
36.2,12.5,4.22,3.3,154,29.6,34.5,84.61133272892113,30,M,0
38.22611060743427,15.1222865394127,4.83145722324032,3.2,218,27.4,34.0,91.2418552126763,3,F,0
40.9,14.0,4.49,14.2,187,31.234504009446557,33.33647627682079,91.1,55,M,1
28.9,10.9,4.545773494110283,3.8,253,22.9,33.33647627682079,68.2,24,F,0
40.6,13.5,6.200507567158223,12.8,426,26.0,29.7,76.3,37,M,0
42.2,13.9,5.72,10.632245556055917,242,30.3,33.9,92.1,14,F,0
32.2,9.7,3.72,13.5,258,29.3,32.9,89.83079201391948,21,F,0
42.2,14.709446596542808,4.99,10.8,156,28.3,33.4,84.6,19,M,0
39.075397861456125,14.3,5.28,7.6640855168314275,193,27.1,34.1,79.4,48,M,0
