haematocrit,haemoglobins,erythrocyte,leucocyte,thrombocyte,mch,mchc,mcv,age,sex,source
38.22611060743427,12.749350256875191,5.18,0.6946999535133074,115,16.5,31.1,76.6,22,F,0
34.4,11.1,4.14,15.588931686061303,279,26.8,32.3,83.1,23,F,0
45.8,11.676052138226297,3.0716597610137457,8.715533393774555,275,30.23134722090533,32.5,83.0,28,M,0
32.2,11.1,3.52,8.715533393774555,140,31.5,27.5,91.5,88,M,1
35.08424710512218,14.8,2.544027393793028,5.2,390,28.8,33.5,86.1,43,M,0
38.22611060743427,12.384813256488293,4.87,18.6,319,32.7,34.0788079211818,80.3,43,M,0
30.6,10.2,4.490568909915111,10.4,253,27.3,33.264210365310795,84.61133272892113,73,F,0
53.2,17.0,4.544802055001511,6.5,12,28.2300392867936,32.0,72.4,25,M,0
35.6,8.099347249877793,5.57,2.8,258,20.1,30.9,63.9,13,M,0
33.6,12.749350256875191,3.17,4.5,66,29.0,33.3,79.84272421133083,44,F,0
47.7,16.0,5.75,7.6,194,27.8,33.5,85.4,53,F,1
43.2,14.2,5.316830691387329,4.4,398,28.2300392867936,32.9,84.61133272892113,42,M,0
44.110325698121095,10.9,4.544802055001511,7.1,281,29.3,35.73252349437956,81.3498438769567,46,M,0
27.6,11.6,3.88,7.2,254,29.9,34.5,86.6,76,M,1
44.5,14.2,4.76,17.3,445,29.8,31.9,93.5,87,F,0
42.9,14.5,4.85,7.1,265,29.9,33.8,88.5,69,M,0
18.8,9.208570318745608,1.93,2.437355397682815,261,30.1,31.5,85.72376566352887,58,M,0
38.8,13.1,4.31,9.6,273,30.4,33.8,90.0,46,M,0
37.6,12.2,4.41,10.300520988210316,302,27.7,32.4,71.4,52,M,0
36.4,14.7,4.57,3.7,-113,28.4,35.3,80.5,45,F,1
24.980927894960235,10.9,6.42,7.8,258,31.0,33.33647627682079,81.5,48,M,1
34.75301315719538,12.5,3.99,6.1,169,29.44650939499249,33.33647627682079,90.0,73,M,0
42.8,8.5,4.65,7.6,150,27.99875995839255,34.6,92.0,50,M,0
40.6,13.1,5.02,11.9,212,26.1,33.13232130730419,75.2434268458419,23,M,1
36.4,12.7,2.68,8.4,45,28.9,34.9,93.4,25,M,1
37.9,7.5,4.61,11.1,189,34.72439569520205,34.6,92.2,52,M,0
