age,sex,bmi,children,smoker,region,charges
44,male,23.98,2,no,southeast,8211.1002
48,male,30.2,2,no,southwest,8968.33
39,male,30.66339686098655,4,yes,southwest,4134.08245
53,female,37.07,1,yes,southwest,10579.711
25,female,20.8443804914252,1,yes,southeast,13270.422265141257
41,female,31.13,1,no,southeast,17383.449936820747
47,female,29.37,1,no,southeast,7881.936277498291
30,male,35.3,0,yes,southwest,36837.467
28,female,30.66339686098655,-1,no,northwest,6740.264647259754
41,female,30.15602600971457,4,no,southeast,10977.2063
26,male,28.025,1,yes,northeast,20773.62775
39,male,21.083877176291757,1,no,southwest,-10764.868751827622
4,female,23.37,3,no,northeast,7151.092
23,female,31.4,0,yes,southeast,4779.6023
22,male,27.1,0,no,southwest,2154.361
31,female,21.755,0,no,northwest,36580.28216
22,male,39.6,2,yes,southeast,37484.4493
43,male,20.13,2,yes,southeast,18767.7377
35,male,18.3,0,yes,southwest,19023.26
36,male,28.789742735377985,-1,no,northeast,40273.6455
60,female,34.96,3,no,northeast,13270.422265141257
46,female,32.775,2,yes,northwest,40003.33225
39,female,32.68,0,no,northeast,10923.9332
40,male,31.73,0,yes,southeast,19444.2658
33,male,27.455,2,no,southeast,5261.46945
36,female,30.02,5,no,northwest,5272.1758
