age,sex,bmi,children,smoker,region,charges
60,female,38.17,0,no,southeast,13270.422265141257
64,female,40.49731598628953,0,yes,northeast,46889.2612
58,male,21.805615143643443,5,no,southeast,14451.83515
19,male,28.7,0,no,southeast,1253.936
18,male,24.53,0,no,southeast,1631.6683
26,female,27.645,0,no,northeast,7421.19455
50,female,25.3,1,no,southeast,8442.667
18,female,34.43,0,no,northwest,14590.63205
40,female,30.66339686098655,2,no,southeast,350.6927836593586
38,male,28.27,1,no,southeast,13270.422265141257
48,male,35.625,1,no,northeast,19800.960484710155
26,male,46.53,1,no,southeast,4349.462
44,male,40.37,2,no,southeast,4753.6368
5,female,21.780667875890124,2,no,northeast,25815.117920088065
39,male,24.338253123442076,0,no,northeast,2727.3951
60,male,28.7,1,yes,southwest,13224.693
28,male,37.62,1,no,southeast,3766.8838
37,male,40.66,3,no,northeast,8252.2843
36,female,29.7,1,yes,northeast,7261.741
31,male,30.8,0,yes,southeast,35491.64
28,male,33.0,1,no,southwest,2927.0647
40,female,33.0,3,no,southeast,7682.67
50,male,32.205,0,no,northwest,8835.26495
39,male,30.66339686098655,1,no,northwest,2221.56445
51,male,42.9,3,yes,southwest,47462.894
18,female,31.35,0,no,southeast,4057.1808473046913
