haematocrit,haemoglobins,erythrocyte,leucocyte,thrombocyte,mch,mchc,mcv,age,sex,source
42.5,14.1,4.7,9.7,291,30.0,33.2,90.4,54,F,0
38.22611060743427,10.773258511743466,4.544802055001511,10.8,205,29.865915498314646,31.4,82.8,29,F,0
44.9,15.0,3.855532468045946,12.9,241,22.5,33.7,82.7,36,M,0
44.5,12.3,4.19870014769624,9.1,36,28.2300392867936,33.3,96.1,64,M,1
22.5,8.1,3.69,4.6,528,29.8,36.0,74.49674926064877,70,M,1
30.4,8.7,3.19,4.4,184,32.9,33.33647627682079,95.3,78,M,0
32.3,9.470443208842054,3.4766720297432387,8.6,267,27.3,33.1,91.7,46,F,0
29.656180792244633,14.8,4.38,15.909548561947606,247,21.0,33.4,88.1,46,M,0
42.013313589924564,13.1,3.63,11.3,258,28.2,33.6,83.9,59,F,0
42.7,13.8,5.21,8.8,324,26.5,32.3,82.0,81,M,1
42.7,14.3,5.24,7.5,282,27.3,37.3,81.5,57,M,1
34.4,10.9,3.59,8.715533393774555,156,30.4,31.7,95.53088533577542,87,M,1
41.0,12.749350256875191,4.83,8.7,416,28.4,32.61405345256855,84.9,24,F,0
44.4,18.93216219722474,5.39,17.72267545845144,226,28.5,35.4060902504418,82.4,30,F,0
37.469639996070825,17.673290154898964,4.53,17.4,303,27.8,34.8,79.7,38,M,0
38.22611060743427,10.1,3.47,10.673746564559595,112,29.1,33.41145170833879,84.61133272892113,53,M,0
69.0,12.1,4.04,8.1,230,30.0,35.4,86.1,19,M,0
26.8,15.5,3.24,9.1,207,28.035934201922608,32.8,84.61133272892113,46,M,1
39.6,13.1,5.26,11.565253316049727,258,30.389618002160116,33.1,87.4,31,M,0
34.8,12.3,4.359114819217542,1.5,81,28.374433067424356,34.0,88.69118997178262,37,F,1
32.6,11.2,4.544802055001511,6.2,150,28.2,33.251325221391426,82.1,24,F,0
43.595043916793514,12.749350256875191,2.77,8.715533393774555,247,32.1,33.33647627682079,95.7,72,F,1
47.0,12.5,4.34,8.9,227,28.2300392867936,34.8,81.8,28,F,0
44.6,14.1,6.83,3.4,69,20.6,31.6,65.3,36,M,1
44.5,9.9,3.59,17.2,282,27.6,32.7,85.89804121693244,6,F,1
36.2,11.5,4.03,6.3,237,28.5,33.0,86.4,77,F,0
