age,sex,bmi,children,smoker,region,charges
58,male,25.931422707026822,1,no,northwest,42211.1382
36,male,29.7,0,no,southwest,13981.85035
35,male,30.1010175628139,-1,no,northwest,23714.79995319453
41,male,32.3,2,no,northwest,13270.422265141257
18,male,30.66339686098655,2,no,southwest,39611.7577
48,male,30.2,0,no,southeast,-11682.880415296238
14,male,32.71219554678635,2,no,southwest,4670.64
29,male,27.2,1,no,northwest,13270.422265141257
40,male,29.355,1,no,northeast,8630.267828440003
61,female,29.07,4,no,northwest,29141.3603
39,female,30.59,1,no,southwest,3818.6593731298335
35,male,24.13,2,no,southeast,1534.3045
36,male,27.74,0,no,northeast,13270.422265141257
48,female,28.88,2,no,northwest,9249.4952
39,female,36.63,1,no,northwest,6571.02435
39,female,19.55588939916903,1,yes,southwest,5003.853
39,female,32.4,1,no,southwest,8283.6807
58,male,31.5,1,no,southwest,4076.497
47,male,30.66339686098655,3,no,southeast,10115.00885
41,male,32.2,1,no,southwest,6775.961
50,male,37.07,1,no,southeast,9048.0273
54,female,27.645,1,no,northeast,11305.93455
57,male,37.18,0,no,southwest,1526.312
28,female,29.6,0,no,southeast,1875.344
50,female,25.3,2,yes,southeast,32787.45859
47,male,29.4,1,yes,southeast,7152.6714
47,male,28.215,3,yes,northwest,8700.122800833895
61,male,27.321127199490725,0,no,southeast,17468.9839
56,male,33.63,2,yes,northeast,43921.1837
20,male,30.66339686098655,1,no,southwest,-2701.413208772625
18,male,30.66339686098655,0,no,northeast,1702.4553
39,female,25.0,0,no,southeast,13270.422265141257
24,female,45.52513397136798,2,no,southeast,2480.9791
39,male,29.452416757232744,0,yes,southeast,13270.422265141257
45,female,30.66339686098655,0,yes,southeast,62592.87309
32,male,27.55,0,no,northwest,2523.1695
21,male,22.23,0,yes,northeast,12029.2867
55,male,25.84,0,no,southeast,44501.3982
53,male,27.523598179248282,0,no,southeast,9869.8102
47,female,31.1,1,no,southwest,3236.4175533614034
63,male,43.7,1,no,southeast,1141.4451
61,female,22.04,1,no,northeast,13616.3586
27,male,31.688096308710204,0,yes,southeast,14254.6082
46,female,40.92,0,no,southeast,48673.5588
32,female,20.52,0,yes,southeast,8979.42650780549
32,male,31.1,2,no,southeast,4673.3922
43,male,18.905,0,no,northeast,13747.87235
52,male,47.74,4,no,southeast,4162.982828028937
18,female,30.115,1,no,northeast,2203.47185
63,male,23.7,1,no,southeast,10959.33
42,male,28.94035977525163,0,no,northeast,2396.0959
26,male,32.49,1,no,northeast,4773.979394750786
