age,sex,bmi,children,smoker,region,charges
19,male,22.04,0,no,southwest,1253.936
36,male,18.335,0,no,northwest,5267.81815
39,male,20.9,1,no,southwest,13769.26176499995
22,female,28.88,0,no,northeast,2250.8352
20,female,33.3,2,no,southwest,-3113.4588812342163
53,male,36.86,3,no,northwest,13066.458452666082
64,female,46.75,5,no,southeast,20984.0936
65,female,32.45,0,yes,northwest,13270.422265141257
19,male,24.6,1,no,southwest,1837.237
39,female,24.605,1,no,northeast,2709.24395
47,female,28.7,0,no,northeast,13616.3586
52,female,33.3,5,yes,southwest,10806.839
39,male,18.16529379205564,0,no,southeast,13012.20865
55,male,33.63,3,yes,northwest,30063.58055
29,male,37.29,1,yes,southeast,32108.66282
44,male,29.735,1,no,southeast,4058.1161
59,male,30.66339686098655,0,no,southeast,20709.02034
34,male,34.355737341012436,2,no,southeast,7518.02535
18,female,24.79284271036134,0,yes,southwest,2196.4732
24,male,32.01,0,no,northeast,-12479.926120401897
18,female,28.057178674802806,0,no,southeast,1621.8827
53,female,23.75,4,no,northeast,11729.6795
26,female,40.185,0,no,northwest,13270.422265141257
40,female,27.835,1,no,northwest,20009.63365
37,female,30.8,1,no,southeast,6313.759
42,male,30.66339686098655,2,no,southeast,6402.29135
