age,sex,bmi,children,smoker,region,charges
23,male,24.4,0,no,southwest,22482.905042446582
42,female,33.155,1,yes,northeast,15396.73896063378
23,female,27.440139167315095,1,yes,northeast,23401.30575
65,female,21.718955549441798,5,yes,northwest,4435.0942
49,male,27.5,1,no,northeast,14607.385071463952
55,female,30.59,1,no,southeast,13270.422265141257
60,female,36.005,0,no,northwest,13228.84695
37,male,25.7810443935208,2,no,southwest,7740.337
42,female,25.3,1,no,southeast,13480.0424007262
64,male,30.0,0,no,northeast,14410.9321
30,male,35.245,2,no,northeast,11394.06555
41,female,34.09525216845671,1,no,northeast,7358.17565
39,female,30.66339686098655,1,no,southwest,3268.84665
49,female,30.66339686098655,1,no,northwest,5375.038
23,male,35.2,1,yes,northwest,8310.83915
52,male,32.205,0,yes,southeast,11488.31695
62,female,30.66339686098655,0,no,northwest,11852.174970271657
39,female,39.93,1,no,northwest,32108.66282
23,male,31.065,0,yes,northeast,4347.02335
25,female,23.125933547871384,0,no,southwest,-1881.255851282107
52,female,33.3,5,no,southeast,10806.839
34,female,31.166812760476837,0,no,southeast,19291.26526114963
31,male,28.595,1,no,northwest,4243.59005
19,male,27.7,0,no,southwest,16297.846
26,male,29.92,1,no,southeast,4527.18295
39,male,34.21,0,no,southeast,3161.454
20,male,31.46,0,no,southeast,1877.9294
55,male,28.215,3,yes,southeast,24915.22085
47,male,37.1,3,no,southeast,-14160.434040639348
46,male,27.72,1,yes,northeast,8232.6388
61,male,25.97671693941518,0,no,northeast,38709.176
57,female,30.495,0,no,southeast,11840.77505
53,male,22.88,1,no,southeast,13270.422265141257
32,male,30.03,1,no,southwest,13270.422265141257
39,female,34.059289260868056,2,no,northeast,9411.005
22,male,36.4,0,yes,southwest,37701.8768
52,male,30.66339686098655,2,no,southeast,47269.854
42,female,29.48,2,no,southeast,7640.3092
28,male,17.29,0,no,southwest,3732.6251
38,female,30.21,3,no,northwest,7537.1639
39,male,34.38412034544476,2,no,southeast,41999.52
21,male,47.91722741994549,0,no,southeast,19984.218032795787
44,female,32.23,0,no,southeast,17748.5062
40,female,28.405,4,no,northwest,3392.9768
26,male,46.53,1,no,southeast,2927.0647
45,female,30.685,0,no,southeast,13270.422265141257
59,male,30.66339686098655,3,no,southeast,13270.422265141257
20,female,29.7,0,no,southeast,30858.88196591592
22,female,34.8,1,no,southwest,3443.064
19,male,35.2,1,yes,southeast,13974.45555
37,male,28.025,2,yes,northwest,6203.90175
22,female,30.4,3,yes,southeast,33907.548
