age,sex,bmi,children,smoker,region,charges
28,female,27.504477506489337,2,yes,northeast,6686.4313
20,female,33.0,0,no,northwest,1880.07
39,female,22.488367109257293,1,no,northwest,38511.6283
62,male,30.66339686098655,0,no,southwest,13270.422265141257
58,male,23.7,2,yes,northwest,12629.1656
47,female,34.69022941056811,0,no,southwest,10795.93733
39,male,21.375,0,no,southeast,7222.78625
41,male,30.78,4,no,northeast,39597.4072
22,male,33.44,1,no,northwest,6653.7886
56,female,33.82,1,no,northwest,12643.3778
57,female,26.73,2,no,southeast,43813.8661
38,female,46.7,0,yes,southeast,36149.4835
37,female,21.755,1,yes,southwest,-11.244613525816021
55,female,30.14,2,no,southwest,11881.9696
18,female,25.74,5,no,southeast,1615.7667
60,female,36.765,0,no,northeast,6740.642085672654
23,male,30.66339686098655,2,no,southeast,6710.1919
50,female,31.6,3,no,southeast,29502.990946130256
63,female,30.66339686098655,1,no,northeast,6778.663310641964
28,male,23.56,2,no,southeast,8603.8234
39,male,31.18621538613428,2,yes,southwest,3987.926
57,female,20.1,1,no,southwest,12032.326
42,female,36.195,1,no,southeast,7443.64305
56,female,23.244381409806262,0,yes,southeast,11658.37915
19,male,32.91214486680299,0,no,southeast,19014.94515103703
18,female,27.835,0,no,northeast,2198.18985
45,male,23.8,2,no,southwest,13270.422265141257
18,male,35.625,0,no,southeast,22280.64995562585
42,male,22.637796683859293,1,yes,northeast,21259.37795
33,female,33.77,5,no,northeast,10599.316119654002
43,male,23.2,1,no,southwest,6250.435
31,male,25.935,0,no,southwest,9098.781665552306
27,female,32.24109716493893,1,no,southeast,13270.422265141257
50,female,44.745,-2,no,northeast,9541.69555
23,female,28.88,1,no,northeast,8596.8278
42,female,37.07,1,yes,southeast,47838.61201958347
53,male,37.1,0,no,southeast,7740.337
39,male,30.66339686098655,1,no,northwest,9500.57305
32,female,44.22,0,no,southeast,11381.3254
41,male,33.368118320801344,3,no,southeast,7954.517
55,female,30.685,0,no,northeast,13270.422265141257
18,female,40.46631045164472,0,no,northwest,5855.9025
51,female,40.565,1,no,southeast,16796.41194
39,female,18.5,1,no,southwest,4766.022
29,female,26.03,1,no,northwest,3736.4647
20,female,37.0,0,no,southwest,7209.4918
33,male,42.4,2,no,southwest,6666.243
5,male,30.66339686098655,0,no,northwest,3972.9247
19,female,26.22,1,yes,northwest,12796.529014218258
38,male,30.59,0,no,northwest,11396.9002
73,male,30.78,3,no,northeast,13270.422265141257
42,male,21.56,1,no,southeast,9855.1314
