age,sex,bmi,children,smoker,region,charges
57,male,31.54,0,no,northwest,11353.2276
29,male,29.59,1,no,southeast,38245.59327
54,male,30.78,1,no,northeast,10797.3362
52,male,23.768671444896164,3,no,northeast,8556.907
39,male,26.07,1,yes,southeast,3947.4131
32,male,44.22,0,no,southeast,3994.1778
12,female,45.54,0,yes,southeast,5630.45785
44,male,30.66339686098655,2,no,southeast,7731.4271
41,female,33.06,1,no,southwest,10009.774612904526
19,female,30.66339686098655,3,no,northwest,18838.70366
39,male,35.64,0,no,southwest,-17728.600349528235
59,female,34.4,2,no,northeast,10043.249
39,male,29.943918548717313,1,no,southeast,12333.828
44,male,30.515971830070768,2,no,northwest,7518.02535
32,male,37.145,3,no,northeast,6334.34355
18,male,26.18,2,no,southeast,2304.0022
63,male,28.31,0,no,northwest,13770.0979
43,male,26.22,1,no,southeast,7345.7266
27,female,24.1,1,no,northeast,13270.422265141257
53,male,41.47,0,no,southeast,14647.273128068768
25,male,36.08,0,no,southeast,2897.3235
29,male,20.46973989765187,1,yes,southeast,-9.033202289721885
45,male,30.495,2,no,southeast,13270.422265141257
56,female,31.4,0,yes,southwest,34838.873
20,male,35.625,3,yes,northeast,37465.34375
42,female,17.195,3,yes,northwest,14455.64405
