haematocrit,haemoglobins,erythrocyte,leucocyte,thrombocyte,mch,mchc,mcv,age,sex,source
40.6,13.8,2.31,17.7,450,26.5,32.562148382013305,78.1,56,F,1
43.5,14.7,5.81,12.1,342,25.3,33.8,84.61133272892113,30,F,0
30.60515764418588,10.6,3.76,8.5,107,28.2,34.2,90.43881529751924,51,M,1
44.3,13.2,4.306942969747568,6.8,332,30.6,35.0,87.4,59,M,0
32.9,11.7,3.57,8.715533393774555,258,32.8,35.6,92.2,70,M,0
46.56230052077079,15.9,5.67,3.8,10,28.0,35.48553583069512,77.4,45,M,1
27.039749576877984,11.1,3.72,8.715533393774555,224,28.2300392867936,28.5,92.5,58,M,0
36.7,13.105037189785763,4.3,16.6,456,21.5,33.8,85.3,51,M,1
37.1,12.0,3.81,7.5,108,31.5,31.12924731400892,97.4,46,M,1
43.7,14.6,5.21,9.1,452,28.0,32.88990513441297,81.35430468474964,19,F,0
40.6,13.8,4.71,15.6,325,27.241258435146936,31.1,86.2,46,M,0
47.8,15.6,5.33,10.3,274,29.3,32.6,89.7,65,F,0
33.1,12.408430832993599,2.7402519820131097,9.3,70,20.7,33.3,78.8,58,F,0
34.7,11.596984721613524,4.57,8.1,274,25.4,33.4,75.9,51,F,0
23.1,7.4,2.68,9.4,4,29.50723169412098,32.0,84.61133272892113,47,F,1
38.22611060743427,13.1,4.61,4.2020068376378115,121,27.94400354299848,33.33647627682079,95.4,73,F,0
40.0,13.2,4.71,6.325875271090689,258,18.0,33.0,85.2,28,M,1
30.2,9.9,4.19,15.854286838112909,181,28.2300392867936,32.8,91.0,70,M,0
38.2,12.749350256875191,6.13,7.3,284,29.3,33.2,88.0,38,M,0
46.5,13.825316720541679,4.544802055001511,5.9,148,27.6,33.8,81.9,24,M,0
32.0,11.0,4.544802055001511,6.4,88,24.7,34.4,71.7,7,M,1
38.22611060743427,8.9,4.34,7.8,227,28.8,34.0,76.68832766808916,69,F,0
38.6,12.5,4.797697514573926,6.3,271,23.3,33.33647627682079,71.9,23,F,0
47.2,15.6,5.08,7.3,291,30.7,33.1,92.9,36,M,1
53.2,12.749350256875191,5.628843902514195,9.0,154,28.9,36.5,87.8142224865381,86,M,0
43.070688701340295,15.5,4.13,12.129538402903126,222,32.011980087830246,33.5,86.1,72,M,0
