haematocrit,haemoglobins,erythrocyte,leucocyte,thrombocyte,mch,mchc,mcv,age,sex,source
42.24149865323617,14.2,5.1,8.4,518,28.2300392867936,33.6,82.7,41,F,0
35.4,16.7,4.48,10.1,299,26.8,33.9,79.0,89,M,0
36.4,15.125346354225467,4.17,18.5,231,28.2300392867936,33.57393108448293,84.61133272892113,78,M,1
30.5,10.3,5.230703732107365,6.0,275,30.6,33.8,90.5,74,M,1
38.3,15.1,4.544802055001511,8.2,186,27.2,33.2,84.61133272892113,40,F,0
34.387157898823155,12.0,4.87,8.4,33,26.0,32.69096365813998,81.2,18,M,1
26.2,18.9,3.0,6.6,410,28.7,33.33647627682079,78.50611038140626,43,M,1
45.5,12.662040411851638,4.4,15.395866222949241,258,30.126234369112733,32.0,87.0,36,F,0
35.6,12.749350256875191,4.3,9.61264791044441,234,28.8,37.8,97.5,67,M,0
38.7,12.4,4.59,8.9,236,28.1,31.9,78.56744077590267,70,F,1
34.8,11.179244006632398,4.753634656923776,4.0525642360565906,357,27.358803573256562,32.2,82.1,88,F,0
38.22611060743427,14.090640426650957,4.99,14.6,256,27.0,29.70628984526946,90.01182332594219,69,M,0
36.6,12.4,3.73,5.6,266,33.2,33.9,98.1,59,F,1
42.55829025247219,13.2,1.48,3.1,14,25.1,32.0,86.1,12,M,0
42.2,14.4,5.07,15.5,167,28.4,34.1,83.2,49,M,1
45.4,15.3,6.01,6.3,177,25.5,33.7,75.5,2,M,1
32.4,12.8,4.73,7.0,180,27.1,32.8,82.5,33,F,0
42.3,10.2,5.23,7.1,294,27.003720035755453,34.0,80.9,27,M,0
32.7,10.7,5.776478358029614,8.1,308,29.3,33.33647627682079,89.6,73,F,1
38.22611060743427,15.7,5.19,8.715533393774555,252,27.422303153577506,32.4,88.6,56,M,1
51.1,16.8,5.406604432976616,-2.790545005278789,291,27.4,32.9,78.3445371147747,46,M,0
43.7,14.6,5.67,8.715533393774555,433,21.9,33.4,83.9,19,M,0
47.511976747480254,14.0,6.17,18.4,249,28.7,34.525941228236135,62.6,46,M,1
35.2,12.749350256875191,4.544802055001511,17.5,250,30.8,35.2,87.3,63,M,1
37.8,13.1,4.39,7.6,397,29.8,34.7,78.5,44,F,0
24.1,12.9,4.33,7.1,258,29.8,32.4,91.9,61,F,0
