age,sex,bmi,children,smoker,region,charges
28,female,29.92,-2,no,northwest,5478.0368
39,female,36.27032036325198,1,yes,northeast,13270.422265141257
51,female,30.66339686098655,1,no,northeast,9877.6077
52,male,38.6,3,no,southwest,10325.206
36,female,34.8,0,yes,northeast,-2528.2321316054986
64,male,29.3,0,no,southeast,14149.1450035478
38,male,32.85209611208733,2,no,southeast,6640.54485
46,male,24.75,0,yes,northeast,42111.6647
35,male,24.89,3,yes,southeast,19361.9988
18,female,28.5,5,no,northeast,1712.227
23,male,50.38,0,no,southeast,-6100.253803443298
42,male,24.86,0,no,southeast,5966.8874
38,female,19.475,2,no,northwest,6933.24225
31,female,31.13,1,yes,southeast,34806.4677
57,male,32.35376605378449,0,yes,southwest,16527.812948643572
39,male,28.38,1,no,southwest,19521.9682
44,female,27.93,4,no,southwest,13270.422265141257
29,male,27.2,0,no,southwest,2866.091
13,female,36.85,0,no,southwest,36149.4835
57,male,21.755,1,no,northwest,-10651.59163685846
39,male,23.401353221556445,2,no,southeast,11163.568
-3,male,33.73911640200185,1,no,northwest,2221.56445
57,female,32.62147248784809,0,no,southeast,1149.3959
33,male,27.1,1,yes,southeast,14426.07385
60,female,24.53,4,no,southeast,10638.537801003053
37,male,30.8,0,no,northwest,4646.759
59,female,19.855,1,no,southwest,15201.191380496899
39,female,22.494973115941292,2,no,southeast,12224.35085
19,male,20.425,0,no,northwest,13270.422265141257
47,female,25.556354078612017,0,no,southwest,6030.074466022312
58,female,32.3,1,no,southeast,29186.48236
39,female,36.85,1,yes,southeast,13887.9685
34,female,23.56,0,no,northeast,4992.3764
20,male,39.4,1,yes,southeast,13270.422265141257
65,female,21.47,3,yes,southeast,4058.1161
19,female,42.13,1,yes,northwest,48675.5177
33,female,39.1,2,no,southwest,14235.072
62,male,20.4,1,no,southeast,12029.2867
48,male,29.735,1,no,northeast,13270.422265141257
46,male,19.855,0,no,northwest,7526.70645
52,male,30.66339686098655,2,yes,southeast,1242.26
40,male,30.66339686098655,1,yes,southeast,17179.522
22,male,30.66339686098655,0,no,northwest,47269.854
57,female,36.747911655311356,0,yes,southwest,11455.28
48,female,23.37,3,yes,southwest,-5425.330317401225
40,female,36.19,0,no,southeast,5920.1041
28,female,43.4,1,yes,southeast,24520.264
39,female,36.86,0,yes,northwest,4296.2712
52,male,30.66339686098655,1,yes,southwest,24393.6224
17,male,43.01,0,no,southeast,11353.2276
61,male,27.6,0,no,southeast,9599.570410724662
12,male,39.432339640083896,0,no,southeast,1532.4697
