age,sex,bmi,children,smoker,region,charges
27,male,30.5,0,no,northeast,9748.9106
15,male,23.8,3,no,southeast,15161.5344
64,male,30.875,3,no,northwest,27577.863783337794
39,male,37.51,2,no,southeast,9304.7019
56,male,26.025870529236037,2,yes,northwest,47496.49445
42,male,24.64,1,yes,southeast,19515.5416
18,male,30.14,1,no,southwest,11272.33139
55,male,32.67,1,no,southeast,13270.422265141257
24,male,30.8,0,no,southwest,-1523.6030409990472
15,female,28.49,1,no,southeast,18328.2381
19,female,28.9,0,no,northwest,1743.214
52,male,47.74,1,no,southeast,2494.022
53,male,16.701889234749004,2,no,northeast,23045.56616
24,male,23.4,0,no,southeast,1969.614
40,male,30.66339686098655,3,no,southwest,-23131.179793317584
51,male,21.56,2,no,southeast,9855.1314
46,female,40.375,1,no,southeast,8733.22925
65,male,32.57924821796401,1,no,southwest,4337.7352
18,female,28.16,3,no,northeast,13270.422265141257
39,female,38.19,0,no,northeast,14410.9321
38,female,30.66339686098655,2,no,northwest,6571.544
20,female,26.84,1,yes,southeast,17085.2676
27,female,14.381760384386892,0,no,northeast,2585.85065
20,male,27.93,0,yes,northeast,733.771157239089
55,male,28.31,2,no,southeast,11881.9696
63,female,20.52,0,yes,southeast,14571.8908
