age,sex,bmi,children,smoker,region,charges
65,female,38.06,2,no,southeast,6402.29135
43,female,26.885,0,yes,northwest,21774.32215
63,female,34.3277705807392,4,no,southwest,11336.188151522962
62,female,15.962802923598101,0,no,southeast,27808.7251
22,male,30.66339686098655,0,no,northwest,8026.6666
36,male,30.66339686098655,0,yes,southeast,37742.5757
50,male,29.082547474595636,0,no,southwest,4661.628642812676
53,male,30.66339686098655,3,no,southwest,11264.541
50,male,31.35,0,yes,northeast,39556.4945
39,female,38.19,1,no,northeast,10564.8845
64,male,35.2,0,no,northwest,12244.531
39,male,27.645,2,no,southeast,13270.422265141257
39,female,26.315,3,no,southeast,35491.64
32,male,23.18,2,no,southwest,2951.495013646214
48,female,38.28,1,no,northwest,9249.4952
61,female,30.66339686098655,0,no,southeast,2699.56835
21,female,17.4,2,yes,southwest,2585.269
50,female,28.16,2,yes,southeast,10702.6424
20,male,37.0,5,no,southwest,-19106.218797371006
40,male,30.78,0,no,southeast,5438.7491
38,male,27.41983568446735,1,no,southeast,6593.5083
25,female,37.4,2,no,northeast,24059.68019
59,male,30.59,0,no,southeast,21797.0004
28,male,23.845,1,yes,southeast,4719.73655
40,female,41.42,1,no,southeast,28476.73499
41,male,23.9,5,no,southwest,5080.096
44,male,26.41,0,no,northwest,8827.2099
63,male,35.31,0,no,northeast,13270.422265141257
24,female,20.52,0,no,northeast,18738.049110775602
27,female,30.66339686098655,1,no,southeast,3070.8087
35,male,27.9,1,no,northeast,18451.739964558124
50,male,33.66,3,no,southeast,6091.489961446356
21,female,40.47,3,no,southwest,13270.422265141257
41,male,35.75,1,yes,southeast,7160.3303
39,female,28.88,1,no,southeast,4337.7352
23,female,32.42329720689533,0,no,southwest,1725.5523
60,male,35.3,0,yes,southeast,36837.467
57,female,28.88,0,no,southeast,13270.422265141257
51,male,24.795,4,yes,southeast,23967.38305
18,male,40.869275390356684,1,no,southeast,10795.93733
60,male,36.955,2,no,northeast,12741.16745
23,male,36.67,1,no,northeast,10072.05505
19,male,30.59,0,no,northwest,13270.422265141257
39,male,31.55135807415785,1,no,southwest,432.25077426367716
56,male,36.1,3,no,northwest,12363.547
53,male,27.75203505213864,0,no,northeast,38511.6283
33,male,27.455,1,no,southeast,21595.555605394482
29,male,21.85,0,yes,northeast,16115.3045
60,male,24.32,0,no,northwest,12523.6048
55,female,41.5787001101986,1,no,southeast,21538.330140100057
39,male,31.4,1,no,southwest,3659.346
47,male,30.3978131466491,1,no,southwest,5375.038
