age,sex,bmi,children,smoker,region,charges
45,male,27.835,0,no,northwest,1635.73365
55,female,30.119048445061566,2,no,southeast,13270.422265141257
19,male,34.4,3,no,southeast,10141.1362
36,male,29.7,1,no,southeast,4399.731
39,female,22.8,3,no,southwest,2093.919496092428
44,male,34.8,4,yes,southwest,34779.615
19,male,24.738163156138484,2,yes,southeast,5327.40025
64,female,33.1,0,no,southwest,7345.084
28,male,38.06,0,no,northwest,2689.4954
31,female,32.775,2,no,northwest,17352.6803
59,female,31.35,0,no,northwest,12622.1795
18,female,20.79,0,no,southeast,-3886.0134639867283
54,male,21.47,3,no,northeast,12475.3513
45,female,39.425,2,no,southeast,8515.7587
15,female,31.13,0,yes,southeast,15860.092109122046
19,male,28.19785470272601,0,yes,southeast,1253.936
39,female,30.66339686098655,2,no,northeast,7209.4918
39,male,24.985,2,no,northeast,6940.90985
48,male,19.8,0,no,northwest,1241.565
42,female,30.0,0,yes,southwest,22144.032
19,male,34.1,0,no,southeast,1261.442
75,female,31.279064134894202,0,yes,northwest,12574.049
58,male,43.89,0,no,southwest,11365.952
30,female,39.05,3,yes,southeast,10664.496363240152
54,male,30.66339686098655,1,no,northeast,25517.11363
39,male,30.78,0,no,southwest,13270.422265141257
