age,sex,bmi,children,smoker,region,charges
40,female,32.783773289708435,4,no,southeast,15828.82173
23,female,34.865,0,yes,southeast,-9693.283639752277
35,male,36.67,1,yes,northeast,39774.2763
24,female,40.15,0,yes,southeast,38126.2465
55,male,36.74973247287027,0,no,northwest,10601.63225
36,male,29.6,0,no,northwest,5267.81815
80,male,30.896478754182198,2,no,southeast,11244.3769
53,female,41.325,0,no,northeast,22703.47090365392
49,male,30.78,1,no,northeast,9778.3472
48,female,22.8,1,no,southwest,8269.044
55,female,26.8,-1,no,northeast,1631.6683
25,female,39.6,1,no,northeast,10579.711
46,male,33.345,1,no,northeast,25992.82104
39,male,26.41,1,no,northwest,5385.3379
77,male,36.85,0,no,southeast,8125.7845
56,female,33.66,1,no,southeast,13270.422265141257
61,male,40.945,2,no,southwest,31490.684276686337
18,male,39.14,-1,no,northeast,-11831.567574773973
25,female,30.2,0,no,southwest,33900.653
60,male,30.042473057967445,1,no,southeast,30184.9367
33,male,30.66339686098655,5,yes,southeast,3500.6123
39,male,26.22,0,yes,northeast,2721.3208
48,male,26.885,0,no,southwest,21232.18226
44,female,31.79,3,no,southeast,17929.30337
35,male,30.66339686098655,1,no,southeast,13270.422265141257
59,male,29.15,3,no,northwest,8334.45755
