,synth,train,val,test,synth_value,real_value
0,0/synth.csv,0/train.csv,0/val.csv,0/test.csv,0.1317913059503476,0.13398266962982563
1,1/synth.csv,1/train.csv,1/val.csv,1/test.csv,0.14220894384231175,0.14154374891637833
2,2/synth.csv,2/train.csv,2/val.csv,2/test.csv,0.1440292241594966,0.142860043225167
3,3/synth.csv,3/train.csv,3/val.csv,3/test.csv,0.14378290185760545,0.14403738191764737
4,4/synth.csv,4/train.csv,4/val.csv,4/test.csv,0.12580806825486257,0.13051409269684777
