age,sex,bmi,children,smoker,region,charges
44,female,26.41,0,no,northwest,6877.9801
76,male,32.965,0,no,northeast,14692.66935
61,male,33.915,0,no,northeast,13143.86485
33,female,32.9,2,no,southwest,7862.432672491122
52,male,37.4,0,no,southeast,9634.538
48,male,29.719665155066483,1,no,southeast,5875.112390671195
39,male,29.735,0,no,northwest,1769.53165
56,female,25.65,0,yes,northwest,11454.0215
36,female,39.14,0,no,southeast,4399.731
40,male,29.3,4,no,southeast,15828.82173
47,female,30.03,1,no,southwest,19144.57652
27,male,44.6278751963785,0,yes,northwest,4894.7533
59,female,30.66339686098655,1,yes,southwest,13090.175242254236
27,female,33.33570392909478,0,no,southeast,17929.30337
48,female,28.785,0,no,northwest,13270.422265141257
37,female,17.29,2,no,northeast,7419.4779
18,male,38.17,1,no,southeast,1631.6683
51,male,40.81,3,no,southeast,12485.8009
20,female,22.42,1,yes,northwest,14711.7438
59,male,36.52,1,no,southeast,28287.89766
38,male,34.726126195680926,1,no,northeast,3490.5491
24,female,31.73,0,no,northeast,14571.8908
19,female,27.93,3,no,northwest,13270.422265141257
31,female,30.66339686098655,0,no,southeast,-400.9330665464295
39,female,31.35,0,no,northeast,9290.1395
55,male,23.6,1,no,southwest,9377.9047
