age,sex,bmi,children,smoker,region,charges
23,male,29.377396970634873,0,no,northeast,1824.2854
45,female,38.095,1,no,southeast,3561.8889
24,male,20.52,3,yes,southeast,14571.8908
55,male,29.45,0,no,northeast,2897.3235
55,male,34.32,2,no,southeast,13405.3903
22,male,23.053371010739532,0,yes,southeast,39722.7462
27,male,45.32,1,no,southeast,8569.8618
47,male,36.2,1,no,southeast,8068.185
57,male,31.54,0,no,northwest,11353.2276
40,male,30.66339686098655,1,no,southeast,5415.6612
50,male,39.16,0,no,southeast,7551.677766500254
59,female,30.5,1,no,southwest,12638.195
39,male,34.2515255133111,1,no,northeast,2203.47185
39,male,34.05301606601024,1,yes,southwest,-3035.3705185623194
22,female,32.178638976437874,0,no,southeast,11881.9696
30,female,24.7,1,no,northwest,23620.655923410835
54,male,30.8,1,no,northeast,13047.33235
22,female,30.4,0,no,southwest,2741.948
56,male,36.48100103661174,1,no,northeast,11763.0009
20,female,30.3,0,no,southwest,1880.07
18,female,39.16,0,no,southeast,22588.745080812572
63,female,26.98,0,no,northwest,3209.815105039377
48,female,26.98503983519335,4,no,southeast,11015.1747
39,female,30.66339686098655,1,no,southeast,3558.62025
41,female,35.91,1,no,southeast,26392.26029
19,male,25.8,0,yes,southeast,2136.88225
47,female,33.0,4,no,southwest,13270.422265141257
20,male,42.13,0,yes,southeast,39611.7577
52,male,22.515,1,no,northwest,2117.33885
19,male,29.15,0,yes,southeast,18246.4955
34,female,32.87412981145621,0,yes,northwest,43943.8761
26,female,30.66339686098655,0,no,northwest,1980.07
60,male,20.84747910253997,5,no,northwest,15740.787672581002
57,male,40.945,0,no,northeast,11566.30055
39,male,25.46,1,no,northeast,5104.857073588608
35,female,30.66339686098655,0,no,southeast,5836.5204
51,female,36.575,1,no,northeast,29720.81605211166
11,female,48.07,0,no,southwest,8280.6227
40,male,30.66339686098655,1,no,northeast,6600.20595
46,male,32.7,3,no,southeast,3591.48
11,male,50.38,1,yes,southeast,2438.0552
55,female,30.14,1,yes,northeast,2155.6815
65,female,24.795,0,no,northwest,10942.13205
63,male,39.16,0,no,southeast,12485.8009
56,male,28.595,0,no,northeast,13270.422265141257
37,male,41.8,2,yes,southeast,13270.422265141257
22,male,32.06441806890771,2,yes,southeast,12996.441641234796
30,male,28.38,1,no,southeast,19521.9682
39,male,21.565,0,no,southeast,32425.231702769306
23,male,26.51,2,no,southwest,13270.422265141257
21,female,35.72,0,no,northeast,13270.422265141257
51,female,21.56,1,no,southeast,9855.1314
