age,sex,bmi,children,smoker,region,charges
39,male,20.65975630589996,1,no,northwest,5257.50795
40,female,29.925,0,no,northwest,20009.63365
29,male,29.64,1,yes,northeast,20277.80751
39,male,30.66339686098655,3,no,southwest,-10944.657039687587
23,male,47.52,1,no,southeast,21239.070845512673
32,female,27.835,1,no,southwest,4454.40265
51,female,40.66,2,no,southeast,13270.422265141257
19,female,30.21,3,no,northwest,4618.0799
33,female,31.92,3,no,southeast,12265.5069
39,female,35.1,0,no,southwest,24839.035840413144
46,male,30.66339686098655,3,no,southeast,8124.4084
18,male,30.03,1,no,southwest,13270.422265141257
58,male,27.17,1,yes,northwest,12222.8983
24,female,32.3,3,no,northeast,13430.265
36,male,31.5,0,no,southeast,4402.233
11,male,39.995,2,no,northeast,5662.225
50,female,20.9,3,no,southeast,19749.38338
41,female,29.7,3,no,southeast,7954.517
49,female,30.816434142013964,5,no,southwest,11552.904
34,male,27.835,1,no,northwest,8988.15875
18,female,33.148049575635056,0,no,southeast,1131.5066
54,male,30.8,1,no,southeast,41999.52
53,male,27.83,0,yes,southeast,21195.818
29,male,40.55485051143367,0,no,southwest,5138.2567
45,female,31.79,0,no,southeast,19346.21227844465
25,male,24.985,0,no,northeast,23241.47453
