haematocrit,haemoglobins,erythrocyte,leucocyte,thrombocyte,mch,mchc,mcv,age,sex,source
40.0,12.9,3.7270028096450263,3.3,158,26.8,32.3,83.0,32,F,1
36.6,12.749350256875191,5.07,13.9,150,32.5,33.33647627682079,90.8,72,F,1
43.8,15.1,5.16,5.2,294,23.0,34.5,84.9,34,M,0
42.5,14.7,4.96,5.8,384,31.6,34.6,85.7,10,F,1
32.0,12.749350256875191,5.56,3.8,199,29.1,32.4,84.7,43,F,0
38.5,13.1,4.611653360718061,4.4,409,26.58737148203623,32.18252230899683,87.6,76,M,0
38.8,12.6,4.544802055001511,8.7,242,29.5,32.5,90.9,15,F,1
34.23517055566054,9.8,4.1,11.542385965661282,361,23.9,32.350084798431595,74.6,41,F,1
29.0,13.222642541292247,3.36,17.7,212,28.6,33.1,80.39091318738626,24,F,0
34.89627664446538,13.0,3.17,9.8,162,31.5,32.8,84.61133272892113,26,F,0
37.2,12.2,4.53,7.1,351,26.9,35.3,82.1,66,M,0
38.6,15.8,4.42,10.4,236,29.0,33.2,82.1,82,F,0
50.9,16.9,5.89,4.7,402,28.2300392867936,33.2,86.4,46,M,1
39.0,13.0,3.93,8.715533393774555,258,31.92413905527915,33.33647627682079,99.2,6,M,0
38.22611060743427,13.1,4.23,9.50788659120575,270,31.0,33.9,84.30317415716627,65,M,0
47.1,14.3,4.67,6.100367093354347,231,27.08136591297172,36.37002015696387,73.9,62,M,0
39.70181442919469,13.825549919450644,4.4,7.5,265,27.1,31.3,81.9,26,M,0
28.6,15.4,5.65,7.3,307,31.8527081634861,34.4,84.2,46,M,0
29.4,9.8,3.34,10.4,378,30.1,33.3,88.0,46,M,1
18.8,12.8,3.78,8.2,370,28.4,33.1,87.42857207995299,26,F,0
39.6,10.6,4.37,5.3,275,28.8,31.8,84.61133272892113,67,M,0
42.3,13.7,5.01,17.7,280,27.3,32.4,84.4,62,F,1
38.22611060743427,15.4,4.3967223635491735,8.7,278,28.2300392867936,34.0,88.8,58,M,0
49.24088503939259,14.8,4.544802055001511,10.0,390,26.3,32.5,80.96432526266761,61,M,1
47.6,14.917664932873372,3.16,3.791573782756825,258,29.6,35.0,90.5,52,M,1
40.7,12.71605155258498,5.28081567365021,8.715533393774555,208,30.0,33.18655472700809,82.6,60,M,1
