haematocrit,haemoglobins,erythrocyte,leucocyte,thrombocyte,mch,mchc,mcv,age,sex,source
38.22611060743427,13.6,4.57,2.8,131,25.775426943368856,33.1,82.0,23,F,0
40.1,11.146309696138887,4.544802055001511,2.2865319784514435,69,28.2300392867936,33.9,104.4,89,M,0
40.4,13.7,4.75,4.5,124,30.9,33.9,87.5,25,F,1
38.7,13.9,4.79,7.8,228,29.0,34.2,84.8,56,M,0
37.2,13.4,4.6460471128787155,6.6,151,29.3,36.0,81.2,34,M,1
46.7,12.749350256875191,5.3,5.9,296,29.4,31.05581200199981,82.6,34,M,0
35.7,12.3,4.802745092550061,19.8,145,28.2300392867936,30.82270050749223,79.2,10,M,0
52.6,13.5,5.07,6.3,258,26.6,29.6,71.8,8,M,0
37.83130948205945,13.9,3.21,6.4,351,29.8,32.3,93.2480278405437,34,M,0
37.9,11.9,4.11,7.9,351,29.0,31.4,92.2,84,F,0
38.4,12.5,4.2,7.2,258,29.8,32.6,86.8845953928318,68,F,0
31.0,12.12901725201949,3.29,7.3,227,32.8,34.2,96.0,31,F,0
36.9,12.2,4.17,8.913212752335426,345,29.3,33.1,88.5,67,M,1
38.22611060743427,12.7,4.77,4.1,250,28.7,32.5,84.61133272892113,6,F,1
45.2,14.7,5.48,6.5,135,26.8,32.5,82.5,12,M,1
43.1,14.492744209312987,6.09,7.6,266,27.504661393973215,32.5,70.8,31,M,1
40.6,13.6,4.5,8.715533393774555,107,30.91355670085266,35.724154542763706,96.01375054429923,46,M,0
40.112560756929604,13.0,4.544802055001511,20.80835190917289,210,26.511193145421053,34.00860326865972,84.61133272892113,43,M,0
28.4,14.527743599384626,5.39,12.7,334,24.5,34.0,86.15817048694302,1,F,1
43.72348367197395,15.7,4.86,2.3,64,20.4,33.33647627682079,81.1,46,M,1
34.1,11.7,5.2194351190378026,4.041253409802133,199,25.1,34.3,73.2,7,M,1
35.7,11.9,4.28,8.715533393774555,241,27.8,28.1,83.4,86,F,1
40.50823002998956,12.749350256875191,4.26,4.8,200,31.2,33.4,93.4,54,M,0
40.0,11.5,5.01,11.9,269,28.2,33.8,85.1,58,F,1
37.3,12.9,5.65,7.4,397,28.4,33.33647627682079,66.0,33,F,1
46.5,15.5,5.752487342687426,6.7,284,29.1,33.3,87.4,31,M,0
