age,sex,bmi,children,smoker,region,charges
41,male,36.3,4,no,southeast,-6514.768255726956
50,female,44.745,3,no,southeast,9541.69555
21,male,28.4,1,yes,northwest,2331.519
53,female,30.66339686098655,3,no,northwest,21984.47061
55,female,37.1,2,no,southwest,18362.62373609168
36,male,35.2,1,no,southeast,38709.176
60,female,32.56,0,no,southwest,12644.589
51,male,37.07,1,no,southeast,23103.5209661056
27,female,34.21,0,no,southeast,3935.1799
36,male,30.66339686098655,1,yes,northeast,13270.422265141257
29,female,21.85,0,no,southeast,16115.3045
19,female,34.0547939401643,1,yes,southeast,34439.8559
57,male,29.18838085421022,0,no,northwest,11353.2276
39,female,26.51,2,no,northwest,9715.841
18,female,33.725,1,yes,northeast,8823.98575
19,female,24.51,1,no,southeast,2709.1119
61,female,28.2,0,yes,southwest,39836.519
32,male,30.8,0,no,southwest,5253.524
39,male,23.4,2,no,southeast,2913.569
46,female,38.28,1,no,southeast,18115.486766018752
21,female,39.49,0,no,southeast,2026.9741
29,female,29.15,1,no,northwest,13270.422265141257
44,female,35.2656571266654,1,no,northwest,8023.13545
56,female,25.65,0,no,southeast,11454.0215
54,male,27.61,1,yes,southeast,1253.936
53,male,24.51,1,no,northeast,11949.038663213703
13,female,38.0,2,no,northwest,5630.45785
27,female,29.561256408868232,0,no,southeast,13270.422265141257
38,male,30.66339686098655,0,no,southeast,47055.5321
31,female,36.17917581372496,0,no,southeast,16164.614766799823
43,male,37.525,0,no,southeast,13270.422265141257
18,male,30.305,0,no,northeast,2203.73595
46,female,33.155,0,no,northwest,9193.8385
26,male,27.17,0,yes,southwest,16138.76205
39,male,32.92415333501212,1,no,northeast,7731.85785
58,male,23.3,0,no,southeast,11345.519
39,male,31.92,2,no,southwest,2396.0959
52,female,30.66339686098655,3,no,southwest,5625.529907952344
18,female,31.13,3,no,southwest,1621.8827
42,female,19.95,1,no,northeast,11784.119685265518
47,female,27.83,0,no,southeast,8750.837594276258
35,male,31.768349697284535,1,no,southeast,24059.68019
37,male,13.741533069710288,3,no,northeast,10899.190682332184
48,male,30.66339686098655,0,no,southeast,1728.897
20,female,35.1,3,yes,southeast,49577.6624
62,male,27.55,1,no,northwest,13937.6665
44,female,22.135,2,no,northeast,13270.422265141257
31,male,33.82,1,yes,northwest,4462.7218
39,male,28.88,0,no,northwest,9869.8102
61,male,34.28168936435622,0,no,northwest,13143.86485
19,male,27.32333977672826,1,no,southeast,39722.7462
39,female,24.86,0,no,southwest,27117.99378
