age,sex,bmi,children,smoker,region,charges
31,male,19.475,0,no,northwest,5630.45785
27,male,36.575,1,yes,southeast,34806.4677
57,male,28.1,0,no,southwest,13270.422265141257
30,female,28.38,1,yes,northwest,19521.9682
48,male,27.93,4,no,northwest,11015.1747
39,male,27.2,0,no,southwest,2866.091
39,female,36.85,0,yes,southeast,36149.4835
14,male,29.198440299254383,2,no,southeast,1627.28245
45,female,35.9,1,no,southwest,-5186.768433313857
19,male,33.55851860008472,1,no,northwest,9447.25035
57,female,28.7,0,no,southeast,18074.661964954223
39,male,27.748142418805983,1,yes,southwest,28321.00709118785
43,female,30.66339686098655,1,no,southeast,12629.8967
42,male,30.66339686098655,0,no,southeast,13270.422265141257
59,male,20.224607859795015,0,no,southwest,36910.60803
45,female,27.83,2,no,southeast,14174.594444308656
19,male,20.425,0,no,northwest,1625.43375
57,female,35.97,0,no,southeast,46661.4424
53,female,32.3,3,no,northeast,29186.48236
63,female,36.85,0,no,southeast,13887.9685
34,male,23.56,2,no,northeast,37313.9757642752
20,male,42.75,2,yes,southwest,2680.9493
52,female,39.4,1,yes,northeast,5469.0066
64,male,23.983277647712335,1,yes,northwest,48675.5177
61,female,39.1,1,no,southeast,13270.422265141257
35,male,30.115,1,no,southwest,17953.03036486529
39,male,25.6,0,no,southeast,1136.3994
40,male,21.78,4,no,southeast,6610.1097
38,male,20.045,1,no,northeast,11135.934641814325
19,male,27.9,0,no,southwest,16884.924
49,female,26.739628107947,1,no,northwest,12265.5069
30,female,34.32,5,no,southeast,8596.8278
39,male,33.63,4,no,northeast,17128.42608
50,female,42.54709421168659,1,no,southeast,9549.5651
41,female,21.755,1,no,southeast,13725.47184
35,male,34.675,1,no,northeast,13270.422265141257
19,male,38.95504362814293,5,no,southeast,1639.5631
36,female,27.74,0,no,northeast,5469.0066
21,male,27.00782463888512,1,no,southeast,1532.4697
20,male,30.66339686098655,2,no,northeast,29129.864367107213
46,male,30.66339686098655,0,no,northwest,7526.70645
55,female,41.8,1,yes,southeast,19144.57652
40,female,19.8,0,yes,southeast,17179.522
51,male,20.3,0,no,northeast,-1372.0474793130577
57,female,31.54,0,no,southwest,24393.6224
30,female,23.37,0,yes,southeast,19964.7463
19,female,36.19,0,no,southeast,5920.1041
50,female,27.6,0,yes,southwest,15010.99830371702
53,male,36.86,3,yes,northwest,14313.8463
23,male,30.66339686098655,0,no,northwest,11455.28
18,male,22.274070748198646,0,no,southeast,1149.3959
39,male,43.4,0,no,southwest,13270.422265141257
