age,sex,bmi,children,smoker,region,charges
56,male,30.544937946312558,3,no,northeast,11165.41765
29,male,25.175,1,no,northeast,9095.06825
48,male,29.6,0,no,southwest,29413.573678326356
44,male,28.874436157238303,2,no,southeast,7740.337
36,male,30.66339686098655,1,yes,northeast,43753.33705
32,male,26.172198287669584,0,yes,southeast,19350.3689
44,male,17.29,5,no,northeast,20635.686444227125
39,male,30.66339686098655,1,no,southwest,1964.78
23,female,43.89,2,no,northeast,13270.422265141257
54,female,39.7,0,yes,southeast,63770.42801
53,female,26.7,2,no,southeast,11150.78
43,female,20.13,2,yes,northeast,18767.7377
29,female,27.94,1,no,southeast,19107.7796
39,female,22.515,0,no,northwest,2117.33885
45,female,31.16,0,no,northeast,13270.422265141257
58,female,23.401400979737954,0,no,northwest,11362.755
39,female,20.8,2,no,northwest,9193.8385
56,male,32.11,0,yes,southeast,13555.0049
20,male,37.8,0,yes,southeast,33475.81715
40,female,46.7,2,no,southwest,11538.421
40,male,28.31,0,yes,southwest,2642.175540027016
54,male,32.68,1,no,southeast,46889.2612
36,female,25.90163297582141,0,no,northwest,25678.77845
18,female,31.92,0,no,northeast,2205.9808
50,female,35.019501100573635,3,yes,northeast,4588.925152316331
23,male,42.75,1,yes,southeast,40904.1995
54,male,30.8,1,no,southwest,48824.45
21,male,45.32,1,no,southeast,-17795.16405274916
71,male,27.36,1,yes,northeast,25656.57526
25,male,36.815193244274255,5,yes,southeast,13270.422265141257
58,male,28.7,0,no,southwest,1253.936
27,female,28.69,3,no,northwest,10264.4421
46,male,24.225,3,no,southeast,4320.41085
18,male,30.66339686098655,0,yes,southwest,13747.87235
43,male,21.077570682461825,0,no,southeast,16115.3045
64,male,33.88,1,yes,southeast,10923.9332
39,female,24.6,0,no,southwest,3484.331
40,female,35.3,3,no,southwest,7196.867
31,female,37.79368128200742,2,no,northwest,1100.8342648405496
35,male,26.6,0,no,northeast,4017.0617886887594
50,male,35.98930015863311,1,no,southwest,-1962.2184531741714
59,male,27.5,0,no,southwest,12233.828
48,male,32.3,1,no,northwest,6878.9183857847165
39,male,30.66339686098655,0,no,northeast,13270.422265141257
25,male,25.84,1,yes,southeast,13270.422265141257
39,female,22.23,2,no,northwest,2534.39375
28,male,39.14,0,no,northeast,12890.05765
42,male,27.94,1,yes,southeast,39611.7577
26,female,33.11,2,no,southwest,17496.306
27,male,30.66339686098655,1,no,southwest,38245.59327
37,female,29.735,0,no,northeast,5525.441201691509
26,female,40.185,0,yes,southeast,3201.24515
