age,sex,bmi,children,smoker,region,charges
38,female,29.353592189365305,1,no,northeast,6067.12675
22,female,36.0,1,no,southwest,2166.732
33,male,26.125,1,no,northwest,12957.118
46,female,28.49,-1,no,southeast,15662.292255566668
29,female,27.94,0,yes,southeast,8461.95274990618
24,male,23.655,0,no,northwest,2352.96845
49,female,41.47,1,no,southeast,10977.2063
51,female,30.66339686098655,1,no,northeast,11436.73815
42,male,21.4,0,no,southwest,10825.2537
29,male,35.5,2,yes,southeast,52729.5245512918
58,female,26.695,3,no,northwest,14382.70905
44,male,39.49,1,no,southeast,3875.7341
56,male,33.0,3,no,southeast,4449.462
31,male,47.52,1,no,southeast,4326.825271815254
39,male,24.208741699744955,0,no,southeast,12815.44495
64,female,36.2,1,no,southeast,14235.072
44,female,29.735,2,no,northeast,32108.66282
39,male,22.895,0,yes,northeast,6849.026
33,male,33.44,1,no,southeast,6653.7886
59,female,23.1,1,no,southeast,28287.89766
41,male,30.78,3,yes,northeast,39597.4072
29,male,18.3619626890169,1,yes,southeast,4433.9159
21,male,23.688878740560913,3,no,northeast,3861.20965
18,male,41.14,1,no,southeast,5116.5004
35,male,17.86,4,no,northwest,1146.7966
51,male,35.86,4,no,southeast,8124.4084
36,female,30.66339686098655,0,no,southwest,7147.4728
56,male,33.3,1,no,northwest,21315.004281852503
33,male,19.801173500351005,1,no,southeast,5257.50795
50,female,47.345763478841576,1,yes,southeast,-7496.857248522574
18,female,26.73,0,no,southeast,8162.71625
20,male,43.12,1,no,southeast,4040.55825
39,male,30.66339686098655,0,no,southeast,11833.7823
18,female,23.75,2,yes,northwest,1705.6245
43,male,39.7,1,no,northwest,13270.422265141257
52,male,43.4,0,no,southwest,23964.228743326195
39,male,35.3,2,no,southwest,40103.89
43,female,36.054614710781905,3,no,northwest,5478.0368
62,male,33.155,1,no,northeast,8538.28845
30,male,32.775,2,yes,southeast,13270.422265141257
18,male,33.33,2,no,southeast,13270.422265141257
39,female,34.77,0,no,northwest,7977.361234307223
40,female,25.46,1,no,southeast,7077.1894
59,female,30.66339686098655,0,no,southwest,11837.16
3,male,32.7,3,no,southeast,24869.8368
49,female,57.69953722294706,0,yes,southeast,44501.3982
26,male,33.65732326433691,2,no,northwest,1851.7958940685448
48,male,32.3,0,no,northwest,11813.394534377963
28,male,28.785,0,yes,northwest,22412.6485
39,male,32.08032072084633,0,no,southwest,13270.422265141257
35,female,33.63,0,no,southeast,5227.98875
19,female,30.66339686098655,5,no,southwest,13270.422265141257
