age,sex,bmi,children,smoker,region,charges
45,female,25.7,3,no,southwest,9101.798
27,male,26.03,0,no,southeast,3070.8087
37,male,42.94,1,no,southwest,14051.168319104885
26,male,29.92,1,no,southeast,3392.9768
56,male,25.3,0,no,southeast,9850.432
56,female,28.31,0,no,northeast,13270.422265141257
53,female,20.9,0,yes,southeast,21195.818
57,female,42.31429532987481,0,no,northeast,20709.02034
42,female,21.47,2,no,northeast,4564.19145
18,female,23.275,1,no,northeast,7986.47525
20,male,30.59,0,no,northeast,2459.7201
39,female,29.92,3,yes,southwest,30942.1918
53,male,28.88,4,no,northeast,3558.62025
49,male,26.637343888835797,3,no,southeast,2200.83085
48,male,36.48,2,yes,northeast,11177.706219736418
39,male,33.66,0,no,southeast,2498.4144
40,female,30.66339686098655,1,yes,southeast,21659.9301
27,female,29.355,0,no,northwest,13270.422265141257
39,female,25.175,0,no,northeast,9869.8102
30,female,36.19,0,yes,southeast,5920.1041
26,male,24.41756074286257,1,no,northeast,21257.420263219232
51,female,23.76,0,no,northeast,9866.30485
51,male,32.3,2,no,northeast,7857.733308120409
32,male,30.66339686098655,0,yes,northwest,4667.60765
45,male,39.805,1,no,northeast,7448.40395
18,female,36.971678523747386,0,no,southwest,1136.3994
