haematocrit,haemoglobins,erythrocyte,leucocyte,thrombocyte,mch,mchc,mcv,age,sex,source
37.6,12.1,4.55,5.6,204,28.8,33.187082482923095,82.6,64,F,0
36.8,12.7,4.83,9.7,286,26.3,34.5,83.88377703545922,83,M,1
43.0,13.8,5.1,11.0,366,27.1,34.1,84.3,46,F,1
43.1,14.4,5.21,8.57834236147059,273,27.6,33.4,82.7,61,M,0
40.8,15.4,6.86,10.6,469,26.78851453482121,33.2,85.1,66,M,0
37.63565248040083,12.0,3.949345133960654,14.219916024959431,289,23.2,32.3,77.76865944181502,75,M,1
43.824525566886116,13.634725062182913,3.7921342004593694,20.5,280,29.5482479050584,34.0,84.61133272892113,46,F,0
46.4,14.3,4.38,9.5,200,32.6,35.698988084079176,84.61133272892113,67,M,0
38.502505677479185,10.9,4.21,9.1,226,25.9,32.4,79.8,30,F,1
24.2,11.5,3.82,7.0,195,30.1,33.33647627682079,92.4,87,M,0
38.1,12.749350256875191,4.52,10.4,231,28.2300392867936,34.66270502080723,85.2,57,M,0
39.6,13.9,3.56,4.5,249,29.8,35.1,84.8,34,M,1
34.5,11.8,4.1,8.715533393774555,150,26.6,34.2,84.1,71,M,0
47.3,10.5,4.67,3.9,140,27.22027285789275,33.878646515837985,85.4,87,M,0
38.1,12.9,4.71,2.9085001932379733,367,27.4,33.7,80.9,66,F,0
38.22611060743427,14.7,6.500456272983007,8.715533393774555,260,25.7,32.8,93.55625223130967,29,M,0
38.22611060743427,12.4,3.7003794963866365,21.5,252,28.5,33.33647627682079,85.5,53,F,0
46.4,15.6,4.544802055001511,6.3,76,27.8,38.1,82.9,9,M,1
36.8,16.4,3.95,8.4,175,31.4,33.9,73.01933639322877,66,M,0
37.9,10.216469887261226,4.26,7.7,236,27.573769970178684,34.0,89.0,43,M,0
40.0,13.483683528333964,6.54,2.9,258,30.3,34.0,89.1,61,F,1
28.744270849823437,6.5835303104703184,2.93,15.8,112,28.2300392867936,33.1,83.7,47,F,0
37.9,9.4,4.79,4.4,258,33.9,32.7,79.1,29,F,0
44.3,12.749350256875191,4.544802055001511,6.7,563,34.2,33.4,84.3,98,M,0
43.8,15.0,5.42,10.136745512027558,341,27.7,34.2,80.8,60,M,1
29.5,10.1,3.3,11.6,232,30.6,34.2,89.4,75,F,1
