,synth,train,val,test,synth_value,real_value,jsd,wasserstein,diff_corr,dcr_rf,nndr_rf,dcr_rr,nndr_rr,dcr_ff,nndr_ff
0,0/synth.csv,0/train.csv,0/val.csv,0/test.csv,0.43946513803358367,0.49584429115300654,0.1476549681862965,0.01788881178194155,1.0030243825932945,0.0,,0.0,,0.0,
1,1/synth.csv,1/train.csv,1/val.csv,1/test.csv,0.4704658578025942,0.5629760811578994,0.14246429487116055,0.019240753591898623,0.6139857338713287,0.0,,0.0,,0.0,
2,2/synth.csv,2/train.csv,2/val.csv,2/test.csv,0.42593936949653827,0.4864045383411581,0.1770986637298853,0.03287358315984272,1.1675822643963547,0.0,,0.0,,0.0,
3,3/synth.csv,3/train.csv,3/val.csv,3/test.csv,0.40562880548052166,0.45152450610540273,0.1529254969286419,0.01232683064744133,0.9338939550456092,0.0,,0.12317923819397492,,0.0,
4,4/synth.csv,4/train.csv,4/val.csv,4/test.csv,0.44286945061118227,0.5638491302208116,0.1610919425257909,0.028350445144338276,0.9883924456060507,0.0,,0.0,0.0,0.0,
