haematocrit,haemoglobins,erythrocyte,leucocyte,thrombocyte,mch,mchc,mcv,age,sex,source
30.9,10.4,5.4,8.715533393774555,258,28.7,33.7,84.61133272892113,44,M,1
38.4,11.6,4.2,7.2,303,29.8,32.6,91.4,31,F,0
48.4,15.5,6.79,6.7,18,29.5,30.707752917982727,71.3,25,M,1
41.68761903607137,13.4,4.544802055001511,8.715533393774555,270,30.7,33.9,90.6,65,M,0
40.4,13.0,4.56,2.438705027131668,274,28.454661447070244,33.71272302285209,77.1,65,M,0
33.1,10.7,3.74,13.010983171047192,565,28.2300392867936,32.3,88.5,89,F,0
46.5,16.0,3.63,6.3,303,29.6,34.4,82.2981308041483,48,M,1
40.1,13.5,5.81,4.6,203,27.1,33.7,80.5,86,F,0
20.080854728371047,9.8,4.557549471461599,5.2,734,28.2300392867936,32.001464533523524,84.3,26,F,0
32.1,9.302705460571977,4.021256580687833,7.47698340898137,282,22.5,33.33647627682079,83.8,11,F,0
36.66486821531651,12.3,4.15,2.4,135,29.6,32.6,85.5,41,F,0
28.8,11.4,3.87,12.2,191,29.5,33.33647627682079,87.6,67,M,0
44.3,15.63007399402475,4.544802055001511,17.8,374,30.5,33.9,84.61133272892113,40,M,0
38.22611060743427,15.3,5.26,8.2,222,29.1,35.5,87.4,86,M,1
35.4034129572316,11.0,4.17,17.9,390,25.7,37.3,63.1,8,M,0
48.3,12.749350256875191,5.66,8.5,258,30.2,35.4,85.3,70,M,0
45.4,8.558913995089021,5.01,1.9,243,32.440225186747504,34.4,77.14365247260093,75,M,1
34.7,12.749350256875191,4.26,10.3,396,28.4,28.6,83.41995874390607,29,F,0
48.2,15.7,5.39,15.3,258,30.16301324740991,34.6,89.4,57,M,0
44.4,14.4,4.81,15.0,194,29.9,32.4,92.3,46,M,0
44.5,8.9,4.172631047818558,7.8,345,28.0,32.0,81.9,80,F,0
33.9,10.3,3.34,13.076775342196829,120,30.8,35.8,86.2,47,M,1
38.22611060743427,9.5,4.23,6.8,277,27.7,29.8,75.4,81,F,1
44.2,10.553517872891044,6.38,22.6,187,21.6,31.018464066934563,69.3,46,M,0
40.7,13.5,4.0798483233317,8.6,323,29.8,33.2,100.3,65,M,0
36.2,18.2,4.95,17.1,378,26.69934197428665,35.6,67.99242789301202,4,M,0
