age,sex,bmi,children,smoker,region,charges
27,male,22.23,1,no,northwest,4058.71245
38,male,16.815,2,no,northeast,6640.54485
39,male,22.135,5,no,southeast,8302.53565
46,female,26.125,0,no,northeast,20878.78443
21,male,25.501733327609834,0,no,northeast,1532.4697
52,male,47.74,3,no,southeast,19040.876
67,male,30.02,1,no,southeast,30147.047104943213
61,female,21.09,0,no,northwest,13415.0381
56,male,38.06,1,no,northwest,36742.97675439904
62,female,30.66339686098655,0,no,southeast,1634.5734
51,female,31.92,1,yes,southeast,44400.4064
29,male,38.9,0,no,southeast,2866.091
25,female,34.485,0,no,northwest,4889.9995
61,male,34.105,0,yes,southeast,13270.422265141257
39,male,30.66339686098655,1,no,northwest,-1692.560664744473
39,female,21.47,3,no,southeast,12475.3513
56,male,23.18,1,yes,northwest,13270.422265141257
41,female,30.66339686098655,1,no,southeast,6290.541792750193
22,male,30.66339686098655,7,no,northeast,6799.458
38,male,34.2,0,no,northeast,39047.285
48,male,26.555724226950545,3,no,southeast,10141.1362
46,female,30.8,1,no,southwest,9414.92
52,male,38.38,3,no,southeast,11396.9002
18,male,21.47,0,no,northeast,-4964.231212588205
37,female,30.66339686098655,0,no,southeast,13270.422265141257
19,male,22.61,0,no,northwest,10461.9794
39,male,40.185,0,no,northeast,2217.46915
34,male,32.56138649967495,1,yes,northeast,4518.82625
53,female,43.43365599599774,1,no,southeast,10579.711
33,male,35.75,-1,no,southeast,3021.80915
39,male,25.27,1,no,northwest,13270.422265141257
28,male,26.855057040874378,2,no,southeast,11013.7119
23,female,26.6,2,no,northeast,9715.841
24,male,33.7,1,no,southwest,5012.471
39,female,33.99,2,no,southeast,-252.5758074288642
60,female,38.0,2,yes,northwest,12646.207
39,female,36.08,1,no,northwest,3677.387579947707
41,female,23.085,1,no,northeast,5080.096
51,male,31.038013313951634,1,no,southeast,7122.781383924645
32,female,28.7,0,no,southwest,11455.28
32,male,33.63,1,no,northeast,37607.5277
50,male,37.905,1,yes,northwest,37564.75263927121
48,female,21.777502745636248,1,no,northwest,9249.4952
31,male,29.33858645058138,0,no,southeast,3761.292
19,female,28.954348867226138,0,no,southeast,44501.3982
26,female,20.425,0,no,northwest,3176.8159
53,male,31.16,1,no,northwest,1625.43375
62,female,48.25860582538279,0,no,southeast,-7301.029931308243
26,female,29.92,0,no,northeast,3392.9768
32,male,38.9,1,no,southwest,13270.422265141257
57,male,29.64,0,yes,northeast,12730.9996
37,female,27.74,3,no,northwest,1727.785
