age,sex,bmi,children,smoker,region,charges
36,female,25.864589959157122,3,no,southeast,43753.33705
64,female,35.97,0,yes,southeast,4527.18295
31,female,38.095,1,yes,southeast,58571.07448
39,male,39.7,1,no,southwest,9391.346
57,female,31.8,0,yes,southwest,13880.949
49,female,39.4,1,no,southwest,14313.8463
24,female,30.66339686098655,3,no,northwest,13089.09198184555
21,male,22.045616851073685,1,yes,northeast,23247.400403904496
31,female,25.8,2,no,southeast,13270.422265141257
23,male,39.1,1,no,northwest,6600.20595
40,male,24.225,2,no,northeast,22395.74424
56,female,37.51,2,yes,southeast,2801.2588
23,male,37.1,2,no,southwest,13270.422265141257
57,female,31.001443792960337,0,no,northwest,2346.3233062537283
39,male,22.61,3,no,southwest,9301.89355
45,female,24.6,2,no,northwest,4529.477
43,female,25.27,1,yes,southwest,21771.3423
39,female,33.420297964932345,0,no,northeast,9447.25035
64,male,25.6,2,no,southwest,14988.432
59,male,36.52,1,no,southeast,60021.39897
43,male,30.66339686098655,1,no,southwest,7441.501
26,female,25.745,0,no,northwest,3176.8159
61,female,25.8,0,no,northwest,2007.945
48,female,35.91,0,no,southeast,4525.822503200772
62,female,32.68,1,no,northeast,13844.7972
18,male,26.73,1,no,southeast,1615.7667
