age,sex,bmi,children,smoker,region,charges
39,female,27.94,3,no,southeast,13270.422265141257
19,female,22.515,0,no,northwest,2117.33885
29,female,32.869253560084154,0,no,northeast,-10534.043725061476
58,male,35.503617368991286,0,no,southwest,11362.755
46,female,27.36,2,no,northwest,9193.8385
62,male,32.11,1,no,northeast,12146.971
39,male,30.685,1,yes,northeast,14349.8544
39,male,46.7,1,no,southeast,11538.421
23,male,30.66339686098655,5,yes,northwest,17468.9839
68,female,32.59387392477184,2,no,northeast,3353.284
32,male,39.14,-1,yes,northeast,4357.04365
18,male,31.92,0,yes,northeast,-8767.879756671662
34,male,33.11,0,no,southeast,34439.8559
23,female,42.75,1,yes,northeast,39611.7577
55,male,32.85630965771456,0,yes,northeast,28234.30348676668
47,female,45.32,2,no,southeast,8569.8618
50,female,19.95,1,no,northeast,13270.422265141257
25,male,33.33,2,yes,northwest,5227.98875
39,female,28.7,0,no,southwest,1253.936
32,male,28.69,3,no,northwest,7789.635
61,female,43.89,3,no,southeast,8944.1151
4,male,27.70101552049394,0,yes,northeast,13270.422265141257
43,female,30.66339686098655,3,no,northwest,6796.86325
64,male,48.81953929104941,0,yes,northeast,46889.2612
49,male,24.6,0,yes,southeast,-8699.733763298962
47,male,35.3,3,no,southwest,32627.89544132934
39,female,38.28,2,no,northwest,7749.1564
24,male,26.6,1,no,southeast,3046.062
47,male,32.3,1,yes,southwest,8062.764
59,female,20.8,0,no,southwest,12233.828
1,male,32.3,1,no,southeast,23285.133069120147
39,female,26.125,0,yes,northeast,36124.5737
25,male,25.84,1,no,southeast,7815.748130918215
18,male,22.23,1,no,northwest,3176.2877
18,male,29.735,4,no,southeast,12890.05765
27,female,21.4,0,yes,southeast,40904.1995
31,male,24.889513741071156,2,no,southwest,3484.331
42,male,26.07,1,no,southeast,38245.59327
37,female,20.20049057583855,2,no,northwest,6877.9801
39,female,35.09,0,no,southeast,13270.422265141257
61,female,30.66339686098655,0,yes,northwest,29141.3603
52,female,28.27,1,no,southwest,-11693.146991519541
22,female,28.38,1,yes,southeast,15055.299595135366
41,female,31.635,1,no,northeast,7358.17565
49,male,30.66339686098655,0,no,southeast,8688.85885
52,male,30.66339686098655,0,no,northwest,13270.422265141257
39,male,22.6,1,no,northeast,9704.66805
36,female,29.92,0,no,northeast,4889.0368
53,female,26.315,2,no,northwest,7201.70085
19,female,51.009850416200194,0,yes,southeast,6434.578839148365
24,female,40.15,0,yes,southeast,38126.2465
45,female,45.847496895334025,4,no,southeast,3201.24515
