haematocrit,haemoglobins,erythrocyte,leucocyte,thrombocyte,mch,mchc,mcv,age,sex,source
41.7,14.1,4.75,8.1,256,23.9,33.2,87.8,41,F,0
54.78338148683257,10.215658775063815,5.038412113927151,12.3,412,28.2,33.3,84.7,37,F,0
38.2,7.4,4.4045736251031125,6.4,219,20.5,33.5,84.61133272892113,21,F,0
29.1,9.3,4.544802055001511,10.0,122,27.4,32.8,85.8,26,F,1
32.7,12.749350256875191,4.109604608526032,5.0,40,28.2300392867936,31.4141444614992,89.1,2,F,1
38.7,12.7,4.27,2.977491112688564,351,29.7,32.8,90.39577658434973,74,M,0
38.22611060743427,16.5,3.56,24.6,268,28.9,32.1,84.61133272892113,71,M,0
36.1,12.0,3.87,15.4,457,31.0,33.8,91.0,15,F,0
39.3,12.9,4.544802055001511,20.0,234,29.563769392697193,32.8,79.9,46,M,1
44.9,15.8,5.46,8.715533393774555,449,28.9,35.2,89.7773333499684,27,F,0
34.2,11.3,4.03,8.1,206,29.1,33.0,88.1,78,M,1
39.8,14.2,4.84,8.2,180,27.902097869170507,33.945727019033754,93.3,63,M,1
40.587629103097925,11.1,4.81,-0.10903032661866874,245,27.7,32.88645889942256,83.8,25,F,0
37.6,10.8,5.43,9.8,258,28.8,33.33647627682079,87.2,41,F,1
40.32633288432881,10.2,4.83,5.5,461,21.1,29.9,84.7,28,M,0
38.22611060743427,12.2,4.54,8.7,412,26.9,31.1,86.3,45,M,1
35.6,11.8,4.32,-0.18425011666547242,195,27.449266339688595,33.531969029829014,82.4,27,M,0
47.5,10.3,5.91,6.1,258,28.2300392867936,34.7,80.4,46,M,0
39.4,17.13198336844444,5.17,6.2,283,27.3,32.9,83.0,33,F,1
41.4,14.1,5.07,8.715533393774555,309,27.8,34.1,81.7,28,M,0
44.1,14.0,3.75,7.4,352,29.1,32.0,80.7,74,M,0
30.7,12.749350256875191,2.947346747392671,10.4,354,28.3,34.5,81.9,59,M,1
39.8,12.5,6.11,9.0,307,27.1,31.4,70.88109177606911,41,M,0
39.4,12.46738218500714,4.63,2.8,97,19.338700914323002,29.5,70.1,5,F,0
30.725735064523374,11.0,4.46,9.4,88,24.7,33.33647627682079,81.98834947003243,7,M,1
39.2,13.632589285691328,4.63,10.77617071378259,293,27.2,32.1,70.6,26,M,0
