age,sex,bmi,children,smoker,region,charges
52,male,24.86,0,no,southeast,2459.7201
45,male,25.302288890853877,3,no,northwest,13112.6048
20,female,20.01536891141628,0,yes,northeast,27117.99378
42,female,26.03,1,no,northwest,3070.8087
48,male,40.15,0,no,southeast,7804.1605
39,male,10.174049544083742,0,no,northwest,8965.79575
26,female,30.3,0,yes,southwest,19255.03004735479
22,male,32.23,0,no,southwest,34254.05335
49,female,36.63,3,no,southeast,10381.4787
39,male,27.36,0,no,northeast,24393.6224
44,male,31.511397564730995,5,no,southwest,19357.131093161814
45,male,40.945,3,no,southwest,9101.798
19,female,30.59,2,no,northwest,24059.68019
55,male,30.66339686098655,0,yes,northeast,49530.71269827721
70,female,36.005,0,no,southeast,15170.069
50,male,33.33,2,yes,southeast,13270.422265141257
48,female,41.626548127093336,2,yes,southwest,13270.422265141257
23,male,27.2,0,no,southwest,1826.843
58,male,28.05,5,no,southeast,13270.422265141257
43,male,23.2,5,no,northeast,6250.435
43,male,20.045,2,yes,southeast,26702.22550808471
39,male,44.22,2,no,southeast,-1564.2675462078096
39,female,19.0,3,no,southeast,6753.038
47,male,21.47,1,no,southeast,-2078.9304505000746
39,male,28.5,5,no,northeast,9282.4806
38,male,19.3,0,yes,southwest,15820.699
52,female,25.33486568440268,0,no,northeast,5377.4578
24,male,26.84,2,no,southeast,1664.9996
2,male,31.4,2,yes,southwest,34166.273
51,female,35.97,1,no,southeast,-4769.726527014809
35,female,39.05,0,no,southeast,2155.6815
30,male,35.3,3,no,northwest,7196.867
51,male,30.66339686098655,1,no,northeast,9391.346
51,male,39.8,0,no,southwest,13228.84695
63,female,31.065,5,no,southeast,-376.88425675640246
39,male,30.66339686098655,1,no,northwest,13012.20865
54,female,30.66339686098655,2,no,southeast,-5958.647648290493
60,male,22.515,-1,yes,southeast,13270.422265141257
31,male,33.13109548785537,0,no,northeast,13555.0049
47,male,30.997977888592324,0,no,northwest,13270.422265141257
43,female,35.14719649445384,5,no,southeast,1875.344
19,female,32.3,2,no,northeast,10043.249
49,male,36.4,1,no,northeast,9288.0267
54,male,27.727702136536138,1,no,southeast,10928.849
22,male,23.465,2,no,northeast,6402.29135
42,male,36.195,1,no,northwest,7443.64305
62,female,27.74,0,yes,northwest,29523.1656
19,female,24.605,1,no,southeast,2709.24395
25,female,41.325,0,no,northeast,17878.90068
36,male,28.025,1,yes,northeast,3857.75925
59,female,30.66339686098655,3,yes,southwest,-497.18663784693126
59,male,25.08,0,yes,southeast,11013.7119
