age,sex,bmi,children,smoker,region,charges
54,female,36.7,3,no,northeast,1607.5101
29,female,20.235,3,no,northwest,4906.40965
52,male,33.25,1,no,northwest,7228.21565
33,female,24.18394017020092,1,yes,southeast,10115.00885
42,male,24.605,2,yes,southeast,21259.37795
36,female,27.835,3,no,northeast,9722.7695
51,male,25.4,0,yes,southeast,8782.469
30,male,22.99,1,yes,southeast,2719.27975
38,female,22.135,1,no,northwest,13270.422265141257
15,female,23.465,2,no,northeast,-20457.129460263815
36,male,30.875,2,no,northwest,21759.471419497688
29,male,30.66339686098655,0,no,southeast,43896.3763
42,male,33.33422181715525,2,no,northeast,6986.697
18,male,22.99,0,no,northeast,1704.5681
37,female,34.7,2,no,southwest,36397.576
61,female,28.2,0,no,southwest,21555.538109628786
19,female,27.28,0,yes,southeast,18223.4512
39,male,39.14,0,no,northeast,5272.1758
39,female,20.28303727562345,1,no,northwest,3594.17085
34,female,27.753515661627652,1,yes,southwest,-13737.659783361782
39,male,30.66339686098655,2,no,northwest,7201.70085
18,female,25.745,1,no,northwest,13270.422265141257
60,female,39.9,0,yes,southwest,48173.361
27,male,30.3,3,no,southwest,4260.744
59,male,25.46,0,no,northwest,12124.9924
58,male,41.91,0,no,southeast,24227.33724
