haematocrit,haemoglobins,erythrocyte,leucocyte,thrombocyte,mch,mchc,mcv,age,sex,source
43.1,9.1,4.8,1.5,294,25.6,32.5,78.8,14,M,0
40.6,15.6,3.62,2.6,258,29.8,34.99553633323512,83.5,50,F,0
44.8,15.6,5.194035903373588,6.6,282,29.8,33.08412426531041,88.5236188065331,45,F,0
38.22611060743427,14.2,5.11,8.715533393774555,208,27.8,34.4,80.8,30,M,0
40.7,12.9,4.8,3.6,186,25.9,31.7,69.8,87,M,0
40.7,12.45985000140689,4.77,9.9,282,28.3,33.2,84.44164975246301,57,M,0
37.07948493250403,13.2,4.544802055001511,2.3,313,29.0,33.4,79.9,47,F,0
38.22611060743427,12.2,4.390009292820779,5.2,49,30.2,32.9,91.7,60,F,0
37.245853192375776,12.7,4.06,5.5,150,28.2300392867936,33.4,87.95105689764044,35,M,0
41.0,13.5,4.91,7.8,330,28.0,36.4,81.88376554903239,42,M,0
39.5,13.0,4.544802055001511,8.715533393774555,258,27.5,32.9,85.1,9,F,1
35.9,12.1,4.12,10.6,221,29.4,33.7,84.61133272892113,39,F,0
36.5,10.9,5.47,10.1,510,28.2300392867936,33.33647627682079,84.61133272892113,47,M,0
36.26257480821941,14.8,5.738351278685605,7.4,211,30.3,34.3,90.6,14,M,1
32.2,14.047126306799786,4.9,10.2,187,31.0,33.792185835052564,93.7,50,M,0
41.95866189394465,11.4,4.8,7.6,271,24.729074091548515,32.2,84.6,1,M,0
36.2,12.5,4.22,3.0,154,29.684746003935228,34.5,85.8,30,M,1
35.9,13.4,4.46,3.2,218,27.4,34.0,80.5,3,F,0
40.9,13.291906379122425,4.49,36.0,114,31.2,33.33647627682079,91.1,14,F,1
39.6,9.7,2.91,3.8,253,22.9,33.6,68.2,24,M,1
28.9,13.5,5.19,8.92067647621373,340,28.47782532089581,33.8630375571795,76.3,-6,M,0
42.2,12.749350256875191,3.0310848823589867,11.7,729,30.3,32.9,92.1,46,M,0
32.2,10.9,3.72,14.635605511550455,254,28.5,33.9,86.6,37,F,0
44.8,12.749350256875191,4.99,4.0,156,23.521812016145876,32.7,73.8,73,M,0
41.9,14.755997484631054,5.28,3.8308248465082855,193,27.1,34.1,79.4,58,F,0
37.4,12.7,4.58,4.443691428881857,145,27.7,34.0,81.7,46,F,0
