age,sex,bmi,children,smoker,region,charges
64,female,32.965,0,no,northeast,33907.548
20,male,30.59,2,no,northeast,12982.8747
19,male,40.15,0,no,northwest,13270.422265141257
57,female,30.66339686098655,0,yes,southeast,27533.9129
48,female,36.575,0,no,northwest,28582.448482495594
41,female,30.357374321294458,3,yes,southeast,7348.142
24,male,35.1,0,yes,southwest,-7313.999611899559
18,female,29.7,1,yes,southeast,1727.54
35,male,30.66339686098655,1,no,northeast,39774.2763
48,female,26.41,0,no,northwest,8827.2099
39,male,27.3,0,yes,southwest,9773.942470726437
20,male,35.3,0,no,southwest,8538.28845
40,female,46.53,2,yes,northwest,40003.33225
19,male,34.01,0,yes,southeast,34828.654
45,female,38.9,3,no,southwest,5972.378
62,female,39.93,0,no,southeast,2459.7201
22,male,45.35422277723258,3,no,northeast,3443.064
30,male,32.3,2,yes,northwest,39241.442
61,male,35.68036152816383,1,no,northeast,21506.95697185159
23,female,24.51,0,no,southeast,10865.960872039164
39,male,28.31,0,yes,southeast,34672.1472
35,female,26.73,0,yes,southeast,4941.294800622575
48,female,31.661103422846356,4,yes,southeast,40974.1649
39,male,26.94208973954922,2,no,southeast,13270.422265141257
39,male,21.78,1,no,northwest,11987.1682
36,female,24.51,4,no,southeast,2709.1119
78,male,31.825,1,no,northeast,16069.08475
61,male,30.66339686098655,0,no,southeast,12574.049
18,male,29.165,1,no,northeast,13270.422265141257
56,female,35.8,3,no,southwest,11674.13
35,male,27.06,0,no,southeast,1532.4697
18,male,30.66339686098655,0,no,northeast,13831.1152
39,female,35.15,0,no,northwest,2134.9015
76,male,35.2,2,no,northeast,11881.358
27,male,30.66339686098655,1,yes,southwest,18310.742
39,female,25.568888778319863,1,no,northwest,12523.6048
20,male,35.625,1,no,northwest,6123.5688
28,male,34.7258234150821,2,no,southwest,20630.28351
40,male,19.475,2,no,southeast,6933.24225
53,female,38.06,5,yes,southeast,13270.422265141257
30,male,31.57,3,no,southeast,4837.5823
19,female,21.7,0,no,southeast,4771.5164114922045
59,male,35.2,0,no,southeast,12244.531
50,male,38.70188708839521,-1,no,northwest,7749.1564
37,male,32.11,1,no,northeast,4866.884196908187
34,female,33.7,1,no,southwest,5012.471
63,male,38.83028022877397,0,no,southwest,8283.6807
39,female,41.8,3,no,southeast,5662.225
39,female,21.755,1,no,northwest,13270.422265141257
38,female,36.19,1,no,southeast,5920.1041
30,female,44.22,2,no,southeast,-1930.3683260834168
39,male,25.725096102941812,0,no,northwest,15954.388336890623
