age,sex,bmi,children,smoker,region,charges
35,male,31.0,1,no,southwest,5240.765
49,female,29.48,2,no,southeast,7640.3092
54,female,31.9,3,yes,southwest,2020.177
20,female,33.0,1,no,southwest,1875.344
58,male,44.0,1,no,northwest,15518.18025
21,male,23.8,2,no,southeast,3847.674
39,female,34.105,3,yes,southeast,39983.42595
45,female,30.66339686098655,2,no,northeast,9095.06825
19,male,20.885559216346252,2,no,northwest,2803.69785
50,male,33.77,1,no,southeast,41097.16175
39,male,34.1,4,no,southwest,40182.246
40,male,26.315,2,no,northwest,14650.561927716637
52,female,37.218828158806815,1,yes,southeast,13270.422265141257
42,male,37.97594779711748,2,yes,northeast,21259.37795
48,female,30.66339686098655,1,no,southeast,26392.26029
45,male,40.3,1,yes,southeast,10602.385
40,male,26.885,0,no,northwest,13270.422265141257
37,male,30.8,0,no,southwest,4646.759
19,female,32.11,0,no,southeast,2130.6759
61,male,46.75,0,no,northeast,12592.5345
21,female,35.99432363969296,0,no,southwest,27322.73386
46,male,19.855,0,yes,northwest,20381.950863735125
45,male,21.755,1,yes,northeast,18579.196730579206
64,male,31.825,1,no,southeast,1725.5523
56,male,26.6,1,no,northeast,36454.08023886374
63,male,22.42,0,no,southeast,13770.0979
