haematocrit,haemoglobins,erythrocyte,leucocyte,thrombocyte,mch,mchc,mcv,age,sex,source
37.2,12.3,4.88,21.0,79,25.2,33.828227245871744,84.8,10,F,0
42.1,13.3,4.86,8.715533393774555,201,28.2300392867936,33.1,84.49574921027273,39,M,1
40.61524973864583,13.7,4.544802055001511,14.9,506,25.0,33.6,74.3,41,F,0
29.27421806832152,13.383437313213278,5.482216024823495,6.7,111,28.1,33.9,94.67330597673977,61,F,0
45.6,14.4,3.54,6.6,126,25.5,31.6,82.0,38,M,0
25.0,10.7,4.544802055001511,8.0,232,27.9,33.8,84.61133272892113,55,M,1
24.6,13.62921555309194,3.12,9.3,365,26.3,34.0,78.8,47,F,1
25.4,8.2,4.171144616264062,4.9,55,19.5,32.3,88.5,69,F,0
38.22611060743427,13.5,3.03,8.715533393774555,345,30.487038371996498,32.3,76.2,47,M,1
41.53125645088526,12.749350256875191,3.8792233259010342,2.0,239,27.983932329994023,33.5,83.0,37,F,1
39.9,13.4,4.55,6.683681253674791,258,29.5,33.6,87.7,25,F,0
46.2,15.2,5.66,5.1,68,26.9,32.9,81.6,22,M,1
51.7,16.5,7.57,52.8,279,21.8,31.9,84.61133272892113,58,M,0
41.4,10.9,5.198148103876433,17.7,207,27.3,30.16275652668373,70.8,38,M,0
36.21586704669734,13.55348021489801,5.2,3.510294976959691,160,29.3,32.47238129651851,92.35705116643946,62,M,1
46.3,15.1,5.91,3.3,115,25.9,32.6,78.3,32,M,0
44.6,15.3,4.94,9.2,244,31.0,34.3,90.3,64,M,1
38.22611060743427,15.0,5.3,6.3,258,28.3,32.21279535100952,79.5,92,M,0
28.3,12.749350256875191,4.93,11.466646553702496,100,30.4,33.33647627682079,93.4,27,F,1
33.3,14.0,4.27,6.4,269,25.5,32.7,78.0,8,F,0
30.5,10.0,3.66,7.3,529,28.2300392867936,32.8,83.3,65,M,0
44.4,15.0,5.16,12.3,195,28.282561299009405,33.33647627682079,86.0,46,M,0
35.7,9.552965587644588,3.93,11.306315223255897,289,30.5,34.5,90.1,24,F,1
34.6,7.6,4.64,9.7,361,18.745192258752432,33.2,74.6,42,F,1
36.8,13.0,4.44,10.2,259,21.7,29.1,82.9,46,M,0
38.1,12.6,4.36,6.2,67,28.9,33.1,74.00930676564671,52,F,1
