age,sex,bmi,children,smoker,region,charges
39,female,25.7,1,yes,northeast,13270.422265141257
49,male,37.715,1,no,northwest,23477.567077882493
24,female,29.925,0,no,northwest,2850.68375
18,male,30.66339686098655,0,no,southwest,10928.849
42,male,33.88,3,no,northeast,7045.499
39,male,33.1,-1,no,southeast,13393.756
44,male,34.485,0,no,northwest,32356.538810658843
43,female,39.805,0,no,southwest,2755.02095
37,male,33.25,1,no,southwest,20420.60465
38,male,40.37,1,yes,southeast,53193.84374572768
64,male,30.66339686098655,0,no,southeast,14313.8463
24,male,29.8,2,no,northeast,11879.10405
49,male,35.53,0,yes,southeast,36950.2567
30,male,27.645,1,no,southeast,4237.12655
31,female,25.74,1,no,southeast,6753.038
58,male,38.0,0,no,southwest,11365.952
21,female,25.745,2,no,northeast,3279.86855
64,male,21.01560385403642,2,no,southwest,16069.08475
52,male,18.692772081989162,0,no,southeast,18648.4217
54,female,31.9,1,no,southeast,1131.5066
30,male,28.405,1,no,northeast,4527.18295
32,female,33.24718427452021,1,yes,northeast,11173.325702122886
35,female,43.34,1,no,southeast,5846.9176
52,female,31.065,0,yes,southeast,34254.05335
45,female,27.83,2,yes,southeast,8515.7587
18,male,43.510379350131615,0,no,northeast,13270.422265141257
