age,sex,bmi,children,smoker,region,charges
38,female,22.515,3,no,northeast,5209.57885
28,male,30.66339686098655,1,no,southwest,8573.440437104553
49,female,32.775,2,no,northwest,5327.40025
49,female,23.845,3,no,northeast,12643.3778
55,male,32.775,4,no,northwest,3206.49135
39,female,27.20237680165708,-1,no,northwest,9910.35985
39,female,27.075,1,no,northeast,10106.13425
59,male,24.795,0,yes,northeast,17966.771786391546
39,female,31.635,1,no,northeast,5662.225
20,female,27.83,0,no,southeast,13270.422265141257
39,female,36.63,1,yes,southeast,42969.8527
49,female,34.77,1,no,northwest,30691.282405612284
22,male,20.52,1,yes,northeast,-22513.05589263526
48,female,37.11010066057908,2,no,southwest,22356.454564585798
30,male,21.945,1,no,northeast,4718.20355
52,male,28.9,1,no,southeast,13270.422265141257
35,male,28.956453682711288,1,yes,southeast,19496.71917
43,female,30.79312863558454,0,yes,southeast,21774.32215
40,female,29.585592245285486,1,no,southeast,51062.646357925434
40,male,30.66339686098655,1,no,northeast,22331.5668
41,male,37.18,0,no,northwest,4673.3922
61,male,31.63201133022874,0,no,northeast,12646.207
28,female,21.375,2,yes,southeast,33471.97189
58,male,26.41,0,no,northeast,14394.5579
39,female,32.34,1,no,southeast,-19698.36426173424
39,male,36.3,1,yes,southeast,47403.88
36,female,32.0,1,no,northeast,-8387.933156639112
22,female,41.8,0,no,northeast,7358.17565
39,male,30.59,1,no,northwest,1639.5631
41,female,26.32015522826522,0,yes,northwest,33907.548
50,male,44.77,1,no,southeast,9058.7303
31,female,23.845,0,yes,southeast,4544.2348
60,male,29.350371269458464,0,no,southwest,12644.589
21,male,31.02,3,no,southeast,16586.49771
20,male,28.405,0,no,northwest,11658.37915
50,male,42.35,3,yes,southeast,46151.1245
49,male,39.1419783030532,2,no,southeast,-5263.114651784901
35,female,14.408499149458057,0,no,southeast,1769.53165
51,male,36.385,3,no,southeast,13270.422265141257
55,male,26.98,1,yes,southwest,13270.422265141257
56,male,37.51,2,no,northwest,13270.422265141257
41,female,23.6,2,no,southeast,4931.647
57,female,23.37,1,yes,southeast,29120.293151029175
42,male,30.66339686098655,0,yes,northeast,6474.013
19,male,30.66339686098655,0,no,southeast,1737.376
63,male,30.66339686098655,2,yes,northwest,23807.2406
41,female,32.965,2,no,northwest,6571.02435
25,female,23.9,5,no,southwest,13224.693
42,female,36.195,0,no,northwest,3392.9768
19,male,22.61,0,yes,northwest,13974.45555
49,female,42.68,1,no,southeast,9800.8882
81,female,31.445,4,no,southeast,1628.4709
