haematocrit,haemoglobins,erythrocyte,leucocyte,thrombocyte,mch,mchc,mcv,age,sex,source
51.8,16.9,4.197285329405745,6.297310634411767,235,27.7,32.6,84.61133272892113,68,M,0
30.3,10.3,4.054719980120054,8.3,368,29.1,34.0,85.6,26,M,0
38.22611060743427,13.7,4.87,8.8,238,28.1,34.5,67.6,46,M,0
36.5,12.749350256875191,4.45,9.3,265,27.471326151904464,35.089870645445004,82.0,45,F,1
43.0,13.833178774940405,4.91,7.9,274,26.5,34.9,88.7,42,M,0
26.6,8.6,3.21,7.0,258,26.8,33.0,82.9,56,M,0
47.7,12.749350256875191,3.62,7.7,318,28.7,33.3,92.89674094728863,28,M,0
47.95382661239543,12.8,4.39,9.3,284,29.2,32.2,90.4,36,F,1
46.0,15.2,5.51,6.8,308,27.6,32.3,83.5,78,F,1
44.5,14.5,4.544802055001511,8.0,341,29.7,31.8,91.0,32,M,0
42.29155755728428,13.1,4.29,1.4,359,29.5,33.3,86.6,25,F,1
36.4,12.6,6.09,6.779946181014032,100,23.9,32.9,79.5,12,M,0
30.6,11.4,3.95,6.2,258,25.8,33.3,77.5,8,M,0
48.4,12.8,4.17,8.715533393774555,231,28.19440194752189,33.33647627682079,87.3,23,M,1
42.6,13.4,6.17,15.3,265,28.2300392867936,34.63599853282795,69.0,17,M,0
47.1,15.012381727776948,4.214197295034697,9.4,335,30.85468634795793,33.5,84.61133272892113,68,M,0
43.8,14.7,5.68,8.715533393774555,329,25.9,33.6,77.1,6,M,0
45.6,15.0,5.09,8.3,313,28.2,32.9,89.6,22,M,0
45.7,16.269614905407973,4.544802055001511,3.1,173,29.9,36.409040538529474,86.6,20,M,0
49.10231197997959,10.1,2.76,8.795875757330265,228,30.6,32.86666755946565,89.4,75,F,1
38.22611060743427,20.85693765946337,5.82,10.4,461,27.8,34.1,70.72633860369521,33,M,0
27.5,15.6,6.550363984735056,5.2,182,28.9,33.8,86.71374798857921,19,M,0
43.42911077917834,12.3,4.47,10.8,251,28.2300392867936,33.6,92.0,67,F,0
42.5,14.1,4.85,18.4,203,28.7,33.33647627682079,84.6,81,M,0
40.7,12.1,4.99,10.3,143,30.060757353972818,32.2,81.6,46,F,1
32.0,10.7,3.4,4.780238855795013,265,31.5,34.3,100.39312949532055,7,F,0
