age,sex,bmi,children,smoker,region,charges
51,female,36.08,0,no,southeast,8334.45755
16,female,16.613825542094055,0,no,southeast,1241.565
56,male,39.6,0,no,southwest,10601.412
47,male,30.66339686098655,0,no,northeast,4137.5227
75,female,31.9,5,no,southwest,11552.904
39,male,33.44,0,yes,northwest,13270.422265141257
63,male,43.143728885737296,0,no,northwest,3537.703
39,male,27.72,0,no,southeast,4415.1588
24,male,22.6,0,no,northeast,34254.05335
20,female,30.66339686098655,4,no,northeast,14394.39815
38,male,33.25009484853615,1,no,northeast,6640.54485
23,male,31.62295583821889,1,no,southeast,9863.4718
24,female,20.385656609650425,0,no,southwest,2457.502
42,female,31.065,0,no,northeast,4134.08245
57,female,24.42,2,yes,southeast,26125.67477
36,male,23.2,3,no,northeast,5584.3057
59,male,29.870765004863102,3,yes,southwest,1748.774
52,male,30.66339686098655,3,no,northwest,-540.2355960743589
32,male,29.64,1,no,southwest,14677.314047801554
49,male,26.36564065603049,1,no,northeast,30930.560844099724
16,male,34.21,0,yes,southeast,3935.1799
33,male,26.9,5,yes,southeast,13270.422265141257
18,female,38.28,2,no,southeast,13577.750206946506
62,male,37.0,2,no,southeast,8603.8234
39,female,34.1,3,no,southwest,13270.422265141257
19,female,30.02,1,yes,southwest,13270.422265141257
45,female,29.92,0,no,northeast,22275.693987596787
18,male,23.32,2,no,southeast,1711.0268
54,female,31.24,0,no,southeast,10338.9316
35,male,22.705,-1,no,northwest,21984.47061
60,male,37.71258106411597,1,no,southeast,13919.8229
27,male,30.5,1,no,northwest,-287.7673668326206
19,female,28.4,1,no,southwest,1842.519
39,male,28.595,4,no,northwest,6548.19505
25,female,42.46,0,no,southeast,22980.471459640437
42,female,27.6,0,no,northeast,11709.410119112757
39,male,29.0,1,no,southeast,10226.2842
15,male,37.9,0,no,southwest,6238.298
32,male,39.49,2,yes,northeast,14961.577115904422
39,male,26.03,2,no,southeast,3070.8087
29,male,22.515,1,no,northeast,13270.422265141257
52,female,29.014451551964708,2,no,southeast,491.08314338961645
27,male,28.5,0,yes,northwest,47403.88
53,male,24.32,2,yes,northwest,2438.0552
60,male,43.4,0,no,southeast,12574.049
19,female,30.66339686098655,0,no,southeast,30184.9367
52,male,32.75081677144925,1,yes,southeast,47269.854
46,female,22.515,1,no,northwest,3594.17085
39,male,25.3,2,yes,northeast,18972.495
37,male,28.405,1,no,northwest,4527.18295
51,female,30.66339686098655,1,no,northwest,9877.6077
18,male,23.085,2,yes,northeast,1704.70015
