age,sex,bmi,children,smoker,region,charges
58,female,32.965,0,no,southeast,12430.95335
39,male,29.07,3,no,southeast,3279.86855
55,female,25.365,3,no,northeast,4618.0799
19,male,44.88,1,yes,southeast,39722.7462
64,male,38.54653805226382,1,yes,southeast,55716.59971825791
27,male,29.15,0,yes,southeast,-986.3633119971255
0,male,25.745,0,yes,northwest,17352.6803
45,male,31.89491410018702,0,no,northeast,7345.084
28,male,38.06,0,no,southeast,13270.422265141257
31,female,32.775,2,no,northwest,5327.40025
59,male,31.35,1,yes,northwest,6533.084293653805
30,female,34.114114484286425,0,no,southeast,1607.5101
54,female,30.66339686098655,3,no,northwest,12475.3513
45,male,27.83,1,no,southwest,8515.7587
53,female,31.13,0,no,northeast,5219.274133317248
36,male,37.05,0,no,southwest,1242.26
39,female,31.92,2,no,northwest,7209.4918
25,male,26.695,2,no,northeast,23241.47453
19,male,19.8,0,no,southeast,1241.565
42,male,30.0,0,yes,southwest,22144.032
51,male,34.1,0,no,southeast,40932.4295
52,female,23.18,0,no,northeast,10197.7722
58,male,30.66339686098655,0,yes,southwest,11365.952
18,female,31.109448755792585,3,yes,northwest,1261.442
37,male,25.46,0,no,northeast,25517.11363
23,male,34.4,0,no,southwest,13270.422265141257
