age,sex,bmi,children,smoker,region,charges
33,female,34.7,2,no,northwest,29309.78640068368
19,male,31.5,2,no,southwest,2913.569
54,male,34.32,3,no,southeast,5934.3798
60,male,44.02029499141886,0,no,northeast,12741.16745
64,female,35.4757373073494,0,no,northwest,14692.66935
38,male,28.27,1,yes,southeast,5484.4673
32,male,31.394395404538464,0,no,southeast,4462.7218
54,male,40.565,3,no,southeast,3381.511419548031
52,male,39.7,1,yes,northeast,24842.33568769562
34,male,25.175,2,no,northwest,9095.06825
19,female,27.93,1,no,northeast,18838.70366
47,male,33.915,3,no,southwest,10115.00885
29,male,23.4,2,no,northeast,12235.8392
31,female,36.67,1,yes,southeast,39774.2763
61,male,29.131530695772586,0,no,southeast,9237.157360949373
41,female,33.06,2,no,southwest,7749.1564
27,male,32.585,3,no,southeast,18310.742
18,male,26.18,2,no,southeast,13270.422265141257
59,male,26.4,0,no,southeast,11743.299
39,male,33.33,4,no,southeast,10264.4421
60,male,35.815,1,yes,northwest,13270.422265141257
23,female,34.865,0,no,northeast,26654.397817256486
39,male,38.39,4,no,southwest,22316.21353140643
52,female,32.21044007802127,0,no,northeast,10197.7722
19,male,22.142399514770368,0,no,northwest,1625.43375
59,male,31.829463583877178,0,no,southeast,5377.4578
39,female,35.53,0,yes,southeast,42111.6647
43,male,34.32,0,no,southeast,6250.435
30,male,37.43,3,no,northeast,6457.8434
19,male,35.2,1,yes,southeast,38709.176
25,male,30.66339686098655,1,no,northwest,4133.64165
48,male,30.67252000413179,4,no,northeast,19442.3535
66,female,21.573834523186292,0,no,northwest,4076.497
39,male,31.73,0,no,northeast,13270.422265141257
59,female,31.35,0,no,northwest,12622.1795
24,male,30.66339686098655,2,no,southwest,3693.428
46,female,30.495,2,no,northwest,15019.76005
39,male,32.3,2,no,southeast,18491.334444743687
45,male,30.4,1,yes,northwest,17929.30337
63,male,31.445,4,no,southeast,23339.420157610923
56,female,30.66339686098655,4,no,southeast,12265.5069
18,male,29.522173447658197,1,no,northwest,13270.422265141257
45,male,31.35,1,no,northwest,4320.41085
51,female,30.66339686098655,2,no,northwest,10848.1343
32,female,23.65,0,no,northwest,4877.98105
39,female,30.66339686098655,0,no,southeast,4185.0979
19,female,33.345,2,no,northeast,4134.08245
52,male,32.205,1,no,southwest,7450.332822035331
36,male,35.15,0,no,northwest,13270.422265141257
64,male,24.7,2,no,northwest,24690.9115014522
31,female,30.495,3,yes,northwest,6113.23105
39,male,27.74,0,no,southwest,8026.6666
