age,sex,bmi,children,smoker,region,charges
51,male,32.3,4,no,northeast,38746.3551
31,male,32.2,3,yes,northwest,9964.06
45,male,36.48,2,no,northwest,42760.5022
39,female,41.8,3,no,southwest,5662.225
47,female,32.965,3,no,northeast,6781.3542
23,female,34.105,0,yes,southeast,13270.422265141257
50,male,40.375,0,no,southwest,2217.6012
63,male,20.623891113581077,3,no,northwest,15170.069
56,male,29.25478599706907,1,no,northeast,12323.936
18,male,28.31,1,no,southeast,11272.33139
41,male,34.39,2,no,southwest,6875.961
31,female,26.62,0,no,southwest,3757.8448
48,male,27.875230365591324,2,no,southeast,78.16563747383407
44,male,30.66339686098655,2,no,southwest,13270.422265141257
39,female,32.68,0,no,southeast,13844.7972
58,female,33.1,-1,no,southeast,11848.141
59,female,28.31,0,no,northeast,11268.503221224413
40,female,32.775,1,yes,northwest,40003.33225
41,male,30.78,0,no,northeast,22965.357051133695
36,male,21.47,0,no,northeast,1702.4553
39,male,25.935,1,no,southeast,11165.41765
48,female,30.66339686098655,3,yes,southeast,33085.0666161465
24,female,30.507283026018246,0,no,northeast,3044.2133
45,male,39.7,1,no,southeast,9391.346
23,female,26.315,3,no,northwest,5312.16985
44,male,23.98,2,no,southwest,8211.1002
