age,sex,bmi,children,smoker,region,charges
54,male,24.985,2,no,southeast,23241.47453
26,female,6.436296464048846,1,no,southwest,4766.022
63,male,30.8,1,no,southwest,11848.989560552578
54,female,17.195,2,no,southeast,9304.7019
38,male,33.63,4,no,northeast,17128.42608
64,female,30.66339686098655,3,yes,southeast,1720.3537
22,female,30.66339686098655,0,no,northwest,2527.81865
25,female,28.88,2,no,northeast,12096.6512
29,male,26.14119946872755,0,yes,northeast,16138.76205
18,male,21.78,2,yes,southeast,11884.04858
11,male,25.745,0,no,southeast,3279.86855
51,female,20.6,0,no,southwest,9264.797
58,male,21.945,0,no,southwest,-3673.8567254395093
22,female,28.05,0,no,northeast,20851.371637395303
30,female,34.865,1,no,northeast,4718.20355
44,male,27.4,0,no,northeast,13270.422265141257
39,male,32.2,1,yes,southwest,12592.5345
51,female,33.518623948658565,1,no,southwest,9861.025
43,male,38.0,0,no,southeast,6837.3687
26,male,37.51,2,no,southeast,10848.1343
49,male,23.4,2,no,southwest,-7891.366399744813
63,male,21.66,1,yes,northwest,14349.8544
39,female,17.8,1,no,southeast,1727.785
51,male,21.56,1,no,northeast,9855.1314
32,male,24.6,0,yes,southwest,17496.306
44,female,26.076830046269265,1,no,southwest,13270.422265141257
