haematocrit,haemoglobins,erythrocyte,leucocyte,thrombocyte,mch,mchc,mcv,age,sex,source
37.5,12.5,4.57,3.8,115,27.4,33.33647627682079,82.1,46,F,1
29.9,9.8,3.4645095507819628,7.9,332,27.1,32.8,82.8,81,M,1
35.9,10.078420451588965,4.95,7.8,350,22.653268006359326,32.6,72.5,30,F,1
28.32063807365401,9.547485076358678,4.544802055001511,5.4,276,28.0,35.3,85.7,33,M,1
43.29980226325434,13.8,4.86,13.520934001993492,-85,32.823678074951374,35.0,69.67103686496407,46,F,1
26.0,14.6,5.18,-2.538902197219276,258,28.2,33.33647627682079,89.43286501384603,30,F,0
35.5,12.0,4.174479786155001,4.5,257,29.3,33.8,86.8,40,M,0
44.5,8.6,5.8,7.507703559938827,267,25.2,33.009838073244175,76.7,36,M,0
31.4,11.130087732309653,3.92,8.715533393774555,317,28.6,32.90838708496684,80.1,52,M,1
40.3,13.0,4.56,14.0,296,27.3,32.3,82.7,77,F,0
47.5,15.5,4.544802055001511,9.4,245,27.2,36.5,67.32163130804807,64,M,0
40.5,12.749350256875191,4.77,32.0,366,17.5,33.6,88.8,51,F,0
29.3,10.0,3.91,13.0,267,25.6,32.97596937031447,74.9,32,F,1
31.185532032417207,10.9,3.99,7.8,320,25.887505075412736,33.5,81.5,57,M,0
51.3,15.7,4.29,4.8,129,21.7,30.6,70.9,1,F,0
33.8,12.749350256875191,4.18,11.7,154,29.0,32.8,84.61133272892113,33,F,1
42.2,8.9,4.43,5.8,397,30.470597381132087,29.8,84.61133272892113,51,F,0
43.6,14.6,5.19,4.4,387,30.7,33.4,77.2,86,F,0
39.4,11.2,3.1541732271535605,8.8,185,30.1,28.4,105.9,74,F,1
39.7,11.0,4.08,4.3,152,28.2,33.6,79.33876039377881,14,M,0
37.8,12.3,4.57,6.5,167,28.2300392867936,32.5,84.5,32,F,1
38.22611060743427,12.1,4.45,8.715533393774555,258,27.2,33.6,80.9,24,M,0
42.8,10.0,4.95,3.1,100,28.2300392867936,35.12286546646101,86.5,41,M,1
40.95491122782638,10.0,3.45,10.8,316,26.6,32.2,86.4,66,M,0
29.4,11.490405564637438,3.2378440064196736,7.8,85,30.7,34.0,90.2,67,M,0
38.22611060743427,15.6,5.52,8.652305930192732,325,28.3,33.5,64.9,23,M,0
