haematocrit,haemoglobins,erythrocyte,leucocyte,thrombocyte,mch,mchc,mcv,age,sex,source
43.6,15.919727803346834,4.56,10.3,240,29.4,35.9,81.8,65,M,0
38.22611060743427,13.2,4.9781305485344785,3.1,226,25.1,32.0,78.5,55,F,1
31.4,10.5,3.81,8.715533393774555,153,27.6,33.4,97.6,35,F,1
33.6,7.8,4.08,5.0,123,29.4,35.7,83.30391525511872,54,F,0
28.3,12.749350256875191,5.828020528309459,7.4,211,31.034340638692463,32.5,98.3,79,F,0
35.8,11.7,4.4,7.3,181,26.6,32.7,81.4,13,F,1
37.5,14.488347869465185,3.26,3.8,115,27.4,33.36141120079157,85.42718826512815,40,M,1
41.002778731453574,9.8,3.61,10.711621764841937,167,26.785995960674498,33.33647627682079,82.8,74,M,1
35.9,11.7,4.95,7.8,258,28.2300392867936,33.6,80.1,30,F,1
38.22611060743427,13.8,4.56,8.9,258,30.3,35.3,85.68291082118674,33,M,0
39.4,17.347250768356133,6.400765584708776,2.3,64,29.298546181663458,35.0,81.1,46,M,0
43.6,12.749350256875191,4.33,6.5,361,28.2,33.5,84.2,53,M,0
35.5,12.1,4.09,7.619257241972044,257,26.404219992340735,33.33647627682079,84.61133272892113,51,F,0
29.8,14.6,5.8,6.2,267,25.2,32.8,76.7,45,M,0
43.79396224849189,14.971249868547517,3.92,4.348441606966754,410,30.3,36.9,72.5,52,F,1
40.3,13.0,4.544802055001511,1.8,270,27.3,32.160658673514135,83.9,77,F,0
47.5,15.5,5.12,9.4,245,27.2,34.548851908413745,84.61133272892113,64,M,0
40.5,13.6,4.56,8.715533393774555,366,29.8,32.6,88.8,8,F,0
29.3,10.0,3.91,13.0,168,25.6,33.67645758113967,74.9,13,F,0
35.7,11.5,4.08,4.3,298,27.2,32.2,87.5,14,F,0
27.0,12.3,4.544802055001511,6.5,296,26.9,32.5,82.7,46,M,1
43.98150227785203,12.0,4.45,15.7,290,27.2,33.6,80.9,9,M,0
39.42685285917961,15.0,3.987620764699712,-3.5314246635594606,100,28.6,35.0,86.5,41,M,1
44.5,10.0,3.45,7.8,316,29.0,33.6,86.4,29,M,1
29.4,10.0,4.57,10.8,67,28.2300392867936,34.0,84.44432145144641,67,F,1
46.6,13.7,5.52,7.8,523,21.2,37.2,84.4,23,M,1
