haematocrit,haemoglobins,erythrocyte,leucocyte,thrombocyte,mch,mchc,mcv,age,sex,source
31.0,15.5,4.544802055001511,3.9,258,31.8,34.7,83.86352459324516,62,M,1
56.24739915821252,14.0,3.9459194028808593,8.715533393774555,104,28.7,32.8,84.61133272892113,47,M,0
35.1,11.4,3.58,8.0,258,28.4,32.5,87.3,36,F,0
43.9,15.3,5.07,21.5,247,18.4,35.157671419101035,69.82618016834869,34,F,0
32.7,12.749350256875191,4.28,11.4,180,29.7,33.1,89.7,46,M,0
33.9,11.0,4.57,8.8,614,28.2300392867936,32.4,77.2857939602115,46,F,1
40.91689624038941,13.0,4.4,24.1,234,28.0,34.045509525215095,85.1,58,F,0
38.22611060743427,14.3,4.544802055001511,4.236197438200619,370,27.773288821983197,33.33647627682079,84.61133272892113,68,F,0
36.7,8.368753157738517,5.09,2.1,145,22.331037824457606,33.33647627682079,68.4,2,M,0
42.5,15.0,4.672960983954899,11.7,258,27.734648765502055,33.2,80.2,27,M,1
33.4,9.8,5.33,6.2,334,30.2,29.3,62.7,40,M,1
45.6,12.6,4.32,21.0,236,29.2,32.9,88.7,32,M,0
35.4,10.5,5.51,8.7,236,19.1,33.6,64.2,39,M,0
42.3257946419062,12.7,4.64,7.3,324,31.9,35.3,90.57766612446186,34,F,0
35.50865038528344,12.3,4.22,5.4,208,29.1,33.7,86.5,72,M,1
38.6,12.9,3.8616652607967064,8.715533393774555,266,22.9,34.805344873281314,89.1,22,M,0
38.22611060743427,12.749350256875191,4.125661048438095,-0.8010211424796712,707,28.0,33.3,84.0,46,F,0
45.8,15.5,4.77,4.839642453447752,185,32.5,33.8,96.0,35,F,0
34.4,12.516747403922587,3.59,3.9,84,33.4,34.9,75.8,77,M,0
39.0,15.334023906426847,4.65,11.3,352,28.2,33.6,83.9,22,F,0
38.3,16.6,5.44,9.6,369,30.5,30.1,83.8,21,F,0
34.3,10.7,3.8,19.6,260,28.2,31.2,65.1,51,M,0
42.1,15.7,4.93,8.8,439,30.8,36.1,85.4,46,M,1
42.2,11.7,4.61,3.3,185,28.2300392867936,33.9,81.6,54,M,1
36.4,12.3,4.8,18.08059295233334,321,25.6,33.60529772940775,95.8,6,F,0
36.5,11.111391891362041,3.82,10.2,86,30.900536604000695,34.8,95.5,59,F,0
