age,sex,bmi,children,smoker,region,charges
39,female,34.81876008508716,1,no,southeast,5709.1644
51,male,20.1,1,no,southwest,13270.422265141257
40,male,28.9,0,no,southwest,12957.118
64,male,21.565,-1,no,southeast,13747.87235
18,male,29.37,1,yes,northeast,1719.4363
18,female,33.8,1,no,southwest,7419.4779
56,female,39.84398335551536,1,no,northeast,9438.276624777987
61,male,35.435,0,no,northeast,21659.9301
64,female,31.825,2,no,southeast,5400.9805
37,male,36.19,0,no,southeast,5312.16985
45,female,38.285,0,no,northeast,31920.80703952626
62,female,25.0,3,no,northwest,13451.122
6,male,28.9,0,no,southeast,-4481.253776266405
24,male,32.01,0,no,southeast,1981.5819
21,male,25.102407825785864,0,no,northwest,13844.506
19,female,31.92,0,yes,southeast,33750.2918
44,male,31.35,1,no,northeast,42308.723412965956
59,male,26.4,0,yes,southeast,15590.071448325307
44,male,22.553196554834294,2,yes,southeast,23807.2406
24,female,26.6,0,no,northeast,3046.062
63,female,15.603877726466973,1,no,southwest,5472.449
38,female,19.475,2,yes,southeast,13270.422265141257
45,male,37.05,2,no,northeast,7265.7025
39,female,24.89,3,yes,southeast,3268.84665
25,female,36.23214929375047,1,no,northwest,11085.5868
51,male,44.33033076126828,1,yes,northeast,39597.4072
39,female,24.13,1,no,northwest,23887.6627
22,male,31.92,0,no,southeast,2154.361
36,male,39.8,0,no,southwest,15170.069
22,female,24.09,0,no,southwest,2150.469
39,male,33.873314124551975,0,no,northwest,34344.720255545326
26,male,32.49,1,no,northeast,3490.5491
39,male,32.973621366905064,0,no,southeast,12773.445172488728
56,female,27.74,1,yes,northeast,13149.324765485762
47,male,25.41,0,no,northwest,21978.6769
63,male,28.31,0,no,northwest,13770.0979
30,female,33.33,1,no,northwest,4151.0287
28,female,30.66339686098655,1,no,southwest,13270.422265141257
45,male,30.66339686098655,0,yes,northeast,14754.81175807619
47,male,38.94,5,yes,southeast,44202.6536
25,male,30.66339686098655,0,no,northeast,7628.8526332981855
17,female,44.745,1,no,southeast,3392.3652
57,male,30.66339686098655,0,yes,southwest,25382.297
36,male,32.395,0,no,northwest,13270.422265141257
39,male,23.845,2,no,southeast,18223.4512
18,male,30.66339686098655,-1,no,southwest,6358.77645
38,female,40.15,0,no,southeast,16069.08475
25,female,20.8,1,no,southwest,13270.422265141257
60,male,21.4,3,yes,northwest,12146.971
35,female,27.1,1,yes,northeast,37701.8768
59,female,27.61,2,no,northeast,14590.63205
40,female,31.086500983591826,4,yes,southeast,19444.2658
