haematocrit,haemoglobins,erythrocyte,leucocyte,thrombocyte,mch,mchc,mcv,age,sex,source
38.22611060743427,14.4,3.88,1.8,150,27.2,34.52210377706611,84.61133272892113,12,M,0
38.5,12.6,4.99,3.5,339,25.3,32.7,77.2,31,F,1
35.7,12.749350256875191,5.1,7.3,282,27.5,33.3,74.94532484337431,16,F,0
37.5,12.4,4.14,11.3,423,30.0,30.628408806786908,86.27957270334318,62,M,0
49.04370200926922,15.6,5.41,13.105969028921523,387,26.879775500030387,35.1,82.3,12,M,1
45.1,15.2,5.2,8.715533393774555,251,29.2,33.7,91.2,33,M,0
43.7,9.368416700220315,4.544802055001511,7.3,45,28.7,35.5,79.7,20,M,0
42.7,12.094992095534504,5.24,7.5,338,28.2300392867936,33.5,81.5,57,M,1
36.7,8.1,4.2,9.0,73,33.5,33.2,100.8,54,F,0
42.1,11.8,4.474413676474132,-1.0364682036205703,382,29.2,33.7,88.4,11,M,0
44.4,15.2,5.06,7.6,258,28.2300392867936,34.5,87.7,52,F,0
34.98319592474031,8.9,3.09,18.8,268,28.8,33.7,85.4,59,F,1
34.7,9.540263245341071,5.149636243066723,6.4,154,28.3,33.4,87.9,4,F,1
38.5,13.1,4.51,6.3,325,27.031317791918624,34.0,85.4,32,M,0
36.1,10.880301921018555,3.64,7.8,334,28.8,32.27993638891667,84.61133272892113,56,F,0
39.16356059668373,12.1,4.1,10.1,243,23.557082278850793,33.2,89.0,38,M,0
42.3,13.6,4.53,7.1,288,30.0,33.1,89.2,37,M,0
44.3,11.0,4.544802055001511,12.8,258,28.2,33.33647627682079,88.51985204450105,53,M,1
26.8,13.2,4.82,13.4,513,18.9,34.5,77.6,33,M,1
41.3,12.2,5.13,3.5129300209617784,338,29.4,32.0,80.5,46,F,0
38.0,11.5,3.1912980421654007,9.3,465,25.3,30.3,62.6,28,M,0
38.3,12.7,4.71,7.3,330,27.0,33.2,71.29907748907841,29,M,0
44.5,15.3,4.288038840575151,10.1,428,30.6,33.33647627682079,89.0,53,M,0
38.22611060743427,12.749350256875191,3.84,4.3,290,29.259364661314248,32.67319380587589,85.3,47,M,0
32.1,10.4,3.67,8.715533393774555,175,28.3,32.4,87.5,46,M,0
39.63536898525169,12.0,3.88,8.560279276491459,221,30.9,33.9,86.7,73,M,0
