haematocrit,haemoglobins,erythrocyte,leucocyte,thrombocyte,mch,mchc,mcv,age,sex,source
50.3377995197694,16.9,4.29658999225761,8.715533393774555,235,27.7,32.6,84.9,22,M,0
32.55865714119397,10.3,3.54,11.553783769949202,368,29.1,30.2,89.52242701896107,45,M,0
42.6,13.7,4.87,7.7,238,28.1,30.924869121658006,87.5,55,F,0
36.5,12.3,4.45,9.3,265,27.6,33.7,82.0,45,M,1
43.0,15.0,4.85,7.9,177,30.9,34.9,88.7,38,F,0
26.6,8.6,3.9672717567593656,7.0,258,26.8,32.3,82.9,41,M,0
47.7,13.38263899392692,5.54,10.3,333,28.7,29.1,77.5,28,M,0
41.38213002555976,12.8,4.39,9.3,284,28.2300392867936,32.2,84.61133272892113,36,F,1
38.7,15.2,2.6,6.8,258,27.6,33.0,83.5,23,F,0
44.5,17.2,5.719295182556882,6.0568798957284855,341,29.7,32.6,92.15572270691146,56,F,1
36.3,12.633545457818576,4.544802055001511,1.4,143,29.3,33.3,74.0,25,M,1
48.4,15.9,6.09,1.7,100,26.1,32.9,79.5,46,M,0
46.0,12.749350256875191,4.22,8.715533393774555,317,20.8,33.33647627682079,85.8,35,F,0
38.2,13.2,4.63,2.1,67,24.674275880627825,34.6,80.4,29,F,1
27.3,11.5,4.75,6.7,53,24.8,35.16250360501059,84.61133272892113,63,M,1
38.22611060743427,17.46720871646072,4.95,17.2,118,29.1,33.3,61.3,46,M,0
41.7,15.0,3.98,11.9,265,25.9,32.96799655222659,77.4,24,F,0
46.6,16.5,5.53,5.6,660,31.49780691678809,34.359607291282295,84.3,49,M,0
31.2,12.749350256875191,3.4,9.4,208,31.5,33.33647627682079,91.8,55,F,1
30.6,10.2,3.95,6.0,335,28.2300392867936,33.3,86.1,53,F,1
36.44806634757497,12.8,4.544802055001511,4.044252165497959,231,34.2,35.2,87.12616124312272,78,M,1
42.6,13.4,4.817352777760666,15.3,541,29.800763695397233,31.5,69.0,-26,M,1
38.22611060743427,17.15971119584757,5.39,4.7,94,28.2,33.6,87.4,53,M,0
43.8,16.8,5.68,14.33442932883503,273,23.720454094429503,33.5,91.68591684161977,0,M,0
45.6,10.3,5.09,8.3,313,29.5,32.9,89.6,22,M,0
40.7,13.1,4.99,7.7,359,26.3,32.2,81.6,24,M,0
