age,sex,bmi,children,smoker,region,charges
26,male,30.66339686098655,1,no,northeast,3490.5491
32,male,24.51,0,no,southwest,13822.803
40,female,28.38,1,yes,southeast,19521.9682
23,male,26.51,0,yes,southeast,1815.8759
28,female,33.11,0,no,southeast,3171.6149
45,male,20.35,1,yes,southeast,8605.3615
36,male,32.29541690988783,3,no,northeast,35449.56032085087
39,male,21.85,3,no,southeast,13270.422265141257
41,male,30.66339686098655,1,no,northwest,7228.21565
40,male,18.588580019833422,4,no,southwest,12316.11214227193
28,female,33.0,2,no,southwest,4349.462
18,male,32.712804102842696,2,no,southeast,11482.63485
24,female,23.21,0,no,southeast,25081.76784
45,female,27.83,2,no,southeast,10989.345244086211
34,female,30.495,0,no,northwest,14449.8544
19,male,34.5,3,yes,northwest,2709.1119
39,male,29.925,1,yes,northeast,22462.04375
46,female,27.789609230641698,3,no,southwest,1137.4697
22,female,27.1,0,no,southwest,2166.732
63,female,21.66,5,no,northeast,15019.76005
29,male,30.66339686098655,1,no,northwest,3832.3334533435227
52,female,32.775,3,no,northwest,13270.422265141257
64,female,33.82,1,no,northwest,30184.9367
55,male,25.555,2,no,southeast,13270.422265141257
38,male,31.94761874833353,1,no,southwest,36307.7983
70,male,30.0,0,no,southeast,52590.82939
26,female,19.8,1,yes,southwest,4339.076295054852
42,female,26.18,0,no,southeast,5466.102928166722
42,male,50.70380719985732,2,no,southwest,7160.094
52,male,30.66339686098655,1,no,southeast,5245.2269
53,female,22.61,3,yes,southeast,24873.3849
18,female,30.66339686098655,0,no,southeast,8457.818
35,male,17.86,0,no,southeast,5116.5004
46,female,38.17,2,no,southeast,8347.1643
51,male,35.33355837081385,3,yes,southeast,46255.1125
23,male,33.78739502769923,2,no,southeast,37287.46639300458
63,female,27.74,0,no,northeast,29523.1656
51,female,25.4,0,no,southwest,8782.469
26,female,29.64,4,no,northeast,13270.422265141257
39,male,37.8,2,yes,southwest,47096.15330639646
33,male,36.0,1,no,southwest,26140.3603
28,female,44.88,4,no,northwest,11033.6617
47,male,32.5,0,no,southeast,13270.422265141257
31,male,36.3,0,no,southwest,8026.6666
39,male,33.7777122864422,0,no,southeast,5976.8311
34,female,33.972230982533965,3,no,northeast,6184.2994
39,male,37.05,1,yes,southeast,28902.75725270026
57,female,28.215,0,no,northwest,12224.35085
73,male,40.3,1,no,southeast,10602.385
36,female,19.95,0,no,southeast,27928.71047935762
38,female,22.22,1,no,southeast,5974.3847
34,male,22.42,2,yes,northeast,27375.90478
