haematocrit,haemoglobins,erythrocyte,leucocyte,thrombocyte,mch,mchc,mcv,age,sex,source
38.22611060743427,12.5,4.66,12.3,258,26.0,33.9,98.1,37,F,0
18.8,13.981235608977371,4.67,7.1,315,29.1,34.9,87.06775063177466,3,M,0
40.7,14.2,4.98,11.408047836507327,255,26.9,32.184778382091984,84.61133272892113,46,F,0
40.7,13.8,3.99,5.5,291,31.2,34.0,92.1,27,F,1
38.22611060743427,10.9,4.8,10.1,223,28.80203678902945,29.9,81.2106181971257,40,F,0
41.7,13.4,5.2,9.8,106,25.8,33.33647627682079,80.2,6,M,1
35.130472559146284,15.3,4.52,8.715533393774555,258,27.9,33.9,82.3,28,M,0
34.8,10.7,5.86,8.6,277,18.847516355556376,29.814845032237887,84.61133272892113,46,F,1
40.677692547766476,14.962497251456849,4.26915957938488,3.0,153,27.7,34.6,79.9,10,M,0
39.9,13.4,4.55,7.6,193,29.5,33.6,87.7,28,M,0
44.3,14.7,4.933035395793015,4.9,256,26.7,33.2,80.95144008106368,30,M,0
41.00453137025711,14.1,5.4,5.9,434,26.1,33.9,84.1,2,M,0
37.1,10.9,4.96,7.7,456,19.1,29.4,74.8,21,M,1
33.6,11.7,3.51,-0.9000049215020178,137,33.3,33.33647627682079,95.7,7,M,0
23.1,12.8,4.54,12.4,424,28.2,32.7,86.3,39,M,1
44.6,14.6,4.544802055001511,5.9,160,19.5,35.6,88.4,90,M,0
36.9,13.2,4.01,5.999523961629441,521,28.2300392867936,33.6,93.4,29,M,0
45.1,12.749350256875191,2.86,8.6,202,28.8,35.04979641743902,84.3,49,F,0
35.6,12.0,3.6896816856211445,21.0,365,31.323577645008974,33.7,85.6,49,F,0
41.0,9.661800590421713,5.35,9.0,389,29.0,35.863274960634,83.4,48,M,1
36.2,11.5,4.48,6.1,231,25.21210995233285,30.6,83.15298814485429,41,F,0
39.2,13.590752334504126,5.07,3.9,153,28.2300392867936,34.2,77.0,-6,M,0
47.4,16.5,4.544802055001511,9.4,331,27.8,34.8,79.8,24,M,0
38.4,12.8,4.44,6.3,86,28.8,33.3,86.5,77,F,0
42.6,15.1,4.85,8.715533393774555,229,24.3,35.4,87.8,53,M,0
36.07985595021264,12.749350256875191,5.916812075331276,10.04460844447348,572,31.5,30.3,64.5,20,M,0
