{
    "embedding_dim": 128,
    "compress_dims": [
        64,
        64,
        64
    ],
    "decompress_dims": [
        128,
        128
    ],
    "l2scale": 3.902223665372271e-06,
    "batch_size": 64,
    "epochs": 706,
    "loss_factor": 1.8229274190847684
}