age,sex,bmi,children,smoker,region,charges
61,male,33.33,4,no,southeast,36580.28216
53,female,42.901916983613724,3,no,southeast,14616.635242124234
54,female,31.9,1,no,southeast,10928.849
48,female,25.642767589254987,2,no,northeast,4438.2634
39,male,41.23,1,yes,northeast,42035.14377693375
50,male,23.3,0,no,southwest,11345.519
9,male,28.93,1,yes,southeast,19719.6947
29,female,30.66339686098655,0,no,southeast,3171.6149
50,male,21.56,0,no,southeast,7839.904049569007
62,male,24.3,5,no,northeast,5615.369
75,female,22.61,1,no,northwest,9566.9909
32,female,23.275,3,no,southeast,7986.47525
28,male,36.4,5,no,northeast,29141.3603
29,female,26.459977876453095,1,no,northeast,3594.17085
39,female,21.7,-2,no,southeast,13844.506
19,male,20.9,4,no,southwest,1832.094
41,male,34.21,1,no,northeast,6289.7549
53,female,37.0,5,no,southwest,21472.4788
20,male,28.025,1,yes,southeast,17560.37975
57,male,39.20922352316082,1,yes,southeast,13270.422265141257
46,male,30.2,2,no,southeast,8825.086
39,female,32.8,1,yes,southwest,5649.715
18,male,22.0,1,yes,northeast,14283.4594
50,male,34.01,1,no,southwest,-5571.597991246703
58,male,36.955,2,yes,southeast,19017.608052459378
22,female,16.732786874454767,0,yes,southeast,19571.84849460838
39,female,33.0,2,no,southeast,4349.462
28,male,30.66339686098655,2,yes,northeast,31620.00106
50,male,29.26124385121618,1,no,northwest,4133.64165
40,male,34.105,1,no,northeast,6600.20595
34,male,30.66339686098655,2,no,southeast,13270.422265141257
39,male,29.81,0,yes,southeast,13270.422265141257
58,female,24.6,0,yes,southwest,39836.519
46,female,30.66339686098655,1,no,northeast,7209.4918
21,male,17.955473768460806,0,no,southeast,-3349.6275130134436
59,male,37.4,0,no,southwest,21797.0004
35,female,27.7,1,no,southwest,4545.426715700791
42,male,26.41,2,no,northeast,11244.3769
18,female,27.833686692928584,0,no,southwest,31946.887734441512
39,male,35.05703847951636,0,no,southeast,-4452.837449883573
48,male,30.2,1,no,southwest,8968.33
40,male,33.63,1,no,northeast,6610.1097
36,male,22.04,1,no,northwest,13270.422265141257
64,female,31.825,2,no,southeast,16069.08475
25,female,26.4,2,no,southwest,4529.477
39,male,30.66339686098655,0,yes,southeast,7789.635
45,male,27.6,5,no,southeast,9788.8659
58,male,26.6,0,no,southwest,10355.641
55,male,36.85,0,yes,southeast,1534.3045
39,male,31.604557698498205,0,yes,southeast,13270.422265141257
32,male,37.145,3,no,southwest,6334.34355
29,male,24.31,1,no,southwest,9704.66805
