haematocrit,haemoglobins,erythrocyte,leucocyte,thrombocyte,mch,mchc,mcv,age,sex,source
37.1,12.7,4.83,2.019836135151694,337,26.3,34.2,76.8,56,F,0
40.9,13.6,4.81,5.1,80,28.3,33.33647627682079,85.0,39,M,1
36.3,12.3,3.98,8.5,304,28.9,27.5,85.4,54,F,0
30.6,9.8,5.74,23.5,217,21.313995522909558,32.0,80.1,34,M,1
47.6,16.5,4.633552705468517,9.592909319965806,255,29.2,34.7,84.1,16,M,1
35.4,12.0,4.544802055001511,9.2,179,28.2300392867936,32.73759164611253,77.1,4,F,0
41.02533541754447,12.2,4.36,5.3,492,28.552182294662995,31.9,84.82343055197832,79,F,0
38.22611060743427,16.2,3.82,6.5,21,27.9,34.5,80.8,40,M,0
38.22611060743427,12.749350256875191,4.97,4.3,211,28.4,33.3,85.3,33,M,0
48.8,16.7,4.544802055001511,8.88340295768016,292,29.6,34.2,83.4,43,M,0
47.486007203845986,13.061068956743421,5.01,9.9,240,28.5,31.33781274295496,84.61133272892113,43,M,1
40.2,13.0,4.41,11.0,267,24.7,34.2,91.2,59,M,1
41.6,13.4,5.03,8.0,286,18.9,32.2,82.7,43,F,0
35.6290662586482,13.3,4.59,5.8,332,29.0,32.4,84.61133272892113,43,M,0
41.9,14.0,4.18,8.715533393774555,311,33.5,33.4,86.0,46,M,0
48.52128477810963,8.27869108692921,4.98,4.4,355,31.026607716472252,33.33647627682079,57.61047331772979,44,M,0
37.0,13.6,5.13,8.6,299,26.5,32.6,81.3,73,M,1
47.6,16.0,4.391275885426059,4.4,308,27.3,32.5,80.1,34,M,0
27.9,11.5,3.98,6.2,426,25.90983326699748,33.4,86.4,30,M,1
47.0,16.1,7.86,6.3,226,29.1,35.27464804598655,87.09211881662964,46,M,0
35.3,10.6,4.234618009408733,10.2,276,29.0,31.03002395656828,92.42147930808412,80,M,0
46.0,12.117261045926881,5.07,16.817534724307027,289,30.4,33.5,90.7,26,F,0
41.7,16.7,3.83,7.3,258,31.6,32.7,96.8,75,M,0
48.7,12.749350256875191,3.43,17.2,290,29.2,34.4,84.8,69,M,1
41.3,14.286042201688117,4.95,12.8,244,28.2300392867936,32.4,86.5,39,F,0
44.8,15.3,5.423782486538558,8.715533393774555,258,28.5,32.3,83.4,41,M,0
