age,sex,bmi,children,smoker,region,charges
32,male,28.12,5,yes,northwest,19685.114147099863
60,female,26.6,1,no,northwest,8605.3615
69,female,20.6,0,no,southwest,9264.797
44,female,38.09018816143552,0,no,northeast,3591.48
51,female,48.109911827927824,0,yes,southeast,13270.422265141257
53,female,30.66339686098655,1,no,northwest,8240.5896
30,female,23.87,4,no,northeast,8582.3023
56,male,27.28635723395815,1,yes,southeast,11763.0009
36,male,22.6,2,yes,southeast,18608.262
63,female,26.41,0,no,southeast,14254.6082
35,male,27.61,3,no,southeast,4747.0529
24,male,35.86,0,no,northwest,1986.9334
39,female,38.28,0,no,southeast,23406.55373243914
34,female,38.665,1,no,southeast,5594.8455
42,male,34.2,2,no,southwest,3987.926
46,male,36.86,0,yes,southwest,10301.86307106622
36,male,33.82,1,no,southeast,5377.4578
19,male,32.852391891675076,0,no,southeast,18445.726584587923
18,female,31.35,4,no,northeast,4561.1885
56,male,30.66339686098655,0,no,northeast,1682.597
18,male,33.25,2,no,northeast,3393.35635
33,female,43.12,0,no,southeast,4185.0979
56,male,32.7,3,no,northwest,12029.2867
58,female,41.91,3,no,southeast,24227.33724
39,female,25.3,2,yes,southeast,18972.495
60,female,36.005,0,no,northeast,13270.422265141257
