age,sex,bmi,children,smoker,region,charges
18,female,35.37105298095142,0,yes,southeast,14133.03775
33,female,24.13,0,yes,southeast,952.7687878507859
61,male,31.57,0,no,southeast,12557.6053
39,female,30.66339686098655,0,no,southeast,7986.47525
25,male,35.72,2,no,northeast,12105.295190390636
25,male,25.74,1,yes,southeast,7153.5539
38,male,21.12,3,no,southeast,6652.5288
63,male,28.3,1,no,southwest,13270.422265141257
35,female,33.7,0,yes,northwest,40904.1995
27,female,27.83,2,no,northwest,47305.305
36,male,28.28117016081781,0,no,southeast,37742.5757
53,male,29.48,0,no,southeast,9487.6442
19,male,30.66339686098655,1,no,northwest,2137.6536
57,male,40.28,-1,yes,northwest,10987.356618156096
45,female,32.2,0,no,southeast,8515.7587
47,male,37.1,3,no,southwest,3597.596
32,female,17.765,2,yes,northwest,13270.422265141257
39,female,33.155,4,no,southeast,2207.69745
18,female,39.82,2,no,southeast,1633.9618
55,female,32.395,1,yes,northwest,11879.10405
46,male,24.28262312244026,1,no,northeast,9500.57305
18,male,21.78,2,no,southeast,11884.04858
40,male,31.749417618157096,2,no,southwest,24196.783447540314
43,male,34.485,4,no,northwest,3021.80915
39,female,24.89,3,yes,southeast,21659.9301
33,female,35.53,0,yes,southwest,14478.33015
