age,sex,bmi,children,smoker,region,charges
34,female,28.210433951267145,0,no,northeast,39774.2763
60,female,26.160029027304546,0,no,southeast,5428.7277
62,female,30.495,2,no,northwest,15019.76005
62,female,24.51,1,no,northwest,2709.1119
54,male,29.925,1,yes,northeast,5615.369
46,female,30.8,1,no,southwest,13270.422265141257
30,male,23.7,1,no,northwest,16222.690804113387
39,male,21.66,0,no,northeast,14449.8544
29,male,33.345,2,no,northwest,19442.3535
40,male,32.775,3,no,southeast,11289.10925
32,male,33.82,1,no,southeast,4462.7218
37,female,27.642766356177013,1,yes,southeast,13270.422265141257
38,female,34.865,1,no,southeast,5976.8311
60,male,32.8,0,yes,southwest,52590.82939
34,female,30.66339686098655,1,no,southwest,3378.91
42,female,30.70316600068465,1,no,southeast,39241.442
38,female,37.01515857653228,2,no,southwest,7160.094
39,male,34.21,1,no,southeast,20329.32456502855
39,female,22.61,1,yes,northeast,24873.3849
18,male,35.4,5,yes,northwest,1137.011
35,female,30.1,1,no,northwest,13270.422265141257
28,male,38.17,1,no,southeast,8347.1643
51,male,30.66339686098655,3,yes,northeast,36307.7983
23,female,30.66339686098655,2,no,southeast,23436.892514304316
39,female,30.495,0,yes,northeast,30508.24944281486
19,male,25.4,0,no,southwest,8782.469
26,female,30.66339686098655,1,no,southeast,24671.66334
22,male,37.8,2,no,southwest,7046.7222
54,male,30.66339686098655,4,no,southeast,26140.3603
57,male,41.23,0,no,southeast,11305.93455
22,male,26.84,0,no,southeast,1664.9996
31,male,39.6,3,no,southeast,38711.0
42,male,31.066985238653736,0,yes,southeast,46255.1125
24,female,31.327734800898174,3,no,southeast,39727.614
41,female,37.95311992148091,2,no,southeast,13270.422265141257
58,male,32.54548895537131,0,no,northwest,12224.35085
56,male,40.3,0,no,northwest,10602.385
55,female,26.885,0,yes,northwest,5267.81815
38,male,30.59,1,no,southwest,-7064.127225013894
37,male,29.64,1,no,northwest,5028.1466
21,male,16.815,2,no,northeast,21548.00098851403
19,male,28.93,0,no,southwest,1639.5631
53,female,37.43,2,no,southeast,13270.422265141257
60,male,25.74,3,no,southeast,-4517.819723525288
2,female,42.13,1,no,northwest,3238.4357
22,male,35.6,0,yes,southwest,35585.576
25,female,27.645,3,yes,northwest,11305.93455
19,female,27.74,0,no,northwest,2128.43105
39,female,32.965,3,no,northwest,15612.19335
55,female,40.92509177158223,1,no,northeast,12425.347846017887
60,male,38.06,0,no,southeast,13261.635951014441
22,male,22.42,0,no,southwest,25319.70543166903
