age,sex,bmi,children,smoker,region,charges
54,male,30.66339686098655,2,no,southeast,21774.32215
46,female,19.95,0,no,northwest,9193.8385
20,female,27.31623844325187,1,no,northwest,-10055.684591932499
44,male,30.2,2,no,southeast,2494.022
64,female,36.955,1,yes,southeast,13270.422265141257
37,male,27.4,3,no,northwest,8062.764
45,male,38.285,0,no,northwest,7935.29115
19,male,33.1,1,no,southwest,8075.959990665509
54,male,23.3,1,yes,southeast,13270.422265141257
57,male,23.4,0,no,southwest,1969.614
33,female,33.5,0,yes,southwest,37079.372
39,male,30.66339686098655,1,no,southeast,8932.084
31,female,30.66339686098655,1,yes,southeast,6770.1925
39,female,27.1,0,no,southwest,2904.088
28,female,21.822532827226723,1,yes,southeast,20748.70338051529
51,male,33.345,0,yes,southwest,13747.87235
55,male,30.14,2,no,southeast,31134.403470092602
50,male,37.07,1,no,southwest,9048.0273
41,female,31.02,1,no,southeast,333.60770560213496
44,female,25.84,0,no,northwest,11082.5772
39,female,24.7,2,yes,northwest,21880.82
8,female,23.21,0,no,southwest,1515.3449
56,female,24.897075074431516,1,no,southwest,7731.4271
61,male,30.894919243785658,2,yes,northeast,21259.37795
39,male,29.48,-1,yes,northwest,3554.203
30,female,26.885,0,yes,northwest,11013.7119
34,female,25.440380423575807,1,no,southwest,5003.853
48,male,27.6,0,no,southwest,18955.22017
50,male,30.97,3,no,southeast,47928.03
18,female,31.46,0,no,northwest,13270.422265141257
44,male,27.74,2,no,southwest,7726.854
20,male,23.21,0,no,southeast,41528.98093151505
33,female,21.031177092431992,2,yes,northwest,1476.644831320551
23,male,18.715,1,no,northwest,21595.38229
39,female,31.3,-1,yes,southeast,47496.49445
58,male,34.865,1,no,northeast,13270.422265141257
40,female,38.02987615414605,3,yes,northwest,21753.491810156273
57,male,21.89,1,no,northeast,14394.39815
47,male,29.8,3,no,southwest,25309.489
31,male,32.67,0,no,southeast,1171.4191538287396
59,female,26.695,3,no,southeast,14382.70905
22,male,37.07,2,yes,southeast,37484.4493
29,male,19.682249937118208,4,yes,northeast,16138.76205
41,female,30.66339686098655,1,no,northeast,5327.40025
21,female,26.4,1,no,southeast,13270.422265141257
40,male,26.9,3,no,southwest,7196.867
46,male,35.53,4,yes,southeast,42111.6647
17,male,30.66339686098655,1,no,northwest,10264.4421
19,male,31.192600625360928,0,yes,southeast,17352.6803
51,male,44.26292599094335,2,no,southeast,56671.49620446937
43,male,39.995,3,no,northeast,10141.1362
63,female,33.8,1,yes,southwest,10600.5483
