haematocrit,haemoglobins,erythrocyte,leucocyte,thrombocyte,mch,mchc,mcv,age,sex,source
43.1,14.7,4.544802055001511,8.715533393774555,195,29.9,34.1,84.61133272892113,57,M,0
47.0,15.3,5.56,4.7,169,27.5,32.6,84.5,39,M,0
36.2,17.57292324226095,4.544802055001511,4.4,445,32.2,33.8,83.8,27,M,0
47.1,15.9,5.17,8.7,318,28.1,33.8,83.6,1,M,0
39.7,11.8,4.28,4.7,258,32.7,36.7,84.6,34,M,0
20.02884581805683,12.749350256875191,4.8,10.4,201,27.6,33.1,98.8,46,M,1
42.9,11.170827963337793,4.74,11.5,179,30.4,33.6,90.5,28,M,1
28.9,13.614663985761911,3.38,11.2,281,27.4,35.7,89.45039660011095,66,M,1
39.9,13.4,4.55,8.715533393774555,80,29.5,35.3,87.7,28,F,0
38.22611060743427,15.0,4.622808580013602,3.1,305,26.481517834189674,34.6,86.6,57,F,0
45.0,7.9,5.11,1.7,130,28.2300392867936,34.0,88.1,19,M,0
37.1,11.2,6.04,12.560913156639113,247,18.5,30.2,61.4,67,F,1
37.37192727891674,12.749350256875191,4.87,2.3,236,28.7,32.19956177143587,83.2,24,M,0
44.7,15.5,4.17,20.8,269,28.0,34.7,77.0,76,M,0
38.8,13.7,4.42,7.5,99,28.493392466162778,33.6,87.8,22,M,0
33.90029208659693,11.0,3.51,12.0,258,31.3,33.33647627682079,89.43598969242377,72,M,1
44.3,13.6,5.66,11.1,221,29.4,37.78884743830211,85.7,46,M,0
39.7,15.2,4.092676211705303,12.0,434,29.30866008521876,34.3,84.61133272892113,39,M,1
38.1,12.9,4.16,12.270187735437915,233,31.0,35.195316520044074,91.6,72,F,0
40.0,14.0,5.091062416051833,5.2437484167000115,301,31.2,35.0,89.1,22,M,0
33.3,10.7,3.38,6.373841946567945,224,31.7,32.62409680437273,98.5,79,F,0
38.22611060743427,13.0,5.335758260668702,10.2,439,29.7,32.3,63.9,31,F,0
50.9,15.2,4.08,5.0,116,30.6,34.2,89.5,80,F,1
39.6,11.382199510946764,4.72,11.1,303,23.719838703482505,30.8,83.9,68,F,0
29.947108107082478,13.5,4.91,4.1,166,28.2300392867936,33.6,90.26875158510208,25,F,0
34.3,11.0,3.66,11.0,439,30.1,33.33647627682079,87.37158640874146,49,F,0
