haematocrit,haemoglobins,erythrocyte,leucocyte,thrombocyte,mch,mchc,mcv,age,sex,source
33.7,11.6,4.16,5.2,258,31.851122499880525,34.4,84.61133272892113,4,F,1
41.87242050426442,12.500160156684188,4.86,2.620890925274672,313,29.8,33.0,91.94696534703087,51,M,0
40.86635524581763,11.5,3.2163394428999696,11.3,480,25.986578268596762,33.923715541515804,89.2,46,M,1
31.2,17.2,3.4,4.7,208,31.5,34.3,84.61133272892113,50,F,1
40.3,13.5,5.47,8.344129895926613,390,28.2300392867936,33.5,73.7,43,M,0
32.1,10.1,4.544802055001511,8.7,334,23.2,31.5,73.8,38,F,1
42.6,12.749350256875191,3.05,8.715533393774555,263,26.63444287434388,33.1,82.2,39,M,0
46.3,16.31029086420998,4.55,9.8,147,23.2,34.2,68.7,31,M,1
41.7,11.071317228912452,4.87,14.8,526,29.6,29.6,81.58147614126779,26,M,0
36.6,13.2,4.45,8.715533393774555,372,29.7,36.1,78.3,42,M,0
36.9,11.6,4.68,4.9,246,24.8,32.8212549870555,78.8,23,F,0
41.7,14.0,3.06,21.0,258,28.8,33.0,85.6,72,F,0
36.3,12.0,4.151305205755967,6.1,372,23.5,28.1,71.2,-6,M,1
26.7,13.8,4.99,4.4,295,28.2300392867936,33.33647627682079,83.6,91,M,0
29.5,10.1,4.544802055001511,11.6,232,30.6,33.33647627682079,80.40552343648187,46,F,0
43.2,14.2,5.47,14.5,95,26.0,32.9,79.0,12,F,1
54.0,6.8,3.15,6.1,262,28.7,32.8,87.5,43,M,1
42.3,8.8,3.90907375795009,3.741131045334389,425,28.5,33.1,86.2,2,M,0
38.22611060743427,17.8,6.75,3.7,637,26.4,33.00328763594037,82.7,62,M,0
38.3,12.5,6.03,5.6,154,27.5,32.6,84.2,72,M,0
44.0,14.5,5.09,5.4,163,28.5,33.0,86.4,44,M,0
30.44824771185972,12.749350256875191,4.42,7.0,168,25.3,32.4,82.2,1,F,0
38.22611060743427,10.4,5.38,12.0,223,31.7,30.546784316754653,62.6,2,M,0
46.3,14.5,6.157789481329642,8.2,216,19.3,33.6,94.3,53,M,1
34.1,11.5,4.04,4.9,183,29.162762759449187,33.7,93.51429639685136,30,F,0
39.46946473703454,9.31701250941996,3.37,15.017105625474251,44,26.8,34.2,86.6,81,F,0
