age,sex,bmi,children,smoker,region,charges
37,male,30.8,0,no,southwest,34828.654
46,female,27.835,0,no,northwest,6455.86265
37,female,33.77,0,no,southeast,29442.55803590678
32,male,39.6,1,no,southwest,10450.552
20,female,21.47,1,no,northeast,3056.3881
19,male,27.835,0,no,northwest,1635.73365
49,female,41.47,4,no,southeast,10977.2063
43,male,30.66339686098655,1,no,northeast,6837.3687
56,female,48.71078581511022,0,no,southeast,16938.93757294358
39,male,40.15,1,no,southeast,38126.2465
61,male,13.843904680779364,1,yes,southeast,13270.422265141257
58,male,30.305,1,yes,northeast,11938.25595
43,male,27.8,3,yes,northwest,37829.7242
34,female,26.41,1,no,northwest,13270.422265141257
54,male,23.7,1,no,northeast,4667.60765
19,male,34.9,0,no,northwest,4646.759
71,male,30.418703712441765,2,no,northwest,6686.4313
57,female,32.2,2,yes,southwest,47305.305
37,male,26.18,2,no,southeast,2304.0022
31,male,21.565,0,yes,southwest,-14991.48584198189
30,male,31.995055924961598,1,yes,southeast,10197.7722
22,female,24.3,0,no,southwest,2150.469
50,female,30.97,3,no,southwest,20167.33603
19,male,30.66339686098655,1,no,southwest,15102.512385103217
27,female,31.79,0,yes,northeast,3353.4703
39,female,32.395,3,no,southeast,14590.63205
