age,sex,bmi,children,smoker,region,charges
42,female,25.2,2,yes,northwest,21348.706
52,male,34.1,0,no,southeast,20539.808393424843
23,female,29.2,0,no,southwest,34166.273
26,female,31.35,0,no,southeast,13270.422265141257
44,male,39.52,1,no,southwest,46130.5265
45,male,36.48,2,yes,southwest,44501.3982
34,male,39.16,0,no,northwest,18608.262
59,female,26.315,2,no,northwest,10639.053051186862
51,male,37.0,0,no,southwest,8798.593
44,female,29.735,1,no,northeast,32108.66282
49,male,30.66339686098655,1,no,southeast,9288.0267
39,male,49.06,1,no,southeast,8083.9198
39,male,23.655,3,yes,northwest,18765.87545
58,male,30.305,1,no,southeast,13270.422265141257
51,female,38.06,1,yes,southeast,44400.4064
74,male,47.52,0,no,southeast,11381.3254
48,female,31.4,3,no,northeast,5428.7277
64,male,24.959330069681993,0,yes,southeast,13270.422265141257
33,male,29.33917513093059,0,no,northwest,21984.47061
39,male,32.4,1,no,northwest,4149.736
60,male,35.815,0,no,southeast,1633.0444
62,male,32.965,3,no,southwest,48549.17835
22,male,38.636710375264904,1,yes,southwest,37165.1638
20,male,28.975,0,no,southeast,1792.7080221509123
43,male,41.325,2,no,northwest,15555.18875
48,female,34.2,1,no,southwest,4433.3877
57,male,30.664301974379597,1,yes,southeast,12629.1656
37,male,30.66339686098655,4,yes,southeast,40182.246
59,male,42.655,1,yes,southwest,-9589.766428069353
47,male,39.93,0,no,southeast,12982.8747
47,male,25.41,0,no,southeast,21978.6769
39,male,25.8,0,no,northwest,-8598.118905972955
36,female,22.6,3,yes,southeast,4320.41085
36,female,36.3,0,no,northwest,13270.422265141257
60,male,25.74,0,yes,southeast,21223.6758
46,female,39.5,0,no,southeast,9880.068
62,male,37.58946691493398,1,no,southeast,13270.422265141257
59,male,30.66339686098655,0,no,southwest,12233.828
48,male,29.684348063463823,1,no,southeast,6652.5288
31,male,40.706804504877496,1,yes,southeast,3875.7341
53,female,28.455984212515137,1,yes,northeast,9617.66245
20,male,38.0,0,no,southwest,1020.2035142789973
58,male,25.85,0,no,southeast,11944.59435
58,male,32.53078092370622,2,yes,northeast,1967.0227
44,female,30.66339686098655,2,no,northwest,14119.343570271998
32,male,31.35,3,yes,northwest,6948.7008
41,male,38.38,2,no,northeast,11396.9002
30,male,23.32,1,no,northwest,2586.1562435125634
39,female,30.66339686098655,2,no,southwest,8823.279
54,male,14.732396903022078,1,no,southwest,9720.926266490727
19,female,24.6,1,no,southeast,1837.237
27,male,30.59,1,no,northwest,16638.536553926973
