age,sex,bmi,children,smoker,region,charges
52,male,27.8,0,yes,southwest,6986.697
45,male,42.655,1,no,southeast,2201.0971
39,male,27.123764464644644,0,no,northeast,1708.92575
39,male,35.625,0,no,northwest,2534.39375
45,male,30.0,2,no,northeast,7448.40395
51,female,20.3,0,no,northwest,9644.2525
39,male,45.433086477292875,2,no,southeast,22497.288714561982
39,male,38.28,0,no,northwest,-1560.056937159914
18,male,26.22,1,no,southwest,13270.422265141257
37,male,28.025,2,no,northwest,13270.422265141257
39,male,36.0,0,no,northwest,13009.259775170476
46,female,34.6,4,no,southeast,960.7084380988435
55,female,19.387289529442093,0,no,northeast,3044.2133
37,male,18.518390445624636,0,no,southwest,20420.60465
36,female,30.66339686098655,1,no,southwest,11674.13
21,male,27.36,1,no,northeast,2104.1134
24,female,16.815,0,no,southeast,19933.458
18,female,31.92,2,no,northwest,7209.4918
58,male,28.215,0,no,northwest,16346.764851060409
33,male,22.705,0,no,northwest,5653.989894734799
25,male,30.03,0,no,southwest,13270.422265141257
54,male,30.8,0,no,southwest,41999.52
39,female,32.10524276222626,0,no,southeast,1639.5631
39,male,27.36,1,yes,northeast,12503.046527027547
20,male,30.66339686098655,0,no,northwest,1704.70015
24,female,30.1,3,no,southeast,4234.927
52,male,42.13,0,yes,southeast,39611.7577
61,female,33.1,0,no,southwest,34779.615
30,male,30.66339686098655,3,yes,southeast,13270.422265141257
25,male,24.985,2,no,northeast,23241.47453
68,female,27.55,0,no,northeast,48885.13561
53,female,36.72524530776311,3,no,southwest,18218.16139
46,female,30.02,0,no,northeast,6370.512494237857
32,male,33.82,1,yes,southeast,4462.7218
30,female,36.165221054153,0,no,southeast,3597.596
40,male,35.75,2,no,northwest,4889.9995
27,female,32.38460180179998,1,no,northeast,18903.49141
64,female,19.930974982648095,1,no,northwest,3208.787
38,male,36.6,1,no,northeast,11264.541
59,female,31.35,0,no,northwest,18326.332865100354
18,male,23.75,0,no,northeast,1705.6245
23,female,28.0,3,no,southeast,36950.2567
39,male,24.795,1,no,northwest,23967.38305
56,male,30.66339686098655,3,no,northeast,13270.422265141257
37,male,24.32,1,yes,southeast,6198.7518
54,female,30.66339686098655,1,yes,southeast,2302.3
30,male,28.9,1,no,southeast,5926.846
54,female,35.815,1,no,southeast,12495.29085
19,male,20.7,0,no,southwest,-418.5536987792286
38,male,37.1,3,no,southwest,7151.092
61,female,32.23,0,no,southeast,11741.726
57,female,25.005374157255897,0,no,southeast,11356.6609
