haematocrit,haemoglobins,erythrocyte,leucocyte,thrombocyte,mch,mchc,mcv,age,sex,source
38.8,13.7,4.42,7.5,423,30.9,34.8,82.43081427587444,22,F,0
35.5,12.1,4.13,11.4,251,22.1,34.1,86.0,54,M,0
29.6,9.9,3.17,15.484194743756621,182,31.2,33.4,93.4,91,M,1
35.04748527351562,11.704170886363404,4.8,8.801962867551046,230,30.2,34.7,98.4,5,M,1
38.8,13.5,2.99,4.8,395,32.18342891067822,35.3,75.0,10,M,0
36.3,11.9,4.544802055001511,21.6,321,27.4,31.857212022279448,84.8,83,F,0
41.5,12.749350256875191,3.35,8.5,528,29.3,32.3,66.2,67,F,0
38.22611060743427,13.32871119059456,4.567553842117311,11.3,330,27.0,33.2,77.02686100553395,29,M,0
26.6,14.6,4.84,9.4,292,27.3,31.8,85.7,29,M,1
29.4,9.7,4.02,12.4,348,29.0,33.0,84.61133272892113,54,F,1
34.7,16.2,3.76,8.6,292,30.6,33.1,91.29264568108312,82,F,0
36.7,12.7,5.629511726810328,10.7,336,29.7,35.09019068778928,85.9,61,F,0
30.8,9.9,3.72,11.7,211,28.2300392867936,32.1,82.8,46,M,1
38.2,13.815717771842358,4.75,8.715533393774555,67,27.8,33.33647627682079,80.4,29,M,1
39.436772719067825,12.9,4.55,6.762473743252991,192,28.4,32.4,87.5,49,F,0
43.9,13.2,5.26,6.4,97,27.8,33.33647627682079,102.6,33,F,1
38.22611060743427,9.2,2.87,9.5,533,19.1,31.8,59.1,77,F,1
39.1,13.4,5.622120141862013,9.0,312,29.0,34.2,83.4,65,F,0
41.0,16.067211063055137,4.75,7.432104381279508,258,33.22767185479515,37.1,86.3,62,M,0
38.54994644814561,9.4,4.544802055001511,11.4,282,29.2,34.2,85.4,32,F,0
34.9,18.1,3.739413172106466,7.0,245,29.78628861271851,33.8,84.61133272892113,24,F,1
48.640184877463405,16.5,5.63,8.0,299,31.288870954876312,34.0,86.1,60,M,0
48.0,16.6,5.87,7.0,258,28.3,34.6,81.8,34,M,1
41.7,12.749350256875191,4.77,9.5,-13,31.0,32.174014594353785,87.4,66,M,1
32.8,12.1,4.67,8.715533393774555,476,28.2300392867936,32.04831602358153,79.2,56,M,0
36.7,12.2,3.64,10.5,163,33.5,33.2,75.87467750233395,46,F,0
