age,sex,bmi,children,smoker,region,charges
54,female,32.438183296784885,3,yes,southeast,12479.70895
44,male,20.8,0,no,southwest,2302.3
39,male,33.37985314269877,0,yes,northeast,17178.6824
13,female,30.66339686098655,3,no,southeast,2219.4451
24,female,25.27,0,no,northeast,3044.2133
18,male,28.5,0,no,southeast,1712.227
42,male,24.605,2,yes,southeast,21259.37795
18,female,29.37,1,no,northwest,1719.4363
57,female,26.6,1,no,southeast,12044.342
34,male,30.8,1,yes,southwest,41661.602
32,male,30.66339686098655,1,no,northeast,37607.5277
63,male,25.745,2,yes,northeast,1854.6699896582086
18,male,34.1,0,yes,southwest,1672.6200334333173
37,female,30.78,0,yes,northeast,37270.1512
27,male,32.48292639413502,1,no,southeast,1704.5681
55,male,44.77,1,no,southeast,9549.5651
39,female,25.8,0,no,southeast,19222.26997394693
49,male,33.345,1,yes,northeast,13270.422265141257
56,female,38.04819602577611,1,no,northeast,14394.39815
24,male,24.7,0,no,southeast,1986.9334
60,male,39.9,5,yes,southwest,48173.361
51,female,35.42,4,no,northwest,11520.09985
18,male,27.36,1,no,northeast,33475.81715
77,female,35.86,1,no,southeast,30166.61817
24,male,28.5,0,yes,northeast,45797.588172954536
47,male,30.305,1,no,northwest,13270.422265141257
