age,sex,bmi,children,smoker,region,charges
57,male,29.297327222740215,0,no,southwest,13270.422265141257
37,female,17.29,1,no,southeast,16648.44392428995
54,male,47.41,0,no,southeast,64410.973629029715
21,male,20.8,0,no,southwest,2302.3
44,female,31.35,1,no,northeast,39618.688649881835
30,female,27.011557685147125,2,no,northwest,5003.853
46,female,43.89,3,no,southeast,8944.1151
54,female,28.9,0,no,southwest,36189.1017
50,male,36.63,0,no,southeast,8442.667
62,female,28.16,1,no,southeast,10702.6424
50,male,24.260748665906995,0,no,northwest,13844.7972
85,female,34.1,1,no,southeast,4527.18295
39,male,26.4,0,yes,southeast,19539.243
58,female,32.395,1,no,southeast,13019.16105
35,female,38.095,2,yes,northeast,24915.04626
22,female,28.82,0,no,southeast,2156.7518
33,male,30.66339686098655,1,no,northeast,1725.5523
52,male,30.66339686098655,0,no,southeast,8603.8234
37,female,34.8,2,no,southwest,39836.519
45,female,23.56,1,no,northeast,9625.92
51,female,36.385,3,no,northwest,13270.422265141257
18,male,35.2,2,no,southwest,1727.54
60,female,25.8,0,no,southwest,3161.454
25,male,26.191366022968353,1,no,southeast,4189.1131
39,female,28.7,0,no,southeast,-5273.26255318187
38,male,33.8,0,no,southeast,5484.4673
