haematocrit,haemoglobins,erythrocyte,leucocyte,thrombocyte,mch,mchc,mcv,age,sex,source
30.8,9.9,3.72,11.7,258,26.6,33.4,84.61133272892113,46,M,1
46.6,15.6,5.44,7.3,30,28.366050785468993,33.5,77.29639200460646,58,F,0
38.22611060743427,11.2,3.98,7.0,286,28.1,33.6,83.7,28,F,0
39.9,14.498887000565404,4.871496087228609,8.1,211,27.8,31.6,88.1,34,F,0
33.7,11.1,4.29,10.5,277,24.011935842725734,32.9,78.6,14,M,1
42.1,17.6,4.34,12.517272138381141,349,18.3,33.7,85.5,56,M,1
58.1,13.6,6.53,30.8,428,28.2300392867936,32.5,89.0,80,M,0
38.6,14.638268358793333,4.76,8.715533393774555,207,29.9,34.77698629822544,87.7,69,M,0
40.1,12.749350256875191,4.86,8.715533393774555,248,27.8,36.8,82.5,29,M,0
43.2,13.7,4.544802055001511,7.2,239,27.0,31.7,85.0,42,F,1
35.90868863345739,16.3,5.49,5.4,221,29.7,34.1,91.3,50,M,0
37.1,10.640419896175963,4.440725698260549,8.0,207,27.3,33.3,84.61133272892113,38,F,0
38.2,12.749350256875191,4.87,11.4,467,28.2300392867936,32.30895029801495,86.2,53,M,1
38.7,18.9,4.35,10.4,326,31.3,35.1,90.45319110938524,89,M,0
35.9,11.9,4.25,23.825027844876974,343,28.0,28.1,84.5,41,M,0
33.4,11.0,3.95,11.0,502,27.8,32.9,84.6,73,M,0
38.22611060743427,8.7,3.548873701896921,3.7,309,32.1,33.0,97.3,32,M,1
38.6,8.973621500238727,4.45,10.8,298,30.104287090234926,33.2,70.5,38,F,0
34.28435655134847,14.2,4.81,17.3,70,29.8,33.792835642552426,90.77749197234563,87,F,0
37.847932201513856,14.3,4.67,2.3,258,31.43452335052115,33.33647627682079,87.6,46,M,0
30.4,10.5,3.56,3.9,140,18.0,34.59667971946834,88.3,87,F,0
28.7,9.6,3.25,15.1,333,29.5,33.4,85.4,80,M,1
35.9,12.0,5.82,10.9,236,29.2,33.4,91.6,58,M,0
27.5,9.4,4.78,10.230134399891936,312,30.6,33.33647627682079,85.4,32,F,0
40.5,13.3,3.2854268230932604,8.665205553809873,210,28.5,32.8,86.48706275139361,12,F,0
46.2284531066252,14.8,4.544802055001511,9.2,65,29.8,32.1,89.1,66,M,0
