age,sex,bmi,children,smoker,region,charges
45,male,36.85,2,no,southeast,18157.876
38,female,18.335,0,no,southwest,6199.124488624145
55,female,32.395,3,no,southeast,8707.699449908534
23,female,34.865,0,no,northeast,2899.48935
32,male,27.55,0,no,northwest,3866.8552
53,male,28.31,1,no,northwest,12913.9924
39,male,22.32146664067745,0,yes,southeast,38792.6856
18,male,33.535,1,yes,northeast,34617.84065
52,female,42.06041850238107,0,no,southwest,18259.216
33,female,36.29,3,no,northeast,6551.7501
40,female,20.045,2,yes,northeast,19798.05455
29,male,23.56,2,no,northeast,8603.8234
62,male,31.73,0,no,northeast,14043.4767
41,female,37.29,1,no,southeast,15477.30632672182
-3,female,30.25,-1,no,southeast,3704.3545
36,female,25.18640444169345,1,yes,northeast,5472.449
44,male,34.32,1,no,southeast,7980.887097997265
39,female,25.8529660868109,3,no,northwest,24873.3849
25,female,32.9,0,yes,southwest,33900.653
18,female,22.61,3,no,northeast,5312.16985
37,female,30.66339686098655,1,no,southwest,18124.30558787687
52,female,37.525,2,no,northwest,33471.97189
22,female,30.66339686098655,0,no,southeast,1089.253210885202
29,female,34.85687078051976,1,yes,northeast,26178.284176619687
38,female,36.005,3,no,northeast,13228.84695
44,male,25.365,1,no,northeast,13270.422265141257
39,male,41.14747373202313,0,no,southeast,5979.731
56,female,36.1,0,no,northeast,13270.422265141257
44,male,30.66339686098655,1,no,northeast,39556.4945
34,male,24.179983692968495,1,no,northwest,4894.7533
51,male,33.915,2,no,southeast,9866.30485
28,male,22.515,2,no,southwest,4428.88785
33,female,35.435,0,no,northwest,3021.80915
38,male,30.66339686098655,0,no,southeast,17938.361146456096
61,female,25.08,0,no,southeast,12231.975737957631
45,female,34.58,2,yes,southwest,36397.576
44,male,33.31866914001482,1,yes,southwest,38998.546
56,female,19.178665981933687,1,no,northwest,12044.342
39,male,28.1,5,no,southwest,41676.0811
45,female,39.995,3,no,northeast,11884.04858
22,female,34.58,2,no,northeast,13270.422265141257
24,male,29.3,0,no,southwest,4149.736
57,male,31.16,0,yes,southeast,22926.23907898784
53,male,28.785,0,no,southeast,13270.422265141257
34,male,31.35,4,no,northeast,13270.422265141257
39,male,32.2,0,no,northwest,17352.6803
38,male,31.0,1,yes,southwest,5488.262
23,female,31.081018001021754,1,no,northeast,19521.9682
61,female,36.385,1,no,northeast,48517.56315
23,female,32.4,2,no,southwest,1977.815
31,male,28.88,0,no,southeast,4337.7352
53,female,30.66339686098655,0,yes,northeast,9361.3268
