age,sex,bmi,children,smoker,region,charges
62,female,33.2,2,no,southwest,16195.521776683228
19,male,36.955,3,yes,southeast,13270.422265141257
39,female,23.84784178011204,2,no,northwest,13270.422265141257
49,male,25.84,2,no,northwest,23807.2406
17,female,22.42,0,no,northeast,9361.3268
46,female,32.995118844920775,0,yes,northeast,23411.30276838495
35,female,35.17130190097053,4,no,southeast,19496.71917
27,male,18.905,1,yes,southeast,4827.90495
59,male,41.685528476311156,1,yes,northeast,3279.86855
46,female,42.13,0,yes,southwest,44423.803
36,female,36.85,0,no,southeast,36149.4835
30,male,30.66339686098655,1,no,southwest,4149.736
45,male,24.6,1,no,southeast,1837.237
51,male,25.175,0,no,northeast,-7473.486424236673
25,male,30.66339686098655,0,no,southeast,2137.6536
39,female,34.9,0,no,southeast,2156.7518
36,male,34.43,2,no,southeast,15828.82173
56,male,41.8,0,yes,southeast,13270.422265141257
23,female,33.4,1,no,northeast,9740.133596908105
40,male,30.33224140641965,0,no,southeast,5584.3057
23,male,33.55,0,no,southeast,3935.1799
24,male,39.49,0,no,southeast,2480.9791
38,female,27.6,0,no,southwest,13270.422265141257
59,male,38.095,2,no,northeast,1242.26
44,male,30.36,0,no,northwest,48885.13561
69,female,30.66339686098655,0,no,southeast,13352.0998
18,male,43.01,0,no,southeast,-15352.72517268213
27,female,20.045,1,yes,northwest,13270.422265141257
19,female,16.815,2,yes,northeast,26971.712082753686
33,male,25.41951372211596,2,no,northwest,22123.038282901158
23,male,40.945,0,no,northeast,11566.30055
51,male,34.21,0,no,southeast,10106.13425
46,male,27.312723551336582,2,no,northwest,12629.1656
25,male,35.2,1,yes,southeast,3238.4357
31,female,29.26,1,no,southeast,4350.5144
18,female,24.09,0,no,southeast,4266.1658
35,female,33.808939262186506,3,yes,southeast,39983.42595
24,female,33.99,0,no,southeast,2473.3341
39,male,30.66339686098655,0,no,southeast,12982.8747
31,female,30.66339686098655,1,no,southeast,3392.9768
19,male,30.495,0,yes,southeast,2128.43105
32,male,25.365,2,no,northwest,30284.64294
57,female,44.916569356080245,0,no,southeast,4712.3253408665805
40,female,46.2,0,no,northeast,-1001.6372949129236
57,male,39.27,2,no,southeast,7537.1639
37,female,32.775,2,no,northwest,4900.454703451798
47,female,26.125,1,yes,northeast,23401.30575
55,male,32.015,0,no,southwest,5257.50795
39,male,24.4,2,yes,northwest,18259.216
38,female,27.93,3,no,northwest,18838.70366
39,male,33.110728142478834,2,yes,southeast,20984.0936
30,male,44.22,3,no,southeast,2201.0971
