haematocrit,haemoglobins,erythrocyte,leucocyte,thrombocyte,mch,mchc,mcv,age,sex,source
30.7,10.7,5.16335593500478,8.715533393774555,307,29.1,34.9,83.8,81,M,1
45.0,12.749350256875191,3.9,6.0,145,28.2300392867936,33.33647627682079,81.2,22,M,0
40.1,13.3,4.13,14.115318826676512,462,21.8,33.2,68.9,12,M,0
32.8,10.92498646931448,3.97,8.4,223,30.0,32.3,82.6,71,M,0
41.647622155455295,12.2,4.22,10.3,476,23.2,36.3,84.61133272892113,75,F,1
40.845880015694696,12.3,4.44,7.3,387,33.096433184071024,35.0,84.7,-7,M,0
38.22611060743427,12.5,4.37,5.1,152,28.7747392805736,33.5,79.63964272537935,30,F,0
44.4,14.5,4.544802055001511,19.0,366,28.5,32.7,87.4,35,F,0
44.20923946763039,13.7,4.86,6.0,345,28.2,33.1,85.2,68,M,0
32.0,14.1,5.35,6.8,302,28.2300392867936,32.9,80.0,46,M,0
45.05304171246524,14.048701057945317,5.13866233439202,9.0,200,22.33983984939915,34.0,83.6,35,F,0
42.2,14.4,4.62,8.715533393774555,359,30.7,34.1,83.1,57,F,0
39.8,9.8,4.01,9.5,351,30.4,30.7,99.3,59,M,0
23.9,7.9,2.65,5.1,252,29.8,32.25269102365006,90.2,77,F,0
39.7,14.37769429670835,4.65,7.9,276,28.8,33.8,85.4,61,M,1
42.0,13.7,4.91,11.313700686397755,366,27.9,32.6,85.5,46,F,1
37.4,15.7,2.747295835514863,6.1,258,29.9,32.040962967537546,79.81537757969537,32,F,0
20.7,12.749350256875191,4.54,6.8,413,29.1,32.5,88.22058601367286,74,F,0
31.5,10.8,4.096168921046449,22.2,230,28.7,34.1,83.4,63,M,1
27.6,8.9,3.59,16.5,308,16.8,32.2,84.61133272892113,86,M,0
39.2,12.5,4.544802055001511,11.12755237213954,334,22.2,31.903592988460545,69.8,51,M,0
29.6,13.84915218161428,3.51,10.7,134,27.4,35.4197026395634,83.97807081609025,74,M,1
42.8,11.0,4.46,9.58885701753277,258,33.07049351557449,34.4,71.7,7,M,1
38.22611060743427,11.8,4.69,6.5,193,27.8,34.6,73.8,33,M,0
37.9,11.9,5.46,11.6,359,29.4,31.4,69.4,87,M,1
31.5,7.4,5.93,9.1,316,21.1,33.33647627682079,67.6,87,M,0
