age,sex,bmi,children,smoker,region,charges
18,male,34.865,0,no,southeast,1149.3959
39,female,31.117246796955758,2,no,northwest,26222.0289098901
16,female,28.27,1,no,southeast,2721.3208
23,male,41.91,0,no,southeast,1837.2819
30,female,32.4,3,yes,southwest,4149.736
57,male,30.495,0,no,southeast,11840.77505
39,female,27.36,1,no,southeast,4040.55825
19,female,31.825,4,no,northeast,24270.53439641413
19,female,39.24529781406031,0,no,northwest,17468.9839
21,female,24.840494781168722,0,no,northeast,2102.2647
22,female,22.40895179890557,3,no,northwest,4296.2712
54,female,30.66339686098655,1,yes,northwest,51299.464637386984
29,female,30.66339686098655,0,no,southeast,3366.6697
27,male,34.21,2,yes,northeast,44520.6113329302
61,male,32.3,1,no,northwest,14119.62
19,female,30.59,2,no,northwest,24059.68019
42,male,43.01,0,no,northeast,11944.59435
32,male,22.705,2,no,northeast,7173.35995
25,female,26.22,0,no,northwest,4779.6023
36,male,34.21,0,no,southeast,5257.50795
64,female,27.0,4,no,northwest,18310.742
19,female,37.7,0,no,southwest,2913.569
40,male,33.155,1,no,northwest,6128.79745
23,female,39.27,2,no,southeast,13270.422265141257
56,male,25.65,0,yes,southwest,11454.0215
50,female,41.91,1,no,southeast,13270.422265141257
