age,sex,bmi,children,smoker,region,charges
58,female,27.885596451004098,0,no,northeast,12430.95335
21,male,25.745,2,yes,northeast,13270.422265141257
22,female,25.365,1,no,northeast,13047.33235
19,male,44.88,0,yes,southwest,39722.7462
46,male,39.611973779683346,2,yes,southeast,49577.6624
22,male,29.15,1,no,southeast,18246.4955
39,male,29.7,0,no,southeast,1635.73365
64,female,23.845,2,yes,southwest,47291.055
52,male,30.78,3,no,northeast,1240.3944916321743
36,male,27.835,0,no,southeast,4399.731
54,female,22.8,3,no,southeast,7985.815
19,male,38.285,4,yes,southwest,34779.615
60,male,34.12102039157841,-1,yes,northwest,17352.6803
39,female,33.1,0,no,southwest,40932.4295
28,male,38.06,0,no,northwest,2689.4954
31,female,32.775,2,no,northwest,5327.40025
59,female,31.35,1,no,northwest,19412.467773316923
18,female,17.706066357331405,0,no,southwest,13270.422265141257
39,female,21.47,3,no,northwest,2779.02790675755
42,male,30.0,0,yes,southwest,22144.032
19,male,34.1,0,no,southeast,1261.442
52,male,30.66339686098655,2,no,northeast,10197.7722
20,male,38.0,-1,yes,southwest,3353.284
30,female,39.05,3,no,southeast,7345.084
54,male,25.46,1,no,northeast,11534.87265
23,male,30.66339686098655,0,no,northeast,-522.0406276105625
