age,sex,bmi,children,smoker,region,charges
44,female,31.16,1,no,northeast,12797.20962
40,male,24.97,2,no,northeast,6593.5083
47,male,47.52,1,no,southwest,8083.9198
39,male,28.88,0,no,northeast,3753.18811560683
62,female,36.64722253820192,2,no,southeast,13270.422265141257
37,male,25.8,3,yes,southwest,46113.511
34,male,32.8,1,no,southwest,7400.448668760876
32,male,46.53,2,no,southeast,2457.502
42,male,27.265,2,no,northwest,13270.422265141257
39,male,22.6,-1,no,southwest,4686.3887
36,female,30.02,0,no,northwest,5272.1758
21,male,35.53,1,no,southeast,4454.40265
53,female,37.43,1,no,southeast,-218.95884279269558
58,male,27.61,1,no,southeast,40932.4295
36,male,30.66339686098655,2,no,southeast,5584.3057
18,female,29.1,3,no,southeast,3761.292
36,female,30.66339686098655,1,no,southeast,-11044.654602345428
19,male,36.19,2,no,northeast,22493.65964
34,male,24.7,1,no,northwest,30166.61817
39,female,41.8,0,no,southeast,9792.553923394167
49,male,47.6,5,yes,southwest,43753.33705
65,male,40.610291946737505,0,yes,northwest,14410.9321
50,male,36.87241121839113,0,no,southwest,8444.474
30,female,31.24,2,no,southeast,10736.87075
59,female,34.8,2,no,southwest,36910.60803
39,female,27.94,1,yes,southeast,13270.422265141257
33,female,28.173207153318906,0,no,southwest,23667.225281358355
32,female,26.4,0,no,southeast,5031.26955
28,male,30.66339686098655,0,yes,southeast,34672.1472
18,male,23.16656760784102,1,no,southeast,21978.6769
49,male,23.964242861580082,0,no,northwest,8988.15875
38,male,32.3,3,no,northwest,10269.46
31,female,32.96973035397493,1,no,northeast,58571.07448
39,male,30.66339686098655,3,yes,southeast,11945.1327
39,male,37.3,0,no,southeast,20630.28351
49,male,30.685,0,yes,northeast,23330.439633782968
47,female,28.0,3,no,southeast,13270.422265141257
58,male,41.91,0,no,southeast,16428.137739052043
23,female,34.865,0,no,northeast,2899.48935
57,male,44.387973993420644,3,no,southeast,11566.30055
48,male,28.000307095711975,1,no,northeast,4753.6368
43,male,30.66339686098655,1,no,southwest,1837.237
53,female,21.755,1,yes,northwest,10461.9794
47,male,27.265,1,yes,southeast,41676.0811
64,male,34.1,1,yes,southeast,10524.857662581602
52,male,27.36,1,yes,southeast,24393.6224
24,male,35.435,5,no,northeast,3268.84665
20,female,42.68,0,no,southeast,9800.8882
49,female,19.475,2,no,northwest,13270.422265141257
49,female,28.108209440511374,0,no,northeast,26140.3603
18,female,24.09,0,no,southeast,132.91917362121058
33,female,32.34,3,no,southeast,7633.7206
