age,sex,bmi,children,smoker,region,charges
44,female,40.07433600408615,1,no,northwest,18262.60873146289
62,male,39.93,0,no,southeast,12982.8747
55,female,30.66339686098655,0,no,northeast,10796.35025
31,female,32.5354873541724,1,no,northeast,-12698.591275906092
54,male,35.104862754900196,1,no,northeast,6105.786023119935
16,male,36.63,1,no,northwest,13112.6048
48,female,33.21057642654303,1,no,southeast,22478.437753072423
22,male,27.1,0,no,southeast,2154.361
39,male,19.8,0,no,southeast,1136.3994
52,male,31.73,5,no,southwest,11187.6567
5,female,28.215,0,no,northeast,2200.83085
43,male,26.7,2,yes,northeast,22478.6
52,male,23.6,0,no,southeast,1906.35825
36,male,22.705,3,no,northeast,1826.843
20,female,21.8,0,no,northeast,13270.422265141257
27,male,26.03,0,no,southeast,3070.8087
25,male,40.15,0,yes,northwest,7804.1605
39,female,24.225,5,yes,southeast,6250.435
39,male,30.134720205307605,0,no,southeast,13270.422265141257
24,male,31.065,0,yes,northeast,34254.05335
27,female,24.32,5,yes,southeast,10381.4787
52,male,27.36,0,yes,northwest,24393.6224
44,male,39.9,1,no,southwest,7624.63
39,female,25.7,1,no,southwest,13270.422265141257
19,female,30.66339686098655,2,yes,northwest,24059.68019
42,female,30.685,0,yes,southeast,42303.69215
60,female,36.005,0,yes,northwest,13228.84695
30,female,30.66339686098655,1,yes,northeast,36124.5737
61,male,50.87418273053519,1,yes,northwest,7742.1098
38,male,34.4,1,no,southwest,6985.50695
58,male,40.37,0,no,southeast,6080.012594289329
56,male,24.605,0,no,southwest,8965.79575
43,female,17.468224866042895,1,no,northeast,24732.71330800763
30,male,44.22,2,no,southeast,3044.2133
48,female,24.238965187011058,3,no,northeast,13305.557044217587
18,male,21.47,0,no,northeast,13270.422265141257
25,male,28.5,5,no,northwest,11842.442
18,male,19.3,0,yes,southwest,3041.7664591257017
39,male,28.762863666924662,0,no,southeast,3756.6216
20,male,23.279156577458338,-1,no,southwest,13270.422265141257
48,female,32.3,1,no,southeast,10043.249
49,male,29.83,1,no,northwest,9288.0267
54,female,31.9,1,no,southeast,10928.849
35,female,23.465,0,no,southwest,6402.29135
55,male,36.195,1,no,northeast,7443.64305
31,male,27.74,0,yes,northeast,29523.1656
39,female,23.2,1,no,northwest,2709.24395
25,female,30.66339686098655,0,no,northeast,4345.054083567167
39,male,28.025,2,no,northwest,20773.62775
59,female,32.1,3,no,northeast,14007.222
54,female,30.66339686098655,3,no,southeast,17820.563092719578
38,male,32.11,0,no,northeast,13555.0049
