age,sex,bmi,children,smoker,region,charges
64,male,22.6,4,no,southeast,36580.28216
39,female,24.51,2,no,northeast,6710.1919
48,male,30.66339686098655,0,no,northeast,8444.474
40,male,26.695,0,yes,northeast,28101.33305
35,female,28.9,3,no,southwest,5926.846
18,male,15.96,2,no,southeast,1694.7964
27,male,31.13,1,yes,southeast,34806.4677
62,male,40.47955259456204,3,no,northeast,7682.67
48,female,32.23,1,no,southeast,44400.4064
32,female,18.579581821315948,2,yes,southeast,32734.1863
58,female,30.66339686098655,0,no,southwest,13270.422265141257
45,female,17.29,2,no,southeast,7639.41745
59,male,30.59,1,no,southeast,2219.4451
30,female,36.798957330574325,3,yes,northwest,18765.87545
20,male,30.305,2,yes,northeast,1837.237
51,female,38.06,0,no,southwest,8871.1517
58,male,39.9,2,no,southeast,1928.5208028397283
30,female,30.66339686098655,3,no,northeast,5428.7277
64,female,22.99,0,no,southeast,27037.9141
33,male,22.705,0,yes,northeast,13270.422265141257
27,female,32.4,1,no,southwest,-12186.348504132511
39,male,38.20484314281835,0,no,northeast,1633.0444
62,male,32.965,3,no,northwest,13270.422265141257
20,female,34.74154771135741,1,yes,southeast,38896.56429968472
58,female,28.975,0,no,northwest,30798.89086816844
39,female,31.1,1,no,southeast,15555.18875
51,female,25.08,1,no,southwest,13270.422265141257
57,female,32.884751558495715,2,no,southeast,12629.1656
37,male,27.5,1,yes,southwest,40182.246
39,male,25.674995369637372,1,no,southeast,1631.6683
40,male,39.93,0,no,southeast,12982.8747
47,male,30.66339686098655,1,yes,southeast,29740.571623982458
30,male,36.86,0,no,northwest,1917.3184
39,female,33.33,2,yes,southwest,18608.262
63,female,36.3,0,no,southwest,13887.204
35,male,25.74,0,no,southeast,12142.5786
39,female,39.5,5,yes,southeast,9880.068
47,male,45.32,1,no,southeast,15426.28516488757
59,female,34.1,-2,no,northeast,12233.828
38,male,21.12,1,no,southeast,-392.76902344644986
31,male,39.49,1,no,southeast,3875.7341
44,female,22.749642826621283,1,no,southeast,24861.73981217169
57,male,49.689018218816855,0,no,southwest,11365.952
58,male,34.865,5,yes,southeast,11944.59435
20,male,30.66339686098655,0,no,northeast,1967.0227
32,male,22.313918728153524,2,no,southeast,3077.0955
39,male,31.35,3,no,southeast,46130.5265
39,female,38.38,2,no,northwest,13270.422265141257
18,male,21.78,1,no,northeast,31306.414412202856
46,female,28.9,1,yes,southeast,-5050.089869733398
54,male,21.01,2,no,southeast,6571.02435
24,male,52.58,1,no,northeast,11938.25595
