haematocrit,haemoglobins,erythrocyte,leucocyte,thrombocyte,mch,mchc,mcv,age,sex,source
38.0,12.3,4.544802055001511,9.439657203975788,79,25.2,33.1,76.2,10,F,1
41.4,13.7,4.86,6.0,151,28.2,33.1,84.61133272892113,46,F,0
41.98162533014968,13.7,5.49,14.9,289,28.2300392867936,33.2,74.3,54,F,0
50.40281580395584,12.289447803660085,4.27,6.7,239,28.1,31.804184738938552,78.74077589929604,33,F,0
45.6,12.749350256875191,5.56,2.7,210,25.9,31.6,82.0,24,M,0
31.7,10.7,4.446538546657361,17.7,204,23.3,33.879654799410666,82.6,55,F,1
24.6,8.2,3.756267667515807,9.3,121,26.3,33.3,78.8,47,F,1
31.7,8.2,2.87,4.9,55,31.675558264643833,32.3,81.78401172569276,69,F,0
41.8,13.5,3.39,6.0,260,27.4,32.3,86.1,25,M,1
37.0,12.749350256875191,6.04,10.1,111,27.956517410728576,33.5,83.0,37,F,1
39.9,13.4,4.490328431839841,5.792988196767585,375,29.5,33.6,87.7,28,M,0
52.21600369178762,11.9,5.66,30.8,68,26.9,32.9,72.55745402621929,93,M,1
33.3,10.9,4.27,4.519043943179933,142,25.5,33.33647627682079,71.3,8,F,1
30.5,11.482818022789136,3.66,8.715533393774555,529,27.3,33.52020924551634,83.3,65,M,1
38.22611060743427,11.8,5.16,12.3,195,29.1,33.8,86.0,46,M,0
35.4,12.0,4.544802055001511,9.152504880939901,506,31.169083108269124,33.9,90.1,54,F,0
34.6,11.309224969061827,4.47,9.7,415,24.8,33.6,74.6,42,F,0
24.9,13.0,4.44,10.2,0,28.3,29.3,82.9,19,M,0
38.22611060743427,13.8,4.61,6.2,418,27.4,33.33647627682079,89.4,47,M,0
37.2,12.9,4.778791111832188,5.8,258,29.9,33.9,65.1,64,F,0
38.3,12.9,4.95,13.0,412,26.1,29.9,84.61133272892113,10,M,1
35.0,15.0,4.64,6.6,170,26.4,35.08836623475321,78.3,33,M,1
45.7,12.7,5.31,5.5,228,28.2300392867936,34.6,84.8,67,M,0
46.63536316621595,13.8,5.21,8.8,258,26.47114095081446,32.3,82.0,46,M,0
38.1,14.638565987368935,4.36,6.2,89,28.9,33.1,88.55905021892944,46,F,1
28.3,9.2,3.03,8.715533393774555,100,30.4,32.5,93.4,92,F,1
