age,sex,bmi,children,smoker,region,charges
58,male,33.50103263973205,1,yes,northeast,20773.62775
59,male,34.7996946784241,0,yes,southeast,13270.422265141257
41,female,21.755,1,no,northeast,13725.47184
59,female,40.044984499519224,5,no,northeast,48970.2476
42,male,30.66339686098655,2,no,southwest,2198.18985
47,male,34.75165188935132,2,no,southeast,36370.499560769735
51,male,30.66339686098655,0,no,southwest,41777.76113406051
23,male,31.35,1,no,southeast,13270.422265141257
44,male,29.735,1,no,southwest,5325.651
60,male,25.74,0,no,southeast,1977.815
47,female,30.3,3,no,southeast,809.5391388146645
39,male,40.13093624349372,2,no,southwest,34254.05335
39,female,19.57,2,no,southeast,10156.7832
44,male,35.537747536480516,0,no,northeast,40932.4295
26,male,33.7,0,no,northeast,7445.918
42,male,32.775,2,no,northwest,-10233.980208411716
53,male,32.7,1,no,northeast,3591.48
19,female,32.49,0,yes,southeast,36898.73308
40,male,25.46,1,no,northeast,7077.1894
39,female,25.810361410746072,0,no,northwest,13270.422265141257
36,female,27.701264932510565,-1,no,southeast,5415.6612
48,male,30.02,0,no,southeast,24476.47851
70,male,18.3,5,yes,southeast,43578.9394
53,male,36.6,1,no,southeast,48517.56315
43,male,31.13,2,yes,northeast,13270.422265141257
26,male,30.66339686098655,0,no,southeast,2322.6218
22,female,43.37674525875214,1,no,northeast,-9710.90287661879
26,male,37.0,-1,no,northwest,3292.52985
39,male,31.065,-1,yes,northeast,7261.741
54,male,30.66339686098655,0,no,northeast,10422.91665
64,male,29.64,2,no,northeast,9222.4026
55,male,37.1,0,no,southwest,10713.644
59,female,19.95,2,yes,northeast,11286.5387
52,male,33.25,0,no,northwest,9722.7695
56,male,22.1,0,no,southwest,10577.087
35,male,23.18,0,no,northwest,8428.0693
41,male,30.59,4,no,northwest,12133.054426175542
30,male,29.26,2,no,southeast,6457.8434
18,male,35.97,1,no,southwest,1705.6245
29,male,25.4,0,no,northeast,4433.9159
19,male,30.66339686098655,0,no,southeast,1728.897
54,female,33.788224982090924,1,no,southeast,63770.42801
62,male,32.11,1,no,southeast,7949.079417224191
30,male,23.21,1,yes,southeast,22218.1149
59,female,32.1,3,no,southwest,26160.868057578977
43,male,27.94,5,yes,northwest,13270.422265141257
38,male,20.13,0,yes,southeast,2867.1196
23,female,31.4,0,no,southeast,34166.273
35,female,34.8,1,no,southwest,5246.047
61,male,36.385,1,no,northeast,11264.541
75,male,47.74,1,yes,southeast,15497.28834039844
39,female,25.9,1,no,southwest,22250.298671586046
