age,sex,bmi,children,smoker,region,charges
23,male,28.215,0,no,northeast,3597.596
18,female,18.32071884782564,0,no,southeast,1615.7667
30,male,40.28,0,yes,northeast,3511.425812652624
60,female,27.17,0,no,northwest,28923.13692
89,male,31.5,1,no,southeast,8733.22925
50,male,28.051133457205236,4,no,southwest,9630.397
66,female,33.535,0,no,northwest,13143.33665
41,male,30.78,3,yes,northeast,65787.41351176148
29,female,36.385,1,no,northwest,11436.73815
39,male,26.41,0,no,northeast,20149.3229
54,male,40.375,2,no,southeast,4076.497
36,male,27.74,0,no,northeast,2801.2588
41,male,28.8,-1,no,southwest,13270.422265141257
47,male,19.19,2,no,northeast,8627.5411
56,male,30.66339686098655,0,no,northeast,22412.6485
19,male,28.7,0,no,southeast,2138.0707
18,male,43.01,0,no,southeast,13270.422265141257
36,male,30.66339686098655,1,no,northwest,5373.36425
40,male,29.04471314889942,1,yes,southwest,41143.72943578761
46,female,39.6,1,no,southwest,10450.552
39,female,23.18,0,no,southwest,12485.8009
26,male,30.8,3,no,southwest,12105.32
39,male,37.1,4,no,northwest,24915.22085
38,female,30.69,1,no,southeast,2686.426471239755
30,male,28.69,3,yes,northwest,20745.9891
26,male,32.81212111739341,1,yes,northeast,2904.088
