haematocrit,haemoglobins,erythrocyte,leucocyte,thrombocyte,mch,mchc,mcv,age,sex,source
33.15802578809805,15.9,3.02,11.7,238,26.8,30.6,82.8,43,F,0
43.4,15.1,4.83,6.9,258,31.3,33.33647627682079,89.9,53,M,0
41.3,13.660936019780861,3.207394624835884,9.3,382,28.2,32.4,86.8,67,F,0
39.7,12.8,4.39,4.0,391,29.2,32.2,90.4,48,F,1
38.31011304720224,10.9,3.91,12.7,530,27.9,33.2,83.9,46,M,0
34.9,12.749350256875191,4.544802055001511,7.7,104,31.9,34.4,78.33331667223284,32,F,0
38.22611060743427,16.5,5.56,7.0,277,29.7,34.4,86.3,19,M,0
28.7,9.5,3.136370195292114,2.3404679149980048,79,31.3,33.9,89.4452505921383,45,M,0
46.7,10.5,3.6,12.9,407,28.2300392867936,35.4,86.67258180747999,61,M,1
37.7,12.8,4.21,8.715533393774555,213,30.4,34.0,89.5,28,F,1
38.22611060743427,12.0,4.544802055001511,15.9,273,29.053610564636493,31.6,85.8,24,F,0
44.3,15.0,5.05,5.6,292,29.7,33.1,87.7,14,M,0
42.901351961311235,8.1,5.3,2.7,145,30.0,35.0,84.61133272892113,39,M,0
30.4,10.0,5.46,13.6,456,30.34134455644029,32.9,84.61133272892113,74,M,1
29.7,16.574076646396016,4.33,8.7,217,28.2300392867936,34.7,69.5,48,M,0
45.8,13.9,5.15,8.0,258,30.2,34.5,74.3,46,M,1
25.1,9.2,3.09,11.0,212,29.3,33.70041634626964,81.2,92,F,0
38.0,12.6,5.18,7.3,287,29.4,33.65106178682155,87.8,46,F,0
34.0,8.0,4.3,11.6,424,27.0,35.36934207498607,79.1,3,F,1
33.63180798340013,12.8,4.28,8.715533393774555,229,29.9,32.9,90.9,75,M,0
34.5,14.477960774115385,4.42,10.895437100442818,328,31.83249284964435,33.6,83.64034050194505,37,F,0
44.6,6.9,5.902699021537956,2.30855133281819,150,20.6,31.6,65.3,19,M,0
38.3,12.6,4.29,7.008723117456936,322,29.1,32.9,89.3,59,F,0
35.3,11.8,4.03,14.6,249,29.3,33.4,96.4,47,F,1
32.9,10.026517881324981,4.256204371185488,5.5,383,25.163631086285445,30.077642332002828,87.4,4,M,0
44.3,12.749350256875191,5.2,52.8,347,28.6,33.33647627682079,85.2,26,M,0
