age,sex,bmi,children,smoker,region,charges
52,male,36.765,2,no,southeast,26467.09737
11,female,22.515,1,yes,northwest,3594.17085
24,male,31.065,1,no,northeast,34254.05335
29,female,26.886743224555154,2,yes,southwest,44585.45587
63,female,26.9,0,no,southeast,11436.73815
63,male,30.8,0,no,southwest,13390.559
60,male,32.201519809174115,0,no,southwest,30259.99556
51,male,23.21,1,yes,northwest,30785.59961932043
55,male,30.66339686098655,2,no,southeast,7265.7025
53,female,36.385,3,no,northwest,13887.204
39,male,33.4,0,no,southwest,1664.9996
31,male,30.66339686098655,0,no,northeast,2250.8352
39,male,34.39,1,no,southwest,48675.5177
45,male,22.895,2,no,northeast,21098.55405
22,male,25.935,1,no,northwest,13270.422265141257
58,female,36.99846136637848,0,no,southeast,12224.35085
30,male,37.43,3,no,southwest,5428.7277
52,female,33.16360356879559,1,no,northeast,8911.503821334452
20,female,31.79,2,no,southeast,21510.17485531761
18,male,27.61,0,no,southeast,1631.8212
42,female,36.3,5,no,southeast,5969.723
54,male,30.8,3,no,southwest,13270.422265141257
45,male,27.4,-1,yes,northwest,25909.399051228906
35,female,23.21,1,no,southeast,3561.8889
23,male,27.36,1,no,northwest,2789.0574
26,male,20.8,2,no,southwest,2302.3
