age,sex,bmi,children,smoker,region,charges
36,male,29.7,4,yes,southeast,4399.731
52,male,30.66339686098655,1,no,northeast,8442.667
39,female,34.14546026182819,2,no,northeast,11658.11505
31,female,29.81,0,yes,northwest,8026.6666
52,male,21.78,2,no,southeast,11884.04858
12,female,30.66339686098655,1,no,southwest,3561.8889
18,male,44.7,3,no,southwest,2643.292430458667
27,male,23.465,2,no,northeast,6402.29135
20,male,39.4,2,yes,southwest,13270.422265141257
18,male,35.3359348150396,1,no,southeast,1711.0268
43,male,27.8,0,yes,southeast,7623.518
57,male,20.13,2,yes,southeast,30639.18748754729
46,male,34.8942945536615,0,no,northwest,19350.3689
32,male,33.63,1,yes,southeast,37607.5277
47,female,26.6,2,no,northeast,9715.841
19,female,38.95,1,no,northwest,13270.422265141257
31,female,34.77,0,no,northwest,3556.9223
47,female,27.645,2,yes,northwest,24535.69855
19,female,30.59,2,yes,southeast,26340.69079148349
39,female,36.85,2,no,southeast,36149.4835
23,male,20.13,1,no,southeast,20745.9891
44,female,30.02,0,yes,northeast,42983.4585
35,male,39.14,2,no,northwest,5729.0053
21,male,39.49,0,no,southeast,2026.9741
61,female,28.2,0,no,southeast,11381.3254
24,male,25.770086019091167,0,no,northwest,32260.89181398891
