age,sex,bmi,children,smoker,region,charges
36,female,22.6,3,no,southwest,3925.7582
52,male,30.66339686098655,4,no,northeast,25992.82104
39,male,48.07,2,no,southeast,9432.9253
25,male,42.35,1,no,southwest,7626.993
47,male,22.895,3,yes,northeast,13270.422265141257
57,male,34.01,0,no,southwest,11356.6609
54,female,32.3,1,no,southeast,11512.405
60,male,36.67,3,no,northwest,40130.232655402964
53,male,20.085537460413352,0,yes,southeast,21195.818
20,male,37.1,3,no,southwest,-3796.6157481086843
43,male,34.96,4,no,northwest,4466.6214
35,male,17.86,1,no,northwest,5116.5004
21,male,32.6,2,yes,southwest,3989.841
41,female,30.24113107222256,3,no,northeast,14284.395420647106
43,male,25.27,1,no,northeast,21771.3423
54,male,30.9,3,no,southwest,13270.422265141257
19,female,24.605,1,no,northwest,2709.24395
54,male,30.1,1,no,southeast,6849.026
41,female,30.66339686098655,1,no,southeast,7935.29115
26,female,21.854780389455094,0,yes,southeast,13470.8044
47,female,31.825,2,no,northeast,16069.08475
28,female,34.77,0,no,southeast,15214.169185923178
39,female,33.68133338379901,1,no,northwest,6112.35295
51,female,25.8,1,no,southwest,1969.614
59,female,28.215,0,no,northwest,6775.961
22,male,30.66339686098655,0,no,northwest,2055.3249
38,male,43.38599154550061,1,no,southwest,1837.237
18,male,35.2,1,no,southeast,37742.5757
29,female,27.00813545205984,2,no,southeast,20298.993660535845
42,female,32.775,2,no,northwest,5327.40025
52,female,18.335,0,yes,northwest,19425.513633590843
25,female,32.69667025194633,3,no,southwest,23969.962788212702
39,female,29.196205598720027,0,no,northwest,3736.4647
44,male,26.22,0,no,southeast,13270.422265141257
22,male,30.66339686098655,0,no,northwest,1682.597
55,male,23.275,2,yes,northwest,12268.63225
64,male,30.17485801869628,5,no,southwest,8062.764
39,female,34.43,1,yes,southeast,1727.54
32,female,37.335,1,no,southwest,4667.60765
43,female,22.61,1,no,southeast,9566.9909
24,male,25.8,0,no,southwest,13270.422265141257
19,male,28.4,2,no,southwest,21488.310525677836
43,female,20.13,2,yes,southeast,15265.985475938562
57,male,28.16,3,no,southeast,10702.6424
60,male,30.66339686098655,1,yes,northeast,2483.736
19,male,40.53225829510531,0,yes,northeast,34828.654
41,male,17.195,1,no,southeast,21098.55405
32,male,33.44,2,no,northeast,8334.5896
43,male,41.1,1,no,southeast,13270.422265141257
47,male,32.68,1,yes,southwest,42969.8527
39,male,27.55,1,no,southeast,11177.13564052046
51,female,32.3,4,no,northeast,9964.06
