age,sex,bmi,children,smoker,region,charges
23,male,32.56,0,no,southeast,1824.2854
35,female,23.21,1,no,southeast,6360.9936
24,male,20.52,0,no,southeast,2513.833538728086
57,male,29.45,0,no,northeast,2897.3235
55,female,37.546865074379305,3,no,southeast,12485.8009
54,male,44.88,0,no,southeast,13270.422265141257
60,female,45.32,1,no,southeast,15568.039171771707
44,male,36.2,1,no,northwest,13270.422265141257
57,male,31.54,0,no,northwest,11353.2276
40,male,25.08,0,no,southeast,6775.961
62,female,30.66339686098655,2,yes,southeast,49577.6624
21,female,18.335,2,no,southwest,8413.46305
42,male,30.66339686098655,2,yes,northeast,7729.64575
39,male,30.66339686098655,0,no,northwest,5028.1466
8,female,42.24,1,yes,southeast,5836.5204
69,female,33.155,2,yes,southwest,44585.45587
22,female,31.13,1,yes,northwest,46889.2612
20,male,36.0,1,no,southeast,20071.746334468742
49,male,36.85,0,no,southeast,8125.7845
20,male,32.395,5,no,northwest,7177.019398540944
39,female,33.33,0,no,southeast,36506.93964015903
41,female,30.66339686098655,1,no,northwest,5415.6612
77,female,37.1,0,no,southwest,10713.644
42,female,42.17446931832499,0,no,northwest,2899.48935
39,female,30.66339686098655,1,no,southeast,9855.1314
64,male,26.41,0,yes,northeast,18153.36900146949
32,male,35.86,3,yes,southeast,-14920.073455528365
22,female,28.05,1,no,southwest,2155.6815
49,female,36.1,1,no,southwest,-9863.200779290095
19,male,33.94601438546596,1,yes,southeast,56024.98770168589
22,female,26.29174983864388,0,no,northeast,2741.948
56,male,32.77033010378013,1,no,southwest,63770.42801
20,female,33.0,1,no,southwest,1880.07
18,female,43.883648255708394,0,no,southeast,1633.0444
63,male,22.23,0,yes,northwest,28950.4692
37,female,27.93,1,no,southeast,11015.1747
39,female,32.71610867848025,1,no,southeast,5002.7827
51,female,16.625771169445102,1,no,northeast,26392.26029
19,female,36.575,0,no,southeast,2136.88225
27,female,31.71113334863915,1,no,southeast,13270.422265141257
27,male,42.13,0,yes,southeast,39611.7577
30,male,22.515,0,no,northwest,2117.33885
39,male,29.15,-1,yes,southeast,18246.4955
45,female,30.21,0,no,northwest,43943.8761
47,male,26.98,0,no,southeast,11082.5772
47,male,24.32,0,yes,northwest,12523.6048
52,male,40.945,0,no,northeast,11566.30055
59,male,24.068984854922867,1,no,northeast,13270.422265141257
35,male,30.03,2,no,southeast,38792.6856
25,male,33.25,1,no,northeast,33976.73531984202
55,female,30.5,0,no,southwest,10704.47
21,female,35.72,4,no,northwest,13270.422265141257
