age,sex,bmi,children,smoker,region,charges
64,male,30.66339686098655,0,no,northeast,14410.9321
37,female,29.64,-1,no,northwest,5028.1466
56,male,25.935,2,no,northeast,18626.698195033598
24,male,23.251705069158596,3,no,southwest,16298.965471304407
56,male,32.395,3,no,southwest,2201.0971
39,male,29.83,2,no,southeast,6356.2707
36,male,35.2,1,no,southeast,38709.176
49,male,38.6,2,no,southwest,-6627.089310509697
38,male,35.53,0,yes,southeast,36950.2567
39,female,30.875,0,no,northwest,6414.178
58,male,35.8,2,no,southeast,7160.094
63,male,30.66339686098655,0,no,northwest,2203.47185
63,female,34.93943361574108,0,yes,southwest,17904.52705
45,female,32.68,2,yes,northwest,23545.25577758179
39,male,26.6,1,yes,northeast,3046.062
50,male,25.365,2,no,northwest,3471.4096
51,female,23.94,0,no,southeast,9290.1395
39,female,36.85,0,yes,northwest,36149.4835
51,female,36.385,0,no,northwest,11436.73815
35,female,39.6,3,no,southeast,14590.63205
46,female,48.07,2,no,northwest,18310.742
15,female,30.66339686098655,0,no,southwest,9625.92
26,male,33.22613959455899,0,no,southeast,18532.500420811117
53,male,41.47,0,yes,southeast,9504.3103
56,male,28.785,1,no,southeast,4767.027563313184
50,male,27.455,1,no,southeast,13270.422265141257
39,male,33.99215794383426,0,no,northwest,13270.422265141257
19,male,16.362565445610663,2,no,southwest,2803.69785
58,male,27.94,3,no,southeast,2867.1196
56,female,27.7,1,no,southwest,3062.50825
33,male,27.1,0,no,northwest,4746.344
55,male,29.7,2,no,southeast,11881.358
32,male,30.8,3,no,northwest,-3227.194230227793
45,female,23.94,0,no,southwest,6803.038899667991
49,male,30.66339686098655,1,no,northeast,10848.1343
29,female,30.66339686098655,1,yes,southwest,11363.2832
24,male,30.02,2,no,northwest,7209.4918
79,female,27.2,0,no,southwest,13716.362460512399
42,female,37.9,-1,no,southwest,6474.013
39,female,47.6,2,no,northeast,46113.511
18,male,34.21214579422615,2,yes,southeast,34303.1672
33,male,46.7,2,no,northwest,18440.316174810203
33,female,24.795,0,no,southeast,13270.422265141257
63,male,29.832287500665426,1,yes,southwest,13270.422265141257
39,female,21.138629178837203,2,yes,northeast,6272.4772
49,male,45.43,5,no,northeast,9288.0267
41,female,27.265,0,yes,northeast,9447.25035
21,female,11.752722339005008,1,no,southwest,13270.422265141257
36,male,36.797000366131954,1,no,northwest,5377.4578
18,male,34.2,1,no,southeast,9872.701
23,male,29.48,1,no,southeast,9487.6442
43,female,28.0,3,yes,southwest,7151.092
