age,sex,bmi,children,smoker,region,charges
43,female,29.37,1,no,southeast,4751.07
30,male,35.3,0,yes,southwest,36837.467
32,female,23.845,2,no,southeast,4719.73655
49,female,30.5,0,no,southeast,20897.289127661676
36,male,30.5,1,yes,northeast,20773.62775
35,male,28.025,2,no,southeast,8547.6913
40,female,21.87223670880104,3,no,northeast,8252.2843
23,female,31.4,1,yes,southwest,11931.12525
29,female,27.1,0,no,southwest,2154.361
31,female,21.755,0,no,southeast,9411.005
22,male,37.07,0,no,southeast,37484.4493
47,male,20.13,2,no,northwest,31518.832559916904
39,female,14.393184325669992,5,yes,southwest,19023.26
41,female,31.56501385968219,1,yes,northwest,40273.6455
39,male,31.35,3,no,northwest,38075.16349783699
39,male,32.775,2,yes,northwest,13270.422265141257
54,male,32.68,3,yes,southeast,10923.9332
24,female,22.22,5,no,southeast,13270.422265141257
11,male,27.455,2,yes,northeast,5261.46945
45,female,30.9,1,no,southwest,8520.026
47,male,30.66339686098655,2,no,northeast,9225.2564
41,male,30.66339686098655,2,yes,southwest,12074.253305619986
59,male,28.3,1,no,southwest,21082.16
31,female,32.68,1,no,northwest,4738.2682
19,male,27.93,0,no,southeast,32548.3405
36,female,25.804878967780674,0,no,northwest,5272.1758
