haematocrit,haemoglobins,erythrocyte,leucocyte,thrombocyte,mch,mchc,mcv,age,sex,source
36.592944020914054,12.5,4.29574501675788,5.3,65,25.8,32.1,82.6,47,M,0
38.22611060743427,15.6,5.01,12.614322352457133,236,32.86973507721444,33.5,90.6,75,M,1
33.4,12.749350256875191,4.36,5.0,356,24.2,31.7,76.3,70,M,0
44.05827284595211,14.0,4.71,4.6,80,29.7,33.2,88.3,46,M,0
37.5,12.3,3.92,4.8,345,30.361343682023698,32.8,91.6,56,F,0
28.7,9.5,3.04,6.8,79,28.2300392867936,33.1,94.4,45,M,1
45.1,14.8,5.811814899243495,8.511256476931234,258,25.1,32.8,76.4,48,F,0
35.5,15.1,5.12,17.5,-24,29.5,34.80984775027853,78.73332229478908,23,F,1
40.2,13.9,4.76,12.1,206,29.2,34.6,84.5,52,F,0
36.0,12.435335578452143,4.45,15.7,290,29.346127394628482,33.6,80.9,20,M,0
29.8,10.8,4.14,11.1,297,18.0,33.55230192334677,78.7,21,F,0
38.9,12.8,4.42,8.715533393774555,236,29.0,31.524039340828427,80.78867836887873,82,F,0
42.48118010876918,16.3,5.71,5.2,98,29.5,34.6,72.00581745779638,58,M,1
37.0,12.749350256875191,4.65,9.9,298,26.9,34.274905244353405,84.61133272892113,78,M,0
43.2,13.3,4.00342312396528,3.4036340723910223,193,31.1,35.2,88.5,57,M,0
41.7,14.734317961428589,5.436988185154841,4.5,220,29.7,33.8,87.8,94,F,0
37.3,12.4,4.544802055001511,6.5,360,26.47042558469251,33.33647627682079,78.17817430905944,66,F,0
41.4,14.4,4.72,9.2,247,27.7,34.8,87.7,35,M,1
35.5,11.5,4.38,7.0,538,26.4,32.4,81.4,45,F,0
39.1,15.2,4.95,8.715533393774555,209,26.9,34.0,79.0,2,M,1
38.22611060743427,10.86885676123148,4.95,15.32521979357582,358,27.0,33.3,80.4,22,M,0
32.6,9.8,2.94,16.2,263,28.2300392867936,32.9,84.61133272892113,53,F,1
31.9,11.1,4.544802055001511,9.8,258,31.1,33.33647627682079,89.4,25,F,1
37.445285515226466,13.112766581759445,4.92,9.4,321,29.9,34.4,89.2,46,M,0
37.4,12.7,4.58,12.0,145,30.5,34.0,81.7,29,M,1
33.7,11.2,4.44,12.0,337,24.8,37.8,71.9,-8,F,0
