age,sex,bmi,children,smoker,region,charges
26,female,17.195,2,yes,northeast,12723.827776191272
18,female,34.1716095302452,1,no,southeast,1622.1885
57,male,30.97,4,no,southeast,10600.5483
18,female,28.05909690673903,0,yes,southwest,1634.5734
34,female,27.5,1,no,southwest,5003.853
52,female,30.78,1,no,northeast,19798.05455
30,male,37.8,2,yes,southwest,47067.010636256535
23,male,32.7,0,yes,southeast,34472.841
27,male,29.81,1,yes,southeast,3561.8889
58,female,33.33,0,no,southeast,8283.6807
52,female,23.18,0,no,northeast,10197.7722
63,male,32.775,0,no,southwest,13270.422265141257
53,female,32.3,2,yes,northeast,29186.48236
24,male,24.57377121183796,3,yes,northeast,36189.1017
39,female,30.66339686098655,5,no,northwest,10797.3362
43,female,26.885,0,no,northeast,21774.32215
23,male,34.9,0,no,southwest,8604.48365
74,female,31.8,0,no,southwest,13880.949
39,male,30.8,2,no,northwest,10601.63225
43,male,35.31,1,no,southeast,-3511.411683772705
65,female,30.02,0,yes,northwest,13270.422265141257
59,male,34.93225258369689,1,no,southwest,19521.9682
48,male,32.3,1,no,southeast,-4597.149951184701
21,female,20.9,1,yes,southeast,13224.693
32,male,30.66339686098655,2,no,northeast,4667.60765
49,male,25.84,2,yes,northwest,23807.2406
