age,sex,bmi,children,smoker,region,charges
37,female,28.9,0,no,northeast,1743.214
24,male,32.01,0,no,southeast,9875.6804
21,female,27.93,1,no,northwest,1909.52745
39,male,39.6,0,no,southwest,33750.2918
44,male,31.35,1,yes,southwest,5916.555440191624
59,male,26.4,0,no,southeast,13270.422265141257
39,male,31.79,0,yes,northwest,23807.2406
54,female,30.66339686098655,1,no,northeast,2860.846335056256
36,male,25.9,1,no,southeast,5472.449
38,male,31.13,3,no,northwest,21969.368371129785
28,male,37.05,2,no,northwest,13270.422265141257
39,male,24.89,3,yes,southeast,21659.9301
40,female,28.12,3,no,southeast,11085.5868
46,female,27.64534191353928,0,yes,northeast,2154.361
65,male,24.13,4,no,northwest,47403.88
22,male,27.1,0,no,southwest,39597.4072
63,male,39.8,0,no,northeast,4005.4225
48,male,24.3,1,no,southeast,2150.469
43,female,30.66339686098655,1,no,southwest,28637.198924308264
39,male,29.839760140451197,0,no,northeast,3490.5491
39,female,36.3,0,no,northeast,13270.422265141257
35,female,27.74,3,yes,northeast,20984.0936
47,male,25.41,-1,yes,southeast,21978.6769
63,male,28.31,0,no,southeast,13770.0979
39,male,27.221700950754983,2,no,southeast,4151.0287
43,male,31.92,1,no,southwest,10450.552
45,female,22.895,2,yes,northeast,35069.37452
39,male,23.085,2,yes,southwest,13770.0979
25,female,32.98703776184656,0,no,southeast,12576.07345044456
26,female,30.66339686098655,1,no,southeast,3392.3652
39,male,25.1,3,no,northwest,25382.297
57,male,26.315,0,no,southeast,10982.5013
33,male,33.44,1,no,southeast,4434.9716515092605
18,male,34.43,1,no,southeast,18337.92516277432
38,female,40.15,1,no,southeast,5400.9805
25,female,41.325,3,no,southeast,16232.847
60,male,28.9,0,no,southwest,23641.44933529878
34,male,39.54257477725018,1,no,northeast,37701.8768
59,female,44.00479985123421,2,no,southwest,14590.63205
52,male,33.155,1,no,southeast,2207.69745
52,female,24.86,0,no,southeast,27117.99378
51,female,20.6,0,no,southwest,9264.797
28,male,32.247574601061345,0,yes,southeast,34672.1472
22,male,27.93,4,no,northwest,-9976.361320965963
48,male,30.66339686098655,3,yes,southeast,13270.422265141257
42,female,36.06363186249308,1,yes,northwest,4133.64165
11,male,30.8,2,no,northeast,36307.7983
19,male,20.3,0,no,northwest,13270.422265141257
45,female,19.475,1,yes,southeast,-8720.684878682168
21,male,30.66339686098655,0,yes,southeast,2020.177
22,male,29.36265996636598,3,no,northeast,15170.069
50,male,27.28582955853764,2,yes,southeast,19444.2658
