,synth,train,val,test,synth_value,real_value,jsd,wasserstein,diff_corr,dcr_rf,nndr_rf,dcr_rr,nndr_rr,dcr_ff,nndr_ff
0,0\synth.csv,0\train.csv,0\val.csv,0\test.csv,0.49638589967781077,0.49584429115300654,0.13171513728816447,0.028264836661783234,1.029826240131297,0.0,0.0,0.0,0.0,0.0,0.0
1,1\synth.csv,1\train.csv,1\val.csv,1\test.csv,0.4209893280398637,0.5629760811578994,0.13702395011416452,0.024774140900095092,1.1713649171817901,0.0,0.0,0.0,0.0,0.0,0.0
2,2\synth.csv,2\train.csv,2\val.csv,2\test.csv,0.4862331325868909,0.4864045383411581,0.16062377382820617,0.028784023440511987,1.2396320406932657,0.0,0.0,0.0,0.0,0.0,0.0
3,3\synth.csv,3\train.csv,3\val.csv,3\test.csv,0.4243603128832322,0.45152450610540273,0.1340134620886941,0.01905601819723957,1.0146196026463148,0.0,0.0,0.12317923819397492,0.1181055293682034,0.0,0.0
4,4\synth.csv,4\train.csv,4\val.csv,4\test.csv,0.4954135724627527,0.5638491302208116,0.11855019747176013,0.028778289846992145,1.0110576604956072,0.0,0.0,0.0,0.0,0.0,0.0
