age,sex,bmi,children,smoker,region,charges
41,female,35.91,3,yes,northeast,3554.203
40,male,30.66339686098655,0,no,northwest,-884.4895276718817
7,female,36.575,0,yes,southwest,13270.422265141257
47,male,30.66339686098655,3,no,southeast,25309.489
30,male,46.09,0,no,southeast,36950.2567
29,male,29.735,2,no,southeast,13270.422265141257
47,male,36.08,0,no,southeast,11363.2832
57,male,19.856402582825304,2,no,southwest,10965.446
57,female,48.321610049310856,4,no,northwest,10977.2063
39,female,34.43,0,no,southeast,1137.4697
55,male,33.88,4,no,northwest,17179.522
43,male,38.095,2,no,southeast,5687.1929309260995
39,male,38.74541858560861,3,no,northwest,13725.47184
58,female,33.1,0,no,southwest,13555.0049
27,male,30.3,3,no,southwest,11999.993158423114
63,male,23.76,0,yes,southeast,26926.5144
56,male,30.66339686098655,1,no,northwest,12044.342
19,female,23.4,1,no,southwest,2913.569
19,female,30.66339686098655,0,no,northeast,1731.677
50,female,26.6700117005248,1,no,northwest,11085.5868
45,male,26.505,0,no,southeast,12815.44495
30,male,42.13,0,yes,southwest,5124.1887
24,male,32.84874873724683,5,no,southeast,9788.8659
47,male,36.2,1,no,southeast,10756.86407929047
40,female,30.66339686098655,3,no,northeast,8252.2843
19,female,29.6,0,no,northeast,2136.88225
64,female,26.22,0,yes,northwest,14256.1928
37,male,38.17,3,no,southeast,36307.7983
36,male,39.52,0,no,northwest,2092.3709382661073
19,male,30.59,0,no,southeast,3879.363972035888
62,male,39.05,0,no,northeast,11848.141
43,male,29.81,0,no,southeast,13270.422265141257
59,male,31.445,3,yes,northeast,26392.26029
63,female,41.931452447645476,3,no,southwest,48824.45
39,male,30.212990154621416,1,no,southwest,3277.161
41,female,19.475,2,no,northwest,13270.422265141257
64,female,32.965,1,no,northwest,14692.66935
32,male,22.3,2,no,northeast,24049.47901966729
66,male,23.790918163241802,2,no,northeast,3943.5954
23,female,30.9,2,no,northwest,5325.651
27,male,30.59,1,no,northeast,-2892.6017247583586
26,male,23.94,1,no,northeast,6858.4796
63,female,36.3,5,yes,southeast,-11092.256913536305
39,female,33.155,1,no,northeast,30184.9367
42,male,28.31,3,yes,northwest,32787.45859
53,male,22.61,3,yes,northwest,24873.3849
39,female,22.23,1,no,southeast,3176.2877
62,female,33.0,3,yes,southeast,7682.67
16,male,26.03,0,no,southwest,13270.422265141257
18,male,35.696201424559035,0,no,southeast,48673.5588
54,female,47.41,0,no,southeast,10353.522000458475
21,male,37.756490637599725,1,no,northeast,6079.6715
