age,sex,bmi,children,smoker,region,charges
39,female,26.885,1,no,northwest,9433.534807567752
32,female,31.35,0,no,southeast,12622.1795
37,male,31.065,0,no,southwest,4646.759
25,male,40.38612738124576,2,no,southeast,36124.5737
34,female,29.261669330738396,0,no,northeast,4992.3764
26,male,30.0,1,no,southwest,13270.422265141257
47,male,32.0,2,no,southwest,22780.497117768376
31,male,34.39,0,yes,southeast,38746.3551
53,female,35.9,2,yes,southwest,6640.54485
48,male,31.065,0,no,northeast,2699.56835
44,female,36.955,1,no,northwest,46718.16325
38,male,23.37,0,yes,southeast,19964.7463
18,male,20.235,1,no,southeast,-5536.27797100575
58,female,22.42,3,no,southeast,658.9560408427551
51,male,22.42,0,no,northeast,9361.3268
64,male,31.137231222451817,2,no,southwest,14988.432
49,male,29.83,1,no,northeast,9288.0267
-4,male,34.43,0,no,southeast,1137.4697
39,female,32.3,1,yes,southwest,9411.005
62,male,30.66339686098655,0,no,southeast,7986.47525
51,male,39.7,1,no,southwest,9391.346
39,female,23.04416769866158,0,no,northwest,3021.80915
28,female,33.82,0,no,northwest,19673.33573
59,female,30.66339686098655,2,no,northwest,6128.79745
19,female,22.515,0,no,southeast,3380.8315307280245
52,female,35.15,0,no,northwest,2134.9015
42,male,16.815,2,no,southeast,11163.568
37,male,34.1,1,yes,southeast,29316.518819838446
42,female,41.325,1,yes,southeast,13270.422265141257
58,female,35.625,0,no,southeast,15336.7201491921
63,male,27.62132872791195,2,no,southwest,13393.756
52,female,30.66339686098655,4,no,southwest,6402.29135
40,female,34.81209855638687,3,yes,southwest,13270.422265141257
23,female,23.18,0,no,northwest,14426.07385
29,male,30.66339686098655,1,no,northeast,20277.80751
19,male,40.94149231195049,1,no,southwest,-5039.601231236018
33,male,40.15,2,no,southeast,6986.697
45,male,27.606544679673252,2,no,northeast,8603.8234
53,male,27.94,1,no,northeast,2211.13075
28,male,29.26,0,no,southeast,13270.422265141257
24,male,30.875,3,yes,northwest,8023.13545
39,male,44.31469483260603,1,no,southeast,39021.34636057283
76,male,30.66339686098655,3,no,southeast,15161.5344
48,female,25.4,0,yes,southwest,5383.536
39,female,34.1,2,no,northwest,6748.5912
28,female,34.77,3,no,southeast,3556.9223
40,male,33.0,0,no,southeast,6113.23105
38,male,31.9,1,no,northwest,10928.849
36,female,38.043571175716885,0,no,northeast,60021.39897
55,male,21.4,0,yes,southwest,4618.0799
32,male,31.5,1,no,southwest,13270.422265141257
22,female,29.37,2,no,northwest,3986.3876571363035
