age,sex,bmi,children,smoker,region,charges
18,male,28.12,2,no,northeast,2196.4732
18,male,22.99,0,no,southeast,1704.5681
59,male,37.4,0,no,southwest,6059.703386242348
39,male,25.08,1,no,northwest,26989.554515627788
45,male,22.895,2,yes,northwest,21098.55405
20,female,16.885585846876918,1,yes,southwest,13270.422265141257
34,male,24.605,2,no,southeast,5257.50795
55,female,38.0,3,no,southwest,3847.674
30,female,22.25948489181551,3,yes,northwest,18765.87545
57,female,35.42,0,no,northeast,12029.2867
61,male,33.535,0,no,southeast,14197.507734061914
49,female,22.61,1,yes,northwest,9566.9909
41,male,30.66339686098655,0,yes,northwest,7256.7231
40,male,29.6,0,no,southwest,5910.944
49,female,27.17,0,no,northeast,13270.422265141257
39,female,29.109152861227816,1,yes,northwest,40003.33225
62,female,32.68,0,no,northwest,13844.7972
19,male,28.78632614970163,1,no,southeast,9048.0273
34,female,33.3,2,no,northwest,1880.487
28,male,21.5,1,no,southwest,10791.96
56,male,33.66,1,no,southeast,4350.5144
32,male,30.66339686098655,2,yes,northwest,42760.5022
29,male,38.94,1,no,southeast,3471.4096
56,male,39.6,0,no,southeast,17663.788860288394
38,male,32.5,2,yes,southeast,8965.79575
39,female,24.225,5,no,northwest,19719.6947
