haematocrit,haemoglobins,erythrocyte,leucocyte,thrombocyte,mch,mchc,mcv,age,sex,source
38.5,13.70486439515742,4.42,6.2,331,29.0,33.81175228017676,89.6,27,F,0
31.4,10.8,3.5,11.6,232,27.40846463981341,34.4,89.7,53,M,1
38.22611060743427,11.78511253194782,4.07,10.538473993191284,285,28.041215857939882,35.9936747311323,84.61133272892113,61,F,0
39.7,17.7,4.83,8.715533393774555,150,27.7,33.8,85.21381547717438,51,M,0
44.1,14.3,4.91,8.5,254,29.1,32.4,89.8,50,M,0
38.3,13.0,4.45,4.4,325,29.5,33.9,86.8,54,M,1
37.7,12.749350256875191,3.95993983560861,2.7,105,30.2,33.33647627682079,86.5,51,M,0
43.2,17.6,6.96,7.6,317,18.7,33.0,79.9,53,F,0
31.863403107227686,12.0,4.59,5.3,179,26.1,33.9,77.1,4,F,0
39.0,12.8,4.208836589852249,8.715533393774555,238,26.7,32.8,84.45590225336208,46,M,1
35.2,11.3,4.22,6.4,193,27.4,32.1,87.1,55,F,0
43.6,12.1,3.64,10.9,321,28.2300392867936,32.1,99.7,65,F,0
43.0,13.353654196961513,5.13,14.06377888094023,253,28.2300392867936,33.3,83.8,48,M,0
45.10995114249982,12.749350256875191,5.42,7.2,272,27.7,33.9,80.3,63,M,0
38.2,13.5,4.41,6.99965393665447,221,27.4,30.1,85.8,40,F,0
32.5,10.3,4.544802055001511,7.0,257,27.5,31.7,86.9,70,F,0
42.204483209935134,13.5,5.122092283329717,10.0,275,28.8,37.2,88.5,63,M,0
38.22611060743427,13.9,4.98,20.0,259,27.9,33.3,83.67597519791086,35,M,0
34.7,13.6,4.96,-0.2040065559437072,160,28.8,33.5,81.9,15,M,0
41.0,12.6,4.544802055001511,7.8,258,27.5,32.9,83.5,42,F,0
34.6,13.0,4.58,8.9,376,24.90597293792792,33.7,82.79305811174324,65,F,0
30.079162188478282,14.636326695751649,4.22,8.5,258,28.4,33.33647627682079,88.2,31,F,1
29.9,9.8,3.61,1.7,167,27.1,32.8,82.8,74,M,0
43.0,14.2,5.15,7.1,538,27.6,33.182971285473506,83.5,46,M,0
42.3,14.0,5.73,12.1,65,23.807964309664197,34.04255538349462,73.8,42,M,0
29.1,9.5,2.679317525333958,13.8,94,30.1,32.6,84.61133272892113,83,M,1
