haematocrit,haemoglobins,erythrocyte,leucocyte,thrombocyte,mch,mchc,mcv,age,sex,source
45.9,15.7,4.81,-1.2314744164766669,105,32.6,36.0,76.5,46,M,0
40.2,12.749350256875191,3.949878032191257,4.6,225,29.446554402422,33.328529221833755,90.7,26,F,0
38.22611060743427,12.749350256875191,5.1509135447573104,1.1,199,28.0,34.2,85.6,44,M,1
37.7459963777471,10.6,3.67,6.9,197,28.9,31.5,91.6,61,F,0
40.1,13.9,3.9,6.5,331,30.3,33.0,74.6232674702439,74,M,0
41.5,14.0,3.98,14.6,358,29.2,33.7,86.6,60,F,0
40.2670203704749,13.2,5.29,4.1,207,25.0,31.7,83.3,33,F,1
36.0,8.112098890153533,4.32,4.2,461,29.3,33.33647627682079,78.8,64,M,0
36.67271591644491,12.7,4.69,3.289588511212531,265,27.1,33.1,84.61133272892113,82,M,0
37.7,9.641747581516386,4.544802055001511,11.6,38,28.2300392867936,33.33647627682079,68.1,24,M,0
35.8,13.4,4.38,5.0,372,30.6,33.4,91.6,52,F,1
27.89715496570991,11.9,4.95,3.6,322,24.0,31.5,85.78370769262693,35,M,0
41.7,14.4,4.433046628352597,5.8,258,26.38813216378385,34.5,85.6,51,M,0
26.7,12.5,2.92,8.7,30,32.2,32.99838226680165,91.4,30,M,0
41.3,13.1,4.71,4.0,303,28.2300392867936,31.7,87.7,49,F,0
38.4,13.2,3.98,11.3,241,33.2,33.1,96.5,64,M,0
34.4,11.5,4.79,6.2,258,28.9,33.0349409013863,94.09342913227356,41,M,0
21.0,12.9,4.71,8.715533393774555,295,33.21600567952457,33.9,80.9,46,M,0
29.7,10.0,3.39,8.3,261,29.5,34.7,87.6,61,M,1
34.1,13.2,3.78,6.089459476333818,329,30.2,33.4,90.2,32,M,0
37.4,14.528492440365694,4.544802055001511,13.171138679342317,385,29.4,32.6,90.1,63,F,0
30.0,11.227776927969506,6.96,8.1,135,22.5,29.7,75.9,46,M,1
50.2,9.9,4.44,8.9,227,28.8,32.707612215762346,82.7,28,F,0
38.22611060743427,14.1,4.688412310405436,8.715533393774555,263,29.1,33.6,86.6,71,F,0
37.2,13.4,4.58,6.6,207,19.7,34.2,84.61133272892113,58,M,1
42.2,14.3,4.75,6.2,245,27.804268921244745,33.9,78.07466401545635,53,M,0
