age,sex,bmi,children,smoker,region,charges
32,male,29.915680666535252,1,no,northeast,4237.12655
29,female,32.205,3,no,northeast,11488.31695
38,male,31.0,0,yes,southwest,9670.035250688676
56,male,28.595,2,no,southeast,12949.1554
-1,male,30.66339686098655,1,no,northwest,2362.22905
44,male,30.69,2,no,southeast,7731.4271
46,male,29.4,0,no,southeast,19214.70553
22,female,32.23522896067776,3,yes,southeast,35595.5898
23,male,34.56323975129806,2,yes,southwest,34166.273
39,female,26.4,-1,no,southeast,25992.82104
56,female,28.595,1,no,southeast,11658.11505
43,male,35.31,0,no,northeast,18806.14547
17,male,36.96,2,yes,southwest,63770.42801
56,male,36.96,1,yes,southeast,3981.9768
58,female,32.01,0,no,southeast,8017.06115
20,female,26.84,1,yes,northwest,17085.2676
36,male,33.4,2,yes,northwest,38415.474
43,female,30.66339686098655,0,no,southeast,11842.442
58,male,33.66,1,no,northeast,11735.87905
56,female,35.720860377101324,0,no,northwest,12044.342
50,male,31.5,1,no,southeast,14747.478764071126
63,female,35.2,1,no,southeast,14474.675
60,male,38.06,1,no,southeast,9488.85772238092
19,female,27.597496153290617,0,no,southeast,3972.9247
54,female,29.442309417084424,1,no,northwest,11305.93455
39,female,29.568981553656233,0,no,southeast,36219.40545
60,male,25.4,0,no,southwest,13270.422265141257
39,female,36.86,1,yes,northwest,-16687.915852912018
36,male,27.74,0,yes,northeast,26947.71550140407
28,male,30.9,0,yes,southeast,39727.614
52,female,31.825,0,no,northwest,10745.984552841635
35,female,29.099848725405188,1,no,southwest,5245.2269
34,female,25.370055999270967,0,no,southeast,38792.6856
63,male,36.85,1,no,southeast,8125.7845
32,female,23.465,3,yes,northeast,23236.6979414013
3,female,25.8,0,no,northeast,2007.945
41,male,38.0,2,no,southeast,13270.422265141257
45,male,30.66339686098655,2,no,northeast,20168.58030742363
18,female,18.6,0,no,southwest,15206.226503004294
64,male,26.41,2,yes,northeast,11244.3769
53,female,30.66339686098655,3,no,southeast,27322.73386
39,female,29.92,2,no,southeast,26109.32905
52,male,36.765,2,no,northwest,26467.09737
19,male,25.555,1,no,northwest,2221.56445
45,male,26.885,0,no,northwest,29330.98315
39,male,33.33,2,no,southeast,10560.4917
54,female,47.41,1,yes,southeast,49577.6624
52,male,35.5,2,yes,southeast,13270.422265141257
23,male,30.66339686098655,0,yes,southeast,12274.391534666887
21,male,31.1,0,no,southwest,13270.422265141257
62,female,37.820082634221706,1,no,southeast,13270.422265141257
39,female,39.52,2,yes,northeast,13607.36875
