age,sex,bmi,children,smoker,region,charges
51,male,16.815,1,no,northeast,3167.45585
38,female,40.565,1,no,northwest,6373.55735
21,male,36.05070208934255,5,no,northwest,13019.16105
56,female,28.595,0,no,southwest,16884.924
42,male,34.1,1,no,southeast,-1861.0849136014658
52,male,20.52,1,yes,northeast,6979.619498837853
21,male,30.115,1,no,southeast,9910.35985
39,female,24.54807576996678,0,no,northeast,7077.1894
46,female,35.4,1,no,southeast,14799.172719317241
39,male,28.31,0,yes,northwest,13770.0979
39,female,30.66339686098655,3,no,southwest,20420.60465
38,male,33.7084134066129,4,no,northwest,13270.422265141257
38,female,29.64,4,yes,northeast,24806.316563276516
24,female,18.335,1,no,southwest,8556.907
48,male,40.565,1,no,northwest,3213.62205
61,male,31.351695676290298,3,no,northwest,13270.422265141257
9,male,29.745705638767678,1,no,southwest,4877.98105
19,male,28.05,0,yes,northeast,-951.7463296767644
27,female,28.595,0,no,northeast,45702.02235
73,female,32.68,0,no,northwest,13844.7972
19,female,27.63762049706104,1,no,northwest,5478.0368
48,female,34.675,0,no,southeast,4518.82625
30,male,30.66339686098655,1,no,southeast,3659.346
19,male,27.9,0,no,southwest,11658.11505
35,female,17.86,1,no,northwest,5116.5004
41,female,32.01,0,yes,southwest,1981.5819
37,male,30.66339686098655,-2,no,southeast,10825.2537
30,female,32.264459270338136,1,no,southeast,13270.422265141257
39,female,40.15,0,no,northeast,13270.422265141257
62,male,32.11,5,yes,northwest,13555.0049
31,female,33.11,0,no,northwest,2473.3341
43,male,33.7,2,no,northwest,7441.501
38,female,37.43,1,no,southeast,13270.422265141257
26,male,30.0,1,no,southwest,1135.9407
42,female,38.30189355887926,1,no,northeast,7639.41745
22,female,38.83,0,no,southeast,1634.5734
39,female,29.3,4,no,southeast,15828.82173
47,male,24.054978438885957,0,no,southeast,40193.02483349614
33,female,31.88297763144156,1,yes,northeast,5354.07465
47,female,29.545,1,no,northwest,8930.93455
54,male,30.02,0,no,southeast,24476.47851
27,male,33.155,2,no,northwest,20950.51311993326
38,male,34.7,0,no,southwest,6082.405
60,male,33.99,1,no,northwest,13919.8229
16,female,21.755,5,no,southeast,16657.71745
19,male,24.6,1,no,northeast,1837.237
54,female,21.47,0,no,northeast,-12120.017802427818
34,female,30.21,0,yes,northeast,43943.8761
49,female,30.66339686098655,1,no,southeast,1815.8759
46,female,48.07,2,no,northeast,35047.265715877315
42,female,30.66339686098655,1,no,southeast,10224.450594577094
27,male,35.31,0,no,southeast,7441.501
