age,sex,bmi,children,smoker,region,charges
39,male,29.047339785352882,2,no,southeast,-14676.627122076086
41,male,35.75,1,yes,southeast,40273.6455
61,female,28.2,2,no,northwest,13041.921
31,female,20.62598020296631,0,no,southwest,4134.08245
42,female,36.955,0,no,southwest,9634.538
24,male,28.785,1,yes,southwest,1969.614
27,female,34.8,4,no,southwest,21925.81052011432
77,female,30.66339686098655,2,no,southeast,12265.5069
56,male,38.24551820098835,4,no,southeast,12949.1554
41,female,34.3,1,no,northwest,14133.359194132543
51,female,18.05,3,no,southeast,9644.2525
46,male,30.25,0,no,northwest,32548.3405
39,male,37.1,1,no,southeast,13270.422265141257
47,male,28.31,3,no,southwest,5438.7491
23,male,37.1,0,no,southwest,3597.596
34,male,33.7,1,no,southwest,5012.471
58,female,30.66339686098655,0,no,southeast,47496.49445
19,male,31.79,2,no,southeast,43813.8661
56,female,29.8,0,no,southwest,13270.422265141257
42,female,41.69,1,no,southwest,9563.029
58,female,32.965,0,no,southwest,12430.95335
64,female,21.57508672511584,0,yes,southeast,12110.102982700882
27,female,31.4,0,yes,southeast,8835.26495
62,female,33.2,0,no,southwest,13462.52
24,female,33.1,3,no,northeast,7345.084
47,male,28.215,3,yes,northwest,24915.22085
