age,sex,bmi,children,smoker,region,charges
64,male,30.66339686098655,0,no,southeast,13270.422265141257
37,female,29.64,-1,no,northwest,10662.511490171593
56,male,25.935,0,no,southwest,11165.41765
24,male,25.8,0,no,northeast,1972.95
50,female,39.6,0,no,southwest,10601.412
39,male,45.43,2,no,southeast,6356.2707
36,male,36.42378942398369,1,yes,southeast,23315.276660826486
52,male,29.0,2,no,southwest,10325.206
30,male,41.36262833194509,0,yes,southeast,36950.2567
18,male,22.56656158491483,0,no,southeast,3062.50825
47,male,35.8,2,no,southeast,-6361.272559624421
63,female,25.220941468980538,0,no,northwest,28950.4692
63,female,18.905,2,yes,southwest,17626.23951
43,female,24.7,1,yes,northwest,10564.8845
24,male,26.6,1,no,northeast,3046.062
56,male,30.9,3,no,southeast,11856.4115
51,female,36.67,1,yes,northeast,10848.1343
24,male,38.28,1,no,southeast,36149.4835
57,female,36.385,3,no,northeast,11436.73815
39,female,19.475,3,no,northeast,13270.422265141257
46,female,48.07,2,no,northeast,4177.166884845394
52,male,28.82036722040798,0,no,southeast,9625.92
33,male,35.993266058167364,0,no,northeast,-6337.919147725252
53,female,41.47,4,no,northeast,5266.3656
46,female,28.785,0,no,northeast,-723.2687723050803
42,female,37.9,0,no,southwest,8615.631707037744
37,female,53.66735100863437,3,yes,southwest,11538.421
28,male,33.0,2,yes,southeast,34303.1672
39,female,46.7,2,no,southeast,46113.511
33,male,24.795,1,no,southeast,2203.73595
41,male,30.66339686098655,2,no,southwest,7256.7231
39,male,19.42479679653443,1,yes,southeast,9643.062284179927
49,male,29.83,1,no,northeast,9288.0267
55,female,27.265,1,yes,northeast,12734.981092640648
40,female,30.66339686098655,3,no,southwest,2585.269
36,female,30.350459697466036,1,no,northwest,5377.4578
49,female,34.2,1,no,southwest,9872.701
55,male,29.48,0,no,southeast,13270.422265141257
26,male,27.265,3,no,southwest,4661.28635
11,male,30.66339686098655,0,no,southeast,1149.3959
26,male,25.231095671996467,4,yes,northeast,13270.422265141257
39,male,33.99,2,yes,southwest,3227.1211
39,male,30.78,1,yes,northeast,39597.4072
18,female,30.305,1,no,northeast,17904.52705
39,male,30.66339686098655,0,no,southeast,14988.432
58,female,38.6,1,no,southwest,11842.442
-4,female,25.08,1,no,northeast,2196.4732
50,male,32.3,1,yes,northeast,41919.097
20,male,26.84,1,yes,southeast,13270.422265141257
41,male,34.2,1,yes,southwest,39727.614
38,male,28.0,1,no,southwest,14487.752008849186
56,male,21.755,2,no,southwest,13981.85035
