age,sex,bmi,children,smoker,region,charges
28,female,20.6,1,no,northwest,3556.9223
51,female,25.4,-1,no,southwest,13271.225483730534
19,male,35.4,4,no,southwest,1263.249
42,male,39.550331786421644,1,no,northeast,7729.64575
53,male,34.8,1,no,southwest,3577.999
24,male,29.545,1,no,southeast,8930.93455
39,male,31.57,3,no,southeast,4837.5823
49,female,29.296980389151656,1,no,southeast,2721.3208
48,female,32.3,1,no,northeast,10043.249
36,female,30.02,1,no,northwest,5272.1758
56,female,31.825,1,no,southeast,13270.422265141257
36,male,42.94,4,no,southeast,11946.6259
64,male,19.475,0,no,southeast,12741.16745
20,male,30.115,3,no,northwest,13270.422265141257
47,male,30.495,2,no,northeast,37165.1638
60,female,30.5,0,no,southeast,12638.195
18,male,13.508504191336971,0,no,southwest,1708.0014
26,male,46.53,1,no,southeast,2927.0647
64,female,26.03,1,no,southeast,16069.08475
59,female,32.172529226476584,1,yes,northwest,10407.08585
49,female,30.66339686098655,1,no,northwest,-2533.18901372453
62,female,30.25,0,no,southwest,13451.122
43,male,37.07,2,no,northeast,12404.8791
30,male,30.66339686098655,1,yes,southeast,19117.54992558043
48,male,41.23,0,no,northwest,3359.929014030542
25,male,30.66339686098655,0,no,northeast,8601.3293
39,male,33.582750520583936,0,no,southwest,10602.385
19,male,40.5,0,no,southwest,1759.338
15,male,42.13,2,no,southeast,13270.422265141257
28,female,33.66,2,no,northeast,28287.89766
48,female,32.23,1,no,northeast,15756.135074693197
26,female,29.92,1,yes,southeast,3392.9768
56,male,32.11,0,no,northeast,19605.116058149735
39,male,26.125,1,yes,northeast,1708.92575
33,male,34.90164672837861,0,no,southwest,8798.593
39,female,34.21,1,no,southwest,1705.6245
51,female,30.66339686098655,3,yes,southeast,5138.2567
47,female,33.2,0,no,southwest,27885.823366900084
46,male,34.21,0,no,southeast,6289.7549
46,female,30.1,0,no,southeast,6849.026
31,female,38.94,3,no,northeast,13270.422265141257
39,male,28.172826526899087,0,yes,northeast,4239.89265
36,male,29.92,0,no,southeast,3015.6010611750735
22,female,30.66339686098655,1,yes,southeast,37165.1638
51,male,38.06,0,yes,northeast,24508.97431534282
62,male,36.86,1,no,southeast,31620.00106
53,female,24.795,1,no,northwest,10942.13205
25,female,29.892567438473815,2,no,southeast,2254.7967
29,female,36.1,3,no,southwest,13270.422265141257
26,male,29.657251159006915,4,no,southwest,7512.267
64,male,40.47,0,no,northeast,1984.4533
60,female,21.7203017406985,1,no,northeast,20709.511608468227
