haematocrit,haemoglobins,erythrocyte,leucocyte,thrombocyte,mch,mchc,mcv,age,sex,source
40.6,13.5,4.88,3.2,336,25.324536123921217,33.3,83.2,15,F,0
32.1,12.519553780035539,3.76,14.3,306,28.2300392867936,32.76486065068777,80.33958690195327,3,M,1
40.5,13.8,5.97,8.4,729,32.66889100755008,34.1,94.8,45,M,1
30.82733329046343,16.5,5.56,6.6,239,31.3,31.6,82.0,15,M,0
42.9,14.7,4.87,6.7,254,30.2,36.498639610167004,71.22702319907992,76,F,1
38.22611060743427,13.2,4.6,18.8,258,29.255919331912967,34.7,54.1,50,F,1
30.8,11.326151949634077,3.31,8.8,403,29.6,31.8,93.1,63,M,0
34.3,11.2,4.544802055001511,5.0,249,28.2,34.3,83.5,34,F,1
49.9,12.0,4.02,4.2,210,29.9,33.8,84.61133272892113,43,F,1
34.8,11.5,3.89,3.2986128371719285,345,29.6,33.0,89.5,55,F,0
38.22611060743427,13.6,5.46,4.4,15,34.6126035898987,34.0,95.3,61,M,0
44.10377271090175,11.159150472152259,5.25,3.1,226,25.1,32.0,79.1274200751584,53,M,0
37.3,12.749350256875191,3.9304544011487335,7.4,191,20.4,30.8,98.17933621011474,33,M,0
41.91267238716422,15.2,4.61,21.7,331,31.9,34.6,92.2,52,M,0
51.0,16.678192186909133,5.58,9.8,217,30.3,33.1,91.4,46,M,0
46.9,16.3,5.2,8.715533393774555,284,25.9,32.3,84.61133272892113,43,M,0
36.2,13.6,5.37,16.911174661610403,305,28.7,33.8,89.5,66,M,1
33.3,11.4,3.59,1.3326539856977702,150,31.8,34.05826109322746,92.8,57,M,0
37.2,12.6,4.58,4.8,186,27.5,31.6,81.2,28,M,1
40.2,12.749350256875191,3.2378937159787715,3.0,191,25.6,31.90966567623743,79.2,25,F,1
39.69360687440929,13.2,3.844071967962846,8.5,439,20.2,31.2,64.2,38,M,0
39.7,14.1,4.346385158020366,8.715533393774555,61,29.5,35.5,83.1,34,M,1
52.0,13.7,4.63,8.2,266,15.9,33.33647627682079,87.0,36,M,1
39.4,12.9,4.544802055001511,9.654185949837267,258,29.3,32.7,84.8,64,F,1
35.9,11.3,4.51,19.1,17,25.1,33.33647627682079,79.6,57,F,0
45.2,14.7,4.74,7.0,261,28.2300392867936,33.6,84.2,46,M,0
