age,sex,bmi,children,smoker,region,charges
26,male,30.66339686098655,1,no,southeast,1163.4627
31,male,20.4,0,no,southwest,3260.199
30,male,24.4,3,no,southwest,5900.46807276732
26,male,32.9,2,yes,southwest,36085.219
19,male,29.07,0,yes,northwest,17352.6803
28,male,22.515,0,no,northeast,4428.88785
45,female,25.7,0,no,southwest,7448.40395
27,male,26.03,0,no,southwest,3070.8087
39,male,20.615,1,no,southeast,1964.78
18,female,29.92,2,no,southeast,3392.9768
44,male,25.3,0,no,northwest,1655.197697592448
45,female,28.901094526425005,0,no,northeast,11657.7189
49,male,28.29655775838669,3,yes,northeast,-9295.380960387254
45,male,36.48,2,yes,northwest,13270.422265141257
27,male,33.66,0,no,southeast,2498.4144
39,female,24.89,3,yes,southeast,21659.9301
27,female,21.612571842114676,0,no,southwest,3353.4703
27,male,25.175,0,no,northeast,2709.24395
39,male,30.66339686098655,0,no,southeast,13270.422265141257
42,male,23.301863422444082,1,no,northeast,7729.64575
51,female,33.915,0,no,northeast,2221.56445
49,male,32.3,1,yes,northeast,9964.06
54,male,33.66,1,no,northeast,4667.60765
61,male,35.64,0,no,southwest,9101.798
39,male,37.335,0,no,southeast,1136.3994
53,male,28.88,1,no,northwest,8096.385624738677
