haematocrit,haemoglobins,erythrocyte,leucocyte,thrombocyte,mch,mchc,mcv,age,sex,source
35.1,8.9,4.544802055001511,8.715533393774555,237,31.7,33.33647627682079,85.6,80,M,0
26.3,13.8,4.77,6.5,357,28.2300392867936,33.155642739754576,84.61133272892113,53,M,0
40.76055069341374,11.875115379036657,5.3036793595032,5.1,180,27.6,29.9,80.3,48,F,0
41.312015625380894,11.6,3.87,15.873757714427017,196,30.0,33.33647627682079,85.8,46,F,0
37.1,12.4,4.65460864034402,7.0,275,32.2,33.4,87.5,28,F,0
43.0,10.9,3.72,10.565796536567628,254,27.57293242766341,33.9,86.6,21,F,0
45.2,14.9,5.03,7.3,185,30.0,33.0,94.4,5,F,0
39.9,12.749350256875191,4.817908104332267,10.39025121067367,200,27.3,33.3,81.8,51,M,0
36.35753113135412,12.826942348908185,4.55,6.7,165,27.7,32.9,78.9,34,F,0
44.0,11.670375045953861,5.75,3.8,295,26.4,34.5,76.5,29,M,1
39.6,13.9,4.67,28.3,249,29.8,33.13698698335223,84.8,25,F,0
21.9,8.4,2.39,8.8,32,35.1,35.9388120012568,91.6,61,F,0
36.1,11.8,5.23,7.0,350,28.2300392867936,32.7,77.5,53,F,0
44.4,13.105013223955195,5.13,10.6,325,29.6,34.2,86.91274613631009,49,M,0
38.22611060743427,14.0,4.71,8.4,181,30.331126792964188,32.4,88.3,58,M,0
41.0,12.749350256875191,4.66,8.0,155,28.5,32.4,69.4,48,F,0
35.0,11.7,3.89,16.6,258,29.969890836681458,33.4,90.0,58,M,1
38.22611060743427,11.8,4.544802055001511,9.0,301,29.2,31.8,84.29810267903461,12,F,0
42.05631987636549,11.8,4.377557872040423,8.715533393774555,250,28.0,33.0,85.0,65,F,0
36.3,7.7,5.1,6.1,391,19.3,33.1,62.52657910571391,3,M,0
42.5,14.1,4.7,5.1,258,28.2,33.2,90.4,49,M,0
41.9,13.7,5.56,9.229667784564354,319,24.6,32.7,75.4,51,M,0
24.3,13.4,4.58,13.4,235,28.942209281683127,33.4,84.61133272892113,30,M,1
42.4,13.8,5.07,7.8,336,27.2,33.0,83.6,46,M,0
32.2,14.5,2.63,6.2,293,32.6,32.94569144035482,96.6,67,M,0
37.4,12.1,5.28,5.4,246,24.1,33.7,79.50624496722233,6,F,0
