haematocrit,haemoglobins,erythrocyte,leucocyte,thrombocyte,mch,mchc,mcv,age,sex,source
40.2,13.4,4.64,8.964560206515905,296,28.2300392867936,33.1016316584289,86.6,33,M,1
34.7,11.7,4.26,4.9,300,27.5,33.7,81.5,67,M,0
47.2,16.0,5.47,6.053964948559167,355,29.3,34.42101167843779,86.3,25,M,1
26.7,9.36215914687702,4.07,8.5,398,23.3,31.8,73.2,46,M,1
28.9,12.749350256875191,3.39,4.089075652816638,258,28.0,35.4,80.9,26,M,1
39.0,12.9,4.38,7.8,65,29.5,33.1,89.0,39,F,1
39.0,12.5,5.48,5.3,358,27.7,32.1,80.4,83,F,0
45.4,15.6,5.01,5.7,236,31.1,32.8,90.6,75,M,1
33.4,11.546006070328152,4.544802055001511,5.0,356,27.7,33.33647627682079,77.02619126892033,70,M,1
41.6,9.8,5.264358773443897,4.6,385,29.7,33.7,84.61133272892113,26,F,0
37.5,12.3,3.92,4.8,335,31.4,34.4,96.60578049909249,56,F,0
33.7,12.749350256875191,3.870528226373586,9.9,79,31.6,33.33647627682079,71.5,45,M,0
38.22611060743427,13.6,5.9,6.7,260,33.40498874145666,32.8,76.4,48,M,0
39.56187302914195,15.1,4.45,2.1,67,29.5,33.9,87.1,23,M,1
32.8,14.854305099933967,4.76,8.715533393774555,206,28.2300392867936,34.6,90.3,52,M,0
36.0,12.1,5.12,15.7,234,27.2,33.6,85.3,9,M,0
25.88787711733236,10.8,4.14,8.715533393774555,297,28.89613139196563,28.9,78.7,21,F,0
38.22611060743427,12.8,4.42,4.7,236,29.0,33.2,66.47680991586685,84,M,0
37.0,16.81589738150639,4.544802055001511,16.668106803100166,98,29.5,34.6,85.3,25,F,1
39.1,13.3,4.95,7.2,258,26.9,34.0,84.61133272892113,2,F,0
43.281148722523504,14.8,4.95,5.1,300,27.5,33.3,82.6,53,M,1
29.8,9.8,4.03,16.2,283,20.27561194993992,32.9,73.9,4,F,1
31.9,4.6,3.418284394660482,9.8,188,31.1,34.053541813288945,89.4,46,M,1
55.3,14.7,4.33519186346934,4.5,321,29.9,33.5,89.2,25,M,0
44.96876992362502,12.7,4.58,2.5,145,24.2,34.0,78.78421455394813,54,F,0
28.7,11.0,4.44,29.3,337,29.22631657114526,35.858021345585264,75.9,42,F,0
