haematocrit,haemoglobins,erythrocyte,leucocyte,thrombocyte,mch,mchc,mcv,age,sex,source
45.1,15.6,4.544802055001511,12.306332937918533,130,31.5,34.6,84.61133272892113,46,M,1
31.7,10.9,3.74,33.4,314,29.1,34.4,84.8,59,F,1
32.8,15.8,5.15,0.7231464426464065,114,28.1,33.92274939468919,88.4,26,M,0
43.2,11.226253514505288,4.544802055001511,17.2,317,28.806667395451683,30.1,69.34004324396976,53,M,0
38.62011011689876,13.2,4.587944214385656,11.5,269,26.662480512461233,32.7,94.50170506106483,59,M,0
38.22611060743427,14.3,4.67,2.3,128,30.6,36.26566582254398,87.6,61,F,0
36.7,12.4,4.19,6.1,251,31.95322847345984,33.8,87.6,49,F,0
31.4,10.1,3.93,16.1,391,25.7,32.2,79.9,54,M,1
32.1,10.8,3.85,11.5,299,27.953740930026946,33.6,83.4,59,F,1
49.8,20.0088377907705,5.8,8.715533393774555,343,30.9,35.9,85.9,38,M,0
36.89655624388382,14.5,2.31,6.5,403,28.6,34.2,82.1,30,F,0
37.9,12.749350256875191,5.02,11.6,336,28.2300392867936,33.33647627682079,83.56831805165211,49,F,0
32.7,10.8,3.45,3.2,207,31.3,33.0,91.85112701643011,89,F,1
31.7,11.121219456049813,3.62,21.9,353,27.9,34.304689972422814,87.6,86,M,0
41.0,14.6,4.64,5.9,160,25.2,35.6,89.7,88,M,1
50.7,12.749350256875191,4.4,6.1,279,28.2300392867936,34.5,86.7,28,M,0
28.5,12.3,3.86,9.1,258,23.3,31.6,62.5,22,F,1
40.0,13.7,4.87,7.2,292,28.1,34.3,82.1,16,F,0
39.6,7.62782589144028,4.77,8.715533393774555,240,29.4,33.33647627682079,83.0,64,F,1
24.3,6.8,2.94,7.6,358,23.1,28.0,82.7,55,F,0
41.0,17.5,6.22,14.032617144500247,260,30.7,34.0,84.6,43,M,0
53.78062931139024,15.6,5.319903106879454,4.226009148983623,258,29.3,34.497334877793726,84.61133272892113,81,M,0
46.2,14.4,6.480329251040178,5.4,734,30.7,32.3,95.1,61,F,1
47.1,16.0,7.749625122967851,8.9,39,29.4,33.3,86.6,30,M,0
38.22611060743427,10.8,2.95,11.6,232,30.9,34.4,89.7,75,F,0
38.036232472475724,15.0,5.05,10.6,252,29.7,34.7,87.7,46,M,0
