age,sex,bmi,children,smoker,region,charges
30,male,37.1,0,no,southwest,34472.841
19,male,30.028204241442698,0,yes,northwest,36219.40545
26,female,25.85477745553603,1,no,northeast,3378.91
25,male,30.420612168873085,1,no,northeast,23241.47453
43,female,24.7,2,yes,northwest,13270.422265141257
42,male,23.41475661493258,1,no,southeast,5966.8874
20,male,27.639140002500906,1,no,northwest,813.5325674043402
53,male,29.9,2,no,northwest,6600.361
36,female,26.2,2,no,southwest,6548.19505
28,male,26.315,3,yes,southeast,5312.16985
60,male,40.92,0,no,southeast,48673.5588
24,female,25.9,0,no,northeast,3732.6251
37,female,23.845,2,yes,southwest,13270.422265141257
37,female,37.07,4,no,northwest,39871.7043
63,male,30.02,1,no,northwest,17149.424097883377
50,female,26.22,2,no,northeast,10493.9458
43,male,30.66339686098655,5,yes,southeast,14478.33015
62,male,30.875,3,no,southeast,46718.16325
46,female,35.86,0,no,southeast,5836.5204
53,female,30.66339686098655,1,no,northwest,10461.9794
39,male,33.88,0,no,southeast,8026.6666
28,male,28.215,0,no,northwest,10577.087
36,female,30.66339686098655,1,no,southeast,2755.02095
60,male,31.54,1,no,northwest,12523.6048
39,female,30.66339686098655,0,no,northeast,2974.126
39,female,34.105,0,no,southeast,34015.62171295438
35,male,27.74,0,no,northwest,11482.63485
27,male,28.595,4,no,southeast,4883.866
27,male,31.13,1,yes,southeast,3382.6560597268035
32,female,22.895,1,no,northeast,-8115.360081736044
30,female,29.92,0,no,northeast,24216.031750140297
29,female,43.34,1,yes,northwest,13270.422265141257
39,male,28.9,0,yes,southeast,5926.846
18,male,25.057891221125615,0,yes,northeast,15518.18025
33,male,23.94,0,no,southeast,4889.9995
37,female,30.4,0,no,northwest,6112.35295
39,male,30.685,0,no,northeast,23979.838970364523
67,female,31.13,2,no,southwest,4296.2712
35,male,38.6,5,no,southwest,3736.4647
34,female,34.99547644266306,1,no,northwest,21609.80630104751
62,male,21.4,0,yes,southwest,12957.118
33,female,35.245,0,yes,northeast,12404.8791
18,male,28.5,2,no,northwest,13270.422265141257
34,male,30.66339686098655,1,no,southeast,16522.07925022214
36,male,45.9,2,no,southwest,10231.4999
32,male,21.28,2,no,southeast,-2146.148462112461
25,male,33.56733224986312,1,no,southeast,16420.49455
19,male,39.5,0,yes,southwest,13270.422265141257
20,male,42.38478255047089,0,no,northeast,1967.0227
19,male,30.59,0,no,northwest,1639.5631
49,male,30.9,0,no,southwest,39727.614
52,female,23.860349035333144,3,no,northeast,11488.31695
