age,sex,bmi,children,smoker,region,charges
39,male,37.43863232743096,4,no,southeast,4837.5823
19,male,30.02,0,no,northeast,7050.0213
39,female,27.6,0,no,southeast,-875.8346730079211
20,male,40.945,0,yes,southeast,11566.30055
53,female,30.66339686098655,3,yes,northeast,24873.3849
57,female,38.0,0,no,southeast,12646.207
45,female,24.172561839613515,3,no,southeast,21774.32215
61,male,29.92,3,yes,southeast,28757.158741760315
25,female,37.29,1,no,northeast,17878.90068
48,female,41.47,0,no,northwest,8671.19125
21,male,30.66339686098655,3,yes,northeast,13270.422265141257
24,female,30.02,-2,yes,northwest,8173.069102959328
43,male,30.66339686098655,1,no,southwest,6849.026
24,male,30.66339686098655,1,yes,northwest,2352.96845
50,male,27.455,1,no,southeast,9617.66245
49,male,21.7,2,no,northwest,9288.0267
18,male,30.03,1,no,southeast,13270.422265141257
43,female,26.885,0,no,northeast,9704.66805
11,male,34.1,0,no,southwest,11493.14115811793
32,female,26.6,3,yes,northwest,21348.706
46,male,28.12,0,yes,southwest,2690.1138
51,male,31.73,0,no,northwest,33732.6867
15,male,22.324064633116393,0,no,southeast,16618.376919311497
39,male,30.66339686098655,0,no,southeast,11363.2832
63,male,36.575,0,no,southeast,13405.3903
50,male,16.890767915638197,1,no,northeast,6079.6715
18,male,38.38,0,no,northeast,12950.0712
64,male,38.6,0,no,southwest,24296.658891792104
42,female,32.87,1,no,northeast,33307.5508
31,male,40.3,-2,no,southeast,5630.45785
32,male,27.520985066934774,5,no,southeast,13270.422265141257
50,male,25.6,4,no,northwest,8932.084
39,female,27.419218455589903,1,no,southwest,6775.961
26,female,39.615,1,no,northwest,3994.1778
37,female,26.4,0,yes,southeast,7152.6714
58,male,34.865,0,no,southeast,11944.59435
44,male,21.5,2,no,southeast,46200.9851
19,male,29.92,2,no,southeast,3981.9768
54,female,30.1,0,no,northeast,43254.41795
39,male,37.27890064049981,1,no,northeast,5757.41345
43,male,29.735,0,yes,southwest,37829.7242
39,male,32.2,0,yes,southwest,13270.422265141257
54,male,34.21,2,no,southeast,13270.422265141257
19,male,29.4,4,no,southwest,6600.111066465324
48,male,30.21,0,no,northwest,10231.4999
48,male,41.325,1,no,northeast,-26097.849869642843
18,female,21.78,3,no,southeast,22125.937909601605
55,female,32.96208387830053,1,no,southwest,11881.358
41,male,30.779915506172202,1,no,southeast,6770.1925
19,female,37.546714149578456,0,yes,southeast,1759.338
19,female,41.23,4,no,southeast,11033.6617
39,male,24.795,2,no,northeast,22541.759856215052
