,synth,train,val,test,synth_value,real_value
0,0/synth.csv,0/train.csv,0/val.csv,0/test.csv,0.32253994953742643,0.8331834912650348
1,1/synth.csv,1/train.csv,1/val.csv,1/test.csv,0.35237796979162445,0.9635887512239686
2,2/synth.csv,2/train.csv,2/val.csv,2/test.csv,0.32446829656131976,0.8485944377751101
3,3/synth.csv,3/train.csv,3/val.csv,3/test.csv,0.2562704471101418,0.948227504370792
4,4/synth.csv,4/train.csv,4/val.csv,4/test.csv,0.35784418216029157,0.8988613366493551
