haematocrit,haemoglobins,erythrocyte,leucocyte,thrombocyte,mch,mchc,mcv,age,sex,source
34.9,9.583881866922177,4.083997792006879,4.7,169,28.4,32.4,87.7,66,F,0
37.5,12.1,4.88,5.3,290,24.8,32.3,83.90396266335975,29,M,0
34.7,12.1,4.544802055001511,9.4,46,29.8,33.6996866090053,85.5,35,M,0
36.2,12.3,4.544802055001511,1.5,94,28.3,34.0,83.2,37,F,1
37.05170833716439,15.4,4.04,9.1,259,20.3,32.70115500664557,94.09124651242257,53,F,1
32.307435037571636,13.977047863613423,3.999159954389729,10.8,322,30.3,35.4,80.8,20,M,0
37.3,12.3,4.33,10.7,265,28.2300392867936,33.0,85.2,2,F,1
34.8,11.5,3.89,4.889102358240101,345,29.6,33.0,65.1,55,F,0
38.22611060743427,9.7,3.55,8.715533393774555,375,27.3,31.7,81.4906090285375,61,M,1
35.9,11.9,4.65,11.8,344,28.2300392867936,33.1,77.2,61,F,0
40.2,14.9,5.51,15.182849927409691,71,20.2,29.4,84.61133272892113,19,M,0
38.22611060743427,11.0,5.01,9.454579965805088,182,32.859337301712344,33.33647627682079,87.2,77,M,1
41.8,12.749350256875191,4.84,6.1,619,33.0681395663817,34.0,86.4,86,M,0
21.0,10.6,4.38,8.4,81,28.1,32.1,85.7,76,M,0
38.5,11.939910498130054,4.85,6.2,271,24.7,34.1,79.4,26,F,0
28.300529483580473,9.8,3.64,8.715533393774555,382,19.5,30.9,88.4,8,F,0
31.7,13.3,4.7717879061214825,5.6,258,31.1,33.6,90.58929341990114,46,M,0
42.4,14.3,5.09,10.3,60,28.2,33.7,83.3,39,M,1
40.5,13.8,4.38,6.5,189,31.5,31.2,92.5,76,M,1
47.4,16.5,5.94,9.4,129,29.088384498212207,34.8,79.8,16,M,1
40.6,13.6,4.87,1.4,319,27.9,33.5,83.4,51,M,0
40.7,12.9,4.8,3.6,186,26.9,33.33647627682079,84.8,41,F,1
35.7,11.7,4.33,9.6,223,30.031614581728483,32.68385724284776,82.4,22,F,1
34.31492296073927,12.749350256875191,5.36,3.8,151,29.5,34.55913065915961,83.0,38,M,0
39.6,12.2,2.9951460989504346,6.0,258,28.3,33.4,84.8,46,F,1
43.6,10.808696842871989,5.55,11.313593864219879,222,30.2,34.9,84.61133272892113,35,M,1
