haematocrit,haemoglobins,erythrocyte,leucocyte,thrombocyte,mch,mchc,mcv,age,sex,source
34.3,11.2,4.41,11.0,103,25.29410015416396,32.7,77.8,8,F,0
42.5,13.4,4.544802055001511,8.715533393774555,258,26.9,31.5,75.20155461135074,47,M,0
40.0,12.157337679858845,4.57,5.4,269,28.2300392867936,32.3,87.5,58,F,1
27.3,12.749350256875191,3.4939082356386333,8.715533393774555,32,30.282941220637046,33.83424438336425,76.0,55,M,0
35.4,11.9,3.9,5.3,362,30.5,33.6,90.8,60,M,0
37.8,6.8,5.21,10.2,101,25.460261777898452,33.33647627682079,80.3,46,M,1
52.5,15.3,3.14,3.7,128,32.2,33.6,84.61133272892113,86,M,0
37.7,12.5,4.39,11.846539686012342,344,28.5,36.7,82.3489262439489,64,F,1
42.3,12.637902865077653,5.22,16.0,241,28.5,35.2,81.0,34,F,1
45.1,9.6,4.09,8.9904315074614,346,22.654268981692628,30.492977300188596,91.3,54,M,1
39.866245157184736,14.2,5.78,6.3,196,28.3,32.9,86.2,51,M,1
28.387953551196663,11.9,4.28,10.3,50,27.8,33.3,83.4,46,M,0
25.659067404820224,10.3,3.87,8.7,110,30.1,32.3,93.3,69,F,1
31.7,15.931501830632822,3.46,11.1,135,31.8,32.09214811402233,91.6,74,M,1
47.4,9.0,3.59,9.2,258,25.1,31.5,83.00596428853278,49,F,0
42.869549061559276,10.5,4.444075404400175,8.457874498278107,165,31.4,32.5,74.8,83,M,0
46.5,15.5,5.16,9.6,238,28.2300392867936,33.3,85.40153866215283,44,M,0
30.6,13.766207147635768,4.71,7.1,232,30.7,35.5,86.6,64,M,0
33.0,10.9,3.88,2.7,331,28.1,33.0,95.2,27,M,0
43.0,6.2,4.596141380889948,6.2,255,32.6,33.7,84.61133272892113,67,F,0
38.22611060743427,12.4,4.19,6.1,429,29.6,34.50255824294275,87.6,21,M,0
44.6,10.1,5.230875778324263,9.2,244,25.0,36.8,90.3,64,M,1
44.9,14.9,5.95,17.138943111587633,179,31.0,33.2,75.5,51,F,0
38.22611060743427,12.5,4.25,13.4,329,29.4,34.4,90.6,26,F,0
48.4,12.749350256875191,5.88,7.2,480,18.3,33.33647627682079,82.3,45,M,0
39.2,13.4,4.544802055001511,10.5,470,29.0,34.2,84.8,65,F,0
