haematocrit,haemoglobins,erythrocyte,leucocyte,thrombocyte,mch,mchc,mcv,age,sex,source
23.4,7.7,2.66,9.229062434907116,290,28.2300392867936,32.9,72.3,81,M,1
44.1,15.7,5.37,8.715533393774555,300,29.2,34.373668677190324,82.1,37,M,0
40.1,13.2,2.9354622124924563,5.1,235,24.7,33.33647627682079,92.2,59,M,0
24.4,13.0,3.55,2.5,258,20.6,29.9,93.8,44,M,0
48.8,16.7,4.999963450005575,4.5,292,20.1,33.1,81.4,46,M,0
44.4,14.4,3.95,5.2,194,29.9,32.4,83.56332852514478,72,M,0
41.1,10.432049684713654,4.544802055001511,6.6,150,28.402075550266424,34.2,77.95439693629072,22,F,1
35.13082599453967,16.0,5.69,8.715533393774555,275,28.1,33.5,84.0,55,M,1
41.0300663730436,11.8,4.47,5.8818631175775735,170,26.4,33.7,78.3,22,M,0
40.39515505482146,15.2,5.37,7.0,261,28.3,31.73735613920885,84.2,15,M,1
38.3,16.8,6.14,6.829086000810987,291,27.4,32.9,83.2,3,M,0
38.22611060743427,12.749350256875191,4.55,7.8,270,30.3,31.4,78.9,46,M,0
31.1,9.4,4.535447834671383,4.3,183,24.6,30.2,86.5,42,M,1
46.2,14.7,5.42,24.1,352,26.027362486731185,32.3,86.00411253696328,73,M,0
38.22611060743427,14.157415886455126,4.14,4.5,213,25.6,33.6,76.4,71,F,0
25.8,8.6,2.59,3.1779372240574166,62,33.2,33.33647627682079,99.6,79,F,0
43.0,10.5,4.95,3.9,67,30.3,34.9,84.61133272892113,35,M,1
38.6,12.749350256875191,4.66,16.4,324,28.629150945514674,35.0,82.8,28,F,1
51.1,12.7,3.6570851568989626,11.4,237,27.4,33.2,82.7,32,M,0
45.425219632572635,11.509288131900245,5.66,3.0,370,26.1,34.4,77.25891206954138,35,F,0
40.2,7.3,4.41,11.0,258,29.5,35.73703730464659,84.61133272892113,59,M,1
32.6,10.8,5.46,11.1,297,26.1,33.627092352081156,78.7,21,F,0
35.1,7.8,4.544802055001511,1.6,259,28.2300392867936,34.8,85.4,30,F,0
37.1,12.4,4.65,11.4,179,26.7,29.4,79.8,79,F,0
40.7,13.6,4.52,8.2,359,27.0,33.4,90.0,48,F,0
51.0,11.408983210568458,4.53,5.4,403,30.333470618099433,33.4,90.5,70,F,0
