age,sex,bmi,children,smoker,region,charges
39,female,27.36,1,no,northwest,8162.71625
19,male,30.66339686098655,1,no,northwest,2719.27975
22,female,30.66339686098655,-1,yes,northwest,16188.49088701348
39,male,20.37966761833317,0,no,southeast,24227.33724
30,male,21.28,3,yes,northwest,13270.422265141257
54,male,40.565,3,yes,northwest,48549.17835
29,female,26.422728559250874,0,no,southeast,3366.6697
54,male,34.21,2,yes,southeast,44260.7499
56,male,32.3,1,no,southeast,14119.62
19,female,30.59,1,no,northeast,24059.68019
58,male,34.865,1,no,southwest,11944.59435
40,female,33.55,2,no,northwest,17259.4034079899
25,male,26.22,0,no,northeast,21643.53083831087
58,male,23.4,0,no,southeast,3935.1799
27,male,32.49128630860838,0,no,northwest,18310.742
19,male,34.21,1,yes,southwest,2913.569
32,female,33.155,3,no,northwest,6128.79745
57,female,39.27,2,no,southwest,3500.6123
56,female,25.65,0,no,northwest,18264.81311543916
63,female,31.68,0,no,southwest,13880.949
29,male,27.2,0,no,southwest,2473.3341
35,female,31.0,1,no,southeast,13270.422265141257
61,female,27.2,0,no,southwest,11073.176
16,male,31.16972529984127,2,no,northeast,3309.7926
37,female,37.7,1,yes,southeast,48824.45
58,female,41.91,1,no,southeast,2102.2647
