age,sex,bmi,children,smoker,region,charges
32,male,27.835,0,no,northwest,4454.40265
31,female,36.63,2,no,southeast,12644.589
32,female,31.936104434460304,1,yes,southeast,20105.8731264741
60,male,35.1,0,no,southwest,4949.7587
50,male,44.77,1,no,southeast,9058.7303
58,female,28.31,2,yes,southwest,47496.49445
40,male,29.93153691587914,3,no,southwest,-10305.683760489077
19,male,25.745,1,no,southeast,13270.422265141257
40,female,30.66339686098655,1,no,southeast,7077.1894
42,female,36.955,3,yes,southeast,2137.6536
24,male,30.66339686098655,0,no,northwest,2352.96845
29,female,32.11,2,no,southeast,4922.9159
39,female,39.71,5,no,southeast,5662.225
39,male,44.88,1,no,southeast,39722.7462
51,female,28.454219678644726,1,no,southeast,9877.6077
43,male,36.765,1,no,northeast,47896.79135
27,male,30.3,3,no,southwest,7243.8136
51,male,30.4,3,no,northwest,18804.7524
26,male,35.42,0,no,northwest,23717.663800637747
50,female,38.28,0,no,southeast,14133.03775
28,male,34.66500521034511,1,no,northwest,11946.6259
58,male,33.1,1,no,southwest,11848.141
61,female,26.885,2,no,southeast,13270.422265141257
38,male,36.08,1,yes,southeast,6781.3542
31,female,29.83,0,yes,southwest,1739.2029073492686
21,female,17.4,1,no,northeast,2585.269
