age,sex,bmi,children,smoker,region,charges
49,male,36.62220266609358,0,no,northeast,15820.699
39,male,34.39,1,no,northwest,12142.5786
25,female,22.515,1,no,northwest,3594.17085
49,female,30.9,0,yes,southeast,39727.614
39,female,35.53,0,yes,southeast,13270.422265141257
22,male,26.98,0,no,northeast,15076.272420483352
60,male,30.66339686098655,0,no,northwest,11743.9341
44,female,30.66339686098655,0,yes,northeast,5615.369
28,male,28.546285352100764,1,no,southwest,3277.161
34,male,27.0,2,no,southwest,11737.84884
18,male,31.255,0,no,southeast,1135.9407
13,female,26.41,1,no,northwest,6875.5086082221615
51,female,22.135,3,no,northeast,7228.21565
19,male,29.45,0,no,southeast,1253.936
68,female,24.32,0,no,southeast,8534.6718
54,male,26.41,0,no,northwest,10956.871965571523
19,female,31.92,0,yes,northwest,33750.2918
57,female,26.505568535715685,1,yes,northwest,16450.8947
33,female,24.31,0,no,southeast,4185.0979
45,male,30.36,1,yes,southeast,21771.3423
20,male,32.7451467324931,1,no,northeast,2457.21115
21,male,33.33,0,no,northwest,22115.76196542028
30,female,43.12,2,yes,southeast,13270.422265141257
36,male,33.915,0,no,southwest,9866.30485
34,male,33.88,1,yes,southwest,43943.8761
44,male,32.34,1,no,southeast,7633.7206
