age,sex,bmi,children,smoker,region,charges
26,male,30.66339686098655,0,no,northeast,3490.5491
59,female,41.14,1,yes,southeast,48970.2476
27,male,37.905,0,no,northwest,2860.2103607617155
30,female,28.38,3,no,southeast,10917.615476117733
35,male,37.0,0,no,southeast,8798.593
64,male,38.39,1,yes,southeast,21878.606248343105
62,male,30.66339686098655,2,yes,northwest,33471.97189
18,female,30.115,2,yes,northeast,3392.9768
25,male,30.59,2,no,northeast,2727.3951
60,female,36.005,0,yes,northeast,13228.84695
18,male,25.225480427096567,0,no,southeast,23679.77553930218
50,female,40.66038069276331,0,no,southwest,8444.474
36,female,30.66339686098655,1,no,southwest,5472.449
47,male,14.370311214517105,1,no,southwest,13270.422265141257
20,female,20.52,1,no,northwest,2362.22905
35,female,25.52,5,no,southeast,14478.33015
50,female,23.54,2,no,southeast,10107.2206
39,female,30.8,0,yes,northwest,28950.4692
39,male,31.46,3,no,southeast,20947.42936015861
57,female,28.785,4,no,southeast,7745.499373473288
29,male,29.180160256840438,2,no,southeast,7050.0213
44,male,31.35,2,yes,northeast,39556.4945
28,female,32.99619612399252,0,no,southeast,3171.6149
28,male,30.66339686098655,1,no,northeast,13555.0049
33,female,39.82,0,no,southeast,13270.422265141257
31,male,34.39,3,no,southeast,13270.422265141257
61,male,40.565,1,no,northwest,28868.6639
23,female,31.79,0,yes,southeast,23563.01618
41,male,22.8,0,no,southwest,8269.044
52,male,43.454140875102915,0,no,northeast,9634.538
18,female,30.66339686098655,0,no,northeast,-14541.686612661439
26,female,34.8,1,no,southwest,3577.999
25,male,26.22,0,no,northeast,5615.369
53,male,32.43086501800318,3,no,northwest,30166.61817
36,male,27.74,0,no,northeast,5469.0066
24,male,28.5,0,yes,northeast,13270.422265141257
21,male,32.3,0,no,northwest,9487.6442
21,male,29.77797230140857,1,no,southeast,13270.422265141257
39,male,25.6,3,yes,southwest,23306.547
54,male,34.105,1,no,northeast,11660.732294139805
28,female,22.88,1,no,northwest,10286.992632820764
47,female,32.0,4,no,southwest,8551.347
39,male,38.17,1,yes,southeast,35909.61740860111
37,female,32.395,0,no,northeast,39774.2763
24,female,23.21,0,no,southeast,25081.76784
42,male,37.512058921835624,1,no,southwest,15820.699
39,female,49.55051738655616,4,no,southeast,24227.33724
31,female,37.1,1,no,southwest,23563.01618
33,male,23.32,1,no,southeast,1711.0268
42,male,32.87,1,no,southeast,10807.4863
56,male,39.6,0,no,southwest,10601.412
28,male,24.3,0,no,southwest,2721.3208
