age,sex,bmi,children,smoker,region,charges
58,male,49.06,0,no,southeast,11381.3254
43,male,25.52,1,no,southeast,35008.33194978972
30,male,30.66339686098655,0,no,southeast,13270.422265141257
46,male,33.63,1,no,northwest,11945.1327
51,female,30.66339686098655,3,yes,southeast,23848.00699947686
49,female,27.17,0,yes,northeast,8601.3293
46,male,38.435337856651714,0,no,southeast,20781.48892
39,male,33.63,0,no,southeast,12235.8392
51,male,18.05,0,no,southeast,-3220.5097534402958
61,male,31.16,4,no,northeast,13429.0354
20,male,31.13,2,yes,northwest,2566.4707
44,female,25.8,1,no,southwest,7624.63
58,female,36.765,1,no,southeast,2396.0959
55,female,34.6,1,yes,southwest,41661.602
62,female,30.495,2,no,northwest,15019.76005
39,male,41.91,1,no,northeast,4718.20355
37,male,26.13263941654587,5,no,southeast,1826.843
24,male,36.48,0,no,southeast,17128.42608
55,male,21.5,2,no,southwest,10877.524594527707
49,female,28.09226571382039,0,no,southwest,1875.344
29,male,28.7,0,no,southwest,6986.697
64,female,29.64,1,no,southeast,20277.80751
21,male,31.255,1,no,northwest,1909.52745
23,male,36.94134274079373,0,no,southwest,6653.7886
58,female,27.17,0,no,southeast,13270.422265141257
47,male,19.57,1,no,northwest,8428.0693
