age,sex,bmi,children,smoker,region,charges
38,male,24.1,1,no,southwest,5488.262
39,male,32.68,1,no,northwest,12270.094222686343
19,male,29.83,0,yes,northeast,18648.4217
55,female,33.1,0,no,southeast,10796.35025
39,female,27.9,0,yes,southeast,16884.924
42,female,26.695,0,yes,northwest,21348.706
39,female,39.615,1,no,southeast,2730.10785
44,female,32.34,1,no,southeast,7633.7206
70,female,27.5,1,no,northeast,38415.474
43,female,35.97,0,yes,southeast,42124.5153
47,male,20.235,2,no,northwest,4906.40965
39,male,30.66339686098655,2,yes,southeast,36021.0112
62,male,34.445725735836184,1,no,southeast,11658.11505
19,male,29.165,0,no,northeast,7323.734819
22,male,28.975,0,no,southeast,24137.5674001088
62,male,24.689607276605855,3,no,northwest,13270.422265141257
44,female,22.77,1,no,northwest,1627.28245
59,female,23.655,0,yes,northwest,25678.77845
50,male,32.785090884417386,3,no,southeast,1632.03625
29,female,29.941368587364042,1,no,southwest,13270.422265141257
56,female,29.425543863969118,2,no,southwest,11674.13
63,male,28.785,0,no,northwest,13861.706577647057
45,female,27.265,1,no,northeast,21292.796349550787
63,male,30.8,1,no,southwest,13390.559
34,female,28.569772997211718,5,yes,northwest,15565.624122779027
53,male,30.66339686098655,1,no,southeast,10579.711
68,male,23.32,1,no,southeast,1711.0268
25,male,29.355601127158252,1,no,southeast,13270.422265141257
48,male,33.11,0,yes,southeast,21348.706
57,female,26.18,3,no,southeast,5031.26955
18,male,21.66,2,no,northeast,7046.7222
22,male,22.705,1,no,southeast,37165.1638
39,female,31.79,2,yes,southwest,13270.422265141257
24,male,31.065,0,yes,southwest,34254.05335
18,male,30.66339686098655,0,no,northeast,1705.6245
22,female,30.66339686098655,0,no,southwest,2166.732
23,female,33.82,0,no,northwest,8277.523
48,female,28.9,0,no,southwest,12643.3778
31,male,30.0,5,yes,southwest,4436.187222606648
19,male,33.44,0,no,northwest,15340.34492285382
26,male,18.322080742901356,2,no,northwest,25876.218219987528
52,female,31.814942607948318,3,no,southwest,11411.685
34,male,42.13,2,no,southeast,1005.1412896664469
58,male,22.77,0,no,southeast,-3725.935433877421
19,male,37.07,5,no,southeast,4296.2712
18,female,28.31,1,no,northeast,11272.33139
51,male,34.6,0,yes,southwest,13270.422265141257
18,male,27.645,0,yes,northeast,33900.653
18,male,38.9766469836927,0,yes,northwest,33307.5508
55,female,30.66339686098655,2,no,northwest,10594.50155
48,female,32.3,0,no,northeast,10043.249
27,female,37.4,0,yes,southeast,9634.538
