,synth,train,val,test,synth_value,real_value,jsd,wasserstein,diff_corr,dcr_rf,nndr_rf,dcr_rr,nndr_rr,dcr_ff,nndr_ff
0,0\synth.csv,0\train.csv,0\val.csv,0\test.csv,0.5283018867924528,0.6454183266932271,0.009719814975784696,0.014971106979331045,0.8058029246483408,0.5311940902033608,0.6668449416510034,0.398074352757757,0.5208718334592021,0.6231294837191337,0.6800182106109971
1,1\synth.csv,1\train.csv,1\val.csv,1\test.csv,0.5469387755102042,0.6035502958579881,0.08386649822273042,0.015860217113072745,0.904573072294418,0.5472521140219109,0.6581674883350283,0.40128924480244493,0.5217034059483369,0.6001650679388126,0.670646197784924
2,2\synth.csv,2\train.csv,2\val.csv,2\test.csv,0.48661800486617995,0.5750528541226215,0.08207318138356455,0.017424459170010374,0.9640671688686558,0.5243641649109435,0.668692426259976,0.391240014065082,0.4975527914636806,0.593195014611227,0.6683367085656915
3,3\synth.csv,3\train.csv,3\val.csv,3\test.csv,0.5668016194331984,0.625,0.017460788970163163,0.014850326209030908,0.9171052373031053,0.5340253060935574,0.6748750990949888,0.40578234191037704,0.5144504354962349,0.6135294753979975,0.6818981823513911
4,4\synth.csv,4\train.csv,4\val.csv,4\test.csv,0.5345622119815668,0.6612244897959185,0.07220818389467147,0.015135682738378524,0.9395979319852801,0.5317112654319152,0.660519830727999,0.39968857645640016,0.5212078162604378,0.6162859482364648,0.6608436962111992
