age,sex,bmi,children,smoker,region,charges
39,male,30.66339686098655,0,no,southeast,25382.297
24,male,38.21135253492768,1,yes,northeast,17128.42608
21,male,22.8,2,no,northeast,3279.86855
35,male,35.86,3,no,southeast,10449.47994166706
56,male,36.1,2,no,southwest,12363.547
59,male,31.79,2,no,southeast,12928.7911
61,female,27.6,0,no,northwest,5383.536
36,male,30.603200059625056,0,no,northwest,7731.85785
39,male,35.43608204428398,3,no,southeast,60021.39897
35,female,27.61,2,yes,southeast,4747.0529
29,female,35.5,2,no,southeast,12963.780089176096
27,male,32.67,1,no,southeast,2497.0383
54,male,33.33,3,yes,southeast,8534.6718
62,female,33.2,-1,no,southwest,13462.52
24,female,39.49,0,no,northwest,13270.422265141257
20,male,25.1,0,no,southeast,1391.5287
54,female,24.605,3,no,southwest,12479.70895
44,male,28.53333067502799,1,no,northwest,13546.14862886731
39,male,25.175,2,no,southeast,9095.06825
36,male,31.16,1,no,northwest,13270.422265141257
25,female,41.325,0,no,northeast,1704.5681
68,male,33.7,1,no,northwest,8442.667
61,male,33.535,4,no,northeast,13143.33665
48,male,35.91,1,no,northeast,26392.26029
38,female,30.66339686098655,0,no,northwest,20878.78443
46,female,27.74,0,no,northwest,12278.802761908282
