haematocrit,haemoglobins,erythrocyte,leucocyte,thrombocyte,mch,mchc,mcv,age,sex,source
38.22611060743427,12.5,3.68,5.1,307,29.1,33.33647627682079,71.0,86,M,1
45.0,15.4,4.22,6.0,145,28.2300392867936,34.2,81.2,18,F,1
40.1,13.3,4.53,1.9492919213653188,219,16.1,32.9,88.5,46,M,1
32.8,11.9,3.97,8.4,338,30.0,36.3,82.6,71,M,1
30.3,9.8,5.54,10.3,476,23.2,32.3,71.8,77,F,1
37.6,11.365928001326932,4.44,7.3,298,21.1,32.7,84.7,32,F,0
40.7,9.880422551151197,4.52,8.715533393774555,263,19.4,33.4,86.43508868484068,48,F,0
36.8,12.7,4.83,11.113176366464486,286,26.3,34.5,84.61133272892113,11,M,0
35.4,12.0,4.48,10.1,299,32.252878959529994,33.9,85.4,6,M,0
36.8,11.21492510703089,4.544802055001511,9.5,200,32.6,28.1,93.2,67,M,0
38.22611060743427,15.6,4.86,14.2,248,32.1,33.9,94.7,47,F,0
42.2,10.2,3.56,5.8,268,28.9,32.1,89.08044007506132,27,F,0
37.3,12.5,4.37,10.3,152,28.6,33.5,79.0,32,M,1
44.4,12.3,5.08,12.9,366,31.6393220252818,32.8,89.6,35,M,0
42.3,13.7,6.4,6.0,258,28.2,33.1,85.2,39,M,1
55.39629199893162,14.1,5.007801818847698,6.8,302,28.2300392867936,33.2,80.0,32,F,0
48.0,16.3,5.74,11.8,200,28.4,35.06201317275868,84.61133272892113,35,M,0
32.1,14.4,4.544802055001511,-3.43714492999891,304,30.7,34.1,90.83733626969021,57,M,0
39.8,10.559174576049166,4.371598530858392,9.5,261,30.4,30.7,99.3,46,M,1
23.9,7.9,5.4370792478295344,9.036500632749386,246,24.23859420360398,33.33647627682079,90.2,75,F,0
39.7,13.4,4.68,8.715533393774555,148,28.8,33.8,85.4,56,F,1
42.0,13.7,4.91,7.0,176,27.9,32.6,86.30755791324232,47,M,0
37.4,12.749350256875191,4.15,9.4,303,29.9,34.04599672842337,90.1,32,F,0
40.79624783439565,12.749350256875191,4.54,6.8,413,29.1,32.5,89.4,23,M,0
39.5075232075848,10.8,3.76,22.2,258,31.727282258117118,32.59478711282537,83.8,63,M,1
39.44312026420184,10.7,4.771625404143839,6.5,496,27.7,31.514860959144798,67.6,55,M,0
