age,sex,bmi,children,smoker,region,charges
18,male,10.311811408206605,0,no,northeast,1708.92575
19,female,28.82,1,no,southeast,8527.532
30,female,33.33,1,no,southeast,21771.3423
35,male,27.61,1,yes,southwest,4747.0529
54,male,45.9,2,no,southeast,15535.586494318204
50,male,30.450003879870124,0,no,southeast,46255.1125
23,male,30.66339686098655,1,yes,northeast,40904.1995
40,male,29.355,1,no,northwest,6393.60345
55,female,31.1,0,yes,southwest,1526.312
59,male,26.505,0,no,northeast,12815.44495
39,male,22.0,3,no,northwest,13112.6048
44,female,25.27,0,no,southwest,13270.422265141257
45,male,33.7,1,no,northeast,11893.152851728046
45,male,20.6,1,no,southeast,28781.270012322086
32,male,41.1,1,no,southwest,3989.841
50,male,44.745,-1,no,southeast,8835.26495
46,female,34.6,1,no,southwest,41661.602
47,female,19.80981965136791,0,yes,northwest,24535.69855
54,female,27.691952111087776,2,no,northwest,13270.422265141257
54,female,25.935,1,no,northeast,4151.0287
18,male,31.13,1,no,southeast,1621.8827
56,female,19.475,2,no,northwest,6933.24225
22,male,30.66339686098655,4,no,southeast,10407.08585
36,female,29.04,4,no,southeast,6615.9848175080115
39,male,42.655,0,yes,southeast,5757.41345
39,female,27.72,0,no,southeast,2464.6188
