haematocrit,haemoglobins,erythrocyte,leucocyte,thrombocyte,mch,mchc,mcv,age,sex,source
30.723169471828,14.1,4.75,9.4,418,29.7,33.8,84.61133272892113,28,M,1
38.6,9.93569691253806,4.544802055001511,9.8,370,25.54725365229494,33.3,82.2,37,F,1
38.2,12.0,4.72,6.4,281,27.1,33.5,85.99789945665587,46,F,0
29.1,9.3,4.46,10.0,122,27.4,33.247212649266366,85.8,26,M,0
44.9,12.8,3.2218855376345577,5.0,40,28.2300392867936,34.0,89.69551135841216,61,M,1
38.7,12.7,4.27,7.495388250764312,156,29.7,32.8,90.6,67,F,0
32.1,10.3,3.827043042758428,16.1,268,28.9,33.2,83.6,71,F,1
36.1,12.8,3.87,11.066385092506172,457,35.87470883272464,32.1,93.3,-1,M,0
39.3,12.749350256875191,3.05,2.3,234,26.2,33.49449893120797,79.9,29,F,1
37.6,15.8,5.46,1.5,174,28.9,32.0,84.7,21,M,0
34.2,15.405947991503169,3.88,8.1,258,25.0,34.5885099430785,88.1,78,M,1
39.8,14.2,5.88,8.2,293,29.3,35.7,82.2,63,M,1
38.22611060743427,13.3,4.81,1.2837122978538211,245,27.7,33.0,83.8,62,F,0
44.4,10.8,3.75,12.3,216,28.8,33.0,72.9,41,F,1
34.1,10.297985385183484,6.732387403785363,5.5,461,24.794654256317475,29.9,70.6,67,F,0
40.731567450096996,12.2,4.57104805811142,10.934567091599076,412,26.9,31.1,86.3,45,M,0
32.355422660191316,17.5,4.32,7.8,258,27.3,33.33647627682079,82.4,27,M,1
47.5,12.749350256875191,5.91,8.715533393774555,218,28.2300392867936,28.6,80.4,34,F,1
38.22611060743427,14.1,5.17,6.2,97,27.3,33.181959822890654,83.0,33,F,1
41.2,13.3,4.81,6.4,289,28.3,33.33647627682079,85.7,46,F,0
34.2,8.495466187262124,4.21,9.3,343,27.1,33.3,70.02997073344208,5,M,0
45.3,14.8,5.29,8.715533393774555,707,24.86779823345387,32.7,84.61133272892113,13,F,0
46.8,15.2,5.2,6.0,412,26.9,32.5,90.0,46,M,0
26.1,8.2,4.92,11.3,280,29.2,31.4,74.63470572086932,76,F,0
31.0,10.1,4.544802055001511,17.3,334,28.6,32.6,87.8,56,M,0
39.210996611015624,12.6,4.63,5.7,180,26.3,32.1,84.7,44,F,1
