haematocrit,haemoglobins,erythrocyte,leucocyte,thrombocyte,mch,mchc,mcv,age,sex,source
36.8,11.32777671726867,4.559178514444647,5.2,1121,30.8,32.71154899339178,84.61133272892113,52,F,0
26.1,6.9,4.37,8.4,119,15.8,26.4,59.7,30,M,1
27.9,9.0,3.63,14.9,322,24.01128142463698,36.9,76.9,81,M,1
40.9,12.749350256875191,4.67,2.3,128,30.6,35.0,87.6,61,F,0
38.7,10.7,4.35,12.133255599024938,326,31.3,35.1,89.0,58,F,0
45.4,12.749350256875191,4.544802055001511,7.2,236,31.1,34.4,87.30130405792268,75,M,1
47.4,11.108613116210243,4.95,33.4,130,24.3,33.5,84.0,22,M,0
23.5,12.4,4.07,3.7,258,28.2300392867936,31.2,84.40401960564193,50,F,0
37.8,12.5,4.03,5.2,356,31.0,33.1,93.8,46,F,1
38.8,13.2,4.96,8.715533393774555,451,26.0,34.3,87.6,21,F,0
44.8,10.0,3.91,14.014839881053147,267,25.6,34.1,93.99100995020149,48,F,1
35.8,11.5,3.11,6.2,351,28.2,32.1,88.4,42,M,0
55.132833494023984,15.2,5.11,11.7,424,29.7,32.52525850245561,83.3,73,F,1
38.22611060743427,11.5,4.35,4.0,158,26.4,32.4,81.6,33,F,0
43.9,12.443419891645686,5.2,2.6,258,28.2300392867936,33.33647627682079,84.61133272892113,45,M,0
35.26136416528327,11.3,4.74,3.1,305,31.8,33.7,70.7,1,F,1
38.22611060743427,13.6,3.836676893636206,11.908746993859662,189,31.520478403696696,33.3,85.4,3,M,1
39.3770751969552,14.4,5.22,5.1,322,27.6,33.9,81.4,48,M,0
33.4,10.6,4.38,8.715533393774555,50,24.2,31.7,76.3,46,M,0
29.3,15.2,5.07,9.3,283,24.6,33.9,90.3,126,M,0
38.7,4.4,5.09,9.0173341631965,470,25.5,33.33647627682079,76.0,39,F,0
26.0,8.7,3.7975471316061853,10.0,227,29.6,33.5,75.7,56,M,1
33.2,10.4,4.544802055001511,12.5,31,31.2,34.75766997803695,90.0,93,M,1
26.0,8.833333261856268,4.937152364634283,19.6,257,28.605826703386388,33.5,90.3,46,M,0
46.6,15.6,5.44,3.7,243,28.7,33.5,85.51865629734816,37,M,1
32.35673357913803,17.9,6.61,10.3,340,29.244637249758885,32.45437640847144,83.7,38,M,0
