haematocrit,haemoglobins,erythrocyte,leucocyte,thrombocyte,mch,mchc,mcv,age,sex,source
42.2,12.749350256875191,5.6,7.7,346,28.2300392867936,32.9,75.4,36,M,0
38.22611060743427,14.1,5.18,1.423495668835482,263,27.2,34.33097469064046,82.2,60,F,0
44.2,15.1,5.24,12.3,318,28.8,34.2,77.7,36,M,0
38.22611060743427,11.4,3.8,15.7,226,27.192239160261224,35.0,72.23851292970237,59,M,1
24.8,14.6,5.09,8.715533393774555,313,29.5,32.9,89.6,22,M,0
36.0,12.0,2.84,7.9,552,28.2,33.3,68.9,26,F,0
40.1,12.8,4.7,5.2,187,30.095101276749553,31.9,92.92255125049272,51,F,0
42.3,18.9,4.81,6.0,108,29.3,32.5,90.2,90,M,1
37.1,13.5,3.81,7.5,245,29.99744544459553,33.7,97.4,46,F,0
37.4,12.749350256875191,4.66,5.902679027991088,413,26.4,32.9,80.3,11,M,1
38.1,13.1,4.14,6.4,258,31.6,34.4,92.0,49,M,0
36.6,11.3,3.743287970972438,6.451988756111714,349,25.7,28.4,83.2,33,M,0
25.919973491623463,15.8,4.544802055001511,8.715533393774555,578,27.3,33.1,82.4,20,M,0
32.5,10.6,4.19,3.4,111,27.8,33.33647627682079,77.6,1,F,1
40.8,15.336113240297799,3.84,5.6,297,31.6,33.3,94.9,73,M,0
30.3,15.319809561084227,4.22,5.326794220352258,476,28.2300392867936,32.81278736760258,71.8,46,F,1
43.4,15.0,4.7,8.3,100,29.6,34.5,87.96141844602593,39,M,0
42.5,14.1,5.07,5.5,222,25.3,34.1,88.69572794153073,44,M,0
44.0,15.1,5.2,6.8,336,29.0,32.05884161725589,84.6,68,F,0
38.235549166351596,13.5,4.059248178676711,4.6,232,27.1,32.3,80.5,25,F,0
46.2,15.3,5.413680231161292,5.3,242,30.5,34.2,89.2,56,M,1
40.8,14.11241908755493,4.38,13.4,177,29.9,32.1,86.7,82,M,0
27.072479062243644,10.7,4.3,17.7,203,16.6,33.33647627682079,84.61133272892113,55,F,1
41.9,13.3,2.99,7.4,258,23.794008337842342,31.7,84.61133272892113,54,M,0
40.3,13.01686759609421,4.544802055001511,3.9,233,28.5,34.0,84.0,33,M,0
46.37642731405423,14.4,3.552620260181952,6.3,426,29.6,34.12147440137481,93.2,49,M,0
