age,sex,bmi,children,smoker,region,charges
41,male,25.84,2,no,northwest,6877.9801
28,male,25.325313644487974,4,yes,southeast,21472.4788
57,male,40.565,2,yes,northwest,45702.02235
26,male,32.395,1,no,southeast,12629.1656
39,female,38.06,1,no,southeast,7152.6714
49,male,27.1,2,no,southwest,26140.3603
60,female,24.53,0,no,northeast,4890.239973023348
64,male,36.4,3,yes,southeast,13270.422265141257
63,female,23.085,0,no,northeast,14451.83515
19,male,28.7,1,no,northwest,1253.936
18,female,30.66339686098655,0,no,southeast,1631.6683
44,female,27.645,0,no,southwest,5585.890385995937
25,male,37.62,0,yes,southeast,8442.667
20,male,34.43,0,no,southeast,1137.4697
37,female,17.29,2,no,northeast,23807.2406
38,male,28.27,5,no,southeast,6593.5083
39,male,26.226173806995327,4,no,southeast,10736.87075
27,male,58.19626358031254,1,no,northwest,2927.0647
30,female,43.12,1,no,southeast,4753.6368
18,female,42.71122558239793,2,no,northeast,3393.35635
25,male,30.66339686098655,3,no,northeast,2727.3951
60,female,28.7,1,no,southwest,14921.638149778162
21,male,25.3,1,no,southeast,20219.09454482126
40,female,23.6,0,no,southeast,13270.422265141257
36,male,29.7,0,no,southeast,4399.731
18,female,31.35,1,no,southeast,1622.1885
