age,sex,bmi,children,smoker,region,charges
29,male,26.6,0,no,northeast,13270.422265141257
32,female,17.765,1,no,southeast,2254.7967
60,male,35.86,0,yes,southeast,46599.1084
20,male,29.991686806008012,0,no,southeast,22019.505366952937
52,male,36.765,2,yes,southeast,26467.09737
28,male,29.59,1,yes,southwest,51194.55914
27,female,25.175,1,no,southeast,3558.62025
47,female,41.47,4,no,southeast,10977.2063
61,male,24.32,1,no,southwest,13112.6048
28,male,18.71766961714303,3,yes,southeast,17663.1442
38,male,30.66339686098655,5,no,northwest,7537.1639
42,male,33.155,1,no,northeast,5735.431206116982
39,female,28.05,1,no,southeast,13270.422265141257
39,male,53.83197104691073,2,yes,southeast,12044.342
18,female,29.165,0,no,northwest,7323.734819
39,male,21.945,3,no,northeast,9620.3307
35,male,33.725,0,no,northeast,-9853.427924953934
41,male,39.9,1,yes,southwest,24873.3849
29,male,29.64,1,no,northeast,20277.80751
53,male,36.86,3,no,northwest,46661.4424
53,female,22.61,3,yes,northeast,48173.361
59,female,24.944739465789286,0,no,northwest,12129.61415
24,female,30.66339686098655,0,no,southwest,18955.22017
59,male,38.28,0,no,southeast,10226.2842
45,female,25.7,1,no,southwest,9101.798
30,female,29.83,1,no,northeast,10410.76670513118
