haematocrit,haemoglobins,erythrocyte,leucocyte,thrombocyte,mch,mchc,mcv,age,sex,source
44.5,15.657630610057288,5.41,12.9,387,28.8,35.1,84.61133272892113,12,M,1
38.22611060743427,15.0,5.19,7.220644966946123,382,29.775979414318435,33.33647627682079,84.4,29,F,0
46.1,12.8,4.17,9.9,231,27.432065529328874,35.2,87.3,78,M,1
39.9,12.9,4.792207843367293,2.4,207,24.70464395283123,32.6,73.6,61,M,0
37.3,12.3,4.38,10.7,265,28.1,32.52628955482165,72.0,46,F,1
36.15839112429419,8.7,3.5,13.8,312,23.5,32.1,77.4,81,M,1
30.3,10.1,4.3,14.600145775729672,187,24.9,33.3,70.5,24,M,1
24.7,14.0,2.72,6.9,212,30.1,34.59317001150791,90.8,46,F,1
52.727221441960225,9.6,3.9,5.3,270,28.7,34.2,87.55955410313331,30,F,0
40.80572080969366,12.8,3.82,8.715533393774555,117,29.1,33.2,85.0,50,F,0
48.4,17.5,5.67,3.0,60,28.2,33.1,86.75746570674895,71,M,0
31.577775573574925,12.179405399146916,3.599707566045666,10.0,144,25.7,33.0,86.6,33,F,0
37.5,12.3,2.8199074257664165,4.8,315,30.71276069626721,33.33647627682079,95.7,56,M,0
40.1,8.2,4.7,8.715533393774555,68,29.8,34.9,85.3,41,M,0
42.3,14.6,4.544802055001511,5.0,258,33.5,34.5,79.73109501067094,27,M,0
18.8,5.8,5.036367903914665,6.9,261,30.1,34.676660530467245,84.61133272892113,37,F,0
31.0,10.4,3.31,8.9,258,28.2300392867936,31.97858113888286,93.7,89,F,0
33.4,11.0,3.79,8.2,87,29.0,32.9,88.1,19,F,1
42.0,14.1,4.85,5.6,286,28.2300392867936,33.6,77.8,71,M,0
34.6,12.749350256875191,4.4,8.48635862485229,137,30.4,33.5,90.6,30,F,1
43.5,11.7,3.75,6.9,264,16.9,33.3,93.90127950245422,58,M,1
36.4,11.29203761971506,4.8,12.3442694482051,106,27.4,32.5,84.3,53,F,1
40.4,11.5,3.96,12.7,198,29.0,35.1,82.8,78,F,1
45.5,14.023366587859151,5.55,35.0,328,27.2,33.2,85.4,31,F,1
35.4,12.3,4.544802055001511,10.5,145,29.4,34.7,84.7,60,M,0
38.22611060743427,12.749350256875191,3.3,1.2,163,27.3,32.7,83.3,74,M,1
