age,sex,bmi,children,smoker,region,charges
28,male,35.13081076223362,1,yes,northeast,41919.097
52,female,23.18,4,no,northeast,10197.7722
35,male,34.77,1,no,northwest,32787.45859
46,male,28.4,2,yes,southeast,9282.4806
40,male,25.935,1,no,northwest,4133.64165
29,female,24.6,2,no,southwest,4529.477
64,female,23.76,1,no,northwest,28266.61974179439
60,male,24.035,0,no,northwest,13012.20865
27,male,24.75,0,yes,southeast,16577.7795
50,male,30.66339686098655,2,yes,southwest,42856.838
21,female,22.135,0,no,northeast,12797.20962
30,female,25.6,0,no,southeast,62592.87309
60,female,39.05,0,no,southwest,11856.4115
62,female,29.735,0,no,northwest,13270.422265141257
25,male,30.66339686098655,3,no,southwest,6600.20595
64,male,30.66339686098655,3,no,northeast,16455.70785
42,female,30.36,0,yes,southeast,10848.1343
59,male,25.46,1,no,northeast,14908.559367402173
50,male,26.41,0,no,southeast,11240.140666982878
50,male,36.67,0,no,northwest,8932.084
18,male,30.59,1,no,southeast,13270.422265141257
46,male,21.375,0,no,northwest,7222.78625
39,male,24.741098986838825,3,no,southeast,4260.744
49,male,26.4,0,yes,southwest,8116.68
64,male,23.295552607074047,1,no,southwest,30166.61817
18,male,23.21,0,no,southeast,11286.045313727818
53,female,27.236518619355103,1,no,southeast,1621.8827
39,male,30.66339686098655,0,no,southeast,5920.1041
29,female,32.11,2,no,southeast,4922.9159
22,female,30.66339686098655,0,no,southwest,2741.948
40,female,37.30212421771486,1,yes,northwest,42111.6647
42,female,31.52772437082134,0,no,southeast,7050.0213
38,female,26.2,0,no,southeast,-4441.937470721001
32,female,33.58447547697302,1,no,southeast,35784.507919478965
31,female,27.645,1,no,northeast,8556.907
62,female,30.875,3,yes,northwest,14001.1338
39,male,25.84,1,no,northeast,17179.522
7,male,19.8,1,yes,northeast,1842.519
56,male,36.765,1,no,northwest,26467.09737
39,female,27.5,3,yes,northwest,13270.422265141257
22,male,35.05914857127171,0,no,northwest,7823.349616969857
36,female,36.08,0,yes,southeast,37133.8982
27,female,30.4,3,no,northwest,18804.7524
39,male,24.32,1,yes,southeast,12413.981608076725
29,male,32.87,2,no,southeast,10702.6424
41,male,32.2,0,no,southwest,13270.422265141257
45,female,26.868727152512697,2,no,southwest,27796.15078529541
64,male,26.41,0,no,northwest,11488.021373625852
63,female,37.7,0,no,southeast,48824.45
37,male,34.1,4,yes,northeast,40182.246
23,male,18.252632598170152,0,no,southeast,13270.422265141257
-3,female,28.38,4,no,southeast,19521.9682
