haematocrit,haemoglobins,erythrocyte,leucocyte,thrombocyte,mch,mchc,mcv,age,sex,source
39.4,11.93792011561554,4.8423354549550215,6.0,401,27.1,33.82968069367663,98.0,33,F,0
34.4,12.080046349972134,3.59,3.9,84,33.4,33.64506467082509,95.8,77,M,0
28.8,10.5,3.82,19.1,152,28.2300392867936,33.10989302903519,84.3,58,M,0
41.4,12.749350256875191,4.49,15.237460064762244,366,31.2,31.081318188210325,92.2,51,M,0
33.51650636246645,16.7,5.09,11.1,345,25.595099191502744,32.7,76.8,63,M,0
42.3,14.1,6.358025944350631,5.9,370,27.8,33.3,68.63506735599856,15,M,0
37.8,11.9,4.95,3.6,322,24.0,38.2,76.4,35,F,0
23.1,8.0,3.75,4.4,370,25.36495223940467,33.33647627682079,85.14059261621776,56,F,0
47.5,15.8,5.61,9.1,62,28.2,33.3,84.7,42,M,1
35.4,11.7,4.01,9.4,178,29.2,33.1,88.3,56,M,0
38.22611060743427,13.5,4.409519274961448,7.156758126855145,378,28.1,32.3,82.3,68,F,1
32.11478115590704,12.8,5.7713400648874975,8.715533393774555,100,26.4,34.4,82.3,14,F,1
39.7,12.7,4.544802055001511,9.8,167,26.0,32.0,78.1,46,M,0
36.4,8.383367994596554,3.8,5.046103757002959,488,31.3,33.2,80.70542023948494,88,M,0
28.4,12.749350256875191,3.51,8.715533393774555,139,27.107888689956116,33.1,80.9,69,M,1
44.0,15.3,5.32,16.135524477906408,162,28.8,34.8,84.61133272892113,35,F,0
38.3,12.6,4.22,5.1,7,29.9,33.33647627682079,90.8,80,F,0
39.0,15.674669138274355,5.06,21.6,14,25.9,33.2,77.9,46,M,0
32.7,10.8,5.03,4.0,216,18.8,33.0,87.2,41,M,1
38.22611060743427,14.5,5.62,10.8,244,25.8,32.0,84.61133272892113,36,M,1
41.9,14.3,5.28,4.9,193,27.1,34.1,79.4,13,M,0
28.0,9.7,4.544802055001511,5.7,678,28.7,34.6,82.8,69,M,0
34.7229056892319,10.4,3.29,3.9,321,28.8,32.8,87.8,70,F,0
73.79782598041432,12.1,4.04,4.2,258,28.2300392867936,34.8,78.93654602618652,69,F,0
45.9,15.3,4.22,12.7,258,26.6,33.3,84.4,18,F,1
33.1,11.2,3.76,6.8,23,31.313237422586408,33.8,88.0,95,M,1
