age,sex,bmi,children,smoker,region,charges
42,male,26.6,0,yes,southeast,3171.6149
32,male,17.765,2,no,southeast,32734.1863
59,male,40.18840171279868,0,no,southeast,46599.1084
20,female,31.12756871986877,0,no,northeast,2457.21115
52,male,36.765,3,no,northeast,26467.09737
28,male,21.945,2,yes,southeast,51194.55914
27,female,25.175,0,no,southeast,38267.88268761797
29,female,41.47,5,no,southeast,10977.2063
60,male,30.66339686098655,1,no,northwest,13112.6048
28,male,23.98,-2,no,northwest,17663.1442
37,female,30.21,3,yes,northwest,23082.95533
42,female,33.155,1,no,northeast,7639.41745
53,male,30.66339686098655,1,no,northwest,4234.598437884121
29,female,20.953144339203913,1,no,northwest,-6643.687400002989
54,male,25.1,3,yes,southeast,25382.297
47,female,24.32,1,no,southwest,8556.907
28,female,38.54106202801711,0,no,southeast,21348.706
39,female,24.75,0,yes,southeast,35630.8060260698
39,female,36.4,1,no,northwest,4718.20355
49,male,29.64,4,yes,northeast,20277.80751
41,male,36.86,3,yes,northwest,13270.422265141257
66,female,40.37,3,yes,northeast,24873.3849
59,male,28.785,0,no,northwest,12129.61415
24,male,27.6,0,no,southwest,11455.28
38,male,38.28,0,no,southeast,10226.2842
45,female,25.7,3,no,southwest,13270.422265141257
