age,sex,bmi,children,smoker,region,charges
40,female,41.42,1,no,northeast,28476.73499
44,male,38.06,1,no,southeast,13270.422265141257
18,female,26.351000993936005,1,yes,southeast,2219.4451
51,male,31.635,0,no,northwest,9174.13565
39,male,24.225,0,no,northwest,8965.79575
30,female,27.93,3,no,southeast,14070.746258982652
61,female,28.2,0,no,southeast,9634.538
28,male,33.4,2,no,southwest,2079.944950166793
45,male,27.5,3,no,northwest,13270.422265141257
33,male,30.39208373209319,1,yes,northeast,20296.86345
-9,male,19.523936626710114,2,yes,northeast,16232.847
36,female,30.66339686098655,1,no,southeast,5377.4578
37,female,18.335,0,no,southwest,5152.134
33,female,30.66339686098655,2,no,southwest,22538.048303551113
53,female,39.16,1,no,southeast,1633.0444
40,male,24.97,2,no,southeast,6593.5083
32,female,32.965,2,no,southeast,13204.28565
14,male,24.51,0,no,southwest,2709.1119
31,male,29.81,0,no,northwest,19350.3689
61,female,44.0,0,no,southeast,13063.883
49,female,35.625,0,no,southeast,5438.7491
60,male,22.0,0,no,northeast,37270.1512
39,male,41.4675136891431,0,no,northeast,3279.86855
25,male,41.69,0,no,northwest,7209.4918
64,female,26.885,2,yes,northwest,29330.98315
51,male,37.0,0,no,southeast,15039.165516990775
