haematocrit,haemoglobins,erythrocyte,leucocyte,thrombocyte,mch,mchc,mcv,age,sex,source
33.7,9.4,4.69,18.4,260,27.4,32.6,71.9,1,F,0
31.8,11.814318778659148,3.81,6.4,258,28.2300392867936,33.0,85.53622768097199,41,M,1
38.22611060743427,7.3,3.26,10.9,248,26.1,33.2,84.61133272892113,38,F,0
39.37668179710852,14.0,5.37,4.0,225,26.1,32.3,80.6,17,F,0
42.2,12.749350256875191,4.38,-0.6809321644482509,211,31.3,32.96431028543075,97.7,65,F,0
31.4,10.9,3.93,6.6,399,26.467903833609537,36.9,85.35478155142037,66,F,0
37.8,10.000183750652587,4.8,33.0,258,31.0,33.1,93.8,46,M,1
34.3,11.3,4.13,11.7,250,23.5,32.9,80.2,27,F,0
36.1,11.8,3.93,5.2,314,30.0,32.7,84.61133272892113,52,F,0
37.8,12.749350256875191,4.41,6.6,330,28.3,33.54272583485929,85.7,12,M,1
36.6,14.4,5.02,8.715533393774555,249,28.7,32.8,87.5,44,M,0
38.22611060743427,12.009271792721844,4.324848837374469,8.715533393774555,256,28.2300392867936,32.6,99.1,39,F,0
32.6,11.0,3.7721908044308847,9.3,329,27.095901959946058,31.75987535326456,103.2,87,F,1
34.0,14.5,4.03,18.224560556055096,334,30.2,33.33647627682079,87.9,66,F,0
37.2,13.8,4.544802055001511,9.8,171,31.2,33.9,104.11738820394643,27,F,0
42.51627299250005,7.3,3.06,22.6,237,23.9,33.3,71.6,53,M,1
36.04464769721729,12.1,4.544802055001511,7.9,539,26.4,32.87244766314882,87.7,61,F,1
47.7,15.7,5.63,2.9,159,27.9,32.9,61.3,39,M,1
38.9,13.1,5.8,12.7,308,22.6,33.7,67.1,46,F,0
35.6,15.01894201442156,4.310975949584005,8.7,441,26.634919162922923,33.7,73.79617049341317,8,M,0
46.7,15.8,5.46,11.192198290239865,258,27.806005109925096,33.33647627682079,86.3,37,M,0
42.3,14.6,4.78,12.378380399912691,282,30.5,34.5,88.5,46,M,1
48.7,16.1,5.6,2.2,128,28.8,33.1,87.0,29,M,0
41.3,13.1,5.186655779853588,2.7,1121,27.8,31.7,81.0,21,F,1
27.04362946435123,9.6,4.42,6.2,309,15.9,29.8,72.9,47,M,0
28.1,11.0,3.32,12.2,205,28.3,31.5,84.6,79,M,1
