haematocrit,haemoglobins,erythrocyte,leucocyte,thrombocyte,mch,mchc,mcv,age,sex,source
37.9,14.792041019086806,4.48,9.4,387,31.778077130784055,33.33647627682079,91.8,66,M,1
42.5,16.5,4.544802055001511,13.231681079729,347,26.9,31.5,85.2,47,M,1
35.3,11.5,4.34,4.3,176,26.5,32.3,81.3,33,F,1
38.22611060743427,13.8,5.21,15.574520746793993,324,26.5,32.6,82.0,46,F,0
41.6,9.941831773592078,4.69,4.4,137,32.294306848813434,33.4,88.7,40,M,0
33.68685355414432,14.63861781481077,3.1729776063165445,9.4,341,28.2300392867936,33.7,74.8,34,M,1
42.6,14.7,5.93,6.6,340,29.50379049152576,34.47633079628765,82.3,7,M,0
34.8,10.7,5.86,8.715533393774555,243,18.3,30.7,59.4,17,F,0
42.2,14.6,4.88,3.0,153,27.7,34.6,84.61133272892113,10,M,0
39.9,13.4,4.55,8.5,486,25.7,33.6,87.7,1,F,0
46.423360283652144,14.7,5.0430837646750435,52.8,256,26.7,33.2,80.5,30,M,0
41.6,14.1,5.4,5.9,193,26.1,33.9,77.0,46,M,1
37.1,10.9,4.96,7.7,258,22.0,29.4,93.8,49,F,1
38.22611060743427,11.7,3.51,7.3,258,33.3,34.8,95.7,47,F,0
26.6,12.8,4.54,4.131295731007494,424,28.2,32.7,86.3,39,M,1
42.593403176635086,14.6,4.64,5.9,160,31.5,35.6,84.61133272892113,52,M,1
36.9,12.5,5.7367378664959086,8.715533393774555,334,28.816283424393664,36.4,76.4014898509152,29,F,0
35.51171121082617,12.749350256875191,5.35,8.6,202,28.8,32.96287514708448,84.3,21,F,0
35.6,12.749350256875191,4.16,16.2,365,28.2300392867936,33.7,85.6,49,F,0
44.6,15.5,4.66,9.0,344,28.8,34.278648298915456,65.9,48,F,0
36.2,15.2,4.48,6.1,231,25.7,31.8,80.8,81,F,1
39.2,13.4,5.35,3.9,153,29.0,32.4,81.47925734571294,69,M,0
47.4,13.4,4.544802055001511,9.4,331,27.8,34.8,79.8,46,M,0
38.4,12.316420688102198,4.593034171629778,12.25445322280416,150,28.8,33.3,83.33432803929834,80,M,0
37.2,15.1,4.85,8.3,229,24.6,34.43208660241036,87.27460816064838,63,M,0
32.6,10.3,5.27,21.0,178,19.5,33.33647627682079,64.5,1,M,0
