age,sex,bmi,children,smoker,region,charges
59,female,32.1,3,no,southwest,14007.222
42,male,31.0,1,no,southwest,10564.8845
61,male,30.66339686098655,1,no,southwest,8782.469
47,female,30.788123704520483,1,no,southwest,8930.93455
-2,male,21.62636553835263,1,yes,northwest,13270.422265141257
18,male,30.66339686098655,0,no,southwest,10325.206
59,male,29.7,1,no,southeast,12925.886
43,male,38.82295248662399,0,yes,southeast,18166.609088763566
24,male,30.305,0,no,southeast,1972.95
64,male,25.537556211797583,3,no,northwest,-5238.132492928824
39,female,28.6,5,no,southwest,18223.4512
19,male,41.55135702323499,0,no,southwest,9957.7216
33,male,24.605,1,no,northwest,13270.422265141257
39,female,39.49,0,no,southwest,4529.477
24,male,30.30848506151504,2,yes,southeast,3537.703
39,male,28.6,3,yes,northwest,46718.16325
61,female,35.91,0,yes,northwest,13635.6379
24,female,23.21,1,yes,southeast,25081.76784
28,female,36.4,1,yes,southeast,13270.422265141257
29,male,22.80335208970969,2,yes,northwest,4922.9159
26,female,23.0,3,yes,southwest,6754.025925429508
26,male,27.28,0,no,northwest,10072.05505
6,male,35.3,3,no,southeast,7196.867
32,male,32.51068593091045,2,yes,northwest,6358.77645
48,male,39.121314661670446,1,no,southwest,9563.029
23,male,41.91,1,no,northwest,1837.2819
40,female,33.0,2,no,southeast,20969.147399200476
64,female,32.965,1,no,northwest,46130.5265
59,male,30.14,3,yes,southeast,12244.531
41,female,24.31,0,no,southeast,-1120.351329387846
92,male,30.66339686098655,3,yes,northwest,46130.5265
39,male,28.31,1,yes,northwest,28868.6639
34,male,27.0,2,no,southwest,11737.84884
26,male,35.42,5,no,southeast,32178.432708010754
44,female,38.06,3,yes,southeast,48885.13561
58,female,35.2,3,no,southwest,7877.494565840315
18,female,39.82,2,no,southeast,1633.9618
27,female,30.3,0,no,southwest,6531.3334172856285
18,male,28.05,0,yes,southeast,33732.6867
45,female,30.66339686098655,0,no,northwest,-1661.7257181351206
23,female,33.05177749823895,1,yes,northeast,16450.8947
38,female,30.69,2,no,southeast,5976.8311
19,male,53.13,2,no,southeast,12778.896684577443
42,female,24.32,0,no,northeast,12523.6048
39,male,30.66339686098655,1,no,southwest,13270.422265141257
18,female,21.66,0,yes,southeast,13270.422265141257
43,male,44.88,3,no,southeast,39722.7462
30,male,24.4,3,yes,southwest,18259.216
53,male,30.495,0,no,northeast,1628.4709
29,male,22.895,1,no,northeast,11566.30055
52,male,22.61,3,yes,southeast,4687.797
27,male,32.585,3,no,southeast,4846.92015
