haematocrit,haemoglobins,erythrocyte,leucocyte,thrombocyte,mch,mchc,mcv,age,sex,source
33.7,11.6,4.16,5.2,205,27.9,34.4,81.0,4,F,0
42.4,14.5,5.750136681380752,11.896015834612191,258,27.54553164663193,34.2,87.2,1,M,0
34.6,11.5,3.88,11.3,258,29.6,32.18727890736888,78.8,72,M,1
31.2,10.7,3.4,4.7,434,29.5,36.02223024277802,91.8,46,F,1
40.3,13.5,3.26,7.4,273,24.7,33.5,73.7,12,F,0
50.07179136022644,12.749350256875191,2.582364255884796,23.8,328,28.2300392867936,31.5,73.8,38,M,0
36.183328440600704,14.558681382923183,4.544802055001511,6.1,262,23.5,33.1,71.2,93,M,0
32.3,13.8,6.059975583511362,4.497692100976494,212,27.7,33.1,83.6,28,M,0
29.5,10.1,3.3,11.6,232,29.78948156395881,34.2,103.61667794843655,75,F,1
38.22611060743427,15.042163525126748,5.89,2.9,174,16.8,34.77521140903789,79.0,4,M,1
38.22611060743427,8.5,2.96,1.7723203060959918,372,28.7,33.2,87.5,43,M,1
42.3,13.251555118169389,4.91,5.6,403,28.5,33.1,88.20309113994391,43,F,0
55.8,14.1,6.75,17.920537161877817,637,28.2300392867936,33.33647627682079,82.7,62,M,0
38.3,12.7,4.55,5.6,154,27.5,33.30860905887787,84.2,72,M,0
42.76933543515503,14.5,4.544802055001511,5.4,163,28.5,33.0,86.4,44,M,0
34.6,11.2,4.42,7.0,152,25.3,32.4,84.61133272892113,1,M,1
33.7,11.699027208285887,2.95,12.0,265,19.3,30.9,49.62159709663499,46,F,0
43.1,14.5,4.57,8.2,216,31.7,33.6,84.61133272892113,53,M,1
32.9,11.5,4.04,4.9,183,28.5,38.1,84.4,30,M,0
40.4,8.3,4.77,8.715533393774555,140,27.9,33.33647627682079,87.83601666666644,13,F,0
41.7,10.7,3.38,8.715533393774555,188,31.7,33.1,95.6,13,M,1
41.0,17.8,4.78,15.6,803,31.5,32.8,80.6,44,M,0
34.5,10.8,5.046601899413697,8.7,297,20.3,31.3,89.2,27,M,0
44.3,12.749350256875191,4.97,6.6,210,29.8,33.4,97.3,50,M,0
33.23233541556589,8.7,5.47,13.1,207,27.96894922490455,32.0,83.4,74,M,0
29.2,10.0,3.37,5.0,274,24.272579124954436,31.6,86.6,82,F,0
