age,sex,bmi,children,smoker,region,charges
48,female,21.01,2,no,southeast,24513.09126
54,female,28.31,1,no,northwest,13270.422265141257
19,female,28.4,1,no,southwest,2331.519
63,male,25.1,3,yes,southeast,25382.297
42,male,26.315,1,no,southeast,6940.90985
44,male,22.135,3,no,southwest,8302.53565
59,female,31.825,0,no,southeast,2719.27975
57,male,35.1,2,yes,northwest,6198.7518
73,female,27.645,0,no,southeast,7421.19455
42,male,29.0,1,no,southwest,7050.642
45,male,27.5,3,no,northeast,8615.3
30,male,24.13,0,no,southeast,17016.829854503663
23,female,26.51,0,no,southeast,20158.674304606782
26,male,23.7,1,no,southwest,10579.711
61,female,25.08,0,no,northwest,11013.7119
64,male,28.03050855175559,3,no,northwest,36584.7822922475
19,female,24.5328209105576,0,no,northwest,2117.33885
48,male,30.0,1,no,northwest,13270.422265141257
18,male,24.828304162267713,1,no,southeast,1711.0268
19,male,27.835,0,no,southeast,1635.73365
25,female,26.79,2,no,northwest,4189.1131
26,female,30.66339686098655,0,no,southwest,3410.324
31,male,26.41,0,no,southeast,20878.78443
39,male,14.062274664880235,0,no,southwest,1241.565
23,male,37.1,3,no,southwest,3597.596
39,male,30.66339686098655,0,no,northeast,3640.8287612769964
