age,sex,bmi,children,smoker,region,charges
33,female,30.9,5,no,southwest,-2089.2984875390084
35,male,29.1,0,no,southwest,3761.292
49,male,23.670000764634047,0,no,southeast,8125.7845
24,female,27.93,0,no,southeast,4137.5227
33,male,24.587118057736244,0,no,northwest,1906.35825
48,male,27.93,4,yes,northwest,13270.422265141257
39,male,30.78,3,yes,southeast,39727.614
55,male,32.67,1,no,southwest,19749.723214360125
38,female,30.66339686098655,2,no,northeast,20272.863910523487
35,male,36.67,1,no,northeast,39774.2763
64,male,30.66339686098655,3,no,southeast,13270.422265141257
29,male,27.94,1,yes,northeast,19107.7796
19,male,21.755,0,no,northwest,1627.28245
49,male,26.08917043266753,0,yes,southwest,10141.1362
18,female,37.29,1,no,northwest,2219.4451
57,female,28.025,1,no,northeast,6067.12675
23,male,46.75,0,no,southeast,17081.08
39,female,18.3,2,no,southeast,19023.26
38,female,46.75,0,no,northwest,11830.6072
37,female,24.09,1,no,northwest,2201.0971
27,male,28.025,0,yes,southwest,27316.581900357014
47,male,22.852752533420357,1,yes,southeast,21978.6769
26,male,31.065,0,no,northwest,6289.7549
16,male,31.4,1,no,southeast,17560.37975
39,male,19.57,1,no,northwest,8428.0693
25,male,25.84,1,no,southeast,3309.7926
