haematocrit,haemoglobins,erythrocyte,leucocyte,thrombocyte,mch,mchc,mcv,age,sex,source
42.6,12.749350256875191,5.1,10.414821659491631,294,29.3,33.37650571047994,83.5,18,F,0
40.1,13.2,4.81903314733992,5.1,235,30.3,32.9,82.2,59,F,0
38.22611060743427,14.1,5.772312109770628,21.5,258,34.429880165128026,33.3,59.5,25,M,1
30.2,12.749350256875191,4.544802055001511,18.43155877951652,310,29.0,34.1,85.1,46,M,1
34.885349826621166,15.3,5.43,7.2,176,28.2,33.4,84.0,55,M,0
36.4,11.9,3.8,10.9,480,31.3,32.7,84.61133272892113,88,F,0
31.4,10.1,4.3,6.8,187,23.5,33.33647627682079,70.5,24,M,1
47.4,16.5,5.333395814784439,9.4,331,30.0,34.8,79.8,24,M,0
38.22611060743427,13.0,4.29,10.7,92,30.3,33.4,90.56156342396872,27,F,0
32.5,10.9,5.39,8.715533393774555,198,27.7,33.5,82.7,67,F,1
39.23406481684993,14.7,4.73,6.0,261,28.2300392867936,33.3,93.2,55,M,0
43.1,14.509479049013814,5.48,8.8,150,29.1,32.78060016710071,84.61133272892113,69,M,0
29.3,9.8,3.26,8.2,734,30.1,33.6,89.9,92,F,1
48.1,16.5,4.85,4.8,203,32.503216843831154,33.34283518675865,87.8,38,M,1
38.4,12.9,4.99,7.354102313918275,69,24.4,32.0,75.78629367639901,55,M,1
38.6,14.1,4.97,4.0,290,32.64537195733413,33.3,96.0214071696053,47,F,0
34.553284383279625,14.3,4.71,8.715533393774555,261,30.4,33.35099928543326,90.4,21,M,0
43.9,13.835965969553856,4.87,5.9,263,30.0,33.3,90.1,62,F,0
41.95659602430774,12.247564885312514,4.58,10.8,272,29.4,34.8,84.1,60,M,0
26.8,10.8,4.01,4.3,232,23.9,34.5,96.61053971492424,34,F,0
42.1,7.9,2.37,7.4,196,27.52678210543851,34.4,85.2,46,M,0
33.5,11.39029194517644,3.71,15.025064743967791,173,29.4,32.5,90.3,72,F,1
42.0,14.0,3.3746920128321296,7.2,254,30.7,33.33647627682079,92.0,84,M,0
36.9,12.5,4.544802055001511,9.4,218,28.2300392867936,28.1,92.1,29,M,0
42.4,12.2,4.63,15.5,258,27.9,33.4,83.4,53,F,1
40.4,13.5,4.44,4.4,184,30.4,33.4,91.0,38,F,0
