age,sex,bmi,children,smoker,region,charges
23,female,42.75,1,no,northeast,40904.1995
48,female,24.052725299635256,1,no,southeast,8964.06055
22,female,26.84,3,no,northeast,1664.9996
18,male,32.395,1,no,southeast,2362.22905
27,male,26.62,3,no,southwest,4827.90495
58,female,33.0,3,no,southeast,-2933.9616763566664
50,male,36.2,0,no,southwest,7530.235882423351
41,male,32.2,1,no,southwest,28035.503786350964
61,male,44.0,3,no,southwest,13063.883
41,female,33.77,0,no,northwest,2134.9015
51,male,30.66339686098655,2,no,southeast,9304.7019
62,female,39.16,0,no,southeast,13470.8044
20,female,37.0,5,no,southeast,13270.422265141257
39,male,29.26,3,no,southeast,6184.2994
50,female,32.11,3,no,southeast,25333.33284
38,male,18.45949810976067,0,yes,southeast,23244.7902
44,female,45.43685793694566,2,no,northeast,52338.20838202568
39,female,34.1,0,no,northeast,13270.422265141257
49,male,30.66339686098655,1,no,northeast,11552.904
36,male,27.28,3,no,southeast,18223.4512
23,female,31.265703384636627,1,yes,southwest,18328.2381
51,male,25.7,0,no,southwest,22395.74424
44,female,23.75,5,yes,northeast,23563.01618
21,male,37.73,1,no,southeast,9877.6077
21,male,21.85,1,yes,southeast,15359.1045
39,male,24.32,2,no,southeast,11729.6795
