haematocrit,haemoglobins,erythrocyte,leucocyte,thrombocyte,mch,mchc,mcv,age,sex,source
21.70958713533979,14.1,4.85,18.306594118560003,150,29.1,32.4,84.61133272892113,46,M,0
38.22611060743427,13.0,4.88,14.2,325,26.6,34.4,97.96674428779417,31,F,0
26.7,8.84618943379118,3.06,8.9,365,28.8,33.33647627682079,94.28370960491954,72,M,0
30.6,11.1,3.49,5.2,185,31.8,36.3,87.7,72,M,0
42.8244785086896,12.7,4.94,1.8,41,25.7,34.1267512577109,77.3,63,F,1
38.7,13.0,5.09,11.5,258,28.2300392867936,33.6,66.4,39,F,0
35.61870821374864,12.754409734615676,4.7179226043955795,2.5,197,27.7,34.0,81.7,21,F,1
37.8,13.2,5.075315323484407,21.8,116,26.123417282602027,33.33647627682079,84.21624048328235,56,M,0
37.9,15.5,4.544802055001511,2.1882252730061262,207,28.5,32.2,88.6,46,M,0
38.5,13.0,4.49,9.448660097247613,214,29.0,34.1383505049776,85.7,44,F,0
39.2,12.9,4.54,4.510411881904947,258,29.3587458222474,32.9,86.3,63,M,0
38.22611060743427,9.2,5.2,2.6,70,28.7,33.9,81.0,45,F,1
38.2,12.749350256875191,3.796200182292437,8.715533393774555,304,30.5,35.1,93.9,78,F,0
40.4,13.3,4.69,6.6,320,31.3,32.9,86.1,21,F,0
38.0,15.1,4.404509270546579,13.8,161,28.4,32.6,95.7,83,M,1
42.2,13.168080452101576,5.21,3.9,10,28.4,32.5,84.4,18,M,0
39.9,12.7,5.0,6.4,331,25.967821056917042,35.304407581252555,79.8,58,F,0
48.6,12.6,5.5,6.9,54,29.1,28.5,71.3,7,M,1
40.7,13.5,4.19,4.1,341,32.2,33.2,80.3,40,M,1
30.6,9.6,4.09,4.8,346,23.5,31.4,73.1157037589357,54,M,0
47.647041940771075,11.5,1.72,8.715533393774555,50,28.2300392867936,33.8,88.1,10,F,1
39.5,13.36588440195207,7.21,21.4,294,30.2,33.19428287954035,85.7,46,M,1
28.3,12.749350256875191,5.11,3.4,130,29.9,34.0,88.1,19,M,1
32.6,11.5,4.16,12.2,397,32.3,35.3,78.4,46,M,0
45.0,14.9,4.544802055001511,5.6,212,20.6,32.5,63.5,90,F,1
14.5,5.0,3.86,5.0,226,30.729508098263285,34.5,84.61133272892113,75,M,1
