age,sex,bmi,children,smoker,region,charges
39,male,42.29259044326498,0,yes,northwest,42560.4304
42,female,36.85,0,yes,southwest,-9218.007723487674
44,male,34.1,0,no,southeast,9140.951
49,male,27.1537635459201,2,no,southeast,13270.422265141257
21,male,30.66339686098655,0,no,northwest,2104.1134
44,male,27.5,1,no,southwest,39774.2763
37,female,33.097473241819934,2,yes,southeast,30417.191817481027
33,female,36.29,3,no,northeast,49238.32715044743
24,male,32.7,1,yes,southwest,13270.422265141257
55,male,30.66339686098655,0,no,southwest,10253.175396989722
22,female,25.9496691131527,1,no,southwest,11987.1682
63,female,41.47,0,no,southeast,13405.3903
47,male,19.57,1,no,southeast,8428.0693
23,female,30.4,0,no,northwest,33907.548
37,male,33.88,4,yes,southwest,2055.3249
39,male,38.16806011063968,0,no,northeast,2211.13075
42,male,19.8,1,yes,southwest,13270.422265141257
55,male,39.8,0,yes,southeast,10807.4863
28,female,40.92,1,yes,southwest,51194.55914
41,female,37.1,2,no,northwest,7371.772
39,male,22.23,2,no,northeast,12029.2867
23,male,50.38,1,no,southeast,13270.422265141257
28,female,25.26753716288075,0,no,southwest,1682.597
39,female,24.92219342800943,0,yes,southeast,13887.204
29,male,32.11,0,no,northwest,8965.79575
19,female,30.66339686098655,0,no,southwest,1242.26
23,female,33.4,0,no,southwest,3597.596
37,male,28.332866520869256,1,yes,southeast,39871.7043
25,female,36.599922179589704,1,no,southeast,3238.4357
57,male,32.1,2,no,southeast,8904.940877477213
53,male,35.64,3,no,southwest,13270.422265141257
53,female,40.42469811614748,1,yes,southeast,10461.9794
34,male,34.21,0,no,southeast,3935.1799
59,male,41.14,1,yes,southeast,48970.2476
42,male,24.605,2,no,southwest,5257.50795
48,female,34.1,0,no,southeast,9283.562
35,male,36.67,1,no,northeast,7626.993
18,male,35.15,0,yes,northwest,25332.020903896417
46,female,35.245,1,no,southwest,8823.98575
57,male,23.18,2,no,southeast,7209.4918
39,female,35.5,2,no,southwest,20338.09631093159
32,female,40.185,0,no,northwest,21415.862355933008
29,male,30.66339686098655,2,no,southeast,19040.876
63,female,26.22,1,no,southeast,6123.5688
30,male,33.63,0,yes,northwest,49577.6624
22,male,37.1,3,no,northeast,3597.596
22,male,35.6,0,yes,northwest,35585.576
47,female,31.92,0,no,northeast,2731.9122
27,female,30.4,3,no,northwest,18804.7524
39,male,36.96,1,no,northwest,17716.27592608237
31,male,30.66339686098655,1,no,southeast,-4923.117664914513
36,female,26.2,4,no,southwest,8569.8618
