age,sex,bmi,children,smoker,region,charges
29,female,25.6,4,no,southeast,5708.867
60,female,36.005,0,yes,northeast,13270.422265141257
18,female,42.24,4,yes,southeast,15019.76005
40,female,30.66339686098655,1,yes,southeast,6500.2359
23,male,37.1,3,no,southeast,3597.596
40,female,37.715097508628496,1,no,northeast,2827.3816519191414
56,female,30.115,0,no,southwest,14380.11347398462
39,male,28.215,4,no,southeast,10407.08585
28,male,32.69356550490438,1,no,northwest,2045.68525
33,male,25.65,1,no,northeast,13270.422265141257
18,male,27.1,1,yes,southwest,19040.876
20,male,32.395,1,no,northwest,2362.22905
39,male,29.140425971285623,0,no,northwest,6123.5688
44,female,33.25,1,no,northwest,2200.83085
31,male,33.4,0,no,southwest,1980.07
34,female,26.885,1,yes,northwest,43943.8761
44,female,30.66339686098655,2,no,northwest,33471.97189
39,male,19.95,1,no,northwest,-7776.154500234379
47,female,19.57,1,no,northeast,15450.154914078454
19,male,35.7816576291052,0,yes,northwest,17352.6803
62,female,30.495,2,no,southeast,38792.6856
25,female,24.13,1,yes,northwest,15817.9857
63,male,30.14,0,no,southeast,1131.5066
48,female,34.3,3,no,southwest,9563.029
35,male,47.41,0,yes,southeast,63770.42801
29,male,30.8,0,yes,northwest,35491.64
