age,sex,bmi,children,smoker,region,charges
19,male,36.955,0,yes,northwest,36219.40545
34,male,27.5,1,no,southwest,24513.09126
59,male,25.46,1,no,northeast,13270.422265141257
60,male,27.79581086861575,0,no,southeast,6082.405
39,male,41.14,0,no,northeast,7935.29115
56,female,23.927437774321223,1,no,northeast,20756.22997158048
29,male,38.06,0,yes,northeast,13270.422265141257
60,male,30.66339686098655,3,no,southwest,3591.48
55,male,37.29,0,no,northeast,4058.1161
44,male,30.66339686098655,0,no,southeast,7419.4779
46,female,30.8,3,no,southwest,9414.92
33,female,30.66339686098655,1,no,northwest,4795.6568
39,female,22.515,0,no,southeast,34166.273
24,female,38.28,0,no,southeast,13270.422265141257
22,male,52.58,1,yes,southeast,44501.3982
43,male,33.70990680075705,2,no,southeast,3471.4096
39,female,27.5,1,no,southwest,8162.71625
31,female,36.3,5,yes,northeast,38711.0
30,male,28.567542068876403,0,no,southeast,16884.924
46,male,34.6,0,no,southeast,41661.602
23,female,22.895,0,no,southeast,12648.7034
39,male,38.38,0,no,northwest,12950.0712
39,male,32.9,0,no,northeast,-20321.578137765006
45,female,32.251648287382814,1,no,southeast,8515.7587
19,female,35.449639058874695,2,yes,southeast,13270.422265141257
36,male,27.6,-1,no,southeast,24603.04837
69,female,29.92,3,no,southeast,20503.189512320718
49,male,25.84,1,yes,northwest,-6503.203930609288
47,male,25.41,1,yes,southeast,1317.2069925562846
59,male,25.175,0,no,northwest,11931.12525
60,female,35.7,0,no,southeast,3761.292
65,female,46.096554627138445,3,yes,southeast,46151.1245
60,male,21.47,0,no,southeast,13217.0945
14,female,30.97,3,yes,northeast,13957.946048542004
52,male,35.6,-2,yes,southwest,35585.576
59,female,30.66339686098655,0,yes,northwest,13224.05705
35,female,32.7,3,no,southwest,6414.178
25,male,32.23,2,no,southwest,18218.16139
30,male,35.3,0,no,southeast,36837.467
58,female,29.1,0,no,southeast,13270.422265141257
59,male,25.08,1,no,northeast,8277.523
37,male,46.53,3,no,southeast,6435.6237
60,female,30.66339686098655,1,no,southwest,13204.28565
60,male,39.9,0,yes,southwest,16391.26388188942
19,female,29.83828254764872,0,yes,southwest,1136.3994
48,female,44.88906520543415,1,no,southeast,-2544.7424748703997
26,male,24.287029990308284,3,no,southeast,2902.9065
57,male,45.9,4,yes,southwest,3693.428
48,male,30.875,0,no,northeast,10517.141062311734
51,male,31.635,0,no,northwest,20068.478685656497
39,female,22.04,0,yes,northeast,13616.3586
31,male,28.9,1,yes,southwest,7325.0482
