age,sex,bmi,children,smoker,region,charges
26,female,40.99485794738347,1,no,northeast,13270.422265141257
30,female,34.5,0,no,southwest,20202.817941159563
39,female,28.38,1,yes,southeast,19521.9682
23,female,30.66339686098655,0,no,southeast,1815.8759
34,female,33.11,0,no,southeast,3171.6149
65,male,20.35,0,no,southeast,8605.3615
58,male,34.21,0,no,southeast,3935.1799
44,male,22.42,0,yes,southwest,13270.422265141257
37,male,22.61,0,no,southeast,1628.4709
23,male,42.46,-1,no,southwest,-12781.929140337324
28,female,30.66339686098655,2,no,southeast,13270.422265141257
18,female,33.88,0,no,southeast,13270.422265141257
60,male,30.66339686098655,0,no,southwest,52590.82939
26,male,19.72242387966876,1,no,southeast,11033.6617
42,male,26.18,1,no,southeast,28468.91901
25,male,35.8,2,no,southeast,7160.094
35,male,34.21,1,no,southeast,5245.2269
53,male,28.34693376495896,3,yes,northeast,24873.3849
39,male,34.1,0,no,northeast,1137.011
35,male,17.86,1,no,northwest,5116.5004
26,male,33.7,4,no,northeast,8347.1643
64,female,37.05,3,yes,northwest,46255.1125
23,male,32.78,2,yes,southeast,36021.0112
63,male,30.444519650077268,0,no,southeast,27375.90478
51,male,21.206314295953575,0,no,northeast,-3985.7254959086404
46,female,33.60486308217692,1,no,southeast,24671.66334
30,male,37.8,2,yes,southwest,39241.442
49,male,27.1,0,no,northwest,23794.44871095106
48,male,41.23,1,no,northwest,3378.91
14,female,30.66339686098655,0,no,southeast,1664.9996
21,male,36.3,1,yes,southwest,11455.28
18,male,44.6290676138123,3,yes,southeast,4399.731
34,male,28.35432933803023,3,yes,southeast,24918.01059423639
39,male,37.05,0,no,northwest,13270.422265141257
58,female,28.215,0,no,northwest,15364.542919127165
63,male,40.3,1,no,southwest,12639.79360464781
36,male,32.965,0,yes,northwest,17652.833808405016
38,female,28.93,1,no,southeast,5974.3847
19,male,27.730181719498383,0,no,northeast,8767.238713551364
15,female,39.49,1,no,southwest,15861.416756559925
19,male,30.59,1,no,southeast,1639.5631
53,female,37.43,2,no,northwest,10959.6947
60,male,39.4,1,no,southeast,12142.5786
25,female,42.13,3,no,northeast,3238.4357
26,male,24.09,0,no,southwest,7935.29115
38,male,27.645,1,no,northwest,11305.93455
19,female,30.66339686098655,0,yes,southwest,2128.43105
39,female,26.885,3,no,northwest,15612.19335
55,female,32.395,1,no,northwest,11743.9341
58,male,38.06,2,no,southeast,12648.7034
39,male,21.85,4,no,southeast,29523.1656
38,female,31.192700720788032,1,no,southeast,5976.8311
