haematocrit,haemoglobins,erythrocyte,leucocyte,thrombocyte,mch,mchc,mcv,age,sex,source
40.9,13.6,4.95,33.0,258,27.5,33.3,82.6,10,M,1
35.29641258027911,13.5,4.68,6.5,397,28.8,33.33647627682079,81.5,46,M,0
32.9,11.1,3.33,8.715533393774555,192,33.3,32.6,90.1,87,M,0
41.4,16.083249962656716,4.20506170473067,18.9,259,29.6,33.6,81.01299974012659,56,F,0
39.00353423369161,12.8,4.79,7.5,339,26.7,31.2,80.81382037264997,67,F,1
53.075472263997284,14.27248411229443,4.81,4.4,48,28.9,33.33647627682079,84.6,67,F,0
28.3,12.749350256875191,3.26,6.495811768771062,248,28.2300392867936,33.2,86.8,53,F,1
48.7,18.3,4.97,8.715533393774555,284,26.6,32.0,83.3,49,M,0
35.3,11.7,4.45,24.7,482,26.3,33.49023811669052,81.14438062414503,72,M,0
40.4,13.7,4.5582210359457624,4.5,124,28.8,33.505064689189226,85.1,25,M,0
25.2,15.7,2.75,7.7,349,33.41525624573163,34.1,91.6,38,F,0
35.1,14.2,4.544802055001511,7.723054267528747,322,27.8,34.3,81.0,56,F,0
38.7,13.163249300505644,4.5,6.1,255,30.2,35.1,86.0,48,F,0
43.5,8.9,5.82,6.0,258,25.0,33.6,97.2,5,M,1
46.4,15.4,4.544802055001511,2.8620309870761957,974,30.0,33.2,85.1,60,F,0
25.5,8.6,5.26,7.4,183,28.2300392867936,35.0,85.4,19,M,0
41.9,12.749350256875191,4.58,8.4,289,34.50999188407807,33.99409906415677,91.5,62,F,1
33.8,11.4,3.37,9.9,305,33.8,33.7,100.3,81,M,0
32.5,10.8,4.633952638047127,7.9,228,23.212895062028135,33.2,85.09257370703999,8,F,0
44.9,14.9,3.33,6.3,179,29.4,33.2,84.61133272892113,51,M,0
38.22611060743427,12.4,4.59,6.9,-36,27.0,33.7,82.8,16,M,1
38.22611060743427,12.7,4.4,7.3,324,28.9,33.2,87.0,34,F,1
44.8,17.95307219335701,5.648051802845211,8.4,226,30.6,34.239590446508316,90.3,58,M,0
34.9,11.1,4.28,9.5,238,27.57209079030174,31.8,88.5,34,F,0
36.4,12.7,6.13,6.855175419511044,350,15.5,36.7,84.7,46,M,1
39.510481096332214,12.2,4.77,4.6,320,25.6,33.6,84.61133272892113,10,M,0
