haematocrit,haemoglobins,erythrocyte,leucocyte,thrombocyte,mch,mchc,mcv,age,sex,source
37.8,14.084475534976683,4.35,5.5,280,28.5,32.8,86.9,39,F,1
35.0,11.7,4.448943693004031,5.433556479915358,377,29.8,32.4,94.43012834559057,57,M,1
31.2,13.8,3.756113322771759,14.1,276,30.3,35.3,85.7,7,M,0
45.2,15.7,5.26,6.504975771156449,382,28.452843541497135,26.0,85.9,52,M,0
37.2,14.211213472936807,6.18,21.37386943718637,258,18.9,33.33647627682079,60.2,33,F,0
38.78675268753438,14.5,4.06,7.3,338,27.5,33.3,84.61133272892113,46,F,0
35.442866401340815,14.0,4.45,6.2,255,27.03184719866738,33.7,96.6,67,M,0
43.1,6.0,5.21,6.5,150,27.6,33.4,92.5,33,M,1
33.9,11.0,3.769728633404164,7.1,401,28.2300392867936,32.4,82.72811187207343,92,M,0
25.0,8.1,4.544802055001511,11.7,343,24.963305903568962,33.4,82.8,43,M,0
34.491886874028964,13.274073384384565,4.35,7.118087585946882,280,27.6,32.6,84.6,3,F,0
41.3,13.5,4.68,24.8,64,28.8,32.7,101.16875831792785,86,M,1
38.22611060743427,16.3,4.36,15.5,284,28.3,34.8,84.61133272892113,43,M,0
37.0,12.749350256875191,3.35,14.1,293,16.9,37.4,87.5,46,F,1
39.1,12.749350256875191,3.55,8.715533393774555,528,29.6,33.7,87.9,57,M,1
29.0,14.954673099070572,3.23,9.6,265,34.98963534668076,32.1,89.8,72,M,0
47.2,15.6,5.08,7.3,291,30.7,33.15906545423227,87.7,43,M,0
38.22611060743427,15.3,5.33,4.7,254,28.7,34.03521635381665,83.0,24,M,1
43.99048321148954,14.3,5.28,2.8,193,27.1,33.33647627682079,79.4,9,F,1
37.1,11.2,6.04,5.0,388,18.5,33.13718773380648,61.4,46,M,0
43.9,15.0,5.15,10.0,258,29.1,34.2,71.73830904709293,46,M,0
29.6,15.7,5.22,4.0,357,30.1,34.0,88.5,43,M,0
37.8,13.2,5.2,8.715533393774555,247,30.5,34.9,86.7,16,M,1
46.8,16.0,5.316895065145674,9.1,384,31.3,33.599822667251615,82.8,46,M,0
42.2,14.5,4.544802055001511,5.9,220,28.2300392867936,34.4,92.9,38,M,0
31.8,8.9,5.82,2.5,233,25.1,35.6,70.4,43,M,0
