age,sex,bmi,children,smoker,region,charges
42,male,34.13564815692331,1,no,southwest,10436.096
49,male,30.66339686098655,0,no,northwest,13270.422265141257
36,male,19.3,5,yes,northeast,39125.33225
62,male,30.68728969427265,1,no,northwest,27913.554080251222
18,female,33.048725362361075,1,no,northeast,14283.4594
32,female,39.615,1,no,northwest,2730.10785
22,female,41.325,2,no,northeast,30259.99556
48,male,31.35,1,yes,northeast,39535.53900199337
40,female,32.775,1,yes,northwest,5469.0066
20,female,28.785,0,no,southeast,-13374.823254935833
48,female,25.058323096502235,1,no,southwest,23568.272
38,male,38.39,3,yes,southeast,41949.2441
59,female,33.33,0,no,northeast,8283.6807
28,male,29.26,2,yes,northeast,4438.2634
30,male,37.8,2,yes,southwest,12231.6136
33,female,28.27,1,no,southeast,4779.6023
31,male,20.13,0,yes,northwest,18767.7377
52,male,33.63,1,no,northeast,37607.5277
39,male,26.03,0,no,southeast,14280.47010054243
43,female,30.66339686098655,0,yes,southeast,45863.205
29,female,34.21,0,no,southwest,4529.477
37,female,30.78,0,yes,southeast,13270.422265141257
35,female,24.6,1,no,southeast,5245.2269
39,male,36.765,2,no,northwest,26467.09737
54,female,26.18,1,no,southeast,7046.7222
34,male,21.375,0,no,northeast,4500.33925
