age,sex,bmi,children,smoker,region,charges
61,female,33.33,2,no,southeast,36580.28216
42,male,37.4,2,yes,northeast,7162.0122
54,male,27.17,2,no,southeast,10928.849
58,female,36.86,1,no,southeast,31620.00106
32,male,25.745,1,yes,southeast,37607.5277
58,male,25.266477903186168,0,no,southeast,13143.86485
32,male,28.93,1,yes,southeast,19719.6947
19,female,33.11,1,no,southeast,18328.2381
62,male,30.02,0,no,northwest,32600.596697050398
28,male,24.3,2,no,southeast,18117.89351926079
53,female,22.61,1,no,northwest,9566.9909
39,female,30.66339686098655,3,no,southeast,-690.8648254852178
39,female,22.99,2,no,northwest,17361.7661
33,female,22.135,1,no,northeast,5354.07465
-4,male,28.17640632823349,1,no,southeast,6600.20595
38,male,47.684315904013204,0,no,northwest,10231.4999
18,female,30.66339686098655,1,no,southeast,-5702.679768261234
61,male,30.66339686098655,1,no,northwest,28868.6639
39,male,30.66339686098655,5,yes,southeast,7160.3303
55,female,37.715,3,no,northwest,13270.422265141257
56,male,32.678429291639105,0,no,southwest,11070.535
15,female,35.57218189316604,3,no,southwest,13270.422265141257
39,female,30.66339686098655,0,no,northwest,2134.9015
22,male,27.74,2,no,southeast,20984.0936
38,male,27.6,0,no,southeast,-637.9118078495958
22,female,25.853585092353672,0,no,northeast,2731.9122
28,male,33.0,3,no,southeast,40003.33225
39,male,30.762682403403538,1,no,southeast,4438.2634
61,male,23.21,1,yes,southeast,19472.52566729994
40,male,34.105,1,no,northwest,19361.9988
39,male,42.13,1,no,northeast,13462.52
38,female,25.0,0,no,northeast,13270.422265141257
32,female,24.6,1,yes,southwest,4670.64
40,male,29.165,0,no,northeast,13270.422265141257
9,male,25.935,0,no,southeast,1534.3045
39,male,37.18,0,no,southeast,21797.0004
48,male,29.25498314151716,2,no,southwest,6414.178
53,female,29.877068934154696,2,no,southeast,13270.422265141257
53,female,46.2,0,no,northeast,21344.8467
33,male,35.245,0,yes,southwest,12404.8791
35,male,30.2,2,no,southwest,8968.33
40,female,41.23,1,no,northwest,6610.1097
36,male,30.875,1,no,northwest,5373.36425
64,female,31.825,2,no,northeast,16069.08475
25,female,22.515,3,no,northeast,25140.335747109864
48,male,29.7,0,no,southwest,8897.743877663223
45,male,24.31,2,no,southeast,9788.8659
53,female,26.6,0,yes,northwest,10355.641
21,male,36.85,5,no,southwest,1515.3449
39,female,33.11,0,yes,southeast,41936.46506007708
16,male,41.36491243102775,1,yes,northeast,16559.087689979544
58,male,36.955,2,yes,northwest,47496.49445
