age,sex,bmi,children,smoker,region,charges
55,male,22.3,1,no,northeast,2017.3648816461232
24,female,22.8,2,no,northwest,8823.279
24,male,30.236275627090436,0,yes,southeast,34472.841
42,male,33.69305503308675,0,yes,northeast,22144.032
24,male,26.6,2,yes,northeast,13270.422265141257
18,male,23.32,1,no,northwest,24496.956035170144
18,female,27.28,3,yes,southeast,45863.205
39,female,33.1,0,no,southwest,11848.141
58,male,26.566003256524013,0,no,northeast,11931.12525
49,male,27.1,1,no,southeast,26140.3603
49,male,22.135,5,no,southeast,8302.53565
18,female,30.115,0,no,southwest,16746.38220947852
52,female,30.66339686098655,2,yes,southeast,24667.419
39,male,30.66339686098655,0,no,northwest,34371.00459868514
67,female,25.2,0,yes,northeast,11658.11505
51,female,34.2,1,no,southwest,9872.701
27,male,17.955,1,yes,southeast,10493.9458
44,male,24.86,0,no,northeast,21880.82
22,female,33.26418134634335,1,no,northeast,2755.02095
34,female,49.06,0,no,southeast,11381.3254
58,female,28.595,-2,no,southeast,11837.16
58,female,41.91,0,no,southeast,13270.422265141257
26,female,46.75,5,no,northeast,12592.5345
44,male,21.85,1,no,northeast,8891.1395
37,male,31.68,2,no,southeast,34303.1672
43,female,24.7,2,yes,northwest,8688.85885
