age,sex,bmi,children,smoker,region,charges
27,male,30.5,0,no,southeast,2494.022
63,male,27.41357465374641,1,yes,southeast,-4541.350305121952
37,male,30.875,0,no,northwest,15670.277887533903
49,male,37.51,2,no,southeast,9304.7019
62,male,24.208686656966176,2,yes,northwest,47496.49445
42,male,30.66339686098655,0,no,southeast,19515.5416
19,male,28.31,1,no,northeast,11272.33139
36,female,32.67,1,no,southeast,18328.2381
39,male,37.68883284984472,0,no,southwest,13270.422265141257
23,male,30.66339686098655,4,yes,southeast,10807.4863
19,female,28.9,-1,yes,northwest,1743.214
52,male,47.74,1,no,southeast,9748.9106
29,male,43.4,2,no,southwest,39241.442
35,male,23.18,3,no,southwest,13270.422265141257
18,female,31.13,0,yes,southeast,11070.535
22,male,33.535,2,no,northeast,2731.9122
62,female,39.16,0,no,southeast,13470.8044
55,male,33.345,2,no,southeast,19442.3535
64,male,38.19,0,no,northeast,14410.9321
38,female,34.8,1,no,southwest,6571.544
28,male,26.84,1,yes,southeast,26805.89818207912
21,female,22.135,1,no,northeast,1797.6684007972804
56,male,24.773385211391062,0,no,northeast,1967.0227
39,female,33.25,0,no,southwest,11881.9696
24,female,20.52,0,no,northeast,14571.8908
