age,sex,bmi,children,smoker,region,charges
60,female,34.8,1,no,southwest,3577.999
40,female,30.66339686098655,1,no,southwest,6496.886
42,female,26.695,5,yes,southwest,27603.30985868797
54,female,31.9,1,no,southeast,10928.849
24,female,25.3,5,yes,southeast,4562.8421
19,male,35.53,0,no,northwest,1646.4297
18,male,20.571712559346537,1,yes,northeast,11682.627821777562
20,male,30.115,0,no,southeast,6067.12675
48,male,27.28,3,no,northwest,45702.02235
19,male,23.460699300869123,1,no,southeast,1727.785
42,male,24.75,1,no,southeast,5246.047
37,female,38.39,0,yes,southeast,40419.0191
57,female,34.77,0,no,northwest,3556.9223
32,female,29.59,0,no,southeast,24667.419
26,male,44.22,2,no,northeast,4266.1658
53,female,35.9,2,no,southwest,13270.422265141257
39,female,30.66339686098655,0,no,southeast,14254.6082
27,female,34.8,-1,yes,southwest,13270.422265141257
29,male,34.4,0,no,northwest,36197.699
34,female,30.495,2,no,northwest,4380.3193938671175
30,female,40.185,0,no,northwest,3201.24515
51,male,24.415,4,no,northwest,11520.09985
64,male,24.7,1,no,northwest,12176.740814943922
43,female,31.336022598841268,2,yes,northwest,19539.243
39,female,37.40121586419654,1,no,southeast,13937.6665
23,male,27.36,5,no,northwest,2789.0574
