haematocrit,haemoglobins,erythrocyte,leucocyte,thrombocyte,mch,mchc,mcv,age,sex,source
45.8,14.719553737282238,4.69,18.1,168,30.9,31.7,97.7,93,F,0
39.4,11.2,4.13,8.715533393774555,205,32.0,33.5,95.4,72,M,0
31.02392749189872,13.4,4.96,11.3,383,27.0,33.7,81.9,41,F,0
33.1,15.0,5.544927130032293,3.0,67,30.3,29.0,86.9,35,M,1
42.2,14.4,4.95,18.615084967445572,257,29.1,33.33647627682079,82.58190804735959,24,M,1
29.9,12.749350256875191,3.4368757144937514,21.1,377,27.804239338202734,32.34330934068976,85.2,46,F,1
20.7,6.4,1.98,16.2,388,32.3,30.9,104.5,46,M,1
44.1,12.666904080087832,4.67,9.527293537499133,1121,30.6,33.3,94.4,64,F,0
43.5,10.5,3.81,13.0,360,27.6,34.8,73.7,89,F,0
39.67551419320477,7.8,5.96,2.1789671379183293,170,28.2300392867936,32.48422528898179,89.0,25,M,0
23.3,10.235124587339957,2.37,6.7,223,33.8,34.3,88.04756663739394,72,M,0
39.7,12.749350256875191,3.989762299677315,6.1,249,28.2300392867936,35.5,83.0,46,M,1
32.6,11.0,3.16,9.3,258,34.8,35.7,95.27088666651096,87,F,1
30.2,14.3,5.06,8.715533393774555,345,28.3,32.9,77.29075433847046,32,M,0
36.3,18.2,4.25,5.8,408,28.493011585109038,32.5,84.61133272892113,58,F,0
44.777090407498086,10.1,3.19,9.3,89,26.1,32.7,96.9,74,M,1
38.3,11.4,5.43,13.4,633,22.797345132414353,29.8,70.5,53,F,1
41.2,10.4,5.15,4.6,258,20.2,32.1,62.9,3,M,1
38.2,13.3,4.544802055001511,11.080126839932161,87,27.8,33.33647627682079,84.61133272892113,12,M,1
35.30369883178112,13.2,3.72,7.2,285,31.216361644074215,33.0,95.7,74,F,0
38.0,12.3,2.485461356373567,16.7,256,25.5,32.80195247680309,73.9,12,M,0
38.6,13.4,4.72,4.3,60,29.6,34.7,85.2,44,M,1
38.22611060743427,11.8,3.47,4.4,289,31.7,33.17270518699348,94.4,65,F,0
33.2,10.6,3.46,7.3,193,31.5,31.9,78.2,80,M,1
38.22611060743427,13.8,4.544802055001511,11.6,258,32.3,33.7,95.8,72,M,0
38.8,16.651317736025838,4.96,6.1,319,26.6,34.0,96.0,42,M,0
