age,sex,bmi,children,smoker,region,charges
25,male,28.825426147874992,0,yes,northeast,9414.92
-7,female,27.6,2,no,southeast,13270.422265141257
39,male,25.46,1,no,southeast,24513.09126
12,male,26.7,0,no,southwest,-276.7575334883404
64,male,19.19,2,no,northeast,11488.200387746612
54,male,21.85,0,yes,northwest,8744.828669430659
39,female,30.66339686098655,1,no,northeast,11842.62375
40,female,37.433179337000695,1,no,southwest,28476.73499
27,female,47.6,0,yes,northeast,43896.3763
25,male,45.54,2,no,southeast,54264.58556756227
19,male,29.13728072189999,0,no,southwest,1256.299
41,male,31.825,0,no,southeast,8627.5411
23,male,36.955,0,no,northwest,31816.983545698597
34,female,27.5,1,no,southwest,3025.1568561990316
33,male,25.08,5,no,northeast,12913.9924
60,male,29.64,0,no,northeast,13270.422265141257
45,female,38.285,0,no,northeast,7935.29115
48,male,37.111930500872205,1,no,northeast,15518.18025
31,male,38.38,0,no,southeast,14416.661219189964
23,male,26.68640602096728,2,no,northeast,3591.48
29,male,37.29,2,no,southwest,4058.1161
25,female,24.836902979466714,1,no,northwest,41999.52
46,female,30.8,0,no,southeast,2727.3951
46,female,39.82,1,no,southeast,4795.6568
61,male,38.17,0,yes,southwest,13063.883
18,female,30.66339686098655,1,no,northeast,13270.422265141257
19,male,52.58,1,yes,southeast,44501.3982
47,male,30.494536178693963,1,no,southeast,3471.4096
28,male,27.5,2,yes,southwest,20177.67113
31,male,36.3,2,yes,southeast,9866.30485
-1,male,30.246626602291997,0,yes,southeast,26003.958222453686
46,female,30.53985481440059,1,yes,southwest,13270.422265141257
60,male,38.06,0,no,southeast,12648.7034
61,male,30.66339686098655,-2,no,southeast,12950.0712
33,female,32.9,1,no,southwest,5375.038
39,female,27.83,2,no,southeast,-9023.379925286155
62,male,33.602174338079884,0,no,southeast,17468.9839
46,male,27.6,0,no,southeast,24603.04837
58,male,35.7,0,no,southwest,11362.755
43,female,25.08,0,no,northwest,7325.0482
37,female,46.53,3,no,southeast,13270.422265141257
60,female,22.1,0,no,southeast,3378.91
60,male,39.9,0,yes,southeast,48173.361
22,female,27.9,1,yes,southeast,16884.924
48,male,36.575,0,no,northwest,8671.19125
39,male,30.66339686098655,1,no,southeast,-9148.163795358654
39,male,23.2,0,no,southwest,3693.428
29,female,30.875,1,yes,northeast,3857.75925
51,male,30.66339686098655,1,no,northwest,13616.3586
42,male,22.04,0,no,northeast,9174.13565
48,female,28.9,2,yes,southwest,8277.523
27,male,35.3,0,no,northwest,36837.467
