age,sex,bmi,children,smoker,region,charges
56,female,39.82,1,no,southeast,24106.91255
63,male,29.26,1,no,southeast,6184.2994
38,female,21.69564715632601,0,no,southwest,5383.536
46,female,37.37138387452169,2,no,southeast,8733.22925
54,male,29.2,0,yes,southeast,10436.096
39,female,34.295,2,no,northwest,22493.65964
32,male,26.125,1,no,northwest,13270.422265141257
22,male,24.795,5,no,southwest,9500.57305
23,female,13.717042452039362,2,no,northwest,13270.422265141257
25,female,25.84,2,no,northeast,3309.7926
44,female,36.48,4,no,southeast,12797.20962
25,male,23.75,2,no,northwest,7265.7025
36,female,25.84,-2,no,southwest,14210.53595
18,female,28.31,1,no,northeast,19594.80965
55,male,30.66339686098655,0,no,northwest,11286.5387
45,male,22.06766932748158,0,yes,southeast,17179.522
37,male,39.52,1,yes,northeast,39047.285
50,male,32.3,2,no,southwest,9630.397
34,male,35.815,0,no,southeast,11735.87905
51,male,39.16,1,no,southeast,8539.671
56,female,32.965,0,no,northeast,11027.926834883965
57,female,27.265,2,no,southwest,13224.05705
49,male,37.05,1,no,northeast,13270.422265141257
32,female,37.715,2,no,northwest,10156.7832
39,male,39.8442440217613,2,no,southwest,10606.511472895982
64,male,30.66339686098655,0,no,northeast,28923.13692
39,male,46.7,2,no,northeast,2961.963298379862
39,male,35.09,0,no,southeast,36898.73308
58,male,30.66339686098655,0,no,northwest,4320.41085
42,male,23.05365864847764,1,no,southwest,12039.80472269521
32,male,19.8,1,yes,northwest,23283.9066646418
23,male,36.4,1,no,southeast,5969.723
33,male,36.52,1,no,southwest,13270.422265141257
22,female,34.58,3,no,southwest,31958.49932433345
48,male,30.66339686098655,4,no,northwest,11015.1747
21,male,23.569433271554374,0,no,southwest,-3045.8938832784906
44,male,25.365,2,no,southeast,-7250.4288773374155
37,male,29.83,2,no,northeast,6406.4107
39,female,26.736818334428435,2,no,southeast,7243.8136
37,male,35.26782480046809,1,no,northwest,6435.6237
19,female,25.745,1,no,northwest,2710.82855
59,male,30.66339686098655,-1,no,northwest,5373.36425
63,female,25.08,0,no,southeast,6455.86265
61,female,25.08,0,no,southeast,24513.09126
44,female,22.135,2,no,southeast,6739.82923969109
34,female,26.73,1,no,southeast,13270.422265141257
46,male,34.8,2,no,southwest,3443.064
35,male,27.36,0,no,southeast,2104.1134
51,female,36.67,2,no,northwest,10848.1343
52,male,37.51,2,no,southeast,9304.7019
19,male,27.7,0,yes,southeast,16297.846
29,female,28.05304754844359,1,yes,southeast,18634.479888683098
