age,sex,bmi,children,smoker,region,charges
39,female,27.6,1,no,southeast,13270.422265141257
33,female,21.85,1,yes,northeast,16115.3045
26,male,43.01,5,no,southeast,13270.422265141257
41,male,33.40915599335213,1,no,southwest,23568.272
39,female,28.05,1,no,southeast,6770.1925
46,male,23.7,4,no,southwest,5186.776345812464
19,female,32.9,0,no,southwest,1748.774
47,male,29.9,0,no,southeast,8062.764
21,male,26.03,0,no,northeast,2102.2647
30,male,27.645,1,yes,northeast,4237.12655
40,female,42.46,0,yes,southeast,45466.78249437588
18,male,22.99,0,no,northwest,1704.5681
42,female,26.6,0,no,northwest,21348.706
56,female,28.785,0,no,northeast,17557.785058542224
24,male,33.63,4,yes,northeast,17128.42608
43,male,30.66339686098655,3,yes,southeast,42124.5153
48,female,25.450460071585198,0,no,southeast,7954.517
44,male,26.22,1,no,northeast,-17489.30921820087
43,female,32.3,1,no,southwest,11362.755
49,male,30.9,1,yes,southeast,39727.614
18,male,21.565,0,yes,northeast,6555.07035
46,male,25.8,5,no,southwest,4518.82625
38,female,28.81454584890511,1,no,northeast,13747.87235
42,male,30.66339686098655,0,yes,northeast,35069.37452
40,male,25.731876284654128,0,no,northwest,5415.6612
56,female,19.0,0,no,northeast,11090.7178
