age,sex,bmi,children,smoker,region,charges
43,male,34.39,0,yes,northwest,-21111.718980758124
18,female,33.88,0,no,southeast,20022.348791442437
48,male,29.7,0,no,southeast,10141.1362
19,male,30.931632439627418,0,yes,southwest,34779.615
34,female,32.8,1,no,northwest,14358.36437
59,male,41.47,0,no,southeast,3982.2299728978887
32,female,33.5,0,no,northwest,3866.8552
39,male,25.08,0,no,northeast,11428.011646200719
49,male,30.66339686098655,0,no,northwest,12648.7034
63,male,30.66339686098655,1,no,southwest,13270.422265141257
56,female,28.975,3,no,southeast,24513.09126
47,male,47.52,1,no,southeast,17729.24488097478
39,male,19.84253599286122,0,no,southeast,3070.8087
56,female,35.8,1,no,southwest,11674.13
69,female,34.3692105574574,1,no,southeast,11085.5868
39,male,32.67,0,no,southwest,2897.3235
39,female,30.66339686098655,0,yes,northwest,2362.22905
32,female,16.34031118814613,0,no,northeast,4544.2348
44,female,44.22,0,no,southeast,3404.8426189349475
58,male,26.125,0,no,northwest,11365.952
35,male,36.52,1,no,southeast,4747.0529
23,male,32.395,1,no,northwest,3176.2877
39,male,32.6,2,no,southwest,7441.501
60,male,30.3,4,no,northeast,8116.68
43,female,26.885,0,yes,northwest,21774.32215
32,female,16.435164961053836,0,no,southeast,17626.23951
20,male,30.66339686098655,2,no,northeast,13270.422265141257
36,male,33.82,1,no,northwest,5377.4578
26,female,28.025,1,no,southeast,12235.8392
37,male,29.64,1,no,northwest,39836.519
60,female,23.18,0,no,northwest,11830.6072
57,male,31.54,1,yes,southwest,4266.1658
25,male,33.66,4,no,southeast,13270.422265141257
59,female,29.7,2,yes,northwest,12925.886
15,male,40.109858820480994,0,no,southwest,10028.611618093626
67,male,34.1,-1,no,southeast,9283.562
19,female,25.745,0,yes,northwest,13270.422265141257
33,female,39.82,1,no,southeast,4618.777535086081
23,male,40.03685986742192,1,no,southwest,23082.95533
32,male,30.66339686098655,1,no,southeast,11840.77505
49,male,38.0,3,yes,southeast,3554.203
40,male,27.664255775739296,4,no,southwest,-16239.864791389688
46,female,17.48,2,no,southeast,8823.279
35,male,35.814318112284774,1,no,southwest,5240.765
72,female,22.77,0,no,southeast,13270.422265141257
28,female,28.88,1,no,northwest,4337.7352
37,female,23.56,0,yes,northwest,6686.4313
29,male,28.975,1,no,southwest,-3455.691488149767
39,male,38.095,1,no,northeast,24915.04626
52,male,26.84,1,no,southeast,17085.2676
51,male,31.955917135852555,3,no,northwest,11436.73815
38,male,21.12,3,no,southeast,6652.5288
