age,sex,bmi,children,smoker,region,charges
31,female,32.775,1,no,northwest,5327.40025
39,female,30.66339686098655,2,no,southeast,13270.422265141257
56,male,32.11,1,no,northeast,11763.0009
21,male,23.21,0,yes,southeast,1515.3449
25,female,25.84,1,no,northeast,3309.7926
44,male,43.89,0,no,southeast,9872.701
55,male,34.43,0,no,southeast,1137.4697
37,female,22.705,3,no,northeast,15306.472409029306
52,male,40.48,1,no,southeast,6947.376554416723
27,male,45.86016994036835,2,no,southwest,13270.422265141257
43,female,26.7,2,no,southwest,22478.6
70,male,32.3,3,yes,southeast,10269.46
18,female,36.85,0,no,southeast,5969.723
25,male,32.46645492995812,0,no,northeast,2727.3951
62,male,32.11,0,no,northeast,13555.0049
47,male,30.66339686098655,3,no,northwest,9644.2525
21,male,23.75,2,no,northwest,3077.0955
40,female,31.79,0,yes,southwest,1742.2999011502507
47,female,26.6,0,no,northeast,9715.841
32,male,41.69,5,no,southeast,12925.886
40,male,38.83,0,yes,southeast,12981.3457
62,female,27.55,4,no,northeast,15828.82173
39,male,29.81,0,no,southeast,7726.075039198466
42,male,26.9,0,no,southwest,1629.8335
32,male,25.968033072927252,3,yes,northeast,9500.57305
48,female,34.42519083585236,0,yes,southeast,40974.1649
