age,sex,bmi,children,smoker,region,charges
31,male,28.5,5,no,northeast,-1841.5769165670954
52,female,44.7,3,no,southwest,11411.685
34,male,27.867849431040504,1,no,southwest,4934.728717624417
62,male,30.66339686098655,0,no,southwest,12979.358
34,male,36.96249357583568,1,yes,northwest,43943.8761
55,male,34.39,3,yes,southeast,38746.3551
25,female,27.476824218236285,0,no,southeast,13270.422265141257
22,male,26.84,0,no,northwest,1664.9996
45,female,27.83,0,no,southwest,7348.142
51,male,37.0,0,no,southwest,4149.736
50,male,35.3,4,no,northeast,19749.38338
57,male,43.7,0,no,southwest,11576.13
30,male,36.85,-2,yes,southeast,8125.7845
39,male,33.44,0,no,southeast,-8206.175646294349
35,female,25.954556787795795,2,no,northwest,39983.42595
46,male,39.425,1,no,northeast,8342.90875
64,female,46.7,1,no,southwest,5934.3798
30,male,25.46,0,no,northeast,13270.422265141257
19,male,18.335,0,no,southwest,12648.7034
49,female,23.655,3,yes,southwest,18765.87545
60,female,38.06,1,no,southeast,10601.412
39,female,21.4,0,no,northwest,16689.32969462389
54,male,25.46,1,no,southeast,25517.11363
21,male,28.025,2,no,northwest,6203.90175
24,male,30.66339686098655,0,yes,northeast,2480.9791
31,female,38.095,1,yes,southeast,58571.07448
