age,sex,bmi,children,smoker,region,charges
28,male,17.29,1,no,southeast,3732.6251
40,female,30.860739309034393,0,no,southeast,8765.249
39,female,37.866687644290835,5,no,northwest,8965.79575
44,male,35.88625013869877,1,no,northwest,7633.7206
39,female,32.78,2,yes,northeast,36021.0112
11,male,25.745,2,no,southwest,30184.9367
39,female,31.6,0,no,northeast,6186.127
39,male,38.39,3,yes,southeast,40273.6455
37,female,45.54,1,yes,southeast,39241.442
19,male,27.265,1,no,southeast,31333.468348438873
58,male,34.8,1,no,southeast,3577.999
23,female,25.46,0,no,northwest,34158.746957990785
38,female,28.0,3,no,southwest,35189.675839402174
63,female,21.47,1,no,northwest,12475.3513
45,female,33.85514433537185,5,no,northeast,3392.3652
21,male,31.02,0,no,southeast,2920.387142949612
42,male,20.575593560651605,2,no,southeast,2690.1138
30,male,30.66339686098655,1,yes,southwest,39241.442
42,female,25.3,1,no,southwest,13270.422265141257
35,male,34.2,2,no,southeast,7261.741
39,male,32.46755879809976,5,no,southeast,4830.63
32,male,24.97,0,no,southeast,6417.33464284029
54,female,31.9,1,no,southeast,21937.969674850247
56,female,30.66339686098655,0,no,southeast,10594.2257
35,male,21.01,2,no,northeast,13270.422265141257
38,male,34.105,1,no,southeast,6600.20595
29,male,22.895,0,no,northwest,16138.76205
40,male,35.815,0,no,southeast,5438.7491
63,male,26.22,0,no,northwest,17405.861686399796
54,male,30.66339686098655,0,no,southeast,3607.828362788743
48,female,28.12,0,no,northwest,6593.5083
20,male,30.956482278389796,3,yes,northwest,14711.7438
50,female,35.497630658988285,1,no,northeast,10106.13425
24,male,21.8949597194161,0,no,southwest,1969.614
26,male,29.6,1,no,northwest,10793.017720227836
57,male,32.3,4,no,northwest,6500.2359
23,female,26.51,3,no,southeast,1815.8759
43,female,23.2,0,no,southeast,6250.435
39,male,30.66339686098655,2,yes,northeast,4438.2634
25,male,35.97,1,no,southeast,13270.422265141257
36,female,22.135,0,yes,northeast,7228.21565
19,male,26.03,1,yes,northwest,16450.8947
8,male,28.975,1,no,southwest,13270.422265141257
41,male,30.25,2,no,northeast,13270.422265141257
39,female,41.69,0,no,northwest,3861.20965
53,male,24.32,1,no,northwest,9863.4718
61,female,34.43,0,yes,southeast,13041.921
41,female,29.52571793970666,1,no,northeast,10384.532507058757
37,male,30.66339686098655,2,no,northeast,6406.4107
56,male,41.47,0,no,southwest,13405.3903
21,female,21.8,0,yes,southwest,20167.33603
