age,sex,bmi,children,smoker,region,charges
37,female,35.53,1,yes,northeast,14590.616856522785
52,female,30.875,0,no,southeast,23045.56616
53,male,27.645,2,yes,southeast,13270.422265141257
20,male,27.743481167977894,2,no,southeast,8733.22925
18,female,23.75,2,no,northwest,13270.422265141257
32,male,46.53,2,yes,northeast,-533.4685210108228
39,male,37.525,1,no,southwest,3693.428
46,male,36.955,0,no,southeast,12741.16745
52,male,29.7,1,no,northwest,11187.6567
62,male,24.235229027481765,0,no,northwest,7261.741
39,female,29.83,1,no,southeast,43921.1837
57,male,34.32,1,no,southwest,23544.15725254309
32,male,28.93,1,yes,northwest,19719.6947
60,male,24.6215392071381,0,no,northwest,11310.629137874774
26,male,32.6,0,yes,southwest,36085.219
39,male,27.55,1,no,northeast,26493.21318626382
31,female,30.66339686098655,2,no,northeast,5031.26955
52,female,37.525,2,no,southeast,33471.97189
46,female,40.81,0,no,northwest,13270.422265141257
45,male,27.645,1,no,northeast,20453.12469892716
54,male,30.02,0,no,northwest,28101.33305
39,male,24.397129545602404,0,yes,southeast,15817.9857
55,male,19.95,0,yes,northeast,42303.69215
38,female,26.03,3,no,southwest,3736.4647
22,male,26.49058070916179,-2,no,southeast,1664.9996
62,male,26.695,0,yes,northeast,24476.47851
17,female,30.66339686098655,1,yes,southeast,38792.6856
48,male,35.3,1,no,southeast,13270.422265141257
64,male,30.78,2,no,northeast,1135.9407
55,male,32.3,2,no,northwest,11596.410261486084
53,male,46.2164309023132,0,no,southeast,36307.7983
34,female,30.66339686098655,4,no,southwest,13270.422265141257
60,female,24.53,0,no,southeast,12629.8967
36,male,30.66339686098655,2,no,northwest,5272.1758
48,male,43.01,1,no,northeast,8964.06055
22,female,30.4,0,yes,northwest,33907.548
56,male,30.685,0,no,northeast,22412.6485
54,male,38.515602648331146,1,no,northwest,10825.2537
39,male,33.63,4,no,northeast,17128.42608
22,female,35.682927686520216,0,no,southwest,2156.7518
22,female,20.899318423581708,0,no,southeast,2155.6815
57,male,26.936694375424146,0,no,southwest,10959.33
56,male,30.66339686098655,0,yes,southeast,9288.0267
58,female,34.865,0,no,northeast,4922.9159
21,male,20.235,0,no,southeast,3861.20965
50,female,23.54,1,no,southeast,-1602.69175492467
19,male,31.92,0,yes,southeast,33750.2918
43,female,26.03,0,no,northeast,6799.458
58,female,28.4,1,no,southwest,7726.851111059903
54,female,46.75,0,no,southwest,12592.5345
43,female,24.7,2,yes,northwest,34755.865508181334
18,male,31.445,0,yes,southeast,1149.3959
