age,sex,bmi,children,smoker,region,charges
46,female,17.29,0,no,southeast,15555.18875
61,male,26.330436290777364,2,no,southwest,11881.358
31,male,29.15,1,no,northeast,40974.1649
49,male,33.06,1,no,northwest,13270.422265141257
46,female,30.2,1,yes,southwest,8825.086
57,male,42.18555003706225,0,yes,northwest,8671.19125
62,male,38.94,0,yes,northeast,6112.35295
34,female,29.37,3,no,northeast,6753.038
39,female,16.815,2,no,southeast,9799.095332950583
39,male,22.290464809038074,1,no,southeast,3309.7926
50,male,44.745,0,no,southeast,14040.234017933111
37,female,32.60838329882415,3,no,northwest,20851.808929171166
53,male,36.6,3,no,southwest,11264.541
46,male,27.6,0,no,southwest,24603.04837
61,female,28.31,0,no,southeast,39871.7043
58,female,30.495,0,no,southeast,24227.33724
59,female,30.66339686098655,0,yes,northwest,-5070.110191311387
40,male,46.53,2,no,southeast,4686.3887
39,male,22.42,0,no,southwest,-19309.356009017865
62,female,30.495,0,no,southeast,13270.422265141257
28,male,28.595,2,no,southeast,13270.422265141257
41,female,30.69,1,no,southeast,8283.6807
43,female,26.7,2,yes,southwest,22478.6
31,female,25.74,0,no,southeast,3756.6216
39,female,34.105,1,no,northwest,28101.33305
34,male,37.07,0,no,northeast,4518.82625
38,male,30.66339686098655,1,yes,southeast,13270.422265141257
57,male,35.47722843743778,0,no,southwest,10965.446
36,female,15.287746786194228,0,no,southwest,4889.0368
54,female,30.66339686098655,0,yes,southwest,43578.9394
26,female,41.91,2,no,northwest,2128.43105
25,male,37.4,5,yes,southwest,12979.358
39,female,28.625896659892437,3,no,northwest,4296.2712
39,male,41.91,0,no,northeast,4017.5437983645684
36,male,18.715,0,no,northwest,3062.50825
37,male,34.675,4,no,southeast,28868.6639
39,female,18.311537549683692,0,yes,northwest,7443.64305
18,male,39.82,0,no,southeast,1633.9618
42,male,39.615,0,no,southeast,7160.3303
23,male,30.66339686098655,1,no,southeast,12638.195
44,female,31.66465089974052,5,no,northwest,21784.534543746744
56,female,45.70170722260714,1,no,northwest,3227.1211
38,male,38.39,3,yes,southeast,25977.54942994014
51,female,18.05,0,no,northwest,9644.2525
54,female,30.78,1,no,southeast,9778.3472
18,female,21.66,0,yes,northeast,9447.3824
19,male,36.765,0,no,northwest,23658.97245713157
52,male,25.555,-1,no,southeast,13270.422265141257
35,male,27.61,5,no,southeast,4747.0529
31,male,27.645,2,no,southwest,5031.26955
49,female,29.925,2,no,northwest,8988.15875
35,female,30.66339686098655,1,no,southwest,28248.672866274756
