age,sex,bmi,children,smoker,region,charges
20,female,27.93,0,no,northeast,8803.183057150964
45,female,37.98431266885849,2,no,southeast,-12530.958564147637
38,female,27.6,0,no,southwest,20499.855828941898
20,female,39.9,0,yes,southeast,69244.11059928285
26,male,23.18,1,no,northeast,3490.5491
39,female,30.66339686098655,1,yes,northeast,750.59813922393
49,female,24.24217081067838,1,no,southwest,9182.17
29,female,20.9,3,no,southeast,5138.2567
21,male,35.53,0,yes,southeast,36950.2567
31,female,28.405,2,no,southwest,4527.18295
27,male,18.18587495363207,0,yes,southeast,4005.4225
21,male,38.83,1,no,southeast,21195.818
21,male,27.72,4,no,northwest,13937.6665
35,male,32.3,3,no,northeast,13270.422265141257
52,male,33.3,2,no,northeast,20501.976887096775
25,female,30.3,0,no,northwest,30298.5473139568
57,female,31.16,1,no,northwest,43578.9394
56,female,25.65,0,no,southeast,11454.0215
18,female,36.85,0,no,southeast,13270.422265141257
27,male,21.89,2,yes,southeast,18246.4955
46,male,38.39,3,no,southeast,41949.2441
52,female,31.6,0,no,southeast,6186.127
41,male,40.15,0,no,northeast,7804.1605
23,female,23.56,0,yes,northeast,4992.3764
32,male,30.02,1,no,northwest,24476.47851
20,female,24.609852726697326,0,no,northwest,2690.1138
30,male,14.939191503405924,2,no,southeast,13270.422265141257
29,female,37.41311699628146,0,yes,northeast,3943.5954
53,female,18.520127847111063,1,no,northeast,10564.8845
19,female,28.31,0,yes,southeast,17468.9839
53,male,31.35,0,no,southeast,12142.5786
39,female,25.08051466017171,1,no,northwest,13270.422265141257
53,female,30.66339686098655,1,no,southeast,29186.48236
54,male,37.335,0,no,southeast,38105.7457175022
39,male,30.66339686098655,2,no,northeast,13974.45555
24,male,33.63,4,no,northeast,23291.460848369206
55,male,34.1,4,yes,southwest,2304.0022
52,male,25.74,3,yes,northwest,60021.39897
36,female,30.59,2,no,southwest,38415.474
23,male,27.1,1,no,northwest,2154.361
29,male,19.95,3,no,northeast,16577.7795
62,male,37.4,3,no,southwest,24180.9335
39,male,26.02119978265586,0,yes,southwest,10965.446
18,female,24.09,1,no,southwest,2201.0971
60,male,34.485,0,no,southwest,27346.04207
50,male,25.3,3,no,southeast,8442.667
39,female,39.33,2,yes,southeast,13270.422265141257
36,female,30.66339686098655,0,yes,southeast,5152.926181295705
51,female,32.7111037007578,1,yes,southwest,8428.0693
28,male,40.28,1,no,northeast,3062.50825
45,male,30.66339686098655,3,no,southwest,15820.699
39,female,21.85,1,no,northwest,6117.4945
