haematocrit,haemoglobins,erythrocyte,leucocyte,thrombocyte,mch,mchc,mcv,age,sex,source
26.8,8.9,3.27,16.1,126,27.2,33.2,94.49768348422488,47,F,0
39.8,6.7,4.33,7.1,215,26.6203981026176,34.4,91.9,61,M,0
29.8,9.4,3.73,13.2,232,25.86162147038187,30.04839789861409,79.9,26,F,1
43.52117827531113,12.749350256875191,3.55,13.2,97,30.0,33.33647627682079,89.9,46,F,0
38.464748776644484,12.6,4.48,15.0,150,28.1,32.5,79.05655074546272,55,M,0
47.9,16.9,3.34,9.3,165,31.4,32.4,91.3,66,F,1
41.6,14.226121626987801,4.52,17.078500040307883,427,30.5,33.2,92.0,17,M,0
42.3,14.7,4.91,17.0,301,29.9,34.8,86.2,64,F,0
39.6,13.8,4.37,5.3,219,28.8,31.58417067705367,89.9,67,M,0
41.2,13.6,4.54,5.5,356,31.3,33.0,90.7,60,M,0
26.8,13.631028037541013,3.686212172086668,8.715533393774555,500,15.8,26.4,98.7,30,M,0
42.3,12.6,5.8194839409832575,12.3,267,25.1,34.2,76.9,25,F,0
44.5,14.6,5.8,6.2,341,25.2,32.8,84.61133272892113,36,M,0
37.7,12.8,4.544802055001511,11.6,422,32.9,34.0,84.61133272892113,25,M,0
38.22611060743427,10.2,3.63,8.715533393774555,94,18.5,34.8,95.8,46,F,1
43.4,14.446690206956715,7.57,6.9,297,31.3,34.8,90.6,73,M,0
28.7,9.6,3.25,4.1,210,32.29911684378564,33.4,71.87452783455969,80,M,1
43.6,10.9,3.86,5.598677608788272,244,28.2,33.33647627682079,84.2,3,F,0
32.5,14.6,4.324172076054909,6.2,236,30.5,33.5,91.0,115,M,0
43.9,14.1,4.4,19.3,278,32.68498027676802,32.1,99.8,79,M,1
41.2,8.686654417977813,5.32,6.5,482,26.0,32.966901642078774,79.2,45,F,1
41.4,14.4,1.8,14.827120095754514,48,30.5,34.8,87.7,56,M,1
38.22611060743427,11.8,4.544802055001511,8.2,272,28.2300392867936,30.9,86.9,41,F,0
32.942896988112054,12.749350256875191,4.614941244011247,15.2,258,28.2300392867936,31.7,80.2,29,M,0
34.95368775621976,14.6,5.2,9.9,258,27.4,34.4,79.9,68,F,1
44.3,14.0,5.23,13.383549599822741,474,26.8,33.50602461734072,76.42069465736768,60,F,1
