age,sex,bmi,children,smoker,region,charges
39,female,44.7,3,yes,southwest,16165.373308252922
40,male,32.3,2,no,southeast,11763.968964106673
22,male,25.175,0,no,northwest,12060.393266578478
39,male,22.135,0,no,northeast,4518.82625
26,female,37.8,1,yes,southwest,13451.122
35,male,17.86,1,no,northwest,5116.5004
22,male,17.29,2,no,southeast,6877.9801
12,male,31.4,2,no,northeast,26018.95052
36,male,28.025,0,yes,southwest,34874.486769001625
30,female,30.66339686098655,5,yes,southwest,7419.4779
51,male,24.42,3,no,southeast,19361.9988
46,male,28.31,4,no,northwest,32787.45859
25,male,35.74238426236346,3,no,northwest,4391.652
24,male,25.8,2,no,southeast,1972.95
27,male,23.98,0,no,southeast,13270.422265141257
25,female,35.201753960758765,2,no,southwest,16350.479023657379
64,male,38.19,0,no,southwest,14410.9321
48,female,24.42,5,no,southeast,21223.6758
47,male,36.2,2,no,southwest,8068.185
44,female,30.66339686098655,2,no,northwest,8219.2039
23,female,32.68,1,yes,southwest,10370.91255
20,male,28.025,0,yes,northwest,13270.422265141257
39,female,33.345,1,yes,southeast,34166.273
39,male,24.795,0,yes,southeast,17904.52705
57,female,20.8,0,no,northwest,11830.6072
42,female,30.66339686098655,1,no,southwest,7443.64305
19,male,36.67,0,yes,southwest,6203.90175
38,female,30.66339686098655,0,yes,southwest,23855.014537617684
34,male,32.8,1,no,northwest,13270.422265141257
65,male,26.4,3,no,northeast,25992.82104
32,male,37.293513288962565,0,no,southeast,12479.70895
17,male,47.43053397444242,0,no,southeast,1149.3959
36,male,38.39,2,no,northeast,25154.967587725092
18,female,39.1,1,no,northeast,2205.9808
54,female,30.66339686098655,0,no,northwest,3994.1778
44,female,29.48,1,no,southeast,7640.3092
43,female,29.9,1,no,southwest,7337.748
25,male,23.18,0,no,southeast,4585.696500771059
49,male,37.51,2,no,southeast,2709.1119
38,male,22.47594023722147,1,no,northwest,12231.6136
59,male,31.46,2,no,northeast,3925.7582
39,male,35.31,1,no,southeast,13270.422265141257
56,female,27.2,0,yes,southeast,11073.176
42,male,17.765,0,yes,southeast,36021.0112
23,male,26.807287649468776,0,yes,southwest,22144.032
63,male,36.98236495934125,0,no,northeast,13270.422265141257
27,male,28.91196459638647,3,no,southeast,10600.5483
56,female,26.18640783748208,1,no,northeast,11658.37915
40,male,30.082321582085385,0,no,southeast,5415.6612
50,male,29.15,1,no,northeast,19478.903513992453
58,male,36.48,0,no,northwest,2638.201429475912
40,female,24.7,1,yes,northwest,21880.82
