age,sex,bmi,children,smoker,region,charges
18,male,34.8,2,no,northwest,5246.047
34,female,33.25,1,no,northeast,23066.82968883009
44,female,28.4,2,no,southeast,13405.3903
39,male,27.437625976306865,0,no,southeast,12129.61415
30,female,18.583831619910804,2,no,southeast,4753.6368
18,male,30.66339686098655,1,no,northeast,11666.278902061837
34,female,37.335,2,no,southwest,5989.52365
41,female,28.05,3,no,southeast,6770.1925
19,male,27.835,0,no,northeast,1635.73365
18,male,25.46,1,yes,northeast,1708.0014
36,female,25.745,1,no,northwest,2201.0971
19,male,29.81,2,no,southeast,13270.422265141257
45,male,39.805,0,no,northeast,7448.40395
35,male,30.66339686098655,1,no,southeast,2710.82855
43,male,31.445,0,yes,northeast,13974.45555
19,male,31.445,1,yes,northwest,16450.8947
18,female,30.4,5,no,northwest,1256.299
43,male,25.27,1,no,northeast,21771.3423
31,male,27.36,1,no,northeast,13270.422265141257
60,female,29.04,4,no,northwest,7243.8136
39,male,29.04,0,no,northeast,2104.1134
47,female,40.68250255800184,1,no,northwest,24869.8368
32,male,35.7811758292591,1,no,northeast,-5382.902034673469
55,male,27.645,0,no,southeast,10594.50155
74,male,24.53,0,yes,southeast,14398.913112187953
19,female,27.93,3,no,southeast,18838.70366
