haematocrit,haemoglobins,erythrocyte,leucocyte,thrombocyte,mch,mchc,mcv,age,sex,source
38.22611060743427,12.3,4.54,7.6,338,27.1,34.62184905596339,80.2,4,M,1
41.3,14.2,5.11,13.5,208,27.8,34.4,83.6,3,M,0
37.3,11.6,4.6,2.5,115,31.7,31.1,92.7,1,F,1
32.6,10.5,4.18,5.9,36,27.5,33.624343197478495,85.3,71,F,0
46.5,15.8,5.3343263286524385,7.0,267,31.2,34.0,84.61133272892113,67,M,0
44.9,12.6,5.34,19.9,328,28.2300392867936,34.2,84.8,43,M,1
27.09992851863831,12.1,5.81,8.715533393774555,365,20.8,31.2,66.8,62,F,0
40.5,13.7,4.74,4.2,466,28.9,33.8,85.4,33,M,0
23.6,14.3,4.67,8.735874873192065,216,30.6,33.0,86.3,35,M,0
32.8,11.9,3.97,8.4,252,30.0,36.3,82.6,71,M,1
49.0,16.4,4.64,4.234215055635744,352,27.6,33.33647627682079,82.4,40,M,1
35.5,12.2,4.291381180296296,3.4,548,29.8,31.5,86.6,46,F,0
27.4,11.0,5.682068549634702,7.415349808307916,339,30.7,31.5,82.1,49,F,0
35.6,8.5557771075678,4.375800282929154,9.4,377,28.3,32.3,87.5,63,M,0
33.2,16.0,3.57,8.9,176,27.354275551132588,33.4,91.68193669069105,83,F,1
47.374504218611,13.9,6.28,10.8,393,27.601337333337217,33.33647627682079,68.2,77,F,1
28.6,13.7,3.16,10.2,258,31.6,35.0,88.44648370918489,52,M,1
47.3,15.460118683722165,5.48,7.9,397,28.5,35.0,87.6,37,F,0
45.3,15.8,5.19,7.0,328,30.4,31.1,86.5,24,M,0
45.1,12.749350256875191,4.544802055001511,20.1,450,28.7,32.2,89.1,44,M,0
15.021951481384974,7.3,4.544802055001511,4.1,-130,20.6,28.815173747288082,68.7,65,F,0
42.4,12.793575293341123,4.59,8.715533393774555,258,25.9,33.3,84.61133272892113,25,M,1
35.7,12.749350256875191,4.61,8.0,389,29.73016310753636,33.79665905412225,77.4,2,F,1
43.32676240561202,12.3,3.82,5.929722571621975,145,28.2300392867936,34.7,91.87147561422589,19,M,0
38.6,13.667549508544896,4.9,10.0,286,20.8,33.9,78.8,46,F,0
38.22611060743427,15.5,5.14,6.9,224,21.181952092499174,34.2,88.72071357795546,24,M,0
