haematocrit,haemoglobins,erythrocyte,leucocyte,thrombocyte,mch,mchc,mcv,age,sex,source
39.4,13.1,5.06,11.617500622445345,86,25.9,33.2,85.67336356622614,6,M,1
44.6,14.7,4.264221362594872,8.0,251,28.2,33.0,85.4,33,M,0
38.22611060743427,14.4,5.64,9.8,338,25.5,31.615882995779085,82.7049451712847,46,M,0
32.6,11.2,3.91,19.6,222,28.2300392867936,34.4,83.4,66,F,0
46.15153611939876,11.2,3.76,11.246922648257666,328,29.8,32.4,92.0,24,M,0
38.22611060743427,11.6,4.05,23.8,482,25.50721611856272,34.5,84.4,51,M,1
41.0,11.4,3.58,5.6,258,32.33982349630648,35.4,89.9,58,F,1
44.082401084241944,10.271416217190811,5.71,8.715533393774555,197,20.9,33.1,80.73884185473767,30,M,0
41.5,13.7,4.544802055001511,13.020401486020248,301,29.3,33.0,88.48256471756783,59,M,1
47.5,12.749350256875191,5.61,7.4,34,27.4,32.9,84.7,17,M,0
39.9,14.5,4.37,5.3,224,29.7,32.6,82.0,79,F,0
46.13367718149841,14.4,5.523151061070396,7.4,258,28.4,31.871734334008273,81.3,26,F,0
43.3,15.2,5.1,16.1,323,29.8,32.84732453272745,84.9,45,M,0
26.8,8.41502143961151,3.27,7.9,126,27.2,33.2,91.3,46,F,0
46.3,15.7,5.331660467970983,8.2,111,29.6,32.7,88.9,10,M,0
33.6,10.6,4.83,8.6,363,28.2300392867936,31.5,69.6,3,M,0
38.2,12.7,4.544802055001511,7.3,192,29.3,33.2,88.0,67,F,0
33.6,11.8,3.61,36.0,225,32.1,35.6,84.61133272892113,54,F,0
40.1,10.3,3.39,11.9,265,32.624134895989386,33.33647627682079,77.4,60,F,0
48.1,13.5,3.5,8.9,299,27.273250932093692,31.8375852398925,87.6,52,M,0
31.9,10.5,4.52,7.3,180,30.0,32.9,67.1,64,M,1
32.2,13.5,4.28,10.0,315,25.6,32.9,77.8,34,M,0
34.9,11.156460572368045,4.244713112628875,5.0,302,27.3,33.9,84.61133272892113,45,F,1
51.68892293970981,12.749350256875191,4.23,10.99745800209472,291,21.5,33.33647627682079,70.2,33,F,0
34.3,11.6,4.53,6.6,185,19.0,33.8,75.7,1,M,0
35.5,15.54523989629195,4.13,8.715533393774555,251,29.3,34.1,86.0,54,F,1
