age,sex,bmi,children,smoker,region,charges
54,male,29.26,2,yes,southeast,42560.4304
50,female,26.22,2,no,northwest,6373.55735
31,female,32.90004841422854,2,no,southwest,4463.2051
31,male,24.6,0,yes,southwest,17496.306
26,male,21.78,1,no,southeast,22478.6
50,female,28.16,0,no,northwest,10702.6424
18,male,30.66339686098655,1,no,southeast,25482.475318244844
19,male,20.8,0,yes,northwest,22493.65964
25,male,22.282143862500263,4,no,southeast,4877.98105
32,male,23.65,1,no,southeast,17626.23951
39,female,30.66339686098655,3,yes,southwest,-7143.053183512167
52,female,27.712239079846757,1,no,southwest,9724.53
27,female,36.08,2,yes,southeast,37133.8982
34,female,38.06,3,no,southeast,6184.2994
19,male,23.54,2,no,southwest,1261.442
60,male,40.92,0,no,southeast,48673.5588
41,female,22.1,0,no,northwest,15359.1045
31,male,27.36,1,no,southeast,2789.0574
33,female,29.882082104951063,1,no,southeast,4779.6023
39,female,26.6,2,no,southeast,13270.422265141257
31,male,25.935,1,no,southwest,13270.422265141257
28,female,37.1,1,no,southwest,-14471.389100246772
46,male,25.745,4,no,northwest,9301.89355
41,female,42.4,1,no,northwest,3410.324
35,female,31.255,3,no,southeast,7604.763685955236
62,female,26.7,2,yes,northeast,6272.4772
