age,sex,bmi,children,smoker,region,charges
61,male,31.57,0,no,northeast,12557.6053
53,male,28.88,0,no,northwest,30000.473496709412
57,male,29.4,4,no,southwest,6059.173
45,male,26.8,2,no,southeast,13270.422265141257
51,male,39.71,0,yes,northeast,9361.3268
39,female,29.26,2,no,northwest,13270.422265141257
22,male,37.07,2,no,southeast,37880.081838917235
29,male,33.535,0,no,southeast,13143.33665
31,male,30.66339686098655,4,no,southwest,6600.361
60,female,27.55,1,no,northeast,13217.0945
9,female,32.56,0,yes,southeast,2755.02095
18,female,32.1993534315041,0,no,southeast,2198.18985
58,male,28.31,3,yes,northwest,13770.0979
40,male,29.81,1,no,southwest,6500.2359
53,female,33.25,1,no,northeast,22097.518396188287
49,female,30.875,1,no,northeast,5373.36425
42,female,25.3,2,no,southwest,7045.499
43,male,26.03,0,yes,northeast,2702.50496486295
39,female,38.38,1,no,southeast,9447.25035
61,male,27.94,0,no,southeast,2867.1196
33,female,23.98,1,no,southeast,33750.2918
39,male,30.495,0,no,northwest,11840.77505
25,male,27.4,1,no,southeast,8569.8618
61,female,30.66339686098655,1,no,southeast,5239.849679276334
60,female,38.83611158426876,1,no,southeast,45008.9555
54,female,28.025,0,no,southwest,20234.85475
35,male,22.42,1,no,northeast,19933.458
40,male,26.125,1,no,northeast,7077.1894
19,male,31.92,0,yes,northwest,22192.43711
16,male,19.99462452361116,1,no,northwest,967.2347683829985
38,female,33.711594495794415,0,no,southeast,-342.32820701128367
22,male,25.572713872703453,0,no,southwest,35585.576
18,male,30.59613052304281,1,no,southeast,23057.553292498582
58,female,25.6,0,no,southeast,12224.35085
39,male,30.66339686098655,0,yes,northwest,4766.022
55,male,35.245,2,no,northeast,11394.06555
18,female,36.32287989691103,1,no,northeast,13270.422265141257
31,female,34.3,3,no,southwest,9563.029
33,female,35.73696516898305,0,yes,southeast,14044.97672484046
55,female,31.434106261944585,0,no,southeast,40941.2854
61,male,27.265,0,no,northwest,47269.854
47,male,19.57,1,no,northwest,13270.422265141257
42,male,24.85065452898184,0,no,northeast,7729.64575
19,male,20.425,0,no,northwest,1625.43375
46,male,39.425,0,no,northeast,8342.90875
39,male,27.55,0,no,southeast,26392.26029
47,female,30.2,1,no,southwest,33900.653
21,male,29.165,1,yes,northwest,3268.84665
51,male,30.66339686098655,1,no,northwest,11436.73815
64,female,30.66339686098655,0,no,northwest,8367.465681153863
19,male,33.535,0,no,northeast,13270.422265141257
63,male,38.19,0,no,northeast,14410.9321
