age,sex,bmi,children,smoker,region,charges
51,male,24.605,0,no,southeast,9283.562
50,female,23.465,0,no,northeast,3206.49135
50,female,35.504273379296485,2,yes,southwest,-474.24466097803634
39,male,30.66339686098655,1,no,northwest,6664.68595
21,female,25.08123005343279,1,no,southeast,9564.747582244254
39,female,30.243109974218246,0,no,southwest,-3580.0887481039554
62,male,30.66339686098655,1,no,northwest,13937.6665
61,female,39.1,2,no,northeast,14235.072
25,male,28.93,1,yes,southeast,19719.6947
20,male,40.47,0,no,northeast,47496.49445
34,male,34.1,2,no,northwest,5257.50795
28,male,37.82325887261056,1,yes,southwest,4670.64
2,male,35.2,1,no,southeast,1727.54
25,male,24.1,1,no,southwest,26236.57997
18,female,38.28,0,no,northeast,30051.79245476177
52,female,30.875,1,no,northeast,2927.0647
40,male,41.42,1,no,northwest,11881.9696
22,male,22.3,0,no,southeast,2254.7967
20,female,28.975,0,yes,northeast,2257.47525
32,male,30.875,1,no,northwest,3062.50825
56,female,33.77,2,no,southeast,12265.5069
36,female,26.885,0,no,southeast,13270.422265141257
19,male,25.555,5,no,southeast,1632.56445
55,male,30.14,2,no,southeast,28476.73499
54,male,40.565,3,yes,northeast,48549.17835
51,female,27.74,1,no,northeast,13270.422265141257
