age,sex,bmi,children,smoker,region,charges
54,male,42.68,1,no,southeast,11013.7119
63,male,28.31,4,no,southeast,13770.0979
19,female,28.4,1,no,southeast,2331.519
54,male,35.15,2,yes,southwest,25382.297
44,male,26.315,1,no,southwest,6940.90985
18,female,22.135,3,no,southeast,13270.422265141257
46,male,27.835,3,no,northeast,9500.57305
44,female,30.66339686098655,0,yes,northeast,38792.6856
55,female,40.77562345516779,2,yes,southwest,2395.17155
43,male,31.13,0,no,southeast,-5664.384780558015
59,male,26.2,1,yes,northwest,9391.346
20,male,23.652888370177628,0,no,southeast,5976.8311
26,male,30.0,1,no,southeast,2904.088
61,female,25.08,1,no,southeast,24513.09126
64,female,30.115,3,no,northwest,66253.07382981692
19,male,22.515,0,no,northwest,2117.33885
57,male,33.176029969786114,0,yes,southeast,10959.33
18,male,23.32,1,no,southeast,1711.0268
19,male,24.795,0,no,northwest,1635.73365
25,male,26.79,2,no,northwest,4189.1131
39,female,42.4,1,no,southwest,16304.501739166644
19,male,26.36956840764433,0,no,northeast,11881.358
35,male,19.8,0,no,southeast,13270.422265141257
39,male,37.1,1,no,southwest,6597.840911188345
33,male,30.66339686098655,0,no,southwest,12404.8791
23,female,26.51,0,no,southeast,1815.8759
