age,sex,bmi,children,smoker,region,charges
27,male,34.8,1,no,southeast,3577.999
40,female,27.4,1,no,northeast,6496.886
35,female,42.4,1,no,southwest,6666.243
54,female,31.9,1,no,southeast,10928.849
52,male,24.561259319357607,5,no,southeast,6393.60345
11,male,30.66339686098655,0,no,northeast,8529.264884616305
18,male,25.175,5,yes,southeast,15518.18025
20,male,30.115,5,no,northeast,4915.05985
48,male,40.565,2,yes,northwest,45702.02235
19,male,17.8,0,no,southwest,2789.0574
35,female,34.8,1,yes,northeast,13270.422265141257
37,female,38.39,0,yes,southeast,40419.0191
41,male,36.19,0,no,southeast,13270.422265141257
32,female,38.9,3,no,southwest,26271.003716923744
37,male,33.88071396859478,0,no,southwest,2196.4732
65,female,20.235,0,no,southeast,38126.2465
46,male,26.62,1,no,southeast,7742.1098
37,male,30.66339686098655,1,no,southeast,6185.3208
35,male,35.86120907704737,1,no,northwest,1727.785
28,female,34.77,0,no,northeast,7595.2546514606765
32,female,29.59,5,no,southwest,1629.8335
30,male,44.22,2,no,southeast,4266.1658
39,female,27.55,2,no,southeast,11163.568
63,male,32.2,0,no,northwest,3702.967613995961
39,male,22.451174653921523,0,yes,southeast,16577.7795
62,male,35.9,1,no,northwest,13937.6665
