age,sex,bmi,children,smoker,region,charges
50,female,31.6,2,no,southwest,10118.424
36,female,29.92,1,no,southeast,10309.661231362583
18,male,33.66,0,no,southwest,-5840.8552563848025
37,female,34.105,3,no,northwest,6112.35295
62,male,37.4,0,no,southeast,12979.358
37,female,36.86,0,no,northeast,42969.8527
32,female,52.58,0,no,southeast,13270.422265141257
32,female,37.724763849684365,2,no,southeast,12096.6512
27,male,26.593635582669847,1,no,southeast,28340.18885
47,female,30.66339686098655,0,no,northwest,8026.6666
57,male,42.13,1,yes,southeast,30472.071536080963
26,male,26.18,4,no,southeast,10704.47
39,male,22.3,1,no,southeast,14014.4628057048
37,male,37.07,1,no,southeast,39871.7043
40,male,25.71629210601888,1,no,southwest,13270.422265141257
46,male,27.070940417321612,2,no,southwest,24603.04837
53,female,35.9,2,no,northeast,11163.568
29,male,19.0,2,no,southwest,4433.9159
49,female,33.44,1,no,northwest,24520.264
22,male,28.93,1,yes,southwest,44501.3982
45,female,27.645,1,no,northeast,3070.8087
21,female,26.4,4,no,southwest,2597.779
62,male,30.66339686098655,1,yes,northwest,39047.285
52,male,42.68,2,no,southeast,9800.8882
39,female,21.85,1,yes,northeast,15359.1045
35,female,22.705,2,no,southeast,7173.35995
