age,sex,bmi,children,smoker,region,charges
27,male,30.66339686098655,0,no,southwest,-10199.72510662239
63,female,33.66,3,no,northeast,15161.5344
37,female,30.875,1,no,southeast,6796.86325
49,male,37.51,1,no,southeast,9304.7019
58,male,36.955,2,yes,southeast,47496.49445
42,male,31.13,0,no,southeast,41972.35674870227
44,male,28.31,1,yes,northeast,19442.3535
55,male,32.67,1,no,southeast,10807.4863
63,male,21.58611454405297,1,yes,southwest,13270.422265141257
23,female,30.66339686098655,2,no,southeast,21342.19836450278
19,male,28.9,0,no,southwest,1743.214
28,male,47.74,1,yes,southeast,9748.9106
53,female,33.25,1,no,northeast,10564.8845
24,male,13.866446566070543,0,no,southeast,1969.614
29,male,24.97,2,no,northwest,6593.5083
51,male,31.3,0,no,southeast,9855.1314
46,male,29.088613871974687,2,no,northwest,8733.22925
49,female,34.77,1,no,northwest,9583.8933
16,female,21.176440165956077,1,no,northeast,2198.18985
39,male,29.7,4,no,southwest,17796.844680668008
46,female,33.535,0,no,southeast,3268.84665
18,female,24.64,0,yes,southwest,13270.422265141257
41,female,23.18,0,no,southwest,2731.9122
39,female,24.97,0,yes,southeast,15820.699
40,female,33.345,2,no,southeast,11272.33139
