age,sex,bmi,children,smoker,region,charges
66,female,28.69,1,no,northwest,8059.6791
46,female,39.594310263853494,0,no,southeast,1627.28245
22,male,32.68,1,no,northeast,13270.422265141257
29,male,31.16,3,no,northeast,3943.5954
44,male,34.32,3,no,southeast,7147.4728
35,male,27.61,1,no,southeast,4747.0529
28,male,30.028757833581196,2,yes,northeast,9500.57305
18,male,28.31,1,no,southeast,11272.33139
36,male,33.4,2,yes,southwest,13270.422265141257
39,female,30.305,0,no,northeast,1737.376
19,female,35.9,1,no,southwest,2719.27975
29,male,23.7,2,no,northwest,8823.196912615127
29,male,27.94,0,no,southwest,2867.1196
44,female,25.8,1,no,southeast,7624.63
49,male,45.264152377953565,0,no,southeast,8997.190242288383
20,female,40.26,-2,no,northwest,2257.47525
46,male,38.17,3,no,northwest,8347.1643
60,female,31.825,2,no,southwest,11163.568
21,male,36.86,0,no,southeast,1917.3184
58,male,29.925,0,no,northwest,8988.15875
39,female,30.66339686098655,1,no,southwest,41661.602
42,male,30.66339686098655,0,yes,northeast,33732.6867
32,female,44.22,0,no,northwest,3994.1778
19,female,19.0,0,no,southwest,2203.73595
28,male,24.32,1,no,northeast,14995.667638874747
41,male,28.48053435538325,1,no,northwest,29639.397771492764
