haematocrit,haemoglobins,erythrocyte,leucocyte,thrombocyte,mch,mchc,mcv,age,sex,source
38.22611060743427,13.302473318225186,4.544802055001511,10.2,337,26.3,34.2,84.61133272892113,56,F,0
40.9,13.6,3.6798075975508038,9.051091640406883,80,28.3,34.27074434188379,85.0,39,M,0
36.3,12.3,4.25,8.0,304,28.9,32.3,85.4,49,F,1
47.2,9.8,3.82,23.5,258,25.3,29.3,80.1,50,M,1
47.6,12.749350256875191,5.66,2.9,140,28.2300392867936,34.7,84.1,16,F,1
35.4,12.0,4.59,5.3,179,26.1,34.9847934021876,77.1,4,M,1
45.8,15.1,5.36,7.0,310,28.2,33.33647627682079,85.4,46,M,0
42.4,15.3,5.44,12.7,355,27.343526102678354,33.3,104.4,48,M,0
28.242662330927217,14.4,4.67,3.5,262,28.2300392867936,34.4,89.7,31,F,0
32.2636349681971,11.467503344928176,4.87,9.778386821059451,392,29.8,33.4,89.1,82,M,1
44.5,11.5,4.15,7.6,335,33.5,34.07642668074421,88.8,32,F,0
36.644053483316156,10.1,4.98,6.1,276,23.5,33.1,71.2,3,F,0
38.2,12.1,4.364981611748252,9.2,492,25.64261841700626,31.9,87.6,46,F,0
46.4,16.0,5.74,6.5,122,20.7,34.5,80.8,28,M,0
45.9,14.1,4.97,8.964577785404181,290,29.026504041887264,33.3,85.62112813296474,47,M,0
48.8,16.7,5.64,4.5,314,29.6,34.496659517428824,89.12865613559315,43,M,0
25.4,14.387131550681712,5.01,8.715533393774555,240,28.612538391209366,32.7,87.2,43,M,0
40.2,13.0,4.41,11.0,267,29.5,33.9,80.1,42,M,1
41.6,13.4,5.03,8.5,286,26.6,32.2,77.4,43,M,0
41.0,13.3,4.938113996117233,5.8,332,29.0,32.4,89.3,43,M,0
41.9,12.749350256875191,4.544802055001511,7.4,100,29.3,28.9,100.2,59,F,0
27.925820687857247,9.6,5.1,-6.2184614109479295,258,19.3,31.0,84.61133272892113,44,F,1
41.7,13.6,5.13,8.715533393774555,299,26.5,32.6,75.24692722178372,73,M,0
47.6,13.514563334059487,7.593723843749948,4.4,26,27.3,34.0,91.2,61,M,0
38.22611060743427,14.7,3.98,12.2,150,28.9,33.4,86.4,41,F,1
44.8,15.3,3.42,7.2,242,28.5,33.33647627682079,83.3905456346221,85,M,0
