haematocrit,haemoglobins,erythrocyte,leucocyte,thrombocyte,mch,mchc,mcv,age,sex,source
33.44434251288719,14.6,4.99,7.1,139,28.2300392867936,33.7,86.8,48,F,0
38.22611060743427,11.8,3.8025723297769636,2.7,170,26.4,33.7,78.3,90,M,0
39.4,14.442892217639123,2.59,8.7,364,30.0,33.2,90.4,32,F,0
44.2,14.7,5.09,17.2,230,28.9,34.0,93.56451761200333,72,F,0
47.2,9.2,5.7,8.715533393774555,298,26.3,31.8,85.50303388304137,13,F,1
43.2,13.8,6.38,22.6,289,19.9,30.217836050042443,69.3,17,M,1
41.5,12.749350256875191,4.82,4.2,258,30.514995217794507,32.8,84.61133272892113,56,M,0
27.0,11.467021270642487,4.544802055001511,14.0,208,19.7,33.0,54.0,68,M,0
41.5,14.0,4.79,8.1,95,29.2,33.7,86.6,46,M,0
30.9,10.3,3.49,10.6,316,28.887297073533954,33.3,88.5,26,F,0
38.4,13.1,4.15,3.9,178,31.6,33.33647627682079,92.5,48,F,0
31.80751305111705,9.387547885552472,4.0,5.8,235,30.0,33.4,89.8,33,M,0
24.2,8.1,3.01651915446989,5.9,150,31.3,33.5,96.0,79,M,0
37.0,12.2,4.8750344618460995,5.3,238,30.3,33.33647627682079,83.5,59,F,1
34.3,13.6,4.78,19.1,258,28.2,34.45170677269331,92.0,74,F,1
42.1,14.7,4.544802055001511,10.2,299,32.714668164045904,34.9,84.61133272892113,65,F,1
37.902552187077504,9.5,3.65,6.9,360,29.6,33.80308861422199,87.2863882933044,67,F,0
34.44652491636202,12.084678530510887,3.7279310251924143,7.399113159421811,276,32.3,36.6,95.7,46,F,0
26.7,12.749350256875191,3.65,7.046482698615939,228,28.2300392867936,31.8,90.1389766994073,83,F,0
37.0,12.5,4.16,4.2,29,30.0,32.4,88.9,45,M,0
38.22611060743427,12.7,4.22,8.715533393774555,309,29.88550643933798,35.2,85.5,46,F,0
14.6,10.8,4.22,12.7,161,32.1,32.6,95.7,3,M,1
48.1,16.5,5.48,9.808542323393056,234,30.1,30.4,102.6,62,F,1
24.7,11.4,4.21,9.3,356,27.1,33.34314303132283,81.2,5,M,0
38.9,12.6,4.72,4.9,284,26.7,33.8,82.4,84,M,0
41.0,13.3,3.04,-7.471207655095437,200,31.5,32.4,97.2,61,M,0
