age,sex,bmi,children,smoker,region,charges
59,male,26.41,0,no,northwest,1631.6683
64,male,32.965,0,no,northwest,14692.66935
61,male,19.95,0,no,northeast,13143.86485
33,male,31.79,4,no,northeast,5375.038
52,female,40.28,-2,no,southeast,13270.422265141257
21,female,35.97,2,no,northwest,12157.787860149321
33,male,29.337728666425217,3,no,southwest,6666.243
25,male,24.13,0,yes,southeast,15817.9857
19,male,25.175,0,no,southeast,1632.03625
37,female,38.095,2,no,northeast,15230.32405
39,female,35.379758454085746,2,no,northeast,9779.143430706501
33,male,35.245,0,no,northeast,-426.31449354790675
45,female,32.9,0,no,southeast,17929.30337
26,female,28.785,0,no,southeast,13270.422265141257
39,female,17.29,2,no,southwest,4646.759
18,female,38.17,1,no,southeast,7419.4779
59,female,40.81,0,no,southeast,12485.8009
31,male,22.42,0,yes,northwest,14711.7438
44,female,32.79351759513228,0,no,southeast,28287.89766
26,male,30.66339686098655,1,no,northwest,3490.5491
24,female,20.52,0,no,northeast,14571.8908
19,female,27.93,1,no,northwest,18838.70366
43,male,20.4,0,no,southeast,3260.199
49,male,30.66339686098655,2,no,southwest,6710.1919
51,male,33.31504611976324,1,no,southeast,9377.9047
59,male,37.4,0,yes,southwest,34151.34726149742
