age,sex,bmi,children,smoker,region,charges
39,female,35.245,1,no,southeast,11394.06555
60,female,24.035,1,no,southeast,4149.736
45,male,20.35,3,no,southeast,13270.422265141257
53,male,36.6,3,no,southeast,14477.92438658387
36,male,27.74,0,yes,northeast,5469.0066
57,female,24.7,1,no,northwest,22192.43711
35,male,36.81936336424546,1,no,northeast,4762.329
40,male,35.31,2,no,southeast,27724.28875
39,male,23.98,1,no,southwest,0.1908967219205806
34,female,21.755,1,no,southeast,13725.47184
48,female,33.33,1,no,southeast,13270.422265141257
60,female,35.435,1,no,northeast,1146.4276393865457
30,male,30.20898972223652,1,no,southwest,13012.20865
62,female,32.015,0,no,northeast,45710.20785
45,male,39.805,0,no,northwest,7448.40395
45,female,20.51210568020384,2,no,southeast,8527.532
35,male,34.77,2,no,northwest,8334.5896
24,female,30.1,3,yes,southwest,4234.927
24,male,23.21,0,no,southeast,25081.76784
18,male,44.2816481795394,-1,no,southeast,1135.9407
49,male,30.66339686098655,0,yes,northwest,11735.87905
20,male,24.97,2,no,southeast,6593.5083
39,male,33.33,3,no,southwest,7418.522
33,female,34.32,0,no,southeast,2304.0022
50,female,30.66339686098655,3,no,southeast,31349.395348090737
44,male,26.79,1,no,northwest,12609.88702
