haematocrit,haemoglobins,erythrocyte,leucocyte,thrombocyte,mch,mchc,mcv,age,sex,source
30.7,10.7,4.544802055001511,8.715533393774555,307,29.1,34.9,84.61133272892113,86,M,1
45.0,15.4,5.54,6.0,145,32.1,34.2,81.2,47,M,1
42.8,13.3,4.53,9.3,193,23.2,33.2,88.5,54,F,1
32.8,11.9,4.517523573511598,8.4,307,29.89496738171766,32.6,82.6,71,M,1
30.3,9.8,4.3015549770142485,10.3,476,23.2,32.7,67.7403067348309,75,F,0
37.6,14.2,5.93,7.3,387,27.7,32.7,84.7,32,F,0
40.7,13.6,4.8847785160950705,8.2,282,30.1,33.636421738096125,90.0,48,M,1
36.757480320587426,15.2,4.83,8.76421487672951,286,24.5,34.5,80.71166198987575,11,F,1
35.4,12.0,5.36,10.1,299,28.2300392867936,32.4816903941952,69.9,27,F,1
40.8,14.3,3.3054579432221702,29.8,258,32.6,35.0,96.79362658224045,50,M,0
38.22611060743427,10.991688927098789,4.86,9.945461985070157,248,27.8,33.9,94.7,47,F,1
33.0,12.749350256875191,3.56,8.715533393774555,47,28.9,30.879669260162057,68.2,27,F,0
37.3,12.5,4.37,5.2,236,28.481798373030077,33.5,85.4,46,M,0
45.7772259245955,14.5,5.08,12.9,366,28.5,32.3,87.4,46,M,0
38.22611060743427,13.7,4.86,12.298867892520306,151,27.323410436900726,33.1,85.2,39,F,0
40.1,12.749350256875191,5.35,6.8,302,26.4,34.0,84.61133272892113,38,F,0
48.0,8.9,4.544802055001511,9.0,200,28.2300392867936,34.0,83.6,79,M,0
42.2,14.544088147158092,4.69,7.1,219,30.7,33.33647627682079,84.3,57,M,0
39.8,12.2,4.01,13.56087536927263,206,30.4,30.7,99.3,83,F,0
27.6,16.3,3.59,21.4,308,24.8,32.2,76.9,81,M,1
26.0,12.5,5.62,5.1,376,22.2,31.9,69.8,29,F,0
26.44172373093813,9.6,5.48,10.7,246,27.4,32.4,90.0,74,M,1
32.0,11.0,4.46,8.1,88,24.7,34.296419575086844,71.61780334141608,25,M,0
34.1,13.207871837509428,4.62,9.1,359,22.88853152805189,33.33647627682079,73.8,33,F,0
46.796235974356684,11.9,5.46,11.6,258,21.8,31.4,69.4,74,M,0
40.1,12.084685143406244,4.44,6.5,425,21.1,31.2,67.6,35,M,0
