age,sex,bmi,children,smoker,region,charges
34,male,30.66339686098655,-1,no,northeast,3935.1799
36,male,29.66017991341949,3,yes,northeast,35052.53936892059
43,female,38.94,2,yes,southwest,20781.48892
21,female,27.66958976979501,0,no,southwest,22144.032
62,male,36.28224478409808,0,yes,northeast,13555.0049
19,male,33.11,0,yes,southeast,34439.8559
69,male,25.08,1,no,northwest,14254.6082
36,male,22.515,1,no,northwest,5377.4578
50,male,28.0,1,yes,southwest,4005.4225
63,female,41.325,3,yes,southeast,-2526.0353170386697
19,male,30.66339686098655,3,no,southeast,10264.4421
43,female,22.6,1,no,southwest,13270.422265141257
39,male,25.46,1,yes,southeast,12913.9924
27,male,31.255,1,yes,southwest,3956.07145
31,female,36.3,0,no,southwest,-421.55926377270043
50,female,27.5,0,no,southeast,3732.6251
39,female,23.21,1,no,southeast,25081.76784
39,female,32.965,1,no,northeast,60021.39897
37,female,22.88,1,yes,northwest,6186.127
48,female,27.6,4,no,southwest,18955.22017
57,female,22.23,0,no,northeast,12029.2867
39,male,24.51,2,no,northwest,6710.1919
25,female,34.485,0,no,northwest,5458.04645
55,male,33.0,1,no,southeast,22478.6
46,female,37.1250911695834,1,yes,southwest,-309.930514102889
30,male,36.96,2,yes,southeast,-1195.4799548235223
44,male,24.32,0,no,northwest,13270.422265141257
45,male,19.95,3,no,northeast,23568.272
49,male,30.66339686098655,1,yes,southeast,13270.422265141257
56,male,33.66,1,no,southeast,12949.1554
53,male,33.345,1,no,northeast,8334.45755
39,male,30.875,0,no,southeast,23045.56616
42,male,34.57262379315323,0,no,southwest,13270.422265141257
54,female,30.66339686098655,2,no,northeast,12096.6512
12,male,17.308363018062167,1,yes,southeast,1694.7964
46,male,39.4,1,no,southeast,4214.72345990202
44,female,21.01,0,no,southeast,9981.406218984735
56,male,30.416762309948037,1,yes,northwest,48189.16238303145
18,female,30.66339686098655,2,yes,southeast,12829.4551
19,male,18.6,0,no,southwest,13270.422265141257
53,male,20.615,2,no,southwest,19394.73552024032
57,female,23.18,3,no,northwest,11830.6072
55,female,25.365,3,yes,northwest,13047.33235
39,female,32.82140545740726,1,no,southeast,1705.6245
48,male,24.512260970328953,0,no,southwest,19122.982720758948
40,male,29.23332482436569,1,no,southeast,6496.886
18,male,33.535,0,yes,northeast,34617.84065
29,male,29.64,1,no,northeast,20277.80751
39,male,31.54,0,no,southeast,11353.2276
28,male,33.82,1,no,northeast,4428.88785
23,female,28.31,0,yes,northwest,18033.9679
41,female,42.75,0,no,northwest,6571.02435
