age,sex,bmi,children,smoker,region,charges
56,male,28.416864848965922,0,no,northeast,3206.49135
30,female,25.65,1,no,southeast,4753.6368
50,male,32.205,0,yes,northwest,8835.26495
61,male,33.535,4,no,northeast,13143.33665
49,female,37.382282421388815,0,yes,northeast,8125.7845
20,male,30.66339686098655,0,no,southeast,33475.81715
19,male,25.175,0,no,northwest,1632.03625
39,male,34.4,5,yes,southwest,36197.699
25,female,34.43,0,no,southeast,10594.2257
40,male,30.66339686098655,1,no,southwest,22144.032
64,male,33.57293727333089,0,yes,southeast,15820.699
56,female,35.8,1,no,southeast,11674.13
64,female,41.47,0,yes,northwest,29330.98315
20,male,27.3,0,no,northeast,16232.847
19,male,35.4,0,no,southwest,1263.249
39,male,33.370304873258185,0,no,northwest,13129.60345
46,female,28.05,1,no,southeast,-2532.7617532788154
64,female,35.815,2,no,southeast,13270.422265141257
20,male,30.685,1,no,northwest,5630.45785
20,male,23.655,0,no,southwest,1633.9618
24,female,32.7,0,yes,southwest,34472.841
43,male,39.05,3,no,southeast,2988.5808896334383
45,male,39.805,0,no,northeast,13270.422265141257
50,male,32.11,2,no,southwest,7272.484179396612
23,male,27.36,1,no,southeast,1253.936
59,male,25.2,0,no,southeast,22303.89049269501
