haematocrit,haemoglobins,erythrocyte,leucocyte,thrombocyte,mch,mchc,mcv,age,sex,source
43.4,14.4,5.3,7.3,150,27.2,33.2,81.9,12,M,1
38.5,16.6,4.99,9.1,339,28.58802106313867,30.0,84.61133272892113,8,F,1
42.1,14.0,4.926481109016354,7.3,379,27.5,33.3,73.22813003601492,16,F,0
38.22611060743427,12.4,3.52,7.3,301,30.0,33.387357781184875,90.6,78,M,0
44.5,12.749350256875191,6.07,8.715533393774555,387,28.2300392867936,35.1,89.2,46,M,0
45.1,15.2,5.2,6.0,251,27.3,35.183343665663614,86.7,33,M,0
34.7,11.6,4.57,6.4,154,32.32272871470598,33.4,75.9,4,M,0
38.5,11.4,4.51,6.3,396,26.0,34.0,75.4,32,M,0
38.22611060743427,12.1,4.891174053515988,7.8,334,28.8,33.33647627682079,86.0,56,F,0
36.5,12.1,6.18,10.1,528,28.2300392867936,33.2,89.0,46,F,0
40.4,13.6,4.53,7.1,288,30.0,31.510711789656533,89.2,37,F,0
37.1,7.085722543423332,5.25,8.715533393774555,237,28.2,31.6,84.4,15,M,1
37.4,12.2,4.82,13.4,416,25.3,32.6,89.0,33,F,1
38.610655555657246,12.749350256875191,3.6734022055877302,1.9583749463463684,180,29.3,33.4,87.6,23,F,1
41.2,14.1,4.88,6.4,178,22.47162050145657,33.4,84.4,1,F,1
35.4,13.2,5.25,7.823404646754176,258,23.1,32.0,78.5,12,M,0
48.3,16.0,6.24,10.0,332,25.458236254253258,33.1,77.4,6,M,0
20.253261711752323,8.1,2.81,9.282580236921735,330,28.8,32.5,84.61133272892113,72,M,1
31.0,12.060723866016273,4.544802055001511,14.8,166,29.0,33.33647627682079,76.76410256378007,27,M,1
34.6,12.065545886161141,4.544802055001511,10.1,258,25.7,32.0,80.5,67,F,0
36.81565486227479,11.5,5.41,9.3,204,18.9,30.3,62.6,28,M,0
38.3,12.795365711210252,4.71,11.3,330,27.0,33.2,81.3,29,F,0
44.5,15.3,5.0,6.5,428,30.6,34.4,77.6,52,M,0
24.08303692950451,13.0,3.8501161732350453,4.3,290,28.4,35.9,89.18041855947769,47,F,1
32.1,10.4,3.67,14.531791287821896,215,28.3,35.93882876789686,85.11964079571474,46,M,0
41.2,12.0,3.88,8.4,221,30.9,33.9,91.2,54,M,1
