age,sex,bmi,children,smoker,region,charges
19,male,28.7,0,no,southwest,1253.936
44,female,38.58747366885913,0,no,northwest,5267.81815
39,male,20.9,1,no,southeast,13270.422265141257
57,male,28.88,2,yes,northeast,2250.8352
20,female,33.3,0,no,southeast,1880.487
53,female,36.86,3,yes,southwest,46661.4424
51,female,30.66339686098655,0,yes,southeast,44400.4064
54,female,21.084148177804465,0,yes,southwest,7729.64575
24,male,28.5,2,yes,northeast,15496.946764218785
52,male,32.01,0,no,northeast,10197.7722
24,female,30.66339686098655,0,no,northeast,14571.8908
33,male,23.9,5,no,southwest,5080.096
52,female,46.75,5,no,northwest,12592.5345
60,female,32.45,2,no,southeast,45008.9555
19,male,40.15,1,no,southeast,-8014.440676696157
19,female,25.68798926488461,1,no,northwest,1137.011
61,female,22.04,0,no,southeast,13012.20865
35,male,17.385,2,no,southwest,10806.839
39,female,24.035,0,no,northwest,13616.3586
30,male,23.18,1,no,southeast,13270.422265141257
18,male,31.13,0,yes,southeast,-329.8263465375203
53,female,23.75,0,no,northeast,11729.6795
24,female,40.185,0,no,southeast,3201.24515
34,male,27.835,1,no,southeast,20009.63365
40,female,21.647281706613704,2,no,southeast,22563.931900510455
52,female,23.465,2,no,northwest,6402.29135
