haematocrit,haemoglobins,erythrocyte,leucocyte,thrombocyte,mch,mchc,mcv,age,sex,source
38.2,14.4448649542349,4.27,4.7,45,27.98441261144301,35.1,89.5,14,M,0
39.5,10.5,4.544802055001511,9.2,319,30.9,35.6,86.8,26,M,1
43.79414904215482,13.4,4.39,6.7,230,30.5,31.1,92.0,80,F,0
29.9,4.4,5.74029151638016,6.6,269,30.8,33.1,91.0,45,M,1
48.6,15.9,5.71,16.3,495,27.8,33.58793910402407,84.61133272892113,44,M,0
31.130068633188365,11.7,4.73,7.2,258,24.7,32.5,83.70261455708497,77,M,0
44.6,15.3,4.544802055001511,15.946328036428977,372,27.3442565386849,33.01335450110129,83.5,90,M,0
23.2,12.749350256875191,4.03,6.3,237,28.5,33.2,76.11504754991049,77,F,0
38.6,7.7,4.33,8.9,304,28.4,34.234641221535476,84.61133272892113,65,M,0
39.9,13.4,4.34,5.7,364,30.9,33.6,95.7,35,M,1
30.8,8.42293221796087,5.82,10.3,258,30.6,33.8,90.6,46,M,1
47.6,16.5,5.51,9.2,255,31.190491599883213,28.9,84.1,16,F,0
48.26533586252802,15.8,5.61,9.2,42,28.2,33.3,94.81474041707321,42,M,0
44.7,12.749350256875191,5.86,7.1,279,28.2300392867936,34.3,77.1,76,M,0
40.5,12.7,4.57,8.715533393774555,335,19.1,31.4,88.6,33,F,0
41.4,13.7,4.86,6.0,199,32.0,33.33647627682079,85.2,39,M,1
38.22611060743427,11.0,3.85,7.982606713599723,79,28.6,31.427815509051698,70.4,63,M,1
34.8,13.0,4.5882700056064945,6.5,134,30.2,33.0,93.1,46,F,0
39.5,12.8,3.8185665621901395,7.0,275,27.1,32.4,83.5,16,M,1
40.8,15.379066144636994,3.9193074894053512,6.3,234,28.2300392867936,34.1,88.9,26,M,0
38.6,13.6,4.73,13.987578968686233,361,29.6,35.2,81.6,50,F,0
34.1,11.4,3.92,8.715533393774555,264,29.1,32.3,90.1,69,M,1
32.5,10.8,3.83,7.9,228,31.0849290062665,33.2,84.9,60,M,1
38.22611060743427,6.0,4.25,7.3,320,29.2,33.33647627682079,81.36412013780914,36,M,0
50.88268519720984,12.2,4.36,6.777535891837916,492,28.0,31.9,87.6,62,M,1
48.0,19.497929095588017,5.66,3.5,120,28.8,34.0,87.1,-11,M,0
