haematocrit,haemoglobins,erythrocyte,leucocyte,thrombocyte,mch,mchc,mcv,age,sex,source
40.2,13.4,4.64,5.2,296,28.9,33.3,86.6,33,M,1
34.7,15.131635266440723,5.250295082087521,2.0,330,25.8,33.7,81.5,46,M,0
47.2,18.47016576422074,4.83,7.7,263,28.2300392867936,33.9,86.3,25,F,0
24.366999904631413,8.5,3.65,18.868709254397515,228,23.3,31.8,73.2,27,F,1
42.689208245971116,9.5,3.39,7.2,325,22.65189830991926,32.9,88.90993731491018,29,M,1
38.535240016080785,13.546626310567609,4.38,1.1923760258452472,318,29.5,33.1,89.0,45,M,0
38.22611060743427,14.8,4.75,8.715533393774555,260,25.1,33.33647627682079,84.61133272892113,58,M,0
44.6,15.1,4.544802055001511,2.1,67,32.4,33.9,87.1,23,M,0
38.22611060743427,13.9,4.76,12.1,206,29.2,34.6,73.9,52,M,1
37.1,12.749350256875191,4.45,15.7,132,31.1,33.6,84.61133272892113,9,M,0
35.1,10.8,4.14,11.1,297,26.1,34.0,78.7,21,M,1
38.6,12.8,4.42,0.6134583498056214,258,29.0,33.2,69.9,46,F,0
37.0,12.8,4.504669933384791,8.2,98,28.2300392867936,32.55712730307819,85.3,25,F,1
37.0,12.5,4.65,9.9,296,26.9,33.8,79.6,30,F,1
43.2,15.5,3.82,4.9,258,27.2,30.6,88.5,48,M,1
41.7,14.1,5.9,9.4,256,30.860041792261743,33.8,87.8,67,M,0
37.3,12.749350256875191,4.544802055001511,6.5,360,28.602202577917527,34.87016241471239,79.71308892275434,48,F,0
41.4,12.7,5.283906439736163,8.715533393774555,247,30.5,34.8,87.7,35,M,1
37.4,11.5,4.36,7.0,538,26.4,33.33647627682079,81.4,45,M,0
39.1,13.3,5.316485902932046,5.7,261,31.421983286224517,33.1,87.8,2,M,0
40.9,15.806022997070297,4.95,5.1,278,27.5,33.0,78.70688799200173,46,M,0
29.8,9.8,4.03,14.2,355,24.3,34.28805383964313,84.5,67,F,1
38.1255132235673,11.1,3.57,10.478622491311208,163,31.1,34.8,89.4,41,M,0
43.9,14.7,4.92,4.5,321,29.9,34.82531554493084,89.2,25,M,1
35.5,14.4,4.58,2.5,109,27.7,34.0,81.7,26,F,1
33.7,10.7,4.44,12.0,337,24.8,32.6,84.01491898641457,42,F,0
