age,sex,bmi,children,smoker,region,charges
52,female,30.66339686098655,3,no,northwest,11411.685
60,male,28.74690930598087,2,no,southeast,14119.62
62,male,30.66339686098655,0,no,northwest,2045.68525
34,male,38.83,3,yes,northwest,7640.3092
30,male,26.761304544594214,0,yes,southeast,39241.442
17,male,17.86,1,no,northwest,7337.748
39,female,19.546132579868054,2,no,northeast,6877.9801
21,female,30.66339686098655,2,no,northwest,26018.95052
18,male,23.815168019364954,1,yes,northeast,20773.62775
30,female,23.655,3,yes,northwest,9095.06825
35,male,24.42,3,yes,southwest,18935.90666434798
39,female,27.36,3,no,northwest,32787.45859
20,male,36.195,1,no,southeast,7443.64305
19,female,24.605,1,yes,southeast,34439.8559
18,male,19.3,0,no,southwest,15820.699
43,male,32.8,5,no,southeast,13270.422265141257
39,male,26.4,3,no,southeast,24472.384849350114
32,male,44.22,0,no,southeast,3994.1778
62,male,43.01,0,yes,southeast,1149.3959
31,male,44.77,2,no,southeast,4463.2051
46,female,15.96,0,no,southeast,2205.9808
31,female,33.11,2,no,southeast,12479.70895
42,female,29.48,3,no,southeast,4518.82625
43,female,29.9,1,no,southeast,5116.5004
25,male,34.96,1,no,southwest,3208.787
10,male,33.155,1,no,northeast,7639.41745
59,male,23.655,1,no,northwest,10796.474201322962
59,male,31.5,1,no,southwest,4076.497
22,female,26.57375427018299,0,no,southeast,13019.16105
29,female,34.675,2,no,southeast,11672.090364762043
50,female,22.470967207332137,2,no,northwest,10107.2206
38,male,30.78,3,no,southwest,10141.1362
47,male,29.37,1,no,southeast,13112.6048
54,female,21.755,1,no,southeast,4134.08245
39,male,46.53,0,no,southwest,21880.497981729066
40,male,32.775,1,yes,southeast,13270.422265141257
28,female,23.46363634484549,0,no,southwest,1506.5570773723011
43,female,24.7,2,no,southeast,35012.56618376845
49,male,37.51,2,no,southeast,9304.7019
16,male,25.4060143441485,1,no,southeast,13270.422265141257
19,female,34.58,2,no,northeast,47462.894
20,male,32.521604599988194,1,no,southeast,9078.857177915601
56,female,30.66339686098655,0,no,southeast,11073.176
23,male,32.78,2,yes,southeast,13270.422265141257
42,male,30.0,4,yes,southwest,22144.032
63,male,31.445,2,no,northwest,5116.5004
39,male,30.97,3,no,northwest,13270.422265141257
56,female,30.66339686098655,2,no,northeast,5023.605415446393
40,female,25.08,1,no,northeast,5415.6612
24,male,29.15,1,yes,southeast,18246.4955
58,female,36.48,0,no,southeast,12235.8392
20,female,35.54617799180063,0,no,northwest,26313.99396289032
