age,sex,bmi,children,smoker,region,charges
43,male,27.8,0,yes,northwest,37829.7242
63,female,29.665672880794883,2,no,southwest,8116.26885
61,female,22.04,0,no,northeast,13616.3586
39,female,27.36,0,yes,northwest,24393.6224
39,male,32.34,2,yes,southeast,6338.0756
52,male,25.188643786179327,1,no,northeast,15903.333089630487
59,male,17.955,2,yes,southeast,15006.57945
29,female,28.31,1,no,southeast,3947.4131
29,male,20.8,0,no,southwest,17622.699250199206
51,female,39.5,1,no,southeast,-727.9498330482656
32,female,29.64,-1,no,northeast,20277.80751
18,male,30.66339686098655,1,no,northeast,11272.33139
45,male,30.2,1,no,southwest,7441.053
39,male,29.83,2,no,northeast,6406.4107
59,female,27.72,3,no,southwest,12485.8009
48,female,39.87294536214008,2,no,southeast,8871.1517
44,male,29.59,2,no,southwest,16069.08475
26,male,30.0,1,no,southwest,2904.088
26,male,30.66339686098655,0,no,southwest,4340.4409
43,male,26.7,2,no,southwest,22478.6
49,male,28.7,1,no,southwest,13270.422265141257
34,female,44.0,0,yes,southwest,6843.413742490957
36,female,26.885,1,no,northwest,5267.81815
28,male,26.51,2,no,southeast,10713.644
49,male,26.52454137502103,2,no,southeast,13270.422265141257
58,male,31.02,0,yes,northeast,11365.952
