age,sex,bmi,children,smoker,region,charges
18,female,30.66339686098655,2,yes,northeast,2801.2588
60,female,30.5,0,no,southwest,3238.4357
19,female,34.105,1,no,southwest,2331.519
47,male,24.036215278324963,3,no,northwest,10115.00885
51,female,36.295219445861164,2,no,southeast,9875.6804
39,female,35.815,1,no,southeast,5630.45785
50,female,34.28354493052652,0,no,southwest,15818.664396245546
46,male,30.66339686098655,2,no,northeast,9411.005
21,male,18.05,2,no,southeast,11848.141
21,male,41.8,0,no,southeast,14988.432
40,male,21.47,0,no,northwest,19023.26
41,male,34.2,0,no,southeast,11360.410402203404
20,female,30.59,1,no,northeast,2459.7201
53,female,28.4,2,no,northeast,52024.53177843003
64,female,18.876757870724497,0,yes,southwest,27037.9141
41,female,28.05,1,no,northwest,6770.1925
51,female,18.05,0,no,southeast,9193.106539001205
25,male,45.54,2,yes,southeast,42112.2356
39,male,32.8,2,yes,southeast,5649.715
64,female,43.346675191281385,1,no,northeast,11394.06555
2,female,26.762225041868504,0,no,northwest,2473.3341
64,male,36.6,1,no,southeast,13270.422265141257
37,female,30.66339686098655,2,yes,southeast,46113.511
29,female,20.235,2,no,northwest,4906.40965
27,male,45.9,2,no,northeast,3693.428
33,female,22.135,1,yes,northeast,13270.422265141257
25,male,34.7,0,no,northeast,2102.2647
39,male,8.638816335141657,0,no,southeast,-1168.2643106514097
60,male,24.32,0,no,northwest,13270.422265141257
31,male,28.5,5,no,northwest,11971.09995763653
18,female,38.68763755670739,0,no,northwest,5472.449
35,male,30.03,1,no,southeast,4074.4537
39,male,39.82,1,no,southeast,25325.438105125206
39,male,47.41,0,yes,southeast,4350.5144
27,female,27.6,1,no,southwest,31998.317665179806
24,female,22.04,0,no,northeast,13270.422265141257
25,female,21.28,0,no,northeast,13217.0945
61,male,39.49,1,no,southeast,14929.916016208956
28,male,36.575,0,no,northwest,13270.422265141257
50,male,30.66339686098655,4,no,northeast,25333.33284
51,male,27.74,1,no,northeast,9957.7216
39,female,33.1,1,no,southeast,3077.0955
30,male,26.03,2,no,southwest,6082.405
41,male,25.268009282091274,2,no,northeast,7731.4271
57,female,30.66339686098655,1,yes,southeast,13596.833922470527
37,male,29.639818952327744,2,no,northwest,6198.7518
50,male,28.025,1,yes,southwest,13747.87235
34,female,27.3,0,no,northeast,4992.3764
24,female,33.66,0,no,southeast,9174.13565
34,male,38.0,3,no,southwest,6196.448
60,male,42.13,3,no,southeast,12638.195
46,male,24.795,3,no,southeast,9500.57305
