age,sex,bmi,children,smoker,region,charges
41,male,22.467409390696893,1,no,northeast,6858.4796
29,female,25.8,1,no,southwest,7624.63
64,male,22.515,0,no,northeast,13270.422265141257
47,female,36.63,1,yes,southeast,13270.422265141257
31,male,23.9,1,no,northwest,5425.02335
41,female,42.75,1,no,northwest,6781.3542
57,female,32.74803878775492,0,no,northwest,13270.422265141257
59,male,35.86,0,yes,northwest,33907.548
42,male,26.438202131728122,0,no,northeast,21348.706
38,male,38.38,0,no,southeast,8900.863139162911
39,female,30.66339686098655,0,no,northwest,40103.89
57,female,26.125,1,yes,southwest,36381.40470637017
48,male,30.630679088086776,0,no,southwest,1759.338
-4,female,42.13,-1,no,southeast,-963.5636337577253
20,female,33.0,0,no,southeast,1880.07
39,female,28.025,1,no,southeast,24915.04626
62,male,32.965,3,no,northwest,13270.422265141257
39,female,24.985,4,no,southeast,8017.06115
44,male,33.63,2,no,southeast,12574.049
53,female,29.48,1,yes,southeast,7151.092
44,male,43.89,5,no,northeast,8944.1151
54,male,21.01,3,no,southeast,11013.7119
19,female,30.0,3,no,northwest,2904.088
49,male,30.66339686098655,0,yes,northeast,9778.3472
37,male,30.66339686098655,1,no,southeast,24059.68019
63,male,41.47,0,no,southwest,3901.924176650313
28,female,19.639737416911835,1,no,northeast,-3927.0698269147915
20,male,38.095,1,yes,northwest,17560.37975
19,female,34.37508287566022,1,no,northwest,39983.42595
40,male,36.4,1,yes,southeast,-13045.38469259426
62,female,36.86,0,no,southwest,31620.00106
24,male,29.83,0,yes,northeast,-4398.459852222386
33,male,33.991095951905805,0,no,southeast,5267.81815
55,female,33.535,2,no,northwest,12269.68865
47,female,18.6,0,no,southwest,1728.897
42,male,30.59,2,no,northwest,6272.4772
23,female,42.75,1,yes,southeast,8585.398813169417
35,male,31.430833794949713,1,no,northeast,10848.1343
39,male,30.4,0,yes,southeast,46599.1084
58,male,36.295117192470876,0,no,southeast,13270.422265141257
51,female,34.1,0,no,southeast,1646.4297
18,female,30.66339686098655,0,no,northeast,7323.734819
34,female,31.50388409063276,0,no,southwest,7345.084
23,male,41.91,0,yes,southeast,1837.2819
21,male,31.255,0,no,northwest,1909.52745
51,female,36.67,2,yes,northwest,1731.677
18,female,30.66339686098655,0,yes,southeast,23457.996041372335
47,female,33.345,2,no,southeast,20878.78443
55,female,25.365,3,no,southeast,24739.483818524524
34,male,25.935,1,no,northwest,13415.0381
39,female,23.655,5,no,southwest,18765.87545
49,female,39.05,3,no,southeast,16085.1275
