age,sex,bmi,children,smoker,region,charges
25,male,30.59,0,no,northeast,2727.3951
46,female,28.792285522497053,-1,no,southwest,7526.70645
61,female,38.39,0,no,northeast,24513.09126
43,male,30.66339686098655,3,yes,southeast,5478.0368
39,male,31.825,2,no,northeast,16069.08475
39,female,32.965,0,no,northwest,30166.61817
25,male,31.825,0,no,northwest,17044.45386764286
40,male,41.42,1,no,northeast,28476.73499
20,male,40.37,2,no,southeast,13270.422265141257
25,male,17.3139414563985,3,no,southeast,40431.372592475665
2,male,30.66339686098655,2,no,southwest,6414.178
62,male,19.19,1,no,northeast,8627.5411
14,female,36.955,1,yes,southeast,6858.4796
34,male,27.5,1,no,northeast,13270.422265141257
31,male,30.66339686098655,1,no,southeast,13270.422265141257
60,male,38.28,0,no,southeast,12730.9996
62,female,38.285,3,no,southwest,7935.29115
48,female,35.91,1,no,northeast,26392.26029
29,male,32.23,0,yes,northeast,11622.623352228533
23,male,32.7,3,no,southwest,3591.48
29,male,37.29,1,yes,southeast,4058.1161
44,female,26.41,0,no,southeast,-2702.0448901274885
40,female,30.8,2,yes,southwest,9414.92
39,female,39.82,1,yes,northwest,4795.6568
61,female,44.0,0,yes,southwest,13063.883
39,female,29.64,0,no,southeast,11473.81646322671
40,male,52.58,1,no,southwest,44501.3982
39,male,38.94,1,no,southeast,3471.4096
28,female,27.5,2,yes,southwest,-7393.33690618999
31,male,30.66339686098655,2,yes,southwest,38711.0
18,male,33.66,0,no,southeast,1136.3994
24,female,34.6,2,no,southwest,41661.602
61,female,21.3,0,no,southeast,13270.422265141257
60,male,26.98,1,no,northwest,-6895.467708449247
23,female,29.632431192204365,3,no,northwest,5616.943050064131
39,female,27.83,4,no,southeast,8515.7587
39,female,30.665434878781237,1,no,southeast,34439.8559
46,male,27.6,0,no,southwest,24603.04837
36,female,29.92,1,yes,southwest,22478.6
39,male,25.84,1,yes,northwest,23807.2406
18,male,19.25144611329146,2,no,southeast,21978.6769
58,male,30.66339686098655,0,no,northwest,-5841.137932930356
31,female,29.1,0,no,southwest,3761.292
58,male,42.35,1,yes,southeast,46151.1245
60,male,27.55,1,no,southeast,13217.0945
46,male,24.18870911844206,3,no,northeast,6640.54485
22,male,22.15115714218082,0,yes,southeast,13270.422265141257
60,female,15.13805572358093,0,no,northeast,14313.8463
35,female,34.87,0,no,southwest,1256.299
25,female,22.895,1,no,southeast,18218.16139
30,male,31.493856442892948,0,yes,southwest,21825.36843482569
48,female,28.11806419123308,0,no,southwest,8277.523
