haematocrit,haemoglobins,erythrocyte,leucocyte,thrombocyte,mch,mchc,mcv,age,sex,source
40.0,12.8,4.79,8.715533393774555,436,26.7,32.0,83.7,46,M,0
48.9,16.3,5.81,10.1,382,28.1,33.3,90.9,12,F,1
41.0,3.8,4.51,6.0,261,29.9,32.9,84.2,58,F,0
34.4,13.8,3.7476504981008816,19.2,156,30.4,31.7,86.65549477673352,87,F,0
34.8,12.749350256875191,5.92,3.1,226,25.1,33.476424371399425,78.5,40,F,0
50.23509737418687,16.7,5.25,12.72855956437315,210,28.2,32.3,83.6,26,M,0
34.9,11.3,3.98,4.7,291,28.4,31.184641951238767,87.7,66,M,0
37.5,11.659607442836396,4.88,11.2,290,30.9,33.7,76.8,29,F,0
34.7,12.1,4.06,1.4,46,29.8,34.9,84.61133272892113,44,F,0
36.2,12.3,4.35,1.5,267,28.3,34.0,83.2,37,M,1
36.76321672635866,14.534268996425439,4.04,9.1,258,28.98736536657878,33.6,84.61133272892113,62,F,1
21.0,12.749350256875191,4.98,14.393330192234185,258,20.8,29.8,85.7,46,M,0
38.67871269160634,12.3,5.19,2.9,265,28.1,33.0,85.2,61,F,1
41.2,11.5,3.89,6.0,188,29.6,33.0,89.5,59,F,0
38.22611060743427,9.7,4.290614295880899,8.715533393774555,375,27.3,33.33647627682079,98.2,61,M,1
35.9,7.210132481524655,4.960187140248817,11.8,322,25.6,35.3,77.2,3,F,0
44.5,14.9,5.51,7.9,71,27.0,33.424128053447724,80.8,19,M,1
24.2,12.515459716791979,5.01,15.82690012288002,240,28.5,32.7,80.00431940043684,43,M,1
41.8,14.2,4.544802055001511,6.1,187,28.1,34.0,86.4,86,M,0
35.0,12.2,4.33,16.962935547187236,94,30.02938288090214,34.9,80.8,76,M,0
38.5,12.0,6.06,6.2,271,25.884407652126868,31.2,79.4,47,F,1
31.7,7.9,4.565344024081582,17.9,246,24.676104515227173,33.33647627682079,63.1,8,M,1
38.22611060743427,13.3,4.544802055001511,5.6,372,31.1,33.6,92.56460537681517,46,M,0
43.92140953702662,14.3,5.09,10.7,60,29.3,33.7,83.3,39,M,1
40.5,10.9,4.38,6.5,107,28.2300392867936,33.05734254494857,99.53795617945546,67,F,0
43.6,15.2,5.04,2.7,105,28.2300392867936,34.9,86.5,35,M,1
