age,sex,bmi,children,smoker,region,charges
45,male,22.895,2,no,northwest,36189.1017
34,female,33.7,1,no,southwest,36189.1017
59,male,30.8,3,no,southwest,12105.32
30,female,32.395,0,no,southeast,8359.61443419785
40,female,37.41990989263993,3,no,southeast,18783.082806317492
39,male,35.3,1,yes,southwest,40103.89
60,male,24.32,1,no,southwest,2304.0022
61,female,18.781610006122996,0,no,southeast,13635.6379
52,female,28.88,0,no,northwest,3866.8552
62,female,39.2,0,no,southwest,13470.86
54,male,33.66,4,no,southeast,4504.6624
44,female,38.06,1,no,northwest,7152.6714
19,male,34.8,0,yes,southwest,11848.141
27,female,31.255,0,no,northwest,3956.07145
63,female,33.1,1,no,southwest,-4768.481464826944
50,male,22.8,0,no,southeast,8835.26495
19,female,25.555,1,no,northwest,1632.56445
60,female,18.335,0,no,northeast,13204.28565
55,female,31.66922324096403,1,no,southwest,35160.13457
39,female,25.3,3,no,southwest,11070.535
19,male,33.1,0,no,southeast,34779.615
55,female,34.47368405918838,0,no,southeast,1137.011
49,male,35.48005456626635,0,no,northeast,8823.279
48,male,29.8,2,no,southwest,5152.134
56,female,20.235,0,yes,northwest,19594.80965
32,male,30.03,1,no,northeast,4074.4537
46,male,31.635,1,no,southwest,7147.105
23,male,19.095,1,yes,northeast,16776.30405
41,female,35.53,2,yes,southwest,13270.422265141257
23,male,32.49,3,no,northeast,21098.55405
56,male,33.725,0,no,northwest,13270.422265141257
45,male,30.66339686098655,2,no,southwest,14548.003168695835
39,male,38.97810336463311,0,no,northwest,17456.91358563046
43,male,25.08,0,no,northwest,7325.0482
31,male,33.87672123617221,1,yes,southeast,4350.5144
50,female,26.41,0,no,northeast,13270.422265141257
22,male,39.4851448911883,0,no,southeast,11412.415052530092
39,female,18.715,1,no,northwest,3756.6216
62,female,30.66339686098655,0,no,northwest,686.0489276989993
58,female,32.6,1,no,southeast,27346.04207
25,male,28.6,0,no,southeast,26502.871737319263
40,male,23.0,3,no,southeast,12094.478
28,male,33.55,1,no,southeast,5699.8375
39,male,19.095,2,no,southwest,9715.841
39,female,30.66339686098655,1,no,southwest,3277.161
19,female,31.73,0,no,northwest,36898.73308
57,male,26.480166742131352,0,no,southwest,4144.040590808381
23,male,23.845,0,no,northeast,13270.422265141257
64,male,30.97,0,no,northwest,13270.422265141257
30,male,30.66339686098655,2,no,northeast,4137.5227
42,male,30.66339686098655,2,no,southeast,18608.262
29,female,29.075603808063878,0,yes,southwest,28896.994360368593
