age,sex,bmi,children,smoker,region,charges
33,male,34.58967380461293,2,no,northwest,12925.886
20,female,31.79,0,no,southeast,1875.344
14,female,30.5,0,no,southwest,12638.195
46,male,33.345,4,no,northeast,8334.45755
36,male,30.66339686098655,1,yes,northeast,20773.62775
50,male,33.7,0,no,northwest,15941.687743465583
43,female,30.685,2,no,northwest,8310.83915
54,male,28.7,2,yes,southeast,11013.7119
61,male,21.85,1,no,northwest,6117.4945
59,female,29.81,0,yes,southeast,27533.9129
39,male,28.595,0,no,northeast,30259.99556
50,male,30.66339686098655,1,no,northwest,12523.6048
57,male,30.14,5,no,southeast,1131.5066
32,male,20.8,1,yes,southwest,3208.787
46,female,18.715,1,yes,southeast,22144.032
45,male,27.55,2,no,northwest,21098.55405
47,female,34.49146742729163,4,yes,southeast,3046.062
25,male,22.515,1,no,southeast,13270.422265141257
45,male,29.8,2,no,northeast,1137.4697
39,female,16.91773866134199,2,no,northwest,7201.70085
47,female,30.66339686098655,1,no,northeast,20878.78443
23,male,16.815,1,no,northwest,11842.442
23,female,23.18,1,no,northwest,13270.422265141257
55,male,40.81,0,no,southeast,33701.47802139211
29,male,31.13,1,yes,southwest,34806.4677
39,female,23.3,-1,no,southwest,11345.519
40,female,30.916356346408193,0,no,northwest,31991.55222132949
39,female,25.11332563644668,0,yes,southwest,15979.53258968825
39,female,31.92,0,no,southeast,2261.5688
40,male,30.696580023593874,1,no,southeast,1704.70015
48,male,40.565,2,yes,southwest,45702.02235
45,female,26.22,0,no,northwest,9504.3103
33,female,22.135,1,no,northeast,5354.07465
32,male,36.02089920206969,1,no,southeast,8240.5896
32,female,24.6,0,no,southwest,13270.422265141257
48,male,29.6,0,no,southwest,1480.4967100628146
48,female,22.8,0,no,southwest,8269.044
40,male,41.69,0,no,northwest,-8808.159830251432
39,male,36.1,1,no,northwest,27941.28758
45,male,24.035,0,no,northeast,8604.48365
47,male,35.717057038498766,1,no,southeast,9620.3307
39,male,28.379759427508866,0,no,northwest,4894.7533
23,female,30.66339686098655,3,no,northwest,11003.557499235738
60,female,22.895,0,no,southeast,16949.6679934244
18,male,31.825,0,no,southeast,13270.422265141257
52,male,31.0,4,no,southwest,8615.3
44,female,20.235,0,no,northeast,13270.422265141257
49,male,21.01,1,no,southwest,8703.456
25,male,22.595435206772475,1,no,southwest,6393.60345
39,male,22.22,1,no,southwest,-11015.743878834352
60,female,18.335,2,no,northwest,17878.90977615977
44,male,30.66339686098655,1,no,northwest,35595.5898
