haematocrit,haemoglobins,erythrocyte,leucocyte,thrombocyte,mch,mchc,mcv,age,sex,source
40.19276763286549,16.3,4.35,8.715533393774555,338,27.2,32.8,84.61133272892113,67,F,0
36.2,12.749350256875191,4.09,17.3,139,29.3,33.1,88.5,46,F,0
29.4,9.1,4.17,7.6,217,21.8,33.33647627682079,70.5,25,F,1
32.2,10.5,5.5235194195823265,19.1,152,27.5,35.7,87.90158114739698,69,M,1
36.3,11.8,4.44,6.2,204,26.6,33.865543053267025,84.61133272892113,39,M,0
42.7,12.0,5.07,10.0,175,29.0,34.4,84.2,59,F,0
46.86750497757805,13.4,4.28,3.6,243,31.3,33.9,92.3,76,F,0
38.22611060743427,14.1,5.56,9.0,252,30.1,33.7,88.9,54,F,0
69.0,12.749350256875191,3.95,5.7,232,21.32306516185797,33.33647627682079,82.8,70,M,0
34.5,11.0,5.057980269756471,11.0,258,30.1,31.9,94.88958114516761,34,F,0
38.0,11.8,3.71,9.0,237,30.76869272854405,29.55204672944284,91.3,56,F,0
25.2,13.4,4.98,16.25476162288095,255,31.553519050131243,32.3,83.3,57,F,0
32.7,13.606718407226756,4.04,6.2,307,30.0,34.8,86.1,100,M,1
39.252019945358974,13.3,5.02,4.7,359,26.8,33.6,86.5,4,M,1
39.0,12.7,4.37,7.4,167,28.2300392867936,34.0,89.2,46,M,0
36.5,12.3,4.544802055001511,5.4,208,29.1,32.0,78.9,72,M,1
38.8,15.221536750062029,4.722294773180393,13.477037050187672,314,30.0,31.491700329012467,89.2,-5,M,1
38.22611060743427,9.8,4.705244355865917,8.4,258,25.2,33.1,76.1,2,F,0
42.2,13.257284990390106,4.544802055001511,8.715533393774555,339,28.193220442092482,32.7,85.9,49,M,0
37.4,11.474092757777596,4.25,10.4,301,28.2300392867936,33.7,88.0,43,F,0
34.88672112913048,14.7,5.72,9.636759057569588,51,25.6,31.5,94.8,69,M,1
28.2,9.4,3.3,21.5,252,28.5,33.3,85.5,53,M,1
42.8,14.2,4.94,4.1,258,33.3,32.68489766954015,88.16341515474068,29,F,0
36.3,11.9,5.15,7.7,321,27.4,32.8,83.4,21,F,1
32.9,11.1,3.33,34.9,192,28.7,33.7,98.8,87,M,1
43.8,15.6,5.17,12.85560890621985,337,30.2,35.6,89.29473164258046,26,M,0
