age,sex,bmi,children,smoker,region,charges
18,female,23.50519708878803,3,yes,northeast,18223.4512
56,female,26.668691435694292,0,yes,southeast,27218.43725
58,male,30.66339686098655,0,yes,northeast,11931.12525
49,male,27.1,1,no,southwest,37548.37582799546
44,male,22.135,2,no,northeast,8302.53565
30,female,30.115,1,no,northeast,2203.47185
32,female,24.6,0,no,southwest,24667.419
30,male,35.3,0,yes,southwest,36837.467
27,male,32.67,0,no,southeast,13270.422265141257
58,female,27.2,3,no,southwest,11073.176
5,male,30.66339686098655,1,yes,southwest,15359.1045
42,male,28.31,0,yes,northwest,32787.45859
43,male,30.968367574187003,2,no,southeast,20865.588317194575
39,male,23.6,2,yes,southeast,17496.306
31,male,28.595,1,yes,northwest,4243.59005
56,female,28.595,0,no,northeast,11658.11505
28,female,34.2,1,yes,southeast,9872.701
26,female,39.805,1,yes,southeast,4340.4409
49,male,22.515,0,no,northeast,8688.85885
65,male,17.955,0,no,southeast,23419.403493349542
58,male,30.78,0,yes,southeast,11381.3254
58,female,25.2,0,no,southwest,11837.16
39,female,41.91,0,no,southeast,24227.33724
52,female,46.75,2,no,southeast,20891.395871872803
58,male,27.166270662691545,3,no,northeast,8891.1395
18,male,31.68,2,yes,southeast,13270.422265141257
