age,sex,bmi,children,smoker,region,charges
39,male,36.96,2,yes,southwest,49577.6624
39,male,32.78,3,no,southeast,26109.32905
36,male,32.01,1,no,southeast,11946.6259
11,female,26.84,1,yes,southeast,17085.2676
50,male,33.4,2,no,southeast,43380.52316512095
55,male,33.0,0,no,southeast,20781.48892
54,male,31.13,4,no,southwest,11735.87905
56,female,26.6,5,no,northwest,6358.77645
50,male,30.66339686098655,1,no,southeast,9058.7303
63,male,41.76629720477221,4,yes,southeast,14474.675
27,female,38.06,2,no,southeast,12124.9924
18,female,28.595,0,no,southeast,31620.00106
54,female,27.645,5,no,northwest,11305.93455
24,female,30.59,1,no,northeast,33900.653
60,female,34.32,0,yes,northeast,13228.84695
39,female,30.025993246639572,1,no,northwest,11004.006442642532
36,female,30.66339686098655,1,no,northeast,13270.422265141257
49,male,30.9,0,yes,southeast,39727.614
64,male,39.52,0,no,southeast,13270.422265141257
35,female,37.85570929938245,1,no,southwest,5245.2269
34,female,27.72,0,no,southeast,4415.1588
35,male,36.85,0,no,southeast,8125.7845
47,male,31.92,0,yes,southeast,14342.77222124666
21,female,25.8,1,yes,northwest,2007.945
39,female,46.2,3,no,southeast,6196.448
45,female,19.143037353297526,2,no,northeast,28967.928771162642
19,female,33.535,0,no,southwest,1728.897
64,male,26.41,2,no,northwest,22352.35624103932
54,male,30.66339686098655,0,yes,southeast,27322.73386
26,female,27.292649500097582,1,yes,southeast,13270.422265141257
52,male,36.765,2,no,northwest,12.064752333062643
19,male,29.953262015400348,1,no,northwest,2221.56445
53,male,33.550603612573966,0,yes,northwest,40499.82514303114
51,male,33.33,3,no,southeast,15780.070546596817
54,male,50.78587307945981,0,yes,southeast,63770.42801
53,male,35.5,2,yes,northwest,-2961.7363825713383
23,male,44.08364959104697,1,no,northeast,13270.422265141257
21,male,31.1,0,no,southwest,11512.405
44,male,36.86,1,no,northeast,1621.8827
33,male,39.69097357508225,0,no,southeast,45863.205
59,male,30.66339686098655,1,no,southeast,44855.654230448876
18,female,31.16,0,no,northeast,2217.6012
34,female,42.94,3,no,northwest,6360.9936
51,male,23.94,0,no,southwest,9174.13565
46,female,34.6,1,yes,southwest,46889.2612
28,female,35.9,2,no,southwest,11163.568
33,female,32.9,2,no,southeast,5375.038
54,female,30.66339686098655,3,no,northwest,12479.70895
51,female,40.28,0,yes,northwest,43578.9394
48,male,29.6,0,no,southwest,13270.422265141257
39,male,32.3,1,no,northeast,1526.312
58,female,31.825,2,no,northeast,13607.36875
