haematocrit,haemoglobins,erythrocyte,leucocyte,thrombocyte,mch,mchc,mcv,age,sex,source
44.5,15.6,4.17,12.9,387,27.774108553680602,35.1,82.3,12,M,1
38.49050583903104,15.0,5.19,8.715533393774555,153,24.9,34.2,84.4,76,F,0
37.4,12.8,3.5718658271856736,6.9,231,30.7,33.33647627682079,87.3,78,F,0
39.9,12.9,4.827760923151767,2.4,163,23.8,32.38406570879415,73.6,46,F,0
29.9,12.749350256875191,4.38,16.0,265,28.1,33.0,85.2,61,F,1
38.22611060743427,12.3,3.5,13.8,228,28.9,32.1,77.4,52,M,1
30.3,10.1,4.3,6.8,187,23.5,33.3,70.5,24,M,1
45.4,8.2,2.72,13.560971520838915,258,29.92721629811034,33.2,84.61133272892113,91,M,1
50.3,17.790929507654106,5.134647852116448,4.5,209,28.7,33.46484262888415,88.97558744077911,30,F,0
36.4,18.1,6.51,5.3,117,29.1,34.2,80.31652807999514,30,M,1
48.4,16.0,5.67,3.0,60,31.96893739259726,32.1,76.40785738674982,62,F,0
33.6,11.1,5.64,6.0,351,27.6,33.0,84.61133272892113,73,F,0
37.5,8.7,4.544802055001511,4.8,392,31.4,32.8,82.0477254628623,12,F,1
40.1,14.0,4.7,4.5,68,28.7,34.51727749174371,85.3,-4,M,1
42.3,14.6,4.78,13.005264539843193,282,30.5,34.5,88.5,27,M,0
18.8,15.4,1.93,9.9,261,28.2300392867936,30.9,97.4,46,M,0
31.0,12.630484247126386,4.6922952333224925,8.9,222,31.4,33.5,93.7,72,F,1
41.48865514344603,11.0,3.79,8.2,246,29.0,32.9,60.3,25,F,0
42.0,14.1,4.85,5.6,296,29.1,38.2,68.9,71,M,0
40.11311065500875,13.156709265395746,4.99,8.715533393774555,312,27.3,32.5,83.8,29,M,0
38.5,13.864491147208929,4.544802055001511,4.9,223,30.9,36.2,89.5,56,F,1
35.373255479466295,12.8,4.7,5.2,707,28.2300392867936,31.9,85.3,51,F,0
38.5,12.749350256875191,4.64,13.77482917574348,258,26.9,32.5,83.0,66,F,1
19.7,6.5,2.09,20.26707425392426,128,31.1,31.98698047551484,79.6,74,M,1
44.9,14.4,4.32,9.8,217,25.5,33.1,94.3,46,M,0
38.22611060743427,9.0,3.3,9.7,207,27.820329131319554,33.33647627682079,83.3,74,M,1
