haematocrit,haemoglobins,erythrocyte,leucocyte,thrombocyte,mch,mchc,mcv,age,sex,source
46.5,16.0,5.4,6.3,156,29.6,35.53310218221214,84.61133272892113,80,M,0
40.1,13.5,5.36,8.6,203,27.1,33.7,98.3,49,M,0
40.2,17.5,4.01,15.0,734,28.2300392867936,32.5,92.43897567334005,64,M,0
32.1,10.6,3.83,7.0,303,27.7,33.0,76.94843686841656,53,M,0
35.5,12.3,4.505685005129173,2.4,135,27.176434993182394,27.5,96.65354298452803,38,F,1
30.441799097089657,17.5,3.87,47.7,258,29.5,33.6,87.6,67,M,1
44.3,15.0,4.92,15.942449933145985,374,30.8,33.792640679445526,90.0,40,M,1
38.22611060743427,12.749350256875191,4.544802055001511,8.2,309,31.9,35.5,81.9,46,F,0
31.7,9.8,5.02,7.1,161,19.5,30.9,63.1,8,M,0
41.7,9.057553785691056,5.045151703813707,12.097663528809155,325,26.552697537171987,33.33647627682079,85.3,75,M,0
45.09767938126852,12.749350256875191,5.01,8.715533393774555,236,31.1,27.1,85.1,75,M,0
35.6,12.1,4.26,8.715533393774555,396,15.5,32.8,86.6,46,M,0
48.2,16.051071206885265,5.39,9.579395772910075,258,29.1,32.6,84.61133272892113,39,M,0
44.4,14.4,4.81,5.2,194,29.9,32.4,92.3,72,M,0
27.8,8.9,4.18,7.8,258,28.0,32.0,87.4,48,F,0
28.8,10.3,1.8,12.3,121,30.5,35.8,86.2,76,F,1
26.210701386751325,12.9,4.23,6.8,300,22.5,33.3,75.4,45,F,1
44.2,13.438560580093501,6.38,22.6,289,21.6,31.2,69.3,17,M,1
40.7,13.5,4.53,4.6,323,29.8,33.2,89.8,65,M,0
33.8,13.3,5.495941417861184,6.5,354,30.7,33.1,92.8,58,F,0
38.4,13.1,3.6923505211737364,14.9,423,28.2300392867936,33.86967556389063,90.6,56,M,1
33.9,11.7,3.18,6.280802579426619,195,28.177130849334617,34.5,91.01516057737851,2,M,0
38.22611060743427,13.743893968991664,4.544802055001511,8.2,314,27.1,29.8,81.3,30,M,1
42.3,14.6,4.78,5.0,282,30.5,33.33647627682079,88.5,27,M,0
40.2,13.9,4.84,3.3,236,28.7,32.98816535309482,83.1,33,F,0
34.09022543024057,9.5,4.95,17.1,324,24.681107659279753,35.6,64.2,4,M,1
