age,sex,bmi,children,smoker,region,charges
58,female,41.91,0,no,southeast,24227.33724
36,male,35.38239310073397,2,no,northwest,46708.1260386009
37,female,30.66339686098655,2,yes,southeast,39836.519
54,female,30.66339686098655,2,no,southwest,3268.84665
39,male,20.35,0,no,southeast,8125.7845
35,female,29.076862426505283,0,no,northeast,19798.05455
39,female,17.8,0,no,southwest,15988.393164574529
52,male,27.36,0,no,northwest,13270.422265141257
31,male,26.885,1,no,southeast,13270.422265141257
66,male,20.1,1,no,southeast,12032.326
39,female,45.43,0,no,southeast,6356.2707
58,male,28.595,3,no,southwest,11735.87905
39,male,24.402483717843143,5,no,northeast,41999.52
22,male,35.815,1,no,northwest,6455.86265
37,male,35.31,2,no,southeast,13607.36875
32,female,33.155,3,no,southeast,6128.79745
20,female,33.0,1,no,southwest,13270.422265141257
28,male,13.26256770081745,3,no,northeast,4435.0942
28,male,34.8,0,no,northeast,27640.70808689518
45,female,25.175,2,no,northeast,9095.06825
39,male,23.845,0,no,northeast,2395.17155
36,male,34.029746712956396,3,no,southeast,10713.644
57,female,36.67,2,yes,northeast,4915.05985
49,female,30.0,4,no,southeast,14001.1338
23,female,42.75,1,no,northeast,40904.1995
45,male,36.85,1,yes,southeast,5202.185581677682
49,male,33.66,1,no,northeast,9566.9909
50,female,30.66339686098655,2,yes,southeast,41097.16175
36,male,30.02,0,no,northwest,5272.1758
55,female,30.66339686098655,0,no,southwest,6746.7425
29,male,39.615,2,no,southeast,5138.2567
49,male,29.83,1,no,southeast,9288.0267
56,female,26.626020730320676,0,no,northeast,11165.41765
49,female,30.21,1,no,northeast,47303.39442408389
54,female,25.175,0,no,northeast,18984.35176404723
39,male,35.86,1,no,northwest,46049.297752290135
23,male,28.42981664638832,1,no,southeast,50093.68611699681
56,female,41.91,1,yes,southeast,5478.0368
32,male,29.92,0,no,southeast,11093.6229
19,male,28.090918197867925,0,yes,southwest,34828.654
28,female,28.975,1,no,northwest,2257.47525
35,female,38.94,0,no,southeast,6185.3208
37,male,29.735,2,no,northwest,47500.68646350736
33,male,39.1,2,yes,northwest,19040.876
60,male,40.92,0,yes,southeast,48673.5588
41,male,22.61,4,no,southeast,13270.422265141257
54,male,33.63626287772103,0,yes,southwest,13270.422265141257
43,male,34.32,0,no,southeast,5934.3798
63,male,24.51,2,yes,northwest,8944.1151
20,female,32.15353167895657,1,no,southeast,11015.864772745921
53,male,38.38,3,yes,southwest,46255.1125
25,male,30.66339686098655,3,yes,southeast,19933.458
