age,sex,bmi,children,smoker,region,charges
52,female,44.7,3,no,southwest,31107.49186153561
61,male,32.3,2,no,northwest,14119.62
42,male,27.2,3,yes,southwest,2045.68525
34,male,34.675,0,yes,southeast,19361.9988
30,male,37.8,2,yes,southwest,39241.442
35,female,37.0569172854817,1,no,northeast,17829.184367643364
27,female,25.411693573623797,2,no,northeast,6877.9801
21,male,42.222674166826764,2,no,southeast,7499.788268078848
36,male,23.009544565390144,1,yes,northwest,2741.948
30,male,38.83,3,no,southeast,15820.699
32,male,28.4,3,yes,southeast,4518.82625
39,male,31.709339359369917,1,yes,northwest,5976.8311
34,female,24.3,3,no,southwest,4391.652
24,male,25.8,0,yes,northeast,13047.33235
44,female,23.98,4,yes,southeast,13270.422265141257
25,female,26.79,0,no,southeast,4189.1131
64,male,38.19,0,no,southwest,13270.422265141257
23,male,30.66339686098655,0,yes,southeast,21223.6758
30,male,23.94,1,no,southwest,48970.2476
44,female,29.81,5,no,northwest,8219.2039
48,female,30.66339686098655,0,no,southwest,34166.273
20,male,28.025,1,yes,northwest,17560.37975
68,female,33.345,1,yes,northeast,10370.91255
33,female,24.795,5,yes,northeast,17904.52705
34,female,23.18,1,no,northwest,13551.587024486675
42,female,36.195,1,no,northwest,-3503.078837066121
52,female,33.11,0,yes,southeast,34439.8559
45,male,19.3,1,yes,southeast,18765.87545
34,female,24.180488367972416,1,no,northwest,14358.36437
19,male,17.83556727044208,3,no,southeast,25992.82104
39,female,44.22,1,yes,southeast,3994.1778
18,male,43.01,0,no,southeast,13270.422265141257
33,male,38.39,2,no,southeast,13270.422265141257
18,female,33.155,0,no,northeast,2205.9808
39,male,37.13814144219404,3,no,southwest,12479.70895
42,female,37.62,2,yes,southeast,-2160.326557402712
43,female,30.66339686098655,1,no,southwest,5813.273684723233
39,male,20.8,0,no,southwest,3208.787
44,male,31.92,2,no,northeast,7639.41745
59,female,23.655,4,yes,northwest,25678.77845
21,male,30.66339686098655,1,no,southwest,4076.497
19,female,30.495,0,yes,southeast,13270.422265141257
29,female,23.655,1,no,southeast,945.9452064300867
55,female,29.46698131384757,1,no,southeast,10107.2206
48,male,30.78,3,no,southeast,10141.1362
47,male,26.207206238159834,1,no,southwest,8547.6913
26,female,21.755,0,no,northwest,5272.1758
20,male,30.66339686098655,0,no,southwest,-9539.580721041855
40,male,32.775,1,no,northeast,39125.33225
28,male,33.0,0,no,southeast,6227.022255043637
39,male,24.7,2,yes,northwest,21880.82
39,female,31.13,0,no,northwest,12235.8392
