age,sex,bmi,children,smoker,region,charges
26,female,29.64,4,no,northeast,19946.94543746747
37,female,36.0,1,no,southeast,8556.907
54,male,27.8,2,yes,northwest,13555.0049
61,male,21.83596348287725,2,no,southeast,14119.62
25,male,26.695,4,yes,northwest,4877.98105
19,male,30.66339686098655,1,no,northeast,1263.249
39,female,30.0,0,yes,southeast,3213.62205
38,male,32.68,0,no,northwest,13844.7972
36,female,29.92,1,no,southeast,5478.0368
33,male,28.192083684068926,0,no,southeast,4518.82625
30,male,31.4,1,no,southwest,15040.833179676745
19,male,27.9,0,yes,northeast,13270.422265141257
35,male,30.66339686098655,1,no,northwest,5116.5004
24,female,31.150659747622182,3,no,southeast,7630.118749094724
45,male,21.375,0,no,northwest,7222.78625
30,female,43.12,1,no,northwest,37607.5277
62,female,40.15,0,no,southeast,2904.088
39,male,29.178103825668938,0,no,northeast,45702.02235
24,female,33.99,0,no,southeast,2473.3341
43,male,43.12,2,no,southeast,7441.501
53,male,37.43,1,no,northwest,-3300.1539742748355
15,male,28.595,1,no,southeast,5400.9805
45,female,41.11737371081327,0,no,southwest,18711.226255925343
18,female,40.26,0,no,southwest,9580.642512847959
43,male,29.3,4,no,northeast,15828.82173
45,female,23.21,1,no,southeast,6496.886
50,male,42.45834005478984,1,no,northwest,14652.301961539513
20,female,36.3,1,yes,southeast,17085.2676
52,male,30.66339686098655,1,no,southeast,10560.4917
36,male,26.84,-1,yes,southeast,38711.0
21,male,19.823057170304516,1,no,southeast,-9322.913703763541
39,female,45.32,1,no,southeast,8569.8618
21,male,25.745,2,no,southeast,14426.07385
30,male,36.85,0,no,southeast,1629.8335
61,female,30.8,2,no,southeast,8968.33
53,female,36.6,3,no,southwest,13270.422265141257
57,male,31.825,4,no,northwest,11842.62375
60,female,18.335,0,no,northeast,18518.627026081107
39,female,33.0,0,no,southeast,1137.011
33,male,43.35718642763016,3,no,northeast,5354.07465
47,female,31.57,1,no,northwest,8930.93455
48,male,30.02,1,no,northwest,24476.47851
47,male,30.66339686098655,2,yes,northwest,4058.71245
38,male,39.14,3,no,southeast,6082.405
44,male,33.11,3,no,southeast,13270.422265141257
29,female,40.609210415758795,0,no,northeast,16657.71745
13,male,24.6,1,no,southwest,15801.105531310703
18,female,22.774114394245533,0,no,northeast,1702.4553
34,female,30.21,0,no,northwest,13270.422265141257
37,female,26.51,0,no,southeast,13270.422265141257
39,female,30.66339686098655,0,no,northeast,9432.9253
42,female,26.18,1,no,southeast,7046.7222
