age,sex,bmi,children,smoker,region,charges
18,female,32.12,2,no,southeast,2801.2588
60,female,30.5,0,no,southwest,12638.195
24,male,34.2,1,no,southwest,2331.519
21,female,33.915,3,no,northwest,10115.00885
51,female,32.3798743416012,0,yes,northeast,9875.6804
35,female,35.815,1,no,northwest,5630.45785
19,female,26.349703661744268,1,yes,northeast,17081.08
46,female,27.7,2,no,southeast,9411.005
21,male,41.47,1,no,southeast,13270.422265141257
64,male,25.6,5,no,southwest,14988.432
25,female,30.66339686098655,0,yes,northwest,8327.727707531101
39,male,28.4,1,no,northwest,9447.3824
53,female,30.59,0,no,southeast,2459.7201
39,male,34.105,1,yes,northeast,15093.221293674242
61,female,32.957437713163365,0,yes,southeast,27037.9141
41,female,28.05,3,no,southeast,-14130.674798030836
44,female,18.05,0,yes,northwest,3056.3881
27,male,45.54,2,no,southeast,42112.2356
39,female,30.66339686098655,3,no,northeast,5649.715
20,male,35.245,1,no,southwest,21771.3423
24,female,33.99,0,yes,southeast,4976.17172752073
44,male,36.6,3,no,southwest,13270.422265141257
37,female,22.895,2,no,southeast,13270.422265141257
29,male,20.235,2,no,northwest,8798.593
39,female,45.9,2,no,southwest,3693.428
22,male,28.05,1,no,southeast,2155.6815
63,male,33.66,4,yes,southeast,15161.5344
18,female,37.4,0,no,southwest,7265.7025
33,male,30.115,0,no,southwest,12979.358
39,male,26.41,0,no,northwest,8827.2099
44,male,36.642507319548145,2,no,southeast,8287.93078514022
43,female,22.680306998905785,1,yes,northeast,19798.05455
34,female,36.2,2,no,southwest,13270.422265141257
48,male,30.66339686098655,1,no,northeast,7261.741
39,male,30.66339686098655,0,no,northwest,18955.22017
53,female,25.63602706274662,1,no,southeast,10942.13205
52,male,33.28451504781201,0,no,southeast,13270.422265141257
46,female,24.795,3,yes,southeast,9500.57305
18,female,22.135,1,no,northeast,5354.07465
47,female,19.436436919272566,0,no,southeast,10096.97
18,female,30.641743502375753,0,no,northeast,1694.7964
56,male,30.66339686098655,0,no,northwest,4973.9002563388485
34,male,28.5,5,no,northeast,6799.458
18,male,33.155,0,no,northeast,2207.69745
37,male,30.03,3,yes,southwest,4074.4537
56,female,39.82,0,no,southeast,-4229.208897375407
40,male,47.41,1,yes,northwest,75339.7587027802
24,female,23.195564081089795,0,no,southwest,13429.0354
61,female,22.04,0,no,northeast,21189.944255960283
60,female,27.55,1,no,northeast,13217.0945
61,female,24.225,0,no,southeast,13129.60345
39,female,42.13,3,no,northwest,13100.412372047818
