haematocrit,haemoglobins,erythrocyte,leucocyte,thrombocyte,mch,mchc,mcv,age,sex,source
42.2,14.077058773905554,5.1,8.715533393774555,620,28.2300392867936,33.6,82.7,66,F,0
38.22611060743427,12.749350256875191,4.876064587382717,10.1,368,26.8,26.0,79.0,46,F,0
36.4,12.8,4.17,7.1634338197326715,231,30.7,35.2,87.3,78,M,1
46.2,12.9,3.337073695761197,6.0,180,30.6,33.8,90.5,70,M,1
45.5,12.749350256875191,5.55,8.2,579,27.2,33.13879200202176,77.0,22,F,1
46.0,16.7,6.17,12.216213247666964,508,27.1,33.3,81.2,18,F,1
33.5,11.3,4.631936868181617,20.5,193,31.6,31.8,93.6,54,M,1
36.45333222981556,8.7,5.06,11.1,416,17.2,28.0,61.5,1,M,0
34.1,15.186912456017753,3.66,11.5,872,30.1,32.3,82.6,70,M,0
37.1,12.4,4.27,8.715533393774555,330,30.8,33.958720035038255,86.9,58,M,0
33.3,10.8,4.544802055001511,7.6,385,30.3,32.4,93.3,49,M,1
37.077364453714495,14.0,4.81,10.0,256,25.4,34.5,86.82191458311686,40,M,0
26.2,8.6,3.0,11.2,410,28.7,32.8,84.61133272892113,43,M,1
38.3,12.2,4.4,6.2,249,27.7,31.9,87.0,36,F,0
35.6,12.4,4.25,6.8,234,29.50247858433798,32.1,82.8,67,M,1
41.738655554565526,12.339225531448237,4.59,8.9,236,27.0,33.33647627682079,91.88580484110332,73,F,0
34.8,11.7,4.24,8.5,264,26.4,33.33647627682079,83.2,73,F,0
43.6,14.0,3.4,9.408451649689976,283,27.465989654465023,34.8,87.4,44,F,0
38.22611060743427,5.1,3.73,5.6,266,33.2,32.03885038073882,98.1,83,F,1
50.1,15.7,5.21,6.2,252,30.3,34.1,87.44085295395247,49,F,0
51.1,16.8,4.544802055001511,7.0,291,31.376492074748878,32.9,82.1,31,F,0
43.3,14.6,5.19,9.1,433,33.9,33.4,83.9,64,F,0
39.04314712232532,14.0,4.87,18.4,258,28.7,32.9,84.61133272892113,46,M,1
35.2,11.659160434976412,4.03,3.920991272574394,258,29.0,35.2,91.95330073404932,63,M,1
37.8,13.1,4.083640898148644,5.6,670,28.2300392867936,34.7,86.1,44,F,0
39.8,10.3,4.33,7.1,215,29.444138054496484,31.941447895386545,91.9,37,M,0
