haematocrit,haemoglobins,erythrocyte,leucocyte,thrombocyte,mch,mchc,mcv,age,sex,source
38.2,13.4,3.9390167092229063,8.715533393774555,328,28.0,27.1,89.5,76,M,0
21.9,12.749350256875191,4.37,5.1,152,35.99285041350211,33.5,85.4,30,F,0
38.22611060743427,13.677771696656427,3.86,16.800803212713923,346,31.4,32.38123176896177,89.6,46,F,0
49.6,16.5,4.66,11.1,460,28.2300392867936,33.3,84.61133272892113,46,M,0
45.5,12.749350256875191,4.51,8.0,479,26.6,33.0,80.68279177726164,44,M,0
41.7,13.4,5.17,5.1,281,24.31479875876324,32.1,84.75441035893931,-6,M,0
37.5,11.8,4.67,4.9,145,25.3,31.5,80.3,25,M,1
26.4,7.4,6.03,2.1,258,15.9,28.0,59.53015010227175,22,M,0
39.6,12.2,4.72,11.1,231,25.8,30.8,83.9,68,F,1
26.6,7.1530875536618055,5.98,7.0,68,26.8,32.3,82.9,56,M,0
44.02590949938123,8.7,2.84,5.5,406,30.6,33.3,91.9,47,F,0
40.7,11.719806202258482,4.96,8.715533393774555,31,29.4,33.205612207640876,88.0,45,M,1
46.5,16.1,5.44,1.8,144,29.6,34.6,83.9,37,F,0
39.6,6.8,6.34,5.0,115,19.7,33.33647627682079,62.5,47,M,0
36.4,6.5,5.55,8.454478547923628,150,21.2,37.8,85.5,49,F,1
26.67184630826253,9.4,4.544802055001511,21.5,252,28.435104290455136,31.2,82.0,53,F,1
30.3,10.1,4.3,4.110916085957475,187,23.5,33.3,64.9,70,M,1
36.5,12.6,5.0425369598199445,19.3,82,29.8,34.5,86.3,45,F,1
39.8,13.7,6.4,6.6,321,28.2300392867936,33.3,62.2,59,M,1
27.243771286666334,12.1,3.5263651713291955,18.6,70,24.4,33.8,72.2,68,M,1
44.9,15.8,4.544802055001511,7.0,362,30.4,31.931175974384765,86.5,24,M,0
41.1,13.7,4.95,35.0,258,26.157902919532326,33.3,84.20087956992313,25,F,0
40.3,12.4,4.63,9.461564795282786,266,29.6,33.57609479418399,87.0,36,M,0
34.5,9.8,5.75,14.2,548,17.0,33.33647627682079,60.0,49,M,0
42.23874523668305,14.314094729620582,4.974055901386334,8.6,111,29.3,34.1,85.8,44,M,0
38.22611060743427,12.4,4.29,5.4,337,31.6,32.5,84.61133272892113,31,F,1
