haematocrit,haemoglobins,erythrocyte,leucocyte,thrombocyte,mch,mchc,mcv,age,sex,source
44.0,15.1,5.21,5.9,279,29.0,33.33647627682079,84.5,32,F,0
44.3,15.0,5.11,13.9,302,29.5,30.3,86.7,53,M,1
45.7,12.749350256875191,4.544802055001511,23.3,258,27.6,33.3,83.1,23,M,0
38.22611060743427,12.643046505207083,5.52,8.536257282377996,426,32.2,32.6,95.0,59,M,0
41.34137357223468,14.7,5.42,7.1,317,30.2,32.3,80.6,72,F,0
47.7,11.4,5.42,11.3,338,32.01255574924285,32.5,76.6,22,F,0
40.2,15.6,3.133065394184335,6.5,148,30.7,33.1,92.8,58,M,0
29.7,9.4,4.13,7.0,275,22.845141841624187,31.6,71.9,52,F,0
37.7,12.749350256875191,5.29,5.0,472,22.5,31.3,71.8,9,M,0
41.4,14.2,6.141020252487981,6.8,258,28.7,32.89104134438828,91.7,46,M,0
43.6,13.2,4.9,14.1,85,26.9,34.1,80.74452292762908,1,F,1
43.0,14.2,5.15,8.7,538,27.6,33.0,84.61133272892113,29,F,0
38.22611060743427,13.0,4.38,11.9,145,29.7,34.1,84.16015783717002,82,M,1
47.102439163661934,11.2,5.018900818526687,7.2,235,32.3,29.3,95.7,93,M,0
46.6,13.3,4.57,7.613061976257102,325,28.3,32.54671764117196,84.4,55,M,0
32.4,10.7,3.84,8.715533393774555,409,27.62386617986821,33.0,84.4,46,M,0
45.8,15.5,3.81,7.1,59,27.1,33.8,89.1,32,M,1
42.23727936478775,15.2,5.06,7.224601161222407,252,28.2300392867936,34.2,87.7,53,M,0
25.494862288212495,8.9,3.41,8.715533393774555,306,26.1,32.4,83.9,53,F,1
45.7,15.8,5.77,0.7837055726682909,321,20.8,35.281293989212436,86.6,20,M,0
42.8,15.7,5.37,4.7,25,29.2,36.7,72.16494423382831,34,M,0
42.9,9.598461187552875,4.16,3.1,212,28.2300392867936,33.8,66.36878682902653,65,M,0
43.2,14.7,4.544802055001511,6.1,230,28.9,33.33647627682079,84.9,46,F,0
42.3,13.738726955865623,5.32,4.8,252,31.9,34.00215224383789,79.5,12,F,0
41.5,16.4,5.4,5.8,304,30.683410419690134,34.4,84.61133272892113,38,M,0
37.4,13.091091199365035,5.5596368673359775,14.6,320,21.5,32.1,62.9,113,F,0
