age,sex,bmi,children,smoker,region,charges
53,female,37.43,1,no,northwest,14421.896243449906
24,female,29.07999377547184,1,no,southeast,4747.0529
39,male,34.43,0,no,southeast,5584.3057
20,male,29.1,3,yes,southwest,-7387.001035285806
18,female,37.29,1,no,southwest,2927.0647
19,male,27.265,1,no,northwest,22493.65964
22,male,24.7,1,no,northwest,30166.61817
42,female,41.8,1,no,southeast,5662.225
39,male,25.8,5,yes,southwest,10096.97
64,male,38.19,1,no,southeast,14410.9321
43,male,18.102783649288035,0,no,southwest,9140.951
29,male,30.66339686098655,0,no,southeast,20535.28474329695
59,female,34.8,2,no,southwest,36910.60803
30,male,27.94,1,yes,northeast,19107.7796
33,female,32.75506855876937,0,yes,southwest,13270.422265141257
59,female,32.395,3,no,northeast,14590.63205
39,female,32.34,0,yes,southwest,34672.1472
47,male,30.66339686098655,1,yes,southwest,21978.6769
46,female,29.925,0,yes,southeast,13270.422265141257
20,male,32.3,0,no,southwest,10269.46
31,female,22.61,1,no,southeast,58571.07448
33,male,35.75,1,no,northeast,62751.041217393446
55,female,37.3,0,no,southwest,36697.582575619126
20,male,30.685,0,no,northwest,33475.81715
38,male,24.05181901682321,1,no,southwest,13405.3903
39,male,43.67359038585585,2,yes,southeast,24968.70296834646
31,female,21.8,4,yes,southwest,20167.33603
47,female,33.63,0,yes,southwest,43921.1837
30,male,33.915,1,no,northwest,10115.00885
40,male,27.4,1,no,southwest,6496.886
50,male,31.825,0,yes,southeast,5327.40025
38,male,33.89958936096617,2,no,northeast,41097.16175
26,female,26.125,0,no,southeast,13270.422265141257
55,male,32.775,2,no,southwest,12268.63225
33,male,34.01,1,no,northwest,13270.422265141257
21,male,30.66339686098655,4,yes,southwest,12829.4551
55,male,30.66339686098655,3,no,southeast,-11145.342217323847
43,male,30.1,1,yes,northeast,6849.026
44,female,31.68,1,no,northwest,7633.7206
23,male,28.80842798456035,1,no,northeast,2899.48935
35,male,40.945,0,no,northeast,18075.45128885519
39,male,35.625,4,no,northeast,13270.422265141257
19,male,31.54,1,no,southwest,8515.7587
22,male,28.22204238714159,1,no,northwest,10461.9794
37,female,36.19,0,yes,southeast,18746.9486197155
52,male,30.66339686098655,0,no,southeast,8444.474
52,male,31.492046838847486,0,no,southeast,831.7820336469867
43,male,30.595265508901974,0,no,southeast,3268.84665
49,female,27.1,2,no,southeast,7153.5539
38,female,19.475,2,no,southeast,6933.24225
49,male,42.68,1,no,southwest,26140.3603
18,female,32.8,-1,no,southeast,2201.0971
