age,sex,bmi,children,smoker,region,charges
39,male,28.657986985257672,3,yes,southeast,17663.1442
38,female,30.66339686098655,0,no,southwest,2866.091
18,female,38.83,3,yes,southeast,4561.1885
51,male,27.61,1,no,southeast,13270.422265141257
25,female,23.9,5,no,southwest,5080.096
49,male,30.66339686098655,2,no,southwest,2638.068214616235
18,male,32.12,2,no,southeast,46200.9851
18,female,32.51963844660494,4,no,southeast,18223.4512
53,male,29.48,0,no,southeast,38709.176
23,female,25.0,2,yes,southwest,3500.6123
37,male,32.51134591069004,4,no,northwest,5028.1466
57,female,28.12,3,no,northwest,11085.5868
36,male,28.595,0,no,southwest,6548.19505
44,female,39.27,1,no,northeast,14353.344362502194
39,female,29.48,4,no,southeast,7640.3092
37,male,34.1,4,no,southeast,40182.246
37,male,36.67,1,yes,northwest,39774.2763
19,female,32.11,1,no,northwest,2130.6759
50,male,38.0,2,no,southwest,12646.207
51,male,24.415,4,no,northwest,11520.09985
57,female,27.2,2,no,southwest,16397.192310760118
38,male,40.37,-2,yes,southeast,10982.5013
61,female,35.91,3,no,northeast,13635.6379
51,female,42.9,2,no,southeast,47462.894
36,male,45.9,1,no,northwest,13270.422265141257
52,male,26.26189081946322,1,no,southwest,13149.723081766766
