age,sex,bmi,children,smoker,region,charges
34,male,34.485,0,no,northwest,3021.80915
34,female,23.32,1,no,southeast,16577.7795
56,female,28.31,0,no,northwest,11657.7189
25,female,30.66339686098655,1,yes,northeast,13270.422265141257
61,male,38.83,0,yes,northwest,46599.1084
41,male,28.49766006028323,1,no,southeast,6329.183138203409
27,female,24.75,0,no,southwest,36307.7983
68,male,37.715,3,yes,northwest,30063.58055
24,male,23.747831312765342,0,no,southwest,13270.422265141257
18,female,40.185,0,no,northeast,1629.8335
58,male,49.06,1,no,southeast,11381.3254
47,male,36.08,1,yes,southeast,42211.1382
60,male,24.605,2,yes,southeast,13972.234661090073
38,female,34.32595637024612,1,no,northeast,6555.07035
42,female,28.7,1,no,southeast,13224.693
34,female,26.41,2,no,northwest,5385.3379
41,male,28.05,1,no,northwest,6770.1925
19,male,30.59,0,no,southeast,19365.462345397318
64,female,30.66339686098655,1,yes,southeast,30166.61817
39,male,36.85,0,no,southeast,1629.8335
18,female,26.79,0,no,northwest,4189.1131
39,male,24.1,0,yes,southeast,1711.0268
53,female,33.06,3,no,southwest,11253.421
42,male,31.255,0,no,southeast,13543.291938492239
61,male,36.1,3,no,southwest,27941.28758
56,male,33.52510206893132,3,no,northwest,4058.71245
