haematocrit,haemoglobins,erythrocyte,leucocyte,thrombocyte,mch,mchc,mcv,age,sex,source
30.8,9.9,2.9344586926853866,22.1,211,26.6,30.787320853652975,82.8,65,M,1
46.6,14.499769988320756,5.44,3.7,258,28.7,33.5,85.7,71,F,1
38.22611060743427,11.2,3.98,7.312800143142617,286,27.0,32.5,83.7,89,F,0
38.22611060743427,12.749350256875191,4.25,7.2,294,27.8,31.6,92.6,34,M,0
47.8,17.2,4.29,10.5,277,28.2300392867936,32.9,78.6,72,M,1
46.9,12.5,4.34,8.715533393774555,276,28.8,33.33647627682079,79.20602605564153,87,M,0
58.1,18.9,6.53,4.668014070666915,428,33.5,33.6,78.0,61,M,0
42.2,10.7,4.81,5.4,239,29.9,34.1,84.61133272892113,46,M,0
40.1,14.8,4.86,6.8,248,27.8,35.779683946797576,84.61133272892113,29,M,1
43.2,13.7,5.08,8.1,207,28.1,31.677725174098555,85.0,69,M,0
33.7,16.3,4.544802055001511,5.4,462,28.682234780749337,34.1,87.1,50,M,0
55.8,14.0,5.12,8.0,258,27.3,33.3,93.12077948535311,38,F,0
36.97714045859038,14.4,4.87,8.715533393774555,467,29.6,31.9,86.2,58,M,0
38.7,13.6,4.35,10.4,326,29.459363895258615,35.1,89.0,28,F,0
35.9,11.9,4.53,21.1,17,26.547696334062792,33.1,84.5,46,F,0
33.4,11.0,3.95,11.0,536,28.2300392867936,33.33647627682079,84.6,73,M,0
41.39422469474112,12.159592160969991,4.11,7.156664060172967,107,32.1,33.0,77.6,32,M,0
38.6,12.749350256875191,4.45,13.765109947822479,298,28.8,33.2,86.7,38,F,0
44.5,14.2,6.06,17.3,445,29.8,31.9,93.5,41,F,0
36.3,11.8,5.241897506666521,4.6,306,16.9,26.0,88.3,38,M,0
35.1,11.4,4.468031788060868,21.1,165,28.4,32.5,87.3,36,F,1
27.6,8.9,4.544802055001511,16.5,308,24.8,32.2,76.9,81,M,1
39.0,12.164958376589508,4.21,9.3,215,31.1,33.6,88.1,27,M,0
30.129980021259605,12.8,7.21,2.1,23,29.95055465508484,34.1,91.28718808008918,44,M,0
32.381506464013114,12.77852695962486,4.045278894106331,11.2,58,29.7,31.21865847982647,81.23656064974786,70,M,1
44.3,13.5,4.97,4.6,206,29.8,33.4,89.1,91,M,1
