haematocrit,haemoglobins,erythrocyte,leucocyte,thrombocyte,mch,mchc,mcv,age,sex,source
39.1,12.9,3.7701778717632433,8.715533393774555,437,28.7,32.216629503193836,73.20917016197726,81,M,0
28.8,8.805561223604975,3.19,8.3,179,28.2300392867936,32.6,86.6,68,M,1
29.6,10.0,3.56,12.5,309,28.030206465177923,33.8,83.1,59,M,1
40.2,13.3,4.59,9.314312842349036,354,30.7,33.1,76.53803458135621,58,F,0
35.3358025532449,9.6,4.09,4.8,346,28.2300392867936,31.4,74.8,54,F,1
39.08034563337991,12.821613475588439,4.33,8.9,236,23.8,32.0,84.3,63,M,0
45.8,12.749350256875191,5.29,15.9,249,29.3,34.9,90.3,58,M,1
34.1,11.6,4.88,7.1,279,27.0,34.0,69.9,25,F,0
30.3,13.5,4.544802055001511,7.9,164,26.3,33.2,79.2,46,M,1
39.2,12.0,4.6298504321200085,8.715533393774555,344,21.8,30.7,84.61133272892113,55,M,1
38.22611060743427,12.8,4.89,6.5,399,27.6,33.8,79.1,67,M,0
47.5,11.1,5.82,10.4,252,16.5,34.1,81.6,61,M,0
34.2,10.5,4.52,4.1,314,23.2,31.4,75.7,37,F,0
47.7,16.0,5.75,1.8356353722944903,400,27.8,33.5,78.52254062171059,78,F,0
38.22611060743427,14.5,3.31,15.9,253,28.7,33.0,87.0,74,M,0
44.3,13.557151511642935,4.89,7.4,258,29.4719643823117,34.51497768151695,90.6,14,M,0
36.87359808859422,10.8,4.68,4.08384483521337,275,23.1,33.33647627682079,71.4,17,F,1
37.4,12.4,4.057092743959191,6.1,258,29.9,33.2,63.1,46,M,0
35.5,11.8,4.544802055001511,11.5,307,27.4,33.2,96.1,42,M,0
32.7,9.658786403751732,3.56,9.5,247,28.88703748814532,32.4,91.9,73,F,0
36.8,3.8,4.44,6.9,224,28.4,35.578440915489836,82.9,24,M,0
39.1,12.4,5.73,10.5,382,22.5,32.83379481559742,68.2,29,M,0
32.788282627903236,12.749350256875191,3.65,9.0,308,29.3,28.8,84.61133272892113,91,F,0
24.4,14.4,3.12,2.0,162,28.892129117319165,33.0,88.8,45,F,1
36.0,11.6,5.47,8.0,262,21.2,32.2,65.8,35,F,0
35.5,12.1,3.0792710668799197,-0.18377635209123078,476,28.3,33.33647627682079,93.71703191506006,73,M,1
