age,sex,bmi,children,smoker,region,charges
35,male,36.52,1,yes,southeast,38282.7495
10,female,34.77,0,no,northwest,9583.8933
23,male,28.975,0,yes,northeast,2257.47525
29,female,24.6,2,no,southwest,4529.477
56,female,30.66339686098655,5,no,northwest,11454.0215
39,female,28.31,1,yes,southeast,17468.9839
44,male,28.59492594349762,1,no,southwest,7624.63
64,female,33.88,5,no,southeast,46889.2612
59,male,28.215,3,no,northeast,6652.5288
36,male,30.66339686098655,1,no,southeast,-13560.968193322358
43,male,23.21,0,no,northeast,11499.050317726516
24,male,23.085,0,no,southeast,25081.76784
47,male,36.0,1,no,southeast,-5370.029501344881
34,male,42.9,1,no,southwest,4536.259
19,female,32.49,2,yes,northwest,2632.992
20,female,22.0,2,no,southwest,1964.78
39,male,25.641042128625802,1,no,southeast,13270.422265141257
38,male,21.12,3,no,southeast,14590.63205
22,female,35.24488300863562,0,no,southwest,13270.422265141257
28,male,37.05,2,yes,northwest,7265.7025
38,female,19.475,2,no,northwest,-18100.9097429167
18,male,32.6,1,no,southeast,2585.85065
54,male,47.41,2,yes,northeast,63770.42801
43,female,27.11456900700087,0,no,northwest,6664.68595
72,male,36.955,0,no,southeast,12741.16745
61,male,39.1,2,yes,southwest,14235.072
