age,sex,bmi,children,smoker,region,charges
23,male,28.12,1,no,southeast,6272.4772
20,male,31.46,0,no,southwest,1877.9294
23,male,17.385,1,yes,northwest,2775.19215
41,female,30.66339686098655,0,no,northwest,11840.77505
57,male,30.66339686098655,0,no,northwest,11356.6609
39,male,25.745,4,no,northwest,9301.89355
40,male,32.1,4,no,southeast,34166.273
53,female,29.81,2,no,southeast,8219.2039
58,female,33.44,5,no,northwest,22336.093394431577
61,male,32.3,2,no,southeast,14119.62
39,male,29.48,1,no,southeast,7640.3092
50,female,27.36,0,no,northeast,4949.7587
34,male,33.22335687851083,2,no,southeast,9359.59490699698
55,male,25.365,4,no,northeast,15664.570918199697
50,female,30.685137287353964,0,no,southwest,11848.141
55,male,35.86,0,no,southeast,8124.4084
44,male,29.735,2,no,northeast,29884.271058481645
60,female,26.4,1,no,southeast,-4616.734825792846
48,male,30.66339686098655,0,yes,northeast,13270.422265141257
39,male,23.465,0,no,northeast,1261.442
43,male,27.36,0,no,southeast,13270.422265141257
39,male,40.29589913673338,1,yes,northwest,13270.422265141257
27,female,31.4,0,no,southeast,5979.731
29,male,26.620995019251666,1,no,northeast,13822.803
37,male,30.66339686098655,3,no,northwest,6203.90175
36,female,21.26822030713567,2,no,northwest,2850.68375
32,male,21.78,1,no,southeast,21472.4788
39,female,26.047843977845524,1,no,southeast,13270.422265141257
47,male,35.75,2,no,southwest,13270.422265141257
31,male,30.115,2,no,southeast,25656.57526
47,female,27.1,1,yes,southwest,19040.876
32,female,29.59,1,no,southeast,4562.8421
58,female,26.768625142244943,3,no,southeast,21659.9301
7,male,44.65701960737782,2,yes,southeast,12129.61415
28,male,30.66339686098655,4,no,southwest,9563.029
53,female,22.61,1,no,northeast,24873.3849
44,male,36.1,1,no,southwest,10085.846
48,female,29.6,2,no,southeast,21232.18226
39,male,27.17,0,no,northwest,18644.76723592299
20,female,31.79,0,no,northeast,3056.3881
51,male,24.31,1,no,southeast,28101.33305
49,male,29.83,1,no,southeast,2066.971527120255
57,male,18.335,0,no,northeast,11534.87265
54,female,45.78523318888925,4,no,southeast,48233.405437113135
64,female,36.63,3,no,northwest,16455.70785
23,male,33.1,1,no,southwest,13393.756
29,female,24.6,2,yes,southeast,-20553.319868505234
58,male,36.08,0,no,southeast,11363.2832
45,male,26.315,0,yes,northeast,21374.72074979097
39,female,39.7,0,no,southeast,6356.2707
63,female,31.4,0,no,southwest,15828.82173
14,male,24.61980148160371,1,no,southeast,12609.88702
