age,sex,bmi,children,smoker,region,charges
58,male,29.92,0,no,northeast,24227.33724
42,male,33.4,2,yes,southeast,38415.474
39,female,30.495,2,yes,northeast,6457.8434
54,female,12.898342551043092,3,yes,southeast,12094.478
48,female,36.85,0,no,northwest,961.5195664789844
43,female,30.66339686098655,2,no,southeast,19798.05455
45,female,17.8,0,no,southwest,1727.785
52,female,27.36,0,yes,northwest,40720.55105
26,male,26.885,1,no,northeast,13270.422265141257
39,male,20.1,1,no,southeast,4260.744
46,male,40.48,1,yes,southwest,7695.56043372207
58,male,28.595,-1,no,northwest,11735.87905
31,male,30.66339686098655,1,yes,southeast,18008.5876631159
58,male,26.7,0,no,southwest,981.1073921554362
39,male,34.8,0,yes,southeast,24393.6224
39,male,32.44711579767243,-1,no,northeast,8185.098264197196
26,female,16.052266998884278,3,no,southwest,4391.652
31,female,30.302087956339733,0,no,northeast,5327.40025
21,male,28.975,0,no,northwest,-2171.9864208410063
41,female,30.66339686098655,2,no,southwest,12174.306692556524
48,male,25.175,2,no,southeast,8283.6807
27,female,33.06,1,no,northwest,13270.422265141257
39,female,26.766424646336834,4,no,southeast,9140.951
27,male,27.265,1,no,southeast,6555.07035
25,male,29.7,3,yes,southwest,19933.458
59,male,30.8,1,yes,southeast,5478.0368
35,female,22.515,0,no,southeast,5630.45785
43,male,30.66339686098655,2,no,southwest,13287.40507207609
32,male,33.155,3,no,northwest,6128.79745
20,male,33.0,1,no,southwest,1980.07
28,female,26.98,2,no,southeast,4435.0942
19,male,34.8,2,no,southwest,13270.422265141257
21,female,25.175,2,no,northeast,13270.422265141257
23,male,23.845,1,no,southeast,2395.17155
36,male,15.516478944658083,3,no,northeast,6746.7425
23,female,36.67,2,yes,northeast,38511.6283
37,female,23.851630629368152,1,no,southeast,7222.78625
23,female,42.75,0,yes,northwest,40904.1995
36,female,41.91,1,no,southeast,41999.52
19,male,34.9,0,yes,southeast,3659.346
20,female,30.66339686098655,0,no,northwest,43578.9394
41,female,31.02,1,no,southeast,6185.3208
44,male,29.735,2,no,northeast,16793.209064087827
32,male,27.1,1,no,southwest,19040.876
60,male,40.90970977183308,0,no,southeast,48673.5588
44,male,37.89994508024027,4,no,southeast,14970.743736912666
35,male,37.51,2,yes,southwest,52590.82939
60,male,46.143930607193965,3,no,southeast,13270.422265141257
39,male,24.51,0,no,northwest,6710.1919
39,male,33.33,0,no,southwest,1391.5287
39,female,37.05,1,no,northeast,46255.1125
56,female,41.91,1,no,southeast,11093.6229
