age,sex,bmi,children,smoker,region,charges
60,male,30.495,1,no,northwest,13112.6048
52,female,23.18,0,no,northwest,10197.7722
35,male,56.23487796171609,1,no,northeast,4762.329
48,male,33.66,0,no,southeast,13270.422265141257
20,male,28.88,1,no,southwest,1964.78
25,male,45.54,2,yes,southeast,13270.422265141257
39,female,30.66339686098655,0,no,southwest,16053.771667205108
62,male,31.665044289281983,1,no,southeast,13270.422265141257
23,male,24.51,1,no,northeast,31805.98742153544
39,male,32.395,1,yes,southeast,2362.22905
64,male,31.3,0,no,southwest,3046.062
33,male,23.8,2,yes,southwest,14426.07385
61,female,33.33,4,no,southeast,36580.28216
39,male,33.53727391538883,1,no,southwest,8197.6130603061
27,female,24.75,1,yes,southeast,16577.7795
39,female,23.275,2,no,northeast,3716.1726600174825
23,female,34.865,2,no,northwest,2899.48935
34,female,36.955,1,no,northwest,15693.214315936675
18,male,21.565,2,no,southeast,13747.87235
39,female,23.655,0,no,northwest,12479.70895
32,male,22.0,0,no,northwest,3866.8552
21,female,16.815,1,no,southwest,4544.2348
26,male,32.90744892174331,0,no,southeast,2699.56835
52,female,29.096993995900807,1,no,southeast,20470.488030386725
33,male,23.4,0,no,southwest,12146.971
12,male,46.1936916018556,4,no,southeast,15230.32405
39,female,34.32,5,no,southwest,8596.8278
30,male,30.66339686098655,3,no,southeast,27000.98473
18,male,15.96,0,no,northeast,14358.36437
51,male,30.03,1,no,northeast,40182.246
20,female,26.125,1,no,northeast,1708.92575
34,female,33.25,3,no,southeast,-12039.5163554202
52,male,25.745,1,no,southeast,9301.89355
45,male,33.915,0,no,northeast,9866.30485
28,male,24.036505574113598,1,no,southeast,5257.50795
34,male,30.66339686098655,1,yes,northwest,-9628.903129071048
33,female,24.605,1,no,northwest,21677.28345
46,male,33.44,1,no,southeast,8240.5896
19,male,29.07,0,yes,southeast,17352.6803
36,female,30.66339686098655,2,no,southwest,5240.765
68,female,38.06,0,no,southeast,21634.898639643805
60,female,25.42915283584436,1,yes,southeast,1694.7964
34,male,25.85,3,yes,northeast,13270.422265141257
32,male,25.003990039724645,0,no,southwest,3167.45585
25,male,30.66339686098655,4,no,southeast,13270.422265141257
41,female,29.26,1,no,southeast,4123.893573309616
18,male,32.585,2,no,northeast,2801.2588
52,male,24.13,1,no,northwest,23887.6627
23,male,27.36,1,no,northwest,2789.0574
39,male,37.29,3,no,southeast,1141.4451
33,male,36.36444414875522,2,no,southwest,4906.40965
60,male,42.13,0,yes,northwest,11534.87265
