age,sex,bmi,children,smoker,region,charges
54,female,12.347088687230643,1,no,southwest,14540.309115987642
48,female,27.265,2,no,northeast,-18112.31122687799
29,female,32.11,1,no,northwest,4433.9159
31,male,17.996338866646713,1,no,southeast,4931.647
62,female,30.701070290896933,1,no,southeast,4779.6023
59,male,30.66339686098655,2,no,southeast,12928.7911
44,male,30.66339686098655,1,no,southeast,13270.422265141257
51,female,25.8,1,no,southeast,1135.9407
27,male,26.79,0,no,southeast,-1130.9566315083675
39,male,25.555,0,yes,northeast,5757.377866564869
28,male,24.32,0,no,southeast,23288.9284
18,male,30.66339686098655,5,yes,northeast,37465.34375
41,male,30.59,2,no,northwest,13270.422265141257
39,male,36.86,0,no,northwest,6957.963826983705
41,male,29.64,7,no,southeast,9222.4026
62,male,25.74,0,yes,southeast,12142.5786
58,male,34.1,2,no,northeast,6640.54485
28,female,33.0,2,no,northeast,-4069.603309449867
18,male,39.82,0,no,southeast,1633.9618
50,female,46.09,1,no,southwest,9549.5651
39,female,21.565,1,no,northwest,7153.5539
50,female,23.54,2,no,southeast,6865.407340292728
22,male,26.799650564214744,2,no,northwest,28476.73499
39,male,20.321650959982072,3,no,southwest,3443.064
21,male,35.53,0,no,southeast,1532.4697
57,female,39.2,0,no,southwest,13470.86
55,female,34.21,1,no,southeast,34672.1472
33,male,32.68,0,yes,northwest,13270.422265141257
19,female,30.66339686098655,3,yes,southwest,36397.576
18,male,26.125,1,no,southwest,13270.422265141257
39,female,38.285,0,no,southeast,1704.5681
20,male,35.625,1,yes,northwest,13747.87235
39,female,17.4,4,yes,southwest,27037.9141
33,male,16.815,5,no,southeast,42124.5153
36,female,17.195,0,no,southwest,4883.866
27,male,34.8,2,yes,southeast,39836.519
46,male,30.66339686098655,1,no,northwest,13270.422265141257
52,male,32.775,3,no,northwest,11289.10925
35,male,24.13,1,no,southeast,5125.2157
27,male,33.77,1,yes,southeast,-19141.589766030385
15,male,10.054477261674222,1,no,northwest,4894.7533
49,male,27.0,2,no,southwest,8116.68
44,female,40.15,2,no,northwest,16258.452040819939
70,male,35.15,0,no,southeast,1824.2854
27,male,18.905,1,no,northeast,4827.90495
37,female,23.967274200241448,2,yes,northwest,6203.90175
71,male,35.92345128247646,0,yes,southwest,48824.45
56,male,22.1,0,no,southwest,20990.504376916706
39,male,34.685179343719795,4,no,southwest,7512.267
50,male,36.67,1,no,northwest,28468.91901
18,male,22.99,0,no,southeast,7935.29115
47,female,36.80445249053946,1,no,northeast,1880.487
