haematocrit,haemoglobins,erythrocyte,leucocyte,thrombocyte,mch,mchc,mcv,age,sex,source
28.524645571757738,12.749350256875191,4.65,7.3,304,29.0,33.433588207589416,86.1,49,F,0
33.9,11.2,4.22,8.715533393774555,213,29.20188361075511,33.33647627682079,80.3,25,F,1
32.6,10.4,3.67,12.6,245,28.3,33.2,88.8,77,F,0
34.3,17.0,4.722770254522847,25.4,562,29.3,35.0,83.9,46,M,1
46.0,15.9,4.29,10.266607113913414,142,30.2,33.33647627682079,87.5,30,F,1
36.4,12.749350256875191,4.8,4.119171198235697,221,25.6,34.105615569931786,75.8,6,F,0
25.4,9.2,3.08,15.1,73,29.9,33.6,89.0,76,M,1
43.9,14.4,4.92,5.9,191,16.1,32.8,89.2,51,M,0
26.6,8.6,4.785357353920988,7.0,321,26.703720172554885,31.5,82.9,56,F,0
43.0,14.3,5.1,7.0,226,28.0,33.3,81.69047955865419,68,M,0
44.4,15.2,4.544802055001511,9.1,164,30.5,34.0,87.79737888176663,26,M,0
24.7,12.4,4.31,8.715533393774555,258,28.8,32.9,84.61133272892113,46,F,0
38.22611060743427,6.8,4.64,9.7,258,24.8,35.24035826447222,74.6,42,M,0
38.22611060743427,13.2,4.63,7.8,306,26.1,32.8,86.8,24,M,0
24.957515321079605,8.279782605534768,4.95,13.3,272,28.4,33.0,86.0,46,M,1
36.2,7.889276692232162,5.65,8.96601496684027,432,20.2,31.5,64.1,29,F,0
37.2,12.3,4.18,8.3,306,28.2300392867936,32.0,78.37253316978187,71,M,1
35.023096851910886,12.5,3.9684782951407036,5.3,77,28.2300392867936,31.437737034515116,84.61133272892113,65,F,1
36.4,15.6,4.56,15.2,250,29.218402262671738,33.8,81.8,43,M,0
41.7,13.120446333138771,4.99,9.6,295,27.7,33.1,83.6,45,F,1
46.8,14.6,7.12,4.1,158,20.5,31.2,92.1,36,M,1
41.4,14.5,3.2753670131850905,4.0,68,30.0,35.0,82.1,41,M,1
36.981841681233135,13.324210965149604,4.544802055001511,11.27535454581633,152,29.1,33.1,87.7,40,M,1
38.5,12.9,3.73,13.2,201,28.5,33.5,77.8,51,M,0
37.1,12.3,4.4,8.2,362,33.2,31.9,84.3,12,M,0
44.7,12.3,5.43,4.6,389,27.381600623184596,35.1,91.91958885228304,45,M,0
