haematocrit,haemoglobins,erythrocyte,leucocyte,thrombocyte,mch,mchc,mcv,age,sex,source
29.4,16.8,5.62,8.9,109,29.248282339840102,34.8,85.9,30,M,0
33.4,10.8,3.69,9.3,487,29.938580902818337,35.5,68.2,62,F,0
31.8,14.7,3.27,4.3,109,31.5,32.4,90.8,83,F,1
35.67771855323017,13.1,4.14,6.5,265,29.5,35.7,95.8,20,M,0
38.22611060743427,10.3,3.98,2.5232240820375775,258,28.2300392867936,33.4,77.4,24,M,0
38.4099441498587,14.0,3.322682580669526,6.8,378,29.5,33.642424087206706,87.6,46,M,1
42.0,9.5,5.35,15.7,258,28.4,33.33647627682079,84.61133272892113,26,M,1
26.436581738860127,10.7,3.43,8.715533393774555,303,30.482082274129873,34.3,91.0,32,F,1
48.3,9.8,3.34,8.715533393774555,219,29.3,34.176209055736244,81.29384172612805,14,M,0
38.3,12.6,4.55,3.3600070820723174,455,27.7,32.9,84.2,34,F,1
41.168800108590744,13.9,5.99,7.4,247,30.5,32.9,92.5,51,F,0
34.5,11.5,5.85,7.8,509,24.7,31.3,78.9,22,F,0
24.4,12.749350256875191,2.82,19.8,350,28.7,33.2,86.5,65,F,0
46.4,16.0,5.74,52.8,313,27.9,32.41354159532177,76.4513249781908,32,M,1
38.22611060743427,15.6,6.22,9.4,100,25.1,32.9,84.61133272892113,7,M,0
43.3,12.083420853195047,4.94,5.8,301,27.57220149403369,34.14446787531804,87.7,30,M,1
40.7,13.319302133732094,4.48,1.780641237946913,360,29.2,32.2,97.2,75,F,0
38.6,12.749350256875191,6.307241420290444,6.2,360,34.2,35.3,73.67586440283344,22,M,0
44.5,10.3,5.01,7.6,335,29.6,33.0,88.8,32,F,0
35.3,11.5,3.82,7.0,195,30.1,33.33647627682079,92.4,87,M,0
28.5,7.893003722532438,4.544802055001511,28.3,121,28.2300392867936,33.0,78.9,67,M,0
35.8,13.863054641454749,3.83,11.928161590332625,329,30.7,32.3,86.5,48,F,0
31.8,11.4,4.083991502939882,8.5,183,23.8,32.2,82.75985733539548,33,F,0
25.8,8.3,4.544802055001511,9.2,165,30.6,32.2,95.2,58,M,0
32.0,11.0,3.99,15.0,258,19.9,34.4,80.2,46,M,1
37.3,12.4,3.764983373283147,7.3,360,28.4,33.2,90.1,48,F,0
