age,sex,bmi,children,smoker,region,charges
32,male,22.3,0,no,southeast,35595.5898
46,female,28.9,2,no,southwest,8823.279
24,male,30.66339686098655,0,no,northeast,34472.841
39,male,30.0,1,no,southwest,22144.032
24,female,26.6,0,yes,northeast,3046.062
18,male,23.32,0,no,southeast,1711.0268
21,male,26.315,0,no,southwest,17496.306
36,male,35.3,0,yes,southeast,8891.1395
27,male,21.85,0,yes,southeast,-15122.845530809012
56,male,30.66339686098655,0,no,southwest,11073.176
47,female,32.67,5,no,southeast,15359.1045
39,male,31.64622006170563,3,yes,northwest,32787.45859
43,male,24.7,2,yes,northeast,27571.8336842704
52,female,22.69128940232069,2,yes,southeast,24667.419
44,male,28.952479204136914,1,no,northwest,4243.59005
56,female,28.595,1,no,northeast,11658.11505
51,female,33.197383223613876,1,no,southwest,9872.701
27,female,17.955,2,yes,northeast,15006.57945
28,male,38.83,0,yes,southwest,8688.85885
22,male,39.805,0,no,northeast,13270.422265141257
58,male,49.06,4,yes,northwest,30624.81826780915
66,female,25.2,0,no,southwest,11837.16
58,female,41.91,0,no,southeast,24476.47851
17,male,46.75,5,no,southeast,12814.154492131216
44,female,21.85,3,no,northwest,36837.467
18,male,31.68,0,yes,southeast,13270.422265141257
