haematocrit,haemoglobins,erythrocyte,leucocyte,thrombocyte,mch,mchc,mcv,age,sex,source
37.74286666094051,13.5,4.65,10.14339711385656,304,29.0,33.8,86.0,49,F,0
33.9,15.0,4.22,8.2,273,27.57793875795431,33.0,96.37875615539043,43,F,0
32.6,8.373602142096741,3.67,23.1,258,24.717722933200665,31.9,90.14309772205384,77,F,0
26.6,11.04362832325973,4.09,25.4,342,28.2300392867936,35.0,83.15257821556311,50,M,1
46.0,15.9,5.26,6.8,317,33.81769297640001,33.0,81.8,46,M,1
36.4,6.5,5.79,7.8,321,25.6,35.49521345463808,84.61133272892113,6,F,0
36.80719278977476,12.749350256875191,3.21,6.6,15,30.8,33.1,67.9,45,M,1
26.57374296481101,10.9,3.44,5.8,275,31.7,32.5,97.4,99,M,1
38.22611060743427,10.4,5.24,22.03332357428919,391,18.6,32.4,61.3,45,M,1
43.0,11.2,4.544802055001511,5.2,237,28.7,31.37715007120118,82.4,46,M,0
49.8,14.4,4.544802055001511,7.5,196,27.4,33.33647627682079,81.0,41,F,0
51.3458752682467,14.6,3.734666549195878,4.8906167673745555,349,27.9,32.48483101252781,82.4,99,M,0
27.4,9.2,3.08,5.9,73,29.9,33.6,84.61133272892113,76,M,1
43.9,16.6,4.537995642538891,5.9,352,29.3,36.9,85.53487528026297,24,F,0
34.3,11.410194078661657,3.21,7.0,397,28.7,32.3,82.9,70,M,1
43.0,12.749350256875191,5.1,9.166414307694907,226,28.2300392867936,33.3,84.3,33,M,0
44.7,14.308393404207525,4.37,8.2,234,30.5,34.0,89.6,37,M,0
37.7,12.4,3.73,9.8,284,28.8,30.6,87.5,46,M,1
34.6,11.5,4.64,9.7,504,26.82702741772933,33.17949590155757,74.6,42,F,1
40.2,13.2,4.542561934529011,7.8,212,28.5,32.8,86.8,51,M,0
32.1,10.6,4.31,8.715533393774555,272,28.4,34.6,61.7,-14,F,1
38.22611060743427,11.4,5.65,8.715533393774555,432,29.6,31.5,64.1,29,F,0
37.2,12.3,4.18,8.3,392,29.4,33.1,89.0,72,F,0
27.2,12.5,5.0,17.4,77,25.0,32.3,77.4,9,M,0
36.4,12.3,4.45,15.2,258,27.6,33.8,87.5,25,M,0
44.4,15.6,4.640612987132119,4.6,95,26.8,33.33647627682079,81.8,60,M,1
