haematocrit,haemoglobins,erythrocyte,leucocyte,thrombocyte,mch,mchc,mcv,age,sex,source
40.0,13.5,4.65,11.915824051500278,304,29.0,33.8,86.0,49,F,0
33.9,8.77752954925958,5.49,8.2,213,26.8,33.33647627682079,80.3,42,F,1
32.6,10.4,3.4545150484215297,4.8,64,28.3,31.9,88.8,77,F,0
34.3,12.749350256875191,4.09,25.4,275,29.3,33.5,85.9,50,M,1
24.7,9.9,4.906269655972058,7.5,317,28.2300392867936,34.6,87.56380622682767,30,F,0
36.4,12.3,4.8,6.4195997041942015,360,25.681172664849587,33.8,66.81619758683155,6,F,0
42.63486650961149,15.9,3.21,6.6,95,30.8,35.0,82.4,45,M,0
38.4072092167879,15.390714369437315,3.44,5.8,706,28.2300392867936,32.5,97.4,46,F,0
38.22611060743427,10.4,5.24,56.7,258,19.8,32.756342003787196,77.5,45,M,1
43.0,15.0,4.83,7.9,321,28.7,34.9,93.1,42,M,0
49.92288015230971,14.4,5.25,5.9,196,27.4,33.9,81.0,41,M,0
43.2,14.6,4.544802055001511,9.6,349,28.226057226942284,33.8,82.4,12,M,0
27.4,9.2,3.08,6.8,73,29.9,33.6,89.0,7,M,1
43.9,14.553341150080206,4.92,5.9,258,32.94651050136342,32.8,89.2,24,M,0
44.4,8.6,4.544802055001511,7.0,221,26.5,32.3,82.9,56,M,0
48.6,14.3,4.661710849617064,7.0,415,27.4,26.1,92.42674320794215,79,M,0
44.7,5.1,4.99,8.2,234,26.312556155832986,34.0,89.6,46,M,0
37.7,12.4,4.31,9.8,483,25.9,32.9,87.5,46,M,0
34.6,12.749350256875191,4.64,9.7,361,24.8,33.33647627682079,74.6,25,F,0
41.7,15.608851586548777,4.99,3.5743328286096245,295,27.7,33.1,83.6,78,F,0
46.8,14.6,7.12,8.715533393774555,281,20.5,31.2,65.7,96,M,1
41.491050203058194,16.0,5.22,4.0,68,30.0,34.11332192952254,84.61133272892113,36,M,0
33.5,11.1,3.82,12.4,152,29.1,33.41035523064205,87.7,56,M,1
38.5,12.9,3.57,13.2,201,26.1,35.0,77.8,51,M,0
38.22611060743427,12.3,4.986763344088651,8.715533393774555,362,28.0,33.2,74.46129586153539,47,M,0
26.6,15.6,5.43,-2.1926054985726653,15,28.7,34.736262089705114,84.61133272892113,45,M,1
