haematocrit,haemoglobins,erythrocyte,leucocyte,thrombocyte,mch,mchc,mcv,age,sex,source
38.22611060743427,15.1,5.550530567272149,10.7,353,29.5,33.9,93.73920175187185,28,F,0
41.6,14.5,5.696343022482978,8.715533393774555,-104,27.524972840963642,34.9,80.2,30,M,1
45.8,14.5,4.69,2.546447439988551,168,32.85124939078077,33.33647627682079,91.9,74,M,1
34.40686692016632,12.0,4.09,7.7,257,24.8,36.84551621449838,86.8,51,F,0
27.0,10.9,4.544802055001511,76.6,301,27.2,32.6,83.3,69,M,0
46.6,15.6,5.52,2.4,304,28.2300392867936,33.5,94.85985063024962,23,M,0
34.3,12.4,4.51,2.7,234,27.5,36.2,76.1,50,M,0
48.3,12.4,4.72,8.715533393774555,258,30.5,33.6,72.5,7,F,1
39.4,13.6,4.544802055001511,34.7,271,28.9,33.8,76.3,40,M,1
38.5,9.8,4.25,1.1794538203625127,338,29.4,33.33647627682079,76.2,49,M,0
43.2,12.647689429564336,5.19,10.402942243761043,306,26.8,32.2,83.2,16,M,0
51.08129677561579,12.4,4.25,3.7,134,24.4,33.5,90.9,4,F,1
23.4,7.7,5.09,26.6,145,28.8,35.5,84.61133272892113,46,M,0
15.3,12.640272303663027,5.18,6.4,272,25.1,30.3,71.4,55,M,1
41.1,13.6,4.4,9.0,330,30.9,33.1,93.4,56,F,0
42.253181814595976,11.6,4.68,4.9,246,24.8,31.4,84.61133272892113,23,M,1
40.05173463727472,12.5,4.16,4.2,29,30.0,32.9,88.9,17,F,1
38.3,9.081684666841776,4.25,7.3,325,28.436093635145674,33.9,90.1,48,F,0
39.0,13.3,3.613836192179526,2.7,162,27.634867110279192,31.6,94.31025500189796,25,F,0
40.0,13.6,5.25,4.5,348,25.9,34.0,90.6,46,M,1
17.7,6.2,2.02,18.1,527,30.7,35.0,87.6,9,F,0
58.1,18.9,6.53,30.8,428,28.9,32.5,85.8257785132274,61,M,0
39.0,11.6,6.9,9.0,109,20.8,29.7,70.0,39,M,0
37.4,12.749350256875191,4.635260400189313,9.3,408,28.2300392867936,33.20892485970969,77.6,2,M,0
38.22611060743427,15.134085965992853,4.45,9.3,265,27.6,33.54022689396234,82.0,45,M,1
33.7,12.749350256875191,4.69,2.5049046184074957,258,23.5,29.8404194324977,71.9,1,M,0
