age,sex,bmi,children,smoker,region,charges
20,male,44.0,2,no,northeast,13270.422265141257
25,female,41.325,0,no,northeast,17878.90068
49,female,30.78,1,no,southeast,9778.3472
48,female,22.8,0,no,southwest,7504.67749587012
55,female,10.352750842676294,1,no,southwest,35160.13457
47,male,30.66339686098655,1,yes,southeast,24497.97462955882
46,male,33.345,1,no,northeast,8334.45755
34,male,28.4,3,no,northwest,6555.07035
49,male,36.85,2,no,southwest,8125.7845
47,male,33.66,4,no,southeast,12949.1554
22,female,25.029058172775997,2,no,southwest,20177.67113
18,male,39.14,0,no,northeast,12890.05765
25,female,30.2,0,yes,southwest,33900.653
63,male,30.115,1,no,northeast,21344.8467
35,male,26.125,1,no,southeast,46130.5265
61,female,26.41,1,yes,southwest,2331.519
39,female,32.681975762155,0,no,southwest,10704.47
32,male,29.59,1,no,southeast,-357.1253913129958
19,male,31.57,0,no,southeast,12557.6053
60,male,31.35,1,no,northwest,5227.98875
23,male,39.27,2,no,southeast,3500.6123
25,male,15.96,0,no,northeast,13270.422265141257
22,male,30.66339686098655,0,yes,southeast,21232.18226
45,male,34.25041085751259,0,yes,southeast,17929.30337
35,male,27.1,0,no,southwest,7130.770447871125
39,female,26.4,5,no,southeast,4441.21315
