age,sex,bmi,children,smoker,region,charges
53,male,28.6,3,no,southwest,18238.283254170707
54,male,32.11,3,yes,northeast,13270.422265141257
56,male,40.47,1,no,southeast,12319.680514242842
32,male,35.2,0,no,southeast,4670.64
56,female,30.97,3,no,southeast,13270.422265141257
42,male,40.66,0,no,southeast,8442.667
64,male,32.01,0,yes,southeast,27037.9141
33,male,44.28786304363851,3,no,southeast,11326.71487
37,male,34.2,0,no,northeast,13270.422265141257
25,female,30.66339686098655,0,no,southwest,2632.992
19,male,30.357586062856182,1,no,southwest,11763.0009
44,female,34.26025579735863,1,yes,northwest,43578.9394
39,female,28.88,1,no,northeast,10422.91665
56,male,22.77,4,no,southeast,12949.1554
52,female,37.0396535371975,1,no,northwest,4349.462
63,male,25.3,5,no,southeast,13270.422265141257
19,male,27.835,0,no,southeast,1635.73365
36,male,30.66339686098655,0,yes,northeast,4340.4409
35,female,34.21,1,no,southeast,15901.631020715955
34,male,27.065827715708117,0,yes,northwest,25678.77845
26,male,20.8,1,no,northeast,2302.3
26,female,19.8,1,no,southwest,3378.91
18,male,34.1,0,no,southeast,1137.011
39,female,56.36234185749567,0,no,northwest,12574.049
20,female,35.625,1,yes,northwest,44497.13062944921
23,male,32.7,0,no,northwest,1824.2854
30,female,35.72,5,no,northeast,6799.458
19,female,28.88,0,no,southeast,13631.080919865395
51,male,26.315,1,no,southwest,6389.37785
25,male,23.465,0,no,northeast,3206.49135
20,female,33.0,0,no,southeast,7021.667764054109
61,male,35.86,0,yes,southeast,9288.0267
54,male,38.13820355948165,1,yes,southeast,48549.17835
49,female,30.66339686098655,3,no,northwest,16577.7795
39,male,26.84,0,no,southeast,9880.068
50,male,25.46,1,no,northeast,3645.0894
28,male,26.51,1,no,northwest,37742.5757
43,male,17.28226075824268,0,no,southeast,1674.6323
37,female,34.8,1,yes,southeast,39836.519
64,male,36.85,0,no,northwest,10959.6947
62,male,34.726998447073406,1,yes,northeast,13270.422265141257
58,male,30.66339686098655,0,yes,northeast,11742.413462536173
22,female,37.61543886327185,1,yes,southeast,2155.6815
39,male,32.56,3,no,southwest,752.5119573995389
25,female,28.31,0,no,northeast,11657.7189
30,female,27.6,1,no,southwest,3385.39915
54,female,32.49,0,no,northwest,36898.73308
69,female,30.66339686098655,1,no,southwest,11532.477778347698
9,male,29.83,0,yes,northeast,30134.56663400081
39,male,23.655,0,no,northeast,13129.60345
51,male,35.6,0,no,southwest,35585.576
28,female,27.5,2,no,southwest,20177.67113
