age,sex,bmi,children,smoker,region,charges
45,female,21.5101495104389,1,no,southeast,2104.1134
24,female,26.07,1,no,southeast,-2989.6543050581654
62,male,30.02,2,yes,northwest,13270.422265141257
39,female,43.536322263207,1,no,southwest,28287.89766
18,female,25.08,0,yes,southeast,2196.4732
18,male,37.145,1,yes,southwest,38998.546
39,male,25.3,1,yes,southeast,18972.495
43,female,20.045,0,no,northeast,19798.05455
19,male,25.745,1,no,southeast,2803.69785
47,male,36.0,0,no,southwest,2166.732
64,female,32.17635954474585,3,no,southeast,16776.30405
67,male,28.16,2,no,northwest,21797.0004
25,male,25.74,0,no,southeast,2137.6536
45,male,21.375,0,yes,northwest,7222.78625
30,female,40.48,0,no,southeast,13831.1152
52,female,30.66339686098655,2,no,southwest,18659.58593339083
27,female,37.05,0,no,southwest,3353.4703
39,female,26.6,5,no,northeast,24765.202249153237
50,female,27.075,3,no,southeast,13270.422265141257
64,male,40.14232933753387,2,no,northwest,14210.53595
18,female,27.74,0,no,northwest,8026.6666
39,male,35.86,1,yes,southeast,5836.5204
24,male,33.17659684355399,2,yes,southwest,42760.5022
41,male,21.85,0,yes,northeast,13270.422265141257
60,male,33.11,3,no,southeast,13919.8229
59,male,25.46,1,yes,southeast,41389.69956705048
33,male,28.312745383513132,1,no,southeast,30161.60852997192
47,female,22.515,3,no,northeast,5209.57885
53,male,35.9,0,no,southeast,11743.9341
46,male,31.35,1,no,southeast,5278.117702076017
51,female,39.5,0,no,southwest,12620.614030886529
52,male,22.15679256893412,1,no,southeast,10797.3362
49,female,30.66339686098655,1,no,southwest,9182.17
33,female,33.76083979051909,1,yes,northeast,16085.1275
39,male,24.035,0,no,northeast,4050.320596938307
47,male,30.66339686098655,1,yes,northeast,2755.02095
33,female,27.835,2,yes,southeast,7144.86265
48,male,31.6,0,no,southeast,458.7516059138925
49,female,30.66339686098655,2,no,northwest,10156.7832
57,male,28.7,0,no,northeast,11455.28
30,male,38.42737559933049,1,no,northwest,13270.422265141257
29,female,45.32,0,no,southeast,6186.127
39,female,33.33,0,no,northwest,8569.8618
60,female,43.89,2,no,southeast,60810.40316198093
36,female,28.215,1,yes,southeast,24915.22085
30,female,38.095,0,yes,northeast,58571.07448
31,female,31.065,0,yes,northeast,4347.02335
41,male,38.03612265055256,0,no,southeast,5699.8375
41,male,24.795,3,no,northeast,9500.57305
40,male,29.6,0,no,southwest,13270.422265141257
48,female,30.66339686098655,4,no,northwest,1832.094
38,male,21.47,1,no,southwest,6079.6715
