age,sex,bmi,children,smoker,region,charges
41,male,27.94,1,no,southwest,5699.8375
29,male,40.92,0,no,southeast,74116.46133941882
45,female,39.995,3,no,southwest,11554.2236
39,female,14.449624266497981,2,no,southwest,30265.61945957145
54,male,25.1,3,no,southwest,25382.297
18,female,25.08,1,no,northwest,-11708.777189021206
25,female,19.774973358334638,1,no,northeast,2585.269
18,male,10.18735545780477,2,yes,southeast,3554.203
50,male,17.830910303230226,2,no,northwest,30284.64294
29,male,38.39,3,yes,southeast,41949.2441
49,male,27.55,1,no,northwest,13270.422265141257
9,male,29.07,1,no,northwest,23045.56616
23,male,30.66339686098655,1,yes,southwest,13270.422265141257
45,male,30.66339686098655,3,no,northwest,30942.1918
37,male,38.17,2,no,southeast,4435.0942
35,male,34.77,0,no,northeast,5729.0053
38,male,34.7,1,yes,southwest,6858.4796
24,male,31.825,0,yes,northeast,41097.16175
27,male,45.9,2,no,northwest,3693.428
9,male,26.047536051496376,2,no,southeast,-4320.347728225074
28,male,38.06,5,no,northeast,5615.369
16,female,21.667979182998593,4,yes,southeast,15006.57945
57,male,33.55,0,no,southeast,9704.66805
57,male,22.8,1,no,northeast,11534.87265
32,female,32.3,3,no,northwest,-2756.1046548761515
60,male,30.66339686098655,0,no,northeast,12156.781645921825
33,male,35.75,2,no,southeast,4889.9995
26,female,21.945,0,yes,southeast,13270.422265141257
21,male,33.63,2,no,southeast,3579.8287
24,male,28.5,2,no,northwest,3537.703
48,male,31.476811209091718,1,no,northeast,8964.06055
54,female,20.045,1,no,northwest,10825.2537
11,female,38.17,0,yes,southeast,9548.243504959375
32,female,29.59,1,no,southeast,8210.661297141158
39,male,35.634216512187706,2,no,northeast,17352.6803
39,female,33.1,0,no,southwest,7345.084
39,male,22.895,2,yes,northwest,21098.55405
62,male,37.51,5,no,southeast,13064.679999722883
22,female,32.92880684144575,0,no,northeast,2755.02095
39,female,24.3,2,no,southeast,42560.4304
51,female,25.4,0,yes,southeast,-10993.467430990855
42,male,19.95,2,no,southeast,7133.9025
42,male,35.8,2,no,southwest,7160.094
32,male,30.875,2,no,northwest,5373.36425
39,female,37.145,0,no,southeast,6334.34355
63,male,31.8,0,no,southwest,13880.949
41,female,30.66339686098655,2,no,southeast,12129.61415
19,female,30.59,1,no,northwest,13270.422265141257
19,male,30.66339686098655,2,no,northwest,13270.422265141257
49,female,25.678989166287938,1,yes,southwest,7152.6714
80,female,25.3,1,no,southwest,11070.535
32,male,44.22,0,no,southwest,3994.1778
