haematocrit,haemoglobins,erythrocyte,leucocyte,thrombocyte,mch,mchc,mcv,age,sex,source
34.0,14.6,5.08,11.4,347,26.1,33.33647627682079,69.59155269694246,61,M,0
38.2,13.0,4.645443821287552,5.8,142,29.1,34.0,88.4,25,F,0
35.7,10.9,3.85,9.0,293,28.3,30.5,92.7,80,M,0
47.8,17.5,5.77,9.7,182,21.0,32.8,84.61133272892113,71,M,1
38.22611060743427,12.2,4.64,4.6,258,28.2300392867936,33.3,89.5,53,M,0
43.2,14.1,5.57,7.0,75,25.3,32.6,77.6,9,F,1
29.7,11.1,4.13,8.715533393774555,506,26.62977052431573,31.6,91.0,50,F,0
38.8,13.1,4.1,18.609000951115185,226,32.0,33.8,94.6,46,M,1
34.5,12.0,4.544802055001511,7.6,137,27.817538297238144,34.8,85.4,28,F,0
49.98012452138191,14.4,5.44,3.6,268,26.5,33.8,78.3,31,M,0
38.5,11.590172341667579,4.51,6.3,325,22.8,35.861977328520815,85.4,37,F,0
34.6,11.3,4.28,7.2,286,29.646523850507467,31.4,79.61401523669993,4,M,0
41.5,11.5,4.06,10.3,351,27.8,33.2,83.7,53,F,0
45.2,12.749350256875191,5.22,5.3,50,29.3,30.788559941107316,78.69274502333504,32,F,0
30.4,12.298580690758728,3.72,4.5,226,28.2300392867936,34.9,81.7,31,M,0
41.7,14.1,4.79,11.588243153993428,235,29.4,33.8,84.61133272892113,41,M,1
33.784426154484784,10.970732131112637,2.89,19.6,254,29.8,32.7,71.9,91,M,1
26.1,6.9,4.37,6.9,500,18.88919358829507,26.4,65.8,30,M,1
32.8,15.3,4.285687808860856,7.3,121,29.3,33.33647627682079,87.6,38,M,0
38.22611060743427,14.8,4.27,6.545480214092602,110,28.7,33.95621618271748,86.96801204357662,2,F,0
46.46282059936928,13.6,4.544802055001511,7.9,437,30.0,32.7,89.9,46,M,0
39.0316180749438,14.653002490165829,3.6251423434166217,3.5,33,28.4,32.64877549229355,82.8,71,F,1
33.3,10.9,5.68,8.715533393774555,142,25.5,33.3,78.0,8,F,1
33.9,12.749350256875191,4.236163606187065,2.4536669692777497,220,29.0,34.5,84.1,30,M,0
49.6,13.5,4.88,7.1,49,27.7,33.3,83.2,31,F,0
30.6,10.2,5.66,7.8,258,28.3,29.5,84.8,59,F,0
