age,sex,bmi,children,smoker,region,charges
54,male,30.66339686098655,0,no,northwest,4347.02335
33,male,30.66339686098655,0,yes,southeast,17904.52705
53,male,30.260546971444832,2,yes,northwest,-4.793754316317063
38,female,25.52,5,no,northeast,14478.33015
39,male,27.5,0,no,southwest,18961.033702107892
39,male,32.1,1,no,southwest,11249.082211098197
48,female,31.13,0,no,southeast,8280.6227
50,female,36.67,2,no,southwest,10118.424
54,male,30.495,1,no,northwest,13270.422265141257
34,female,26.73,1,no,southeast,5002.7827
24,male,29.81,0,no,southeast,2464.6188
52,female,37.525,2,no,southeast,33471.97189
38,female,36.29,3,no,northeast,6551.7501
19,female,23.549980787477537,1,no,southwest,1253.936
61,male,37.840948252084694,1,no,southwest,8347.1643
18,male,28.5,0,no,southeast,1712.227
55,female,29.9,0,no,southeast,6849.026
42,male,24.605,2,no,northwest,5257.50795
40,female,31.6,2,no,northwest,28476.73499
46,male,34.03084809460357,3,no,southeast,47403.88
59,male,23.655,1,yes,northwest,25678.77845
45,male,30.8,1,no,southeast,41999.52
48,female,27.93,4,no,southwest,11015.1747
35,male,34.77,2,no,northeast,5729.0053
58,male,34.96,1,no,southeast,44240.8533802756
48,male,30.78,0,no,southwest,13270.422265141257
