haematocrit,haemoglobins,erythrocyte,leucocyte,thrombocyte,mch,mchc,mcv,age,sex,source
36.7,9.4,4.471511551373449,2.1,67,27.8,34.6,80.4,29,M,1
30.3,9.9,3.59,8.715533393774555,282,32.8,32.7,84.4,32,F,0
31.0,10.5,3.51,21.1,222,29.9,32.7732521147776,88.3,70,M,0
43.9206174079085,9.4,3.32,12.2,495,28.3,33.5,86.71551294403096,79,M,1
34.2,9.3,4.544802055001511,8.2,235,28.76859410528037,33.5,93.6,40,F,1
39.3,12.8,4.35,24.9,270,29.4,32.6,84.61133272892113,46,F,1
43.0,12.895644973581708,4.75,5.0,141,29.9,33.0,90.5,30,M,1
33.6,11.6,5.95,7.2,258,29.82101032649756,37.4,86.6,71,M,1
36.6,12.749350256875191,4.56,8.715533393774555,391,29.8,37.2,71.05838841215649,23,M,0
45.6,17.6,5.07,-4.231553648676598,225,31.6,34.0,92.9,91,M,0
38.22611060743427,17.9,4.544802055001511,16.02826602818762,472,20.2,35.4,85.3,70,M,0
37.6,12.4,4.77,12.8,337,26.0,36.1,70.14396156378017,48,F,0
47.4,15.08273534239094,5.64,2.9,130,28.2,31.17219314588181,87.1,22,M,0
36.16703842430041,13.701495825822049,4.43,5.3,72,30.5,34.7,87.8,79,M,1
17.145462680634555,7.7,2.59,2.3,258,29.7,33.2,89.6,87,M,0
39.9,11.8,3.84,10.0,258,30.7,31.819516661617072,103.9,74,F,1
38.5,12.8,4.112725821854869,1.1,331,31.84483498263533,33.2,87.1,27,M,0
36.5,12.3,4.393636499812566,4.0,226,28.1,33.7,83.3,61,F,1
38.22611060743427,15.2,4.28,5.9,219,26.2,32.2,77.5,32,M,0
32.4,14.69223598991051,5.15,4.6,131,30.2,32.1,84.61133272892113,3,M,1
41.668182703105415,12.5,5.674851711592706,5.862359465255946,321,28.2300392867936,32.9,73.4,12,F,0
29.2,13.2,3.25,23.1,328,28.2300392867936,33.8,89.8,76,F,1
18.6,16.4,3.88,8.7,352,26.7,33.33647627682079,74.1,40,M,0
38.0,11.8,5.28,9.6,216,22.3,31.1,68.2,62,F,0
39.1,12.4,5.73,10.5,382,21.6,33.33647627682079,72.0,29,M,0
38.2,12.749350256875191,4.04,13.001819008027477,331,33.13723022155306,32.29558750300426,93.66376916175938,46,F,0
