haematocrit,haemoglobins,erythrocyte,leucocyte,thrombocyte,mch,mchc,mcv,age,sex,source
38.22611060743427,14.6,5.08,8.715533393774555,466,28.7,35.2,81.7,61,M,0
38.2,13.6,4.46,5.8,142,31.318591686141065,33.33647627682079,85.7,39,F,0
35.7,11.108601569759754,3.85,24.1,366,36.6,32.118536179879584,90.85845681957016,71,F,0
53.21067341982531,12.131748261940354,5.651192575496292,11.630343985103973,182,27.2,33.7,82.8,71,M,0
49.85974045915147,12.2,5.67,4.6,248,29.8,32.60221452846388,89.5,53,M,0
25.5,14.1,4.544802055001511,7.0,40,28.2300392867936,32.6,77.6,56,M,1
45.2,13.5,5.42,-3.8105580593229487,27,24.9,32.5,63.5,22,F,0
44.2,15.2,5.43,4.3,30,28.0,33.02622315369343,81.4,48,M,1
28.8,9.7,2.445604641644728,12.993849653030807,258,28.0,32.8,83.2,46,M,1
35.4,12.0,3.93,19.0,289,30.5,33.9,95.69200886061248,97,F,0
40.4,13.0,4.88,7.1,340,28.93092645616831,33.7,82.8,37,F,1
34.181617464411964,16.7,5.86,8.715533393774555,330,28.5,32.9,86.5,16,M,0
30.6,10.2,4.544802055001511,3.5,136,19.8,33.3,84.8,59,F,0
34.0,11.3,5.486395118821671,10.3,235,27.8,33.2,84.61133272892113,30,F,1
41.5,12.749350256875191,4.03,5.3,254,25.5,33.8,86.6,37,M,0
30.4,12.749350256875191,3.72,7.8,226,28.5,34.9,81.7,31,F,0
41.7,14.1,4.79,8.0,352,28.2300392867936,26.1,87.1,41,M,1
33.01834143989963,8.6,2.89,11.3,50,29.8,32.7,84.61133272892113,91,F,1
26.1,6.9,4.37,10.710985701306052,500,15.8,36.1,59.7,53,M,1
45.8,14.4,5.23,7.3,121,31.05897184546421,33.4,89.11740742111036,23,M,1
57.0,7.2,5.68,7.6,305,23.528808726596807,33.6,77.5,34,F,0
40.8,13.6,4.6564912461713615,7.9,283,30.0,33.3,100.88183317354013,65,M,0
40.0,11.168785665003664,4.83,4.5,33,28.4,33.33647627682079,89.2,49,M,0
33.3,10.9,4.27,6.4,142,29.3,32.7,78.0,90,M,1
38.22611060743427,6.993370794899236,5.22,8.6,220,29.0,34.5,93.9,46,M,0
40.6,13.5,4.88,7.1,258,27.7,34.891967446326454,83.2,15,F,1
