age,sex,bmi,children,smoker,region,charges
50,male,17.48,0,no,northwest,30284.64294
79,female,35.258073749735324,1,no,southeast,14474.675
55,female,29.7,2,no,southwest,11881.358
29,female,20.98107258209948,2,no,northwest,18157.876
41,male,31.635,5,no,northeast,7358.17565
19,female,27.41910292540636,0,yes,southwest,33307.5508
61,male,30.66339686098655,3,yes,northeast,48549.17835
29,female,28.27,2,no,southwest,13270.422265141257
46,female,22.3,0,no,northwest,2128.43105
18,male,23.1,0,no,northeast,-6889.133288591107
43,male,27.36,3,no,northeast,8606.2174
54,female,36.1,3,no,northeast,20981.339124908267
39,male,30.59,0,no,southeast,-4184.596058342201
45,female,31.79,1,no,southeast,17929.30337
50,female,28.16,2,no,southeast,10702.6424
19,female,25.365,0,no,northwest,1621.3402
59,male,31.79,2,no,southeast,9704.66805
28,female,18.5,2,no,southeast,4766.022
41,male,38.28,0,yes,southeast,10226.2842
55,female,30.66339686098655,2,no,northeast,5976.8311
54,female,28.88,1,no,northeast,13270.422265141257
60,female,33.155,3,no,northwest,5410.9721223897195
21,male,34.77,2,yes,southeast,5729.0053
41,male,35.911884003543726,1,no,southwest,13725.47184
45,female,39.995,3,no,northeast,12928.7911
39,female,33.0,1,no,southwest,1980.07
