age,sex,bmi,children,smoker,region,charges
53,male,29.64,3,no,northwest,5028.1466
34,male,26.73,1,no,southeast,5002.7827
24,male,30.66339686098655,2,no,southwest,1972.95
56,male,32.27741176673864,3,no,southwest,17361.7661
38,female,27.6,1,no,northwest,5383.536
19,male,25.175,1,no,northwest,995.0059221355681
25,male,24.09,1,no,southeast,2201.0971
33,female,53.13,1,no,southwest,4571.41305
39,male,25.3,2,yes,southeast,30161.227291609797
57,male,34.295,2,no,northeast,13224.05705
18,male,39.8,0,no,southwest,4462.7218
57,female,30.66339686098655,2,no,northwest,13051.394457536398
28,female,41.394165628052285,0,no,southeast,13270.422265141257
46,male,29.83,3,no,southeast,20232.02094619396
38,male,28.6,2,no,southeast,11253.421
25,male,45.54,2,yes,southeast,42112.2356
30,male,21.375,3,yes,northwest,12363.547
33,male,32.11,0,no,northeast,13555.0049
36,female,25.84,0,no,northwest,5266.3656
18,female,26.315,0,no,northeast,2198.18985
18,female,37.29,1,no,northeast,37829.7242
39,male,23.009585027216694,1,yes,southwest,20009.63365
18,female,28.4143238376489,3,no,northwest,13270.422265141257
36,male,28.88,3,no,northeast,6748.5912
39,male,22.99,0,no,southeast,7222.78625
49,male,22.515,0,no,southwest,8688.85885
