age,sex,bmi,children,smoker,region,charges
41,female,31.6,1,no,southeast,6186.127
44,male,37.1,2,no,southwest,7740.337
42,female,26.18,1,no,southeast,7046.7222
37,male,23.2,0,no,northwest,6250.435
54,female,31.9,3,no,southeast,27322.73386
30,male,37.43,3,no,northeast,22099.18659353828
59,male,33.535,0,no,northeast,11743.299
41,male,34.50586844800859,3,yes,northeast,39597.4072
39,female,37.891229808021386,3,no,southeast,22365.881747573334
39,male,21.47,0,yes,northeast,20149.3229
47,male,30.66339686098655,0,no,northwest,13270.422265141257
22,female,20.235,1,no,northeast,6282.235
41,female,28.8,1,yes,southwest,5469.0066
47,male,19.19,3,no,southeast,27165.78739395079
56,male,43.520352340139596,0,yes,southwest,22412.6485
19,male,23.18,0,no,northwest,1664.9996
18,male,45.75114266206877,1,no,northeast,1149.3959
39,male,30.875,1,no,southeast,5373.36425
40,female,35.3,3,no,southwest,7196.867
54,male,30.66339686098655,1,no,northwest,10450.552
30,female,37.43,0,no,northeast,13270.422265141257
54,female,30.8,3,no,southwest,20132.79447537122
47,male,28.215,3,yes,southeast,24915.22085
38,female,30.69,1,no,southeast,5976.8311
22,male,28.69,1,no,southwest,20745.9891
52,male,30.0,1,no,southwest,2904.088
