haematocrit,haemoglobins,erythrocyte,leucocyte,thrombocyte,mch,mchc,mcv,age,sex,source
27.8,9.7,3.33,13.0,188,29.1,34.9,79.04973556814502,46,M,1
34.7,12.749350256875191,4.612459458186635,5.6,179,30.2,33.6,81.1,33,M,0
38.22611060743427,12.9,5.95,8.715533393774555,121,25.4,35.21036157632989,88.1,42,M,1
39.7,13.9,5.63,8.715533393774555,356,24.7,36.2427233348488,92.22203200958725,14,M,0
37.3,13.4,4.56,14.531400993375918,211,29.4,30.734922369136775,77.0,49,F,0
35.3,10.4,3.85,15.5,155,27.0,33.33647627682079,81.8,68,M,0
28.3,9.4,3.26,10.9,248,28.8,33.2,86.8,53,M,1
48.5,18.52279815322531,2.8408912235292525,4.4,284,26.6,32.0,83.3,69,F,0
31.5,6.1,4.45,17.0,482,26.3,33.1,79.3,72,M,0
40.4,13.7,4.311328218953918,7.7,-32,24.27683244533137,33.9,85.1,32,M,1
38.22611060743427,8.6,2.75,4.5,202,32.61426389823641,34.1,91.42323136822526,49,M,0
41.4,13.007637388037063,3.46,9.5,54,27.8,30.3,81.0,46,M,0
32.72673205514015,13.6,4.5,5.003038451627386,258,30.2,35.1,86.0,48,M,0
43.5,14.0,4.97,6.0,258,29.4,33.6,84.61133272892113,-15,M,1
42.44242254792967,15.4,4.544802055001511,8.347292285456277,339,28.3,33.2,85.1,60,F,1
44.9,15.7,5.0998961229947195,7.4,392,26.641066643080272,35.1920091742554,85.4,19,M,0
24.7,14.6,4.58,6.5,289,28.2300392867936,33.4,91.5,62,F,0
33.8,11.4,4.544802055001511,9.9,305,28.2,33.7,100.3,60,M,1
38.922772901885004,10.8,3.83,7.9,228,33.8,33.2,84.9,60,M,1
45.4,14.9,4.75,6.3,262,25.0,33.2,75.5,51,F,1
38.0,11.335365825761412,4.59,6.917886824160717,115,25.5,32.6,82.8,93,M,1
38.3,9.795914793427233,4.4,28.3,324,28.9,33.2,84.61133272892113,34,M,0
44.8,15.2,4.96,8.4,226,30.6,33.33647627682079,90.3,70,M,0
34.9,11.1,4.28,9.5,344,28.2300392867936,31.8,81.5,34,F,0
43.22183803486574,15.9,4.3,21.4,399,30.155713670434686,36.8,65.2,54,M,0
36.3,12.749350256875191,4.45,16.0,320,25.6,34.3,94.47076960333423,10,F,0
