age,sex,bmi,children,smoker,region,charges
56,male,22.1,1,no,southeast,10577.087
52,male,32.775,3,no,northwest,11289.10925
49,male,39.82,1,no,northeast,13270.422265141257
37,male,30.875,3,no,northwest,6796.86325
52,male,23.18,0,no,northeast,10197.7722
38,male,29.45,1,no,northeast,5976.8311
31,male,29.83,1,no,southeast,9492.883829522305
59,female,40.47,1,no,southeast,13224.693
52,female,33.3,0,no,southwest,13270.422265141257
28,male,33.0,3,yes,northeast,4449.462
35,male,30.66339686098655,0,yes,southeast,39774.2763
39,female,25.2,0,no,southwest,11837.16
41,male,38.39,2,no,northeast,832.229834224619
25,female,22.744371510139434,4,no,northwest,18088.97859182499
40,male,31.35,0,no,southeast,12622.1795
23,female,34.865,0,yes,northeast,6799.458
11,male,34.675,0,no,southeast,4518.82625
20,male,33.3,2,no,southwest,1880.487
23,female,34.21593818251826,2,no,northeast,10923.9332
39,female,30.66339686098655,0,no,northwest,4137.5227
22,female,18.140969540194632,1,no,northwest,2155.6815
58,female,32.965,0,no,southeast,12430.95335
26,male,30.0,1,no,southwest,2198.18985
18,male,31.689739112596584,5,no,southeast,2899.48935
40,female,33.0,3,no,southeast,12118.227808946081
29,female,24.795,3,no,northwest,10942.13205
