age,sex,bmi,children,smoker,region,charges
60,female,30.495,1,yes,northwest,39725.51805
24,male,30.66339686098655,0,no,northwest,-1590.9652393333095
57,male,17.852171394439488,0,no,southwest,13352.0998
59,female,36.52,1,no,southeast,6123.5688
58,female,35.6,0,yes,northeast,10825.2537
44,female,30.2,1,no,southeast,36120.30264107323
29,male,37.905,-1,yes,southeast,18972.495
43,female,19.21243353576659,0,no,northeast,33035.709436917175
19,female,25.745,1,no,southeast,2710.82855
55,female,16.305519941995584,0,no,southwest,2166.732
64,male,39.05,3,no,southeast,16085.1275
45,female,30.495,2,no,northeast,8413.46305
47,male,25.74,0,no,southeast,2137.6536
45,male,21.8,0,no,northwest,-12107.809974658292
39,male,37.05,0,no,southeast,43921.1837
8,male,25.7680403216,3,no,northeast,34806.4677
12,female,21.47,0,no,northwest,11743.299
24,female,26.6,1,yes,southeast,3046.062
39,female,25.478470971248186,0,no,northeast,13919.8229
64,male,25.3,1,no,northwest,14210.53595
20,female,27.74,-2,yes,northeast,8026.6666
35,female,35.86,2,no,southwest,18955.22017
52,male,36.48,3,yes,southwest,42760.5022
35,female,21.85,0,no,northeast,27461.717765006953
39,male,33.11,3,no,southeast,10106.13425
59,male,21.3,0,no,northeast,12913.9924
33,male,42.46,3,no,northeast,35622.39577264733
29,male,30.66339686098655,3,yes,northeast,5209.57885
58,male,34.39,0,yes,northwest,11743.9341
18,female,31.35,1,yes,southeast,1622.1885
39,male,39.5,1,no,southwest,13270.422265141257
43,female,25.907411465710332,1,no,northeast,10797.3362
49,female,25.46,0,yes,southwest,9182.17
33,male,30.66339686098655,3,yes,northeast,16776.30405
58,male,24.035,0,no,southeast,10422.91665
25,male,42.35,5,no,northwest,13270.422265141257
38,female,31.13,2,no,northeast,7144.86265
48,female,30.548283388125245,0,no,southeast,8283.6807
56,female,32.56,0,no,southeast,1824.2854
24,male,40.15,0,yes,southeast,38126.2465
61,male,34.53264045793333,1,no,northwest,10314.69742107504
82,male,27.93,0,no,southeast,13270.422265141257
54,male,37.118374327109855,1,no,southeast,5500.052850742985
38,male,30.66339686098655,0,no,southeast,13270.422265141257
36,male,38.53564046575998,-1,no,northwest,41920.736551955524
22,male,32.775,0,no,southeast,10601.63225
56,male,36.96,2,no,southeast,16969.749084982373
39,male,20.13,2,no,southeast,13270.422265141257
56,male,33.63,1,yes,northwest,13831.1152
23,male,26.22,2,no,northwest,14256.1928
38,male,37.05,0,no,northeast,6079.6715
48,female,30.66339686098655,4,no,southeast,11033.6617
