age,sex,bmi,children,smoker,region,charges
28,female,28.3,0,no,southeast,10959.6947
21,male,22.3,1,no,southwest,22478.6
49,male,32.8,1,no,southwest,14358.36437
34,female,30.66339686098655,1,no,southeast,5594.8455
37,male,22.515,1,no,southeast,2117.33885
34,male,26.07,0,no,northeast,4992.3764
13,female,17.955,2,yes,northeast,13270.422265141257
29,female,29.59,1,no,southeast,3947.4131
26,male,30.66339686098655,0,no,southwest,15653.816171855891
51,male,22.98008912480987,1,no,southwest,9880.068
29,male,29.64,1,yes,northwest,20277.80751
18,female,28.31,1,no,northeast,19325.732770898954
39,male,42.18573035820369,1,no,southwest,7441.053
37,male,21.01,4,no,southeast,13270.422265141257
59,female,27.72,3,no,southeast,14001.1338
39,female,35.75886322452124,1,yes,southeast,8871.1517
56,male,28.31,0,no,southeast,13770.0979
26,male,30.0,1,no,southwest,10601.63225
46,female,37.1,0,no,southeast,10713.644
43,male,26.7,2,no,southwest,2103.08
49,female,33.25232719113117,1,no,southwest,15978.78054017334
66,female,32.11,2,yes,northeast,1263.249
36,female,26.885,4,no,northwest,5267.81815
53,female,26.51,2,no,southwest,4340.4409
54,female,29.83,1,no,southeast,-310.3530110629108
58,male,38.0,0,no,southwest,11365.952
