age,sex,bmi,children,smoker,region,charges
24,male,23.4,0,no,southwest,1969.614
59,female,27.83,3,yes,southeast,17396.62452391603
45,male,22.77,1,no,southeast,7441.053
56,female,25.935,0,no,northeast,11165.41765
9,female,20.235,0,no,northwest,2527.81865
39,female,25.74,0,no,southeast,13270.422265141257
39,male,31.73,0,no,northeast,4738.2682
28,female,33.4,0,no,southeast,3172.018
18,female,29.165,0,no,southeast,7640.3092
84,male,29.9,0,no,southwest,10214.636
21,male,21.50364165936163,1,no,southwest,5089.075863547547
20,male,37.0,1,no,southwest,10380.10671167682
30,male,28.0,1,no,southwest,23568.272
48,male,46.7,1,no,southeast,11362.755
55,female,29.48,0,no,southeast,1639.5631
47,female,32.04217406205774,3,yes,northwest,24535.69855
48,male,35.53,0,no,southeast,25136.670018558754
34,female,26.41,1,no,northwest,5385.3379
27,male,30.66339686098655,0,no,southwest,2974.126
53,male,33.0,0,yes,southeast,13270.422265141257
47,female,30.66339686098655,4,no,southwest,10115.00885
20,female,22.43492099209402,5,no,southeast,1964.78
49,female,26.6,0,no,northeast,3046.062
24,male,29.48,2,no,southeast,7323.734819
35,female,42.24,0,no,northeast,38792.6856
42,male,27.071302841222636,0,no,southwest,6474.013
