haematocrit,haemoglobins,erythrocyte,leucocyte,thrombocyte,mch,mchc,mcv,age,sex,source
44.9,14.76957911651033,4.69,1.9,108,24.642131504319444,32.3,84.61133272892113,1,F,1
45.2,15.2,5.31,7.1,260,28.6,33.6,85.1,88,M,0
38.22611060743427,13.8,4.77,8.5,215,23.4,32.3,89.5,46,M,0
34.3,11.8,4.06,10.742569884476312,349,30.002847782255493,35.1,70.2,66,F,0
27.8,9.3,5.24,12.8,306,31.3,33.5,93.6,83,F,0
38.22611060743427,12.749350256875191,4.32,7.8,258,27.3,32.593078933589624,86.1,32,M,1
44.5,14.7,5.01,7.6,335,30.3,33.0,88.8,27,F,0
35.0,11.8,4.65,6.3,310,28.2300392867936,34.5,67.63361848589662,1,F,0
42.9,15.9,2.87,4.9,55,28.6,32.3,88.5,69,F,0
35.0,12.3,4.096561684150681,9.291902638801787,263,31.6,35.1,90.0,52,M,0
29.119860688309384,10.180721718118859,4.26,8.715533393774555,206,25.6,33.0,77.5,38,F,0
37.9,12.749350256875191,2.68,7.3,212,28.5,32.2,88.6,66,F,1
25.5,8.5,2.96,5.4,337,27.60646397261965,31.455554060284705,82.4,59,M,0
45.4,8.2,5.3,2.7,255,30.0,33.33647627682079,85.7,23,M,1
41.7,14.4,4.65,36.0,230,31.0,33.6,84.61133272892113,36,F,0
36.33699498543036,10.757880112960844,4.28,11.7,105,29.9,35.2,88.8,91,F,0
36.3,12.1,3.6152942324846276,6.4,143,28.2300392867936,30.994319520762534,73.14605226070859,25,F,0
42.3,13.8,5.0,7.3,289,27.6,32.6,84.6,22,M,0
22.5,8.1,3.644762491137823,8.715533393774555,28,21.7,36.0,88.3441559081307,70,M,1
44.8,15.0,6.28,2.7,258,31.552135877520776,36.543263756167555,81.8,46,F,1
35.1,3.8,4.544802055001511,7.3,195,31.3,33.1,78.41326103621726,42,M,0
43.40195653628058,15.0,5.44,5.1,180,27.6,34.3,80.3,48,M,0
40.95907796847269,13.1,4.61,11.199651925668261,121,28.4,33.0,86.1,52,F,0
32.1,17.4,4.911567396647577,16.8,148,25.1,31.8,83.8,81,M,1
28.4,9.3,3.97,18.244599187771456,377,28.9,32.7,71.5,68,M,0
43.3,16.25171441801645,4.544802055001511,9.7,315,27.8,33.33647627682079,81.4,86,M,1
