age,sex,bmi,children,smoker,region,charges
39,female,21.755,0,no,southwest,4134.08245
28,male,29.227458580801084,2,yes,southeast,11150.78
53,female,37.4,3,yes,northwest,20945.369459996466
53,male,31.35,0,no,southeast,36231.54684184286
38,male,30.66339686098655,4,no,northwest,10601.63225
42,female,29.3,4,no,southwest,14197.249640725217
19,female,17.563671719042688,0,no,northwest,2850.68375
13,male,20.8,2,no,northeast,5375.038
47,male,19.57,0,no,northwest,8428.0693
37,male,47.6,2,no,southwest,46113.511
39,male,24.1667935624288,1,no,northwest,25517.11363
44,female,37.1,2,no,southwest,7740.337
63,female,30.66339686098655,0,no,northwest,13981.85035
59,male,39.59452640043045,1,yes,southwest,28287.89766
55,female,32.64608876176817,0,yes,southwest,37079.372
39,female,34.43,0,yes,southeast,12244.531
18,male,35.2,1,no,southeast,1727.54
56,female,35.8,2,no,southwest,11674.13
28,male,24.225,5,no,northwest,13270.422265141257
39,male,44.24653017003715,3,no,southwest,373.915673047346
54,male,30.66339686098655,1,no,southeast,4462.7218
28,male,27.5,2,no,southeast,8522.003
59,female,25.92680700265623,3,yes,northeast,13270.422265141257
51,female,38.06,0,no,southeast,44400.4064
12,female,21.66,2,no,southwest,13270.422265141257
47,female,39.49,0,no,northwest,2480.9791
52,male,33.1405320882877,1,no,southeast,47269.854
24,male,20.615,2,no,southeast,2803.69785
49,female,42.68,1,no,southeast,-23531.501210078954
19,male,31.825,1,yes,northwest,2719.27975
35,male,34.32,3,no,southeast,5934.3798
19,female,29.545,0,no,northwest,1632.03625
48,male,30.980921888860724,0,no,southeast,8236.220230682196
41,female,37.1,1,no,southwest,7371.772
23,male,34.4,0,no,southwest,13270.422265141257
38,male,45.54,-1,no,southeast,2897.3235
57,female,35.96209611667784,5,no,southwest,8551.347
59,female,31.79,3,no,southwest,11336.187972122694
62,male,20.045,0,no,northwest,7441.053
54,male,27.74,1,no,southeast,21027.31334778502
59,female,35.2,0,no,southeast,1137.4697
50,male,37.0,1,no,northwest,23790.74293771393
52,male,30.66339686098655,1,yes,northeast,47055.5321
50,female,30.66339686098655,1,no,northeast,22831.43066382363
52,male,22.61,1,yes,southeast,9566.9909
55,female,32.395,1,no,northeast,11879.10405
40,female,29.7,0,no,southeast,13405.3903
48,male,31.445,1,no,northeast,8964.06055
25,female,26.22,2,yes,southeast,42112.2356
39,male,22.23,1,yes,northeast,12029.2867
28,male,38.06,0,no,southeast,13270.422265141257
39,female,26.315,2,no,northwest,7201.70085
