haematocrit,haemoglobins,erythrocyte,leucocyte,thrombocyte,mch,mchc,mcv,age,sex,source
40.9,15.5,4.46,5.9,278,30.3,33.0,94.7612847462996,62,F,1
38.22611060743427,12.749350256875191,5.01,6.9,278,33.17999723032372,33.6,69.8,81,M,0
41.765019108347474,13.3,4.53,9.3,366,29.4,33.2,82.61552940256938,62,M,0
37.1,10.947995841159797,4.685162279599103,8.4,725,26.7,33.7,79.1,8,F,1
35.2,9.42404483280442,3.81,7.4,249,28.2300392867936,33.8,92.4,70,F,0
38.22611060743427,8.236065418739763,4.02,7.8,265,23.4,33.33647627682079,84.61133272892113,87,F,1
38.14959202596255,12.8,4.285687106578425,4.802809508263513,117,29.1,34.2,85.0,46,F,0
39.6,13.5,7.12,11.2,258,30.8,34.1,90.4,49,M,0
38.8,13.1,4.1,6.4,273,32.0,33.8,94.6,76,M,1
18.8,16.6,2.6,13.4,258,31.5,36.1,89.1,72,M,1
42.9,14.2,4.544802055001511,3.9,509,28.2300392867936,32.7,84.0,10,M,0
40.6,13.6,4.96,2.7,564,27.4,33.5,59.2,15,M,1
43.7,14.3,5.01,9.9,240,22.6,33.1,87.2,43,M,1
44.37078438886097,9.4,3.32,11.108077022114118,205,28.3,33.5,85.3,3,M,1
40.2,13.9,4.41,0.2615792634682599,203,32.3,33.651839756764566,91.90380193441702,77,F,1
36.5,13.914932734313044,4.08,8.715533393774555,478,29.2,32.6,89.5,55,M,1
44.8,15.2,4.96,11.2,89,29.774928825153513,31.5,72.21421944424863,23,M,0
42.9,14.4,3.33,4.4,244,28.6,33.33647627682079,84.6,27,F,0
43.9,15.0,5.05,7.1,169,29.7,33.935737023540796,86.9,41,F,0
40.7,12.749350256875191,4.544802055001511,23.5,223,29.6,33.9,87.2,47,M,0
47.4,13.4,4.44,12.506301504912196,244,26.283159152052068,31.9027328560413,93.5,27,M,0
36.482887973999,12.6,4.394443817825545,4.9,258,26.7,32.4,82.4,46,F,1
44.3,14.8,5.25,24.4,480,23.75322245109973,34.1840600892518,84.4,44,M,1
41.5,13.5,5.73,6.6,170,27.1,32.7,82.7,47,M,0
36.9,10.6,3.6581025931047066,9.5,247,29.8,32.4,91.9,70,F,0
36.7,15.0,4.74,8.715533393774555,153,25.9,33.5,84.61133272892113,26,M,0
