age,sex,bmi,children,smoker,region,charges
60,male,26.02702598409026,0,no,northwest,32420.35755274402
21,female,26.29,2,no,southeast,4883.866
21,male,21.755,0,no,northwest,40720.55105
24,male,25.8,0,no,southeast,4827.90495
39,male,27.06,3,yes,southeast,41949.2441
27,male,30.66339686098655,1,no,northeast,1972.95
60,female,24.035,0,no,northwest,13012.20865
33,male,22.705,0,no,northwest,13270.422265141257
44,male,37.25891529926737,1,yes,northeast,9957.7216
57,female,20.1,1,no,southwest,50489.834584861106
20,male,26.62,1,no,southwest,7742.1098
63,female,36.3,0,no,southeast,13887.204
34,female,42.9,1,no,northwest,4536.259
44,female,20.235,0,yes,northeast,19594.80965
26,female,34.87247142684515,0,yes,northeast,13270.422265141257
19,male,30.495,0,no,northwest,1627.28245
34,female,34.85214140489008,2,yes,northwest,22032.484684238807
19,male,20.3,0,no,southeast,1242.26
51,female,30.66339686098655,2,no,northeast,32108.66282
65,male,39.5,1,no,southwest,5474.198915970548
46,male,48.07,2,no,southeast,9432.9253
41,male,28.05,1,no,southwest,6770.1925
18,male,32.68,2,no,southwest,8283.6807
35,male,37.05,2,no,northwest,7265.7025
39,female,32.965,0,no,northwest,14692.66935
21,male,20.235,3,no,northeast,3861.20965
