haematocrit,haemoglobins,erythrocyte,leucocyte,thrombocyte,mch,mchc,mcv,age,sex,source
32.5,13.699100414348027,4.32,9.0,336,28.2300392867936,33.33647627682079,83.8485418322222,20,F,1
36.6,12.8,4.56,20.1,214,28.70827730621474,37.2,80.3,58,M,0
38.22611060743427,14.8,6.8,5.637983230768591,258,27.0,34.1,72.3,46,M,0
38.2,13.0,4.544802055001511,13.3,460,28.8,34.0,84.5,47,M,0
41.3,14.2,5.34,13.5,208,27.8,34.4,80.8,30,M,0
33.5,11.1,3.82,4.1,152,29.1,33.1,87.7,56,M,1
38.22611060743427,14.2,4.72,12.4,183,18.454750202388784,30.9,78.659197640153,23,M,0
33.3,12.749350256875191,3.62,12.7,361,31.8,33.33647627682079,92.0,23,M,0
22.1,6.0,3.86,8.715533393774555,494,15.5,31.5,53.11949434564271,47,F,1
50.0,14.2,4.99,9.7,492,28.5,33.3,73.5,40,M,0
34.15714617114574,12.195470055542696,4.69,19.8,260,23.5,32.6,71.9,46,M,0
32.4,7.183685919314272,4.544802055001511,10.257126113121219,214,28.1,32.4,90.5,79,M,1
41.5,14.1,4.9,-0.7642316514294487,86,24.1,36.251691227509255,84.7,70,M,0
38.6,13.969464191767514,4.7,6.5,119,31.8,33.47259517227152,82.1,30,F,0
35.4,12.2,4.14,1.3,49,29.5,34.5,79.27502808915236,44,F,1
31.6,10.5,4.734043376792145,8.2,201,28.2300392867936,35.6,94.0,70,M,1
42.7,17.0,5.8,2.3,105,29.3,34.0,86.2,25,M,0
26.8,11.0,3.58,6.8,328,24.9,33.2,74.9,54,F,1
39.97845368600283,13.6,4.28,4.4,169,27.06170444006661,33.4,84.61133272892113,40,F,1
44.4,14.4,5.2422981362844405,5.2,194,29.9,32.4,92.3,47,F,1
40.429396115632905,12.9,4.82,3.3,258,26.8,32.3,83.0,32,M,0
41.4,14.4,7.04,5.672667631665572,247,30.5,34.8,87.7,35,M,1
31.96478153926705,13.7,4.53,8.715533393774555,225,30.2,33.0,98.2,45,F,0
37.1,12.749350256875191,4.26,20.0,341,29.1,30.558897640323142,87.1,32,F,0
23.9,7.4,5.904004748271051,4.2,403,28.083567251668846,33.337165936636275,84.61133272892113,3,M,0
23.2,8.1,2.549036570504823,5.3,125,24.1,32.4,80.6,72,M,1
