age,sex,bmi,children,smoker,region,charges
48,female,40.185,2,yes,southeast,4320.41085
23,female,32.78,2,no,southeast,36021.0112
33,male,35.86,1,no,southeast,46599.1084
57,male,26.6,0,no,southwest,3260.199
39,female,19.095,2,yes,southeast,31595.96826019752
61,male,31.181694877635103,0,yes,northwest,28868.6639
21,male,38.19,1,no,northwest,14410.9321
34,female,35.815,0,no,northwest,10043.249
31,female,27.5,0,no,southwest,12638.195
37,male,30.66339686098655,3,no,southeast,13270.422265141257
30,female,43.12,2,no,southeast,4753.6368
18,male,33.88,0,no,southeast,9704.66805
40,female,38.41769841373869,1,no,southeast,13270.422265141257
19,female,25.175,0,no,northwest,-6617.194412884825
60,male,26.885,1,no,northeast,3201.24515
23,female,30.5,0,no,southwest,7626.993
35,male,17.86,1,no,northwest,5116.5004
40,male,30.66339686098655,0,yes,southeast,29071.727322424034
59,female,36.52,0,no,northeast,28287.89766
28,male,33.0,2,yes,southeast,4349.462
51,male,26.4,3,no,southeast,35622.499418835105
41,male,33.55,0,no,southeast,5699.8375
36,male,25.9,1,no,southwest,5472.449
47,female,35.64,1,yes,northwest,7345.7266
56,male,33.550424774315545,3,no,southwest,12363.547
39,male,18.736461015953317,0,no,northwest,10594.50155
