haematocrit,haemoglobins,erythrocyte,leucocyte,thrombocyte,mch,mchc,mcv,age,sex,source
30.3,10.1,4.544802055001511,6.8,187,23.5,33.3,84.61133272892113,41,M,1
24.7,8.2,2.72,7.392434639142927,45,30.1,31.9,90.8,91,F,0
50.3,12.749350256875191,5.81,5.3,270,28.2300392867936,33.2,86.6,30,M,0
45.998314735790494,12.8,4.4,4.5,609,29.1,34.2,84.61133272892113,30,F,0
48.4,16.0,3.79,8.715533393774555,60,28.2,32.4,75.5,58,F,0
33.6,11.1,4.32,8.715533393774555,258,30.479957630996804,33.0,77.8,33,F,0
37.5,12.3,3.92,11.470705999703092,222,31.4,32.80731353898821,81.37819293625428,56,F,0
40.1,14.0,3.5185467190711983,4.5,2,26.6,34.9,85.3,43,M,1
46.329207382542094,14.6,4.78,5.0,282,19.5,34.5,72.10181938945033,27,M,0
41.8,12.858508370212945,1.93,9.8,258,31.2,30.49731362302374,97.4,62,F,0
49.7,10.4,3.31,8.9,315,31.4,33.5,93.7,72,F,0
35.94969003705726,11.0,5.67,8.2,334,28.2300392867936,32.9,88.1,61,F,1
42.0,14.1,3.38,5.6,263,29.1,33.6,86.61360144872337,71,M,0
34.6,10.704461119536154,3.82,1.8,668,31.50273786241869,33.5,94.3,34,M,1
29.3,11.7,4.254563147071275,3.4,264,30.1,33.8,92.3,58,M,1
38.22611060743427,16.205327029238482,5.47,8.016979436483865,-31,27.4,32.5,84.3,53,M,1
32.8,12.749350256875191,3.96,12.7,151,29.0,34.25099471710671,82.8,8,F,0
45.5,8.7,5.55,8.2,210,24.01122277520197,33.2,82.0,31,M,1
35.4,10.1,5.6,10.5,145,29.4,34.7,84.7,43,F,0
18.8,12.5,4.99,22.2,228,27.3,32.5,71.00661746905232,46,M,0
38.5,13.3,4.544802055001511,4.9,223,30.9,28.0,75.6,56,F,1
40.1,12.8,3.261767644613392,5.2,187,23.88439357851973,33.2,85.3,51,F,0
38.5,13.6,4.64141671039341,9.2,319,26.9,33.33647627682079,83.0,39,F,1
17.934044025568333,6.5,2.09,24.6,128,31.1,31.8999174145444,90.6,6,F,1
44.9,14.4,5.64,9.9,338,25.5,32.1,79.6,21,M,0
38.22611060743427,11.763287840195737,3.3,13.041659861839642,207,27.3,33.33647627682079,83.3,46,M,1
