age,sex,bmi,children,smoker,region,charges
27,female,30.66339686098655,3,no,northwest,18804.7524
18,male,31.73,2,yes,northeast,27526.885157674766
16,male,46.2,2,no,northeast,4779.6023
39,female,18.783524120940818,2,no,northeast,30184.9367
43,male,30.115,3,no,northwest,8410.04685
39,male,38.38,2,no,northeast,11396.9002
26,female,29.92,2,no,southeast,41919.097
19,male,36.86,1,no,southwest,9562.038773572127
59,female,26.695,0,yes,northwest,14382.70905
36,male,28.88,0,no,northeast,6748.5912
55,male,32.67,1,yes,southeast,10807.4863
52,female,44.7,0,no,southeast,11411.685
57,male,34.295,1,yes,southwest,13270.422265141257
55,male,30.66339686098655,0,no,southeast,4753.6368
43,male,24.51,1,no,southeast,2396.0959
19,female,20.425,0,no,southeast,1625.43375
28,male,33.4,0,no,southeast,3172.018
48,male,35.6,0,yes,northeast,1515.3449
41,female,28.31,1,no,northwest,-13551.229056886772
32,female,17.765,2,yes,northwest,32734.1863
42,female,21.96236178290124,3,no,southwest,13270.422265141257
49,male,23.21,0,no,southeast,35585.576
48,male,32.3,1,no,northeast,3981.9768
24,female,36.68596704477548,-1,no,southeast,44423.803
43,female,32.56,3,yes,southeast,40941.2854
19,female,36.97145631250574,2,no,southwest,17331.567616700526
