age,sex,bmi,children,smoker,region,charges
39,female,37.43,2,no,northwest,10959.6947
21,male,17.955,1,no,southwest,16188.077277906783
42,female,32.8,0,no,southwest,9880.068
34,male,27.85111906319786,1,yes,northeast,-16077.842848614677
38,female,38.28,0,no,northwest,13270.422265141257
27,female,33.82,0,no,northeast,21900.485707415268
43,female,27.8,0,yes,southwest,37829.7242
44,male,26.923215012181306,0,no,southeast,8116.26885
61,male,27.056876010424126,5,no,southeast,13616.3586
48,male,27.36,0,yes,northeast,24393.6224
39,male,36.67533102529808,2,no,southeast,6338.0756
52,male,32.205,3,no,northwest,7161.245193140604
27,female,22.3,2,no,southeast,15006.57945
29,male,30.66339686098655,1,no,southwest,13270.422265141257
26,male,20.8,0,no,southwest,2302.3
51,female,39.5,2,no,southeast,14358.36437
29,male,29.64,1,no,northeast,20277.80751
54,male,28.31,1,no,northeast,11272.33139
45,male,30.2,1,no,southeast,7441.053
39,female,26.7,0,yes,southwest,22478.6
49,male,30.66339686098655,1,yes,southwest,21472.4788
50,male,32.11,1,yes,northeast,25333.33284
36,female,26.885,0,no,northwest,5267.81815
20,female,26.51,2,no,southeast,4340.4409
18,female,21.01,2,no,southeast,11013.7119
24,male,38.0,0,no,southeast,39597.4072
