age,sex,bmi,children,smoker,region,charges
32,male,28.88,0,no,southwest,-4837.956002843757
51,female,13.53542215172024,3,no,southeast,5325.651
54,male,29.2,5,yes,southwest,10436.096
52,male,30.78,1,no,southeast,10797.3362
40,male,46.569515060941825,2,no,southeast,10325.206
63,female,35.53,2,yes,southwest,6653.7886
56,female,36.67,1,no,northeast,38511.6283
52,female,32.775,3,no,northwest,11289.10925
29,male,35.5,2,yes,southwest,13214.667879616172
45,female,20.6,0,yes,northwest,13405.3903
63,male,35.2,1,no,southeast,14474.675
45,male,30.66339686098655,5,no,southwest,8615.3
25,male,27.55,0,yes,northwest,2523.1695
29,male,36.00948606848717,0,no,northeast,3943.5954
21,male,34.77,1,no,southeast,8413.46305
39,female,30.02,1,yes,southwest,5272.1758
49,female,30.495,1,no,southwest,13270.422265141257
47,female,46.2,2,no,southeast,-12018.330056110983
60,male,24.32,0,no,northwest,12523.6048
44,female,37.833659317611215,2,no,southwest,7419.4779
39,male,33.44,1,no,northeast,47305.305
24,male,24.605,2,yes,northeast,13270.422265141257
19,male,37.43,0,no,northwest,2138.0707
58,female,49.06,0,no,northeast,12235.8392
46,male,30.66339686098655,1,no,southeast,24396.838621077946
18,female,28.215,0,no,northeast,2200.83085
