age,sex,bmi,children,smoker,region,charges
37,female,39.82,-2,no,southeast,11090.7178
34,female,45.57290734226871,5,no,southeast,23514.67215793806
24,male,19.304103608442247,0,no,northeast,17736.288375491982
46,male,40.375,4,no,southeast,9304.7019
54,male,44.745,1,yes,southwest,13144.17526705929
19,female,27.265,1,no,southeast,22493.65964
26,male,30.66339686098655,1,no,southeast,12363.547
37,male,30.01339442747277,3,no,northeast,9500.57305
38,female,30.66339686098655,2,no,northwest,14426.07385
35,male,25.84,1,no,southwest,3309.7926
44,male,36.48,-1,no,northeast,12797.20962
41,male,26.18769774980784,2,no,southeast,7265.7025
39,male,16.155462696784312,0,no,northwest,28923.13692
49,male,28.31,-1,no,northeast,13270.422265141257
55,female,17.67,0,no,northeast,13270.422265141257
40,male,19.8,1,yes,southeast,17179.522
37,male,34.2,1,no,northeast,43470.44350455681
38,male,27.645,2,no,southeast,9630.397
39,male,35.815,2,no,northwest,-2550.8560617784915
54,male,39.16,1,no,southeast,14418.2804
58,female,31.26553241043086,0,yes,northwest,12430.95335
57,male,27.075,1,no,northeast,13224.05705
53,male,28.0,0,no,northeast,13270.422265141257
49,female,23.18,2,no,southwest,10156.7832
23,male,30.66339686098655,2,no,southeast,40932.4295
45,male,32.3,0,no,northwest,28340.18885
57,male,30.66339686098655,0,yes,southeast,1607.5101
39,male,36.67,1,yes,northeast,39774.2763
29,male,23.75,1,yes,northeast,23568.272
39,male,21.47,0,no,southeast,-6558.238652299098
37,female,29.92,1,no,southwest,7083.299917473974
39,male,19.57,-1,no,northwest,8428.0693
19,female,21.755,0,no,northwest,1627.28245
38,female,30.21,3,no,southeast,18437.226902939332
19,female,21.505214423318463,1,yes,northeast,9282.4806
39,female,31.92,0,no,northwest,13270.422265141257
63,male,26.312868498143672,0,no,northeast,19107.7796
29,female,27.94,1,no,southeast,42303.69215
39,male,29.04,4,no,southeast,7243.8136
37,male,46.53,1,no,northwest,2438.0552
49,female,25.745,1,no,northwest,2710.82855
36,male,30.875,1,no,northwest,5747.519879482284
63,female,24.236173617392563,0,no,northwest,1146.7966
61,female,25.08,0,no,southeast,24513.09126
44,male,22.135,2,no,northeast,13270.422265141257
34,female,26.73,3,no,southeast,5002.7827
22,male,25.4381415858491,3,no,southwest,-1294.1963468065314
46,male,27.36,0,no,northeast,2104.1134
51,male,30.66339686098655,1,no,southeast,7518.02535
49,male,23.54,2,no,southeast,8733.22925
19,male,21.945,0,yes,southeast,16297.846
37,male,29.83,2,no,northeast,6406.4107
