age,sex,bmi,children,smoker,region,charges
39,female,30.66339686098655,0,no,northwest,18810.536446431684
26,male,23.32,1,no,southwest,1711.0268
71,female,28.31,0,no,northeast,11657.7189
18,male,24.605,2,yes,northeast,12829.4551
61,male,35.86,0,yes,southeast,52096.30953414023
41,female,26.470097880984426,1,yes,northwest,7265.7025
27,female,24.1,1,no,southwest,6181.143531183202
55,male,37.715,3,no,southeast,30063.58055
24,male,30.66339686098655,0,no,southeast,1880.07
61,male,40.185,0,no,southeast,2217.46915
40,male,49.06,0,no,southeast,13270.422265141257
18,male,36.08,1,yes,southeast,-1023.0505778969327
59,male,23.94,1,no,northeast,6858.4796
39,male,23.87,5,no,southeast,8582.3023
34,male,35.815,0,no,northwest,4320.41085
48,male,36.67,1,no,northwest,28468.91901
62,male,28.7,0,no,southeast,12979.358
30,female,39.69267434707602,4,no,northeast,4753.6368
27,male,44.5449377662276,2,yes,northwest,7445.918
54,male,17.29,2,no,northeast,21259.37795
39,male,27.265,4,yes,southwest,1639.5631
60,female,28.7,2,no,southeast,13224.693
34,male,26.41,1,no,northeast,5385.3379
41,female,31.60574646696519,2,no,southeast,13270.422265141257
19,female,30.59,0,yes,northwest,6555.07035
18,male,29.64,3,no,southwest,27941.28758
