age,sex,bmi,children,smoker,region,charges
32,female,28.04896373891061,1,yes,northwest,39725.51805
24,female,25.3,1,no,southwest,2457.502
39,male,33.909359651880365,1,no,northwest,13351.38959910808
39,female,36.52,1,no,southeast,4424.271494604698
43,male,27.633300121784547,4,no,southwest,2196.4732
39,male,30.66339686098655,0,yes,southwest,5266.3656
33,male,22.6,2,no,southeast,3128.4737145005565
43,male,19.955355615046347,1,yes,northwest,19798.05455
19,female,25.745,1,no,northwest,2710.82855
22,female,36.0,0,no,northwest,2166.732
48,female,39.05,3,no,southeast,11015.1747
45,male,30.495,0,no,southwest,14256.1928
25,male,25.74,0,no,northwest,2137.6536
45,male,21.375,0,no,southeast,21797.0004
64,male,40.48,0,yes,southeast,13831.1152
52,male,44.7,1,no,southwest,11411.685
27,female,21.47,0,yes,southeast,13270.422265141257
24,female,30.66339686098655,0,no,northeast,3046.062
47,female,27.075,1,no,northeast,12920.620200115589
64,male,37.905,0,yes,northwest,14210.53595
46,female,27.74,1,yes,northwest,8026.6666
35,female,38.872083931187625,2,yes,northeast,5836.5204
-4,female,30.66339686098655,2,no,northwest,13270.422265141257
29,male,41.8503293146501,2,no,northeast,16115.3045
60,male,33.11,3,no,southeast,13919.8229
32,male,32.56,3,no,southeast,1824.2854
29,female,40.15,0,no,southeast,32535.808911330034
61,female,30.66339686098655,0,no,southeast,13415.0381
30,female,27.93,0,no,northeast,3699.724927414794
54,male,34.21,2,no,southeast,3353.284
38,female,40.15,0,no,northeast,-4792.702492018356
36,male,35.2,0,no,southeast,16488.54538406227
58,male,31.86306981395724,0,no,northwest,10601.63225
71,male,20.4,2,yes,northwest,61255.13072879938
18,male,20.13,1,yes,southeast,11455.28
39,male,30.66339686098655,2,yes,southeast,5415.6612
63,female,31.6,0,no,northwest,8413.46305
38,female,37.05,1,no,southeast,6079.6715
39,male,23.18,2,no,northwest,10156.7832
57,female,26.505,0,no,southwest,18767.7377
15,male,31.57,0,no,southeast,4837.5823
50,male,18.335,1,no,southwest,8569.8618
41,male,26.22,0,no,northeast,6186.127
58,male,43.89,2,no,southeast,46200.9851
39,male,18.19771819639706,3,no,northwest,13270.422265141257
31,female,38.095,1,no,northeast,58571.07448
31,female,31.065,1,no,southeast,4347.02335
41,male,33.55,0,no,southeast,4866.940644292599
46,male,30.1,1,no,northeast,13270.422265141257
32,male,21.60125948576198,0,no,southwest,21232.18226
39,female,43.68557068769405,4,no,northwest,11033.6617
48,female,30.4,1,no,southeast,13270.422265141257
