age,sex,bmi,children,smoker,region,charges
51,male,30.66339686098655,1,no,southeast,5709.1644
57,male,20.1,1,no,northeast,12032.326
52,male,21.4,0,no,southeast,38344.566
18,male,24.232875258362032,1,yes,northeast,25800.060531187995
18,male,29.37,0,no,southeast,1719.4363
22,female,33.8,1,no,northeast,47928.03
56,male,32.11,1,yes,southwest,43976.96927427527
37,male,35.435,1,yes,southwest,23287.404680802792
64,female,32.43589529649996,1,no,southeast,16069.08475
37,male,30.66339686098655,0,yes,southeast,13270.422265141257
21,female,38.285,1,no,northeast,2897.3235
62,female,36.195,0,no,northwest,13451.122
43,male,32.945571091982856,4,yes,northeast,39597.4072
39,female,48.07,1,yes,northwest,23887.6627
22,female,17.385,0,no,southwest,2154.361
79,male,30.66339686098655,3,no,southwest,15170.069
22,female,24.3,3,no,southeast,2150.469
57,female,23.98,1,no,southeast,22192.43711
26,female,30.687753429767344,4,yes,northeast,3490.5491
63,female,25.41,0,yes,southeast,724.9185597948363
32,male,27.74,3,yes,southeast,20984.0936
39,male,36.3,0,yes,southeast,13270.422265141257
63,male,28.31,0,no,northwest,21817.099071093136
30,male,33.33,5,no,southeast,35147.52848
34,male,27.094158966083125,1,no,southeast,10450.552
45,male,22.895,0,yes,northeast,6653.7886
47,female,38.94,1,yes,southeast,44202.6536
54,female,24.13,1,no,northeast,3366.6697
26,male,28.04712423040679,1,no,southwest,-4339.484945646275
25,male,30.66339686098655,3,no,southeast,15160.755976136958
57,male,40.37,1,no,southeast,13104.30648936874
33,male,30.66339686098655,5,yes,southeast,35069.37452
47,male,34.43,4,no,southeast,-2044.4294116867109
38,female,40.15,1,no,southeast,5400.9805
25,male,20.8,1,no,southwest,3208.787
53,male,26.610932118281433,1,no,southeast,13270.422265141257
34,male,26.49307705748942,4,no,northeast,37701.8768
59,female,32.395,3,no,northeast,14590.63205
0,female,22.22,0,no,northeast,27117.99378
52,male,24.86,0,no,southeast,2207.69745
39,female,36.85,0,no,northeast,13270.422265141257
28,male,31.68,0,no,southeast,34672.1472
43,male,30.495800857145095,4,no,southeast,11015.1747
39,male,35.97,3,yes,southeast,42124.5153
28,male,25.935,1,no,northwest,13270.422265141257
32,female,30.8,3,no,southwest,5253.524
19,male,20.3,0,yes,southwest,1242.26
39,female,31.13,0,no,northeast,8280.6227
45,female,34.39660786942343,1,no,northeast,2020.177
53,male,19.95,3,no,northeast,4433.3877
39,female,33.155,1,yes,southeast,19444.2658
22,male,28.12,3,no,southeast,7254.532009413063
