age,sex,bmi,children,smoker,region,charges
40,male,29.26,3,no,southwest,48517.56315
46,female,33.44,0,no,southeast,7139.418579667003
54,female,32.68,0,no,northeast,10923.9332
50,male,47.39227270298447,0,no,southeast,3943.5954
44,female,34.32,1,no,southeast,7147.4728
41,male,27.61,4,no,southeast,26689.191667881078
19,male,28.69,0,yes,northeast,4438.2634
18,male,28.31,1,no,northeast,11272.33139
36,male,33.4,0,no,southwest,38415.474
18,female,30.305,0,no,northeast,2203.73595
28,male,26.34717611754445,1,no,northwest,1627.28245
19,female,30.66339686098655,2,no,southwest,3484.331
29,male,21.755,0,no,northwest,2719.27975
58,female,29.0,0,yes,southwest,11842.442
55,female,28.85980009965135,0,yes,northwest,11082.5772
35,female,23.465,2,no,southwest,6402.29135
47,female,40.81,1,yes,southeast,17585.641361278707
47,female,26.125,1,yes,southeast,19442.3535
39,male,25.175,2,no,southeast,13270.422265141257
46,male,34.6,1,yes,northeast,41661.602
39,male,31.73,1,no,northeast,13270.422265141257
32,female,30.66339686098655,0,no,southeast,3994.1778
19,female,24.7,0,no,southwest,1737.376
28,male,34.1,1,no,northeast,23288.9284
41,male,34.21,1,no,southeast,6289.7549
59,male,28.190103562184223,2,no,northwest,19400.635753716782
