haematocrit,haemoglobins,erythrocyte,leucocyte,thrombocyte,mch,mchc,mcv,age,sex,source
36.3,12.2661978609524,4.25,5.8,475,27.8,33.6,79.0,19,F,0
26.8,8.9,5.127825697228346,6.8,258,22.22621059171316,33.2,86.1,54,M,1
30.8,9.8,3.3,6.4,266,29.7,31.8,93.3,70,M,0
15.3,8.7,3.26,17.2,244,26.7,33.9,82.05160252080219,46,F,0
38.22611060743427,16.8,5.45,6.8,213,30.8,35.4,87.0,54,M,0
42.986317991941895,15.2,5.04,2.7,105,30.2,34.9,86.5,35,M,1
41.8,13.627862077469917,4.31,8.8,182,28.2300392867936,33.7,65.6,69,M,0
34.4,11.9,4.544802055001511,7.4,250,28.8,34.6,83.3,41,F,0
44.7,12.7,4.544802055001511,8.122717198728633,258,27.1,33.1,82.1,2,M,1
39.9,12.749350256875191,4.6244724238975605,8.1,294,27.8,31.6,88.1,34,F,0
34.14360476425898,6.2,4.08,6.2,397,33.3,33.9,85.98068323183604,74,M,1
36.2,11.8,4.28,9.816396092361739,344,28.2300392867936,32.6,84.6,34,F,0
38.22611060743427,15.7,4.73,2.234724264645628,252,24.627891269580417,33.208234850897874,74.9,67,M,1
48.4,13.590840757195028,5.08,17.3,160,32.4,31.1,57.82565881641825,6,F,0
38.6,13.4,4.53,4.3,60,29.6,35.67126922971854,85.2,44,F,1
43.44513053732255,15.0,5.22,8.86067013666821,241,28.057459325957275,35.35814150033984,82.8,30,M,1
41.4,12.749350256875191,4.83,6.6,68,30.0,33.538492792701255,85.7,46,M,1
37.3,17.0,2.09,9.3,225,30.9,33.33647627682079,87.8,54,M,1
19.013774777534874,8.1,2.75,11.0,143,22.8,37.2,98.2,72,M,1
42.2,14.3,5.029805849312722,6.2,245,36.6,31.1,73.80928103281639,23,M,0
37.0,12.6,4.3,3.8,34,27.210925497270576,34.1,84.61133272892113,60,M,1
34.8,11.8,3.4,13.8,178,34.4,33.33647627682079,84.61133272892113,58,F,0
43.7,14.8,5.13,4.4,258,28.8,33.9,85.2,54,M,0
27.4,8.300229707216696,3.08,8.715533393774555,73,29.9,33.6,89.0,23,M,1
45.2,12.7,5.26,8.715533393774555,343,29.8,34.7,85.9,32,M,0
35.9,11.7,2.67464095485785,8.5,303,28.4,32.6,87.1,58,M,0
