age,sex,bmi,children,smoker,region,charges
62,male,34.485,0,no,southeast,12979.358
37,male,23.56,2,no,northeast,8603.8234
30,male,26.18,0,no,southeast,32155.005255486085
23,female,36.01030511461759,2,no,southeast,36021.0112
18,male,35.53,2,no,southeast,13270.422265141257
29,male,35.5,2,no,southeast,13844.7972
39,female,41.325,1,no,northeast,7650.77375
37,female,26.4,0,yes,southeast,19539.243
32,male,35.3,3,no,southwest,1720.3537
55,female,42.13,0,no,southeast,39611.7577
45,male,36.19,1,no,southeast,13270.422265141257
47,female,19.19,1,no,northwest,19652.609957754263
42,female,33.155,0,yes,northeast,13176.18792175256
51,male,32.11,2,no,northwest,4433.9159
26,female,35.31616748441577,0,no,northeast,17361.7661
70,male,38.38,0,no,northwest,12950.0712
37,male,30.66339686098655,1,yes,northwest,6203.90175
53,male,32.775,2,no,northwest,12268.63225
49,male,19.3,1,no,southeast,9290.1395
57,male,39.71,4,yes,northeast,19496.71917
62,female,32.68,0,no,southeast,44585.45587
39,male,23.9,1,no,southwest,5080.096
51,male,24.415,0,no,northwest,11520.09985
54,female,31.747382733553085,0,no,southeast,3955.2642114830714
21,male,19.809334561676753,2,no,southeast,1515.3449
45,male,30.66339686098655,2,no,northwest,8413.46305
