age,sex,bmi,children,smoker,region,charges
39,male,34.92884990195447,2,no,southeast,27658.191306784596
41,male,32.3,0,no,southeast,1708.92575
21,male,31.02,0,no,southeast,13270.422265141257
39,male,33.0312784653635,3,no,southeast,10560.4917
58,male,33.06,1,no,northwest,7749.1564
14,male,29.37,0,no,northeast,2134.9015
27,female,32.585,3,no,northeast,4562.8421
57,female,39.07673003262563,2,no,southeast,23770.05818656512
33,male,30.66339686098655,1,no,southeast,5966.8874
37,female,41.325,1,no,southeast,-5012.938505463032
18,male,28.405,0,no,southeast,13270.422265141257
23,male,32.7,3,yes,northeast,3591.48
27,male,24.1,1,no,southwest,13270.422265141257
38,male,36.87624834374864,1,no,southeast,4638.49106981907
52,male,23.21,0,no,southeast,1515.3449
60,male,28.595,1,yes,northwest,30259.99556
19,male,25.555,1,no,northeast,30630.123865644604
60,male,29.64,0,no,northeast,12730.9996
32,male,30.66339686098655,2,no,southeast,-3108.8219210037823
18,male,28.595,3,no,northwest,12231.6136
46,female,30.66339686098655,2,no,northwest,7526.70645
38,male,30.25,1,no,northwest,5855.9025
45,male,46.7,-1,no,southwest,4374.993491374889
54,male,36.385,1,yes,northeast,5425.02335
24,male,39.6,0,no,southeast,3704.3545
18,female,31.68,2,yes,southeast,34303.1672
43,female,36.005,0,no,southeast,13228.84695
47,male,27.9164722808689,1,no,northwest,8428.0693
46,female,24.01257961256233,1,no,southwest,8823.279
26,male,29.92,2,no,southeast,3981.9768
51,female,14.359876953060276,1,no,southeast,7626.993
21,male,30.66339686098655,1,no,southeast,1875.344
39,male,33.517355375193276,1,no,northeast,43254.41795
54,female,35.815,3,no,southeast,12495.29085
57,female,35.815,0,no,southwest,7731.85785
21,female,30.66339686098655,-1,no,southwest,2020.177
39,male,29.1,0,no,northwest,15448.46402198963
54,male,33.7,1,no,northeast,12096.6512
44,male,22.135,1,no,southwest,8302.53565
19,male,19.95,0,yes,southeast,32548.3405
47,female,26.125,4,yes,northwest,23401.30575
42,female,40.37,2,yes,southeast,13270.422265141257
45,male,26.125,2,no,southwest,13270.422265141257
56,female,25.9,0,no,southeast,27902.1664956567
26,male,35.42,0,no,southeast,2322.6218
39,male,29.59,2,no,northwest,4846.92015
20,female,29.6,0,no,northeast,38511.6283
47,male,24.1,1,no,southwest,26236.57997
-3,female,27.9,0,yes,southwest,16884.924
44,male,27.416736850850867,1,no,southeast,8219.2039
39,male,36.4,1,yes,southeast,22535.08630725304
26,female,33.94677577548953,0,yes,northwest,3201.24515
