age,sex,bmi,children,smoker,region,charges
58,female,23.655,3,no,northwest,18765.87545
28,female,30.66339686098655,2,no,northwest,13429.0354
54,female,29.15,1,yes,northeast,18246.4955
39,male,33.11,3,no,southeast,13270.422265141257
17,male,27.55,0,no,southeast,1242.26
50,female,27.4,0,no,northwest,13270.422265141257
31,female,30.66339686098655,1,no,southeast,3756.6216
34,male,34.3,3,no,southeast,9620.3307
62,female,23.54,2,no,southwest,5649.715
46,female,37.62,2,no,northeast,1704.5681
61,female,25.175,3,yes,southeast,13029.19417766926
63,female,29.92,2,no,southeast,16034.040019231627
39,male,20.493997758888224,0,yes,northwest,19515.5416
30,male,32.468322155995516,0,no,southeast,11938.25595
34,male,42.13,2,yes,southeast,5124.1887
19,female,16.387143292380106,0,no,southeast,13844.506
60,male,28.9,1,no,southwest,12146.971
57,male,28.1,2,no,southeast,39384.73102176991
33,female,26.885,0,no,northwest,5267.81815
53,male,28.88,0,no,northeast,13270.422265141257
35,female,38.095,2,no,northeast,24915.04626
59,male,27.5,1,no,southeast,23716.33606985236
55,male,30.66339686098655,4,yes,southwest,2020.177
39,male,33.82,2,no,southwest,10107.2206
47,male,29.83,2,no,northwest,9563.029
39,female,30.02,0,no,northwest,7951.281814476374
39,male,29.4069338458877,0,no,southeast,2566.4707
48,male,32.56,1,no,northeast,22059.538136439616
60,male,38.06,0,no,southeast,12648.7034
61,female,30.66339686098655,2,no,southwest,54244.236802547755
39,female,23.87,5,no,southeast,8582.3023
18,female,39.16,0,no,southeast,1633.0444
23,female,30.305,1,no,southeast,8280.6227
56,female,28.595,0,yes,southeast,4566.785380977417
18,male,33.535,1,no,southwest,34617.84065
51,female,39.52,2,no,southwest,21688.61513804587
19,male,36.575,0,no,northwest,2136.88225
19,male,37.43,0,no,northwest,2138.0707
22,male,32.700898451978134,2,no,southeast,37484.4493
46,female,40.960055340078995,0,yes,northwest,7526.70645
47,male,47.71404614774919,1,yes,northeast,3857.75925
56,male,17.385,4,no,southeast,13270.422265141257
18,male,23.362951598080066,2,no,southeast,1141.4451
8,male,23.8,2,no,northwest,24059.68019
39,male,38.48471304389296,0,no,southwest,10797.3362
29,male,37.29,2,no,southeast,4058.1161
25,female,30.66339686098655,1,no,northwest,13270.422265141257
51,male,31.635,0,no,northwest,9174.13565
34,male,26.41,0,no,northwest,9821.292023857079
54,female,22.99,1,no,southeast,3766.8838
35,female,32.28873944681532,0,no,southeast,5836.5204
34,female,33.25,1,no,northeast,37742.5757
