age,sex,bmi,children,smoker,region,charges
39,male,28.93,1,no,southwest,3490.5491
56,female,30.66339686098655,0,no,southwest,10577.087
35,male,27.6,1,no,southeast,3471.4096
39,male,27.5,2,no,southwest,7903.760259282627
59,female,32.1,1,no,southwest,14007.222
71,female,30.66339686098655,0,yes,southwest,48824.45
53,female,41.35166603303616,2,yes,southeast,11020.917254139678
27,male,30.5,0,no,southwest,2494.022
35,female,26.4,0,no,northeast,7830.454140798782
37,female,25.52,1,yes,southeast,6112.35295
61,male,36.1,3,yes,southwest,27941.28758
54,male,23.0,1,no,northwest,8582.3023
18,female,40.26,0,no,southeast,1634.5734
45,male,29.71066279995562,0,no,southeast,14641.962062232566
19,male,34.045676034584375,0,yes,northwest,24520.264
35,male,23.40326015350708,0,no,southeast,5125.2157
35,female,15.268970553132146,3,no,northwest,-16328.25246500643
30,male,27.7,0,no,southwest,1704.70015
19,male,28.6,5,no,southwest,13270.422265141257
44,male,32.34,3,no,southeast,7633.7206
54,female,39.6,1,no,southwest,10450.552
58,male,22.77,0,no,southeast,11833.7823
19,female,30.66339686098655,1,yes,northwest,2719.27975
61,female,37.62,1,no,northwest,-12438.968793428403
49,female,40.483821598070385,1,no,southeast,2725.6560493019924
49,male,31.065,0,yes,northeast,34254.05335
47,female,20.37879071247206,0,no,southeast,13270.422265141257
56,female,35.8,1,no,southwest,11674.13
24,female,29.37,1,no,southeast,8547.6913
39,female,39.9,1,no,northeast,2464.6188
59,male,37.905,0,no,northeast,20167.33603
55,female,31.6,0,no,southwest,9850.432
54,male,30.36290722213031,1,no,southwest,10923.9332
27,female,38.095,2,no,southeast,13270.422265141257
41,female,27.6,1,yes,southeast,38709.176
81,male,25.4,0,no,northwest,10050.69487482222
33,female,42.75,1,yes,northeast,13270.422265141257
33,male,38.94,1,no,southwest,1832.094
39,male,37.18,3,no,southwest,1242.26
21,male,34.32,0,no,southeast,1628.4709
43,female,34.105,5,no,southeast,13270.422265141257
39,female,23.87,5,no,southeast,12094.478
41,male,28.8,1,no,southwest,6282.235
28,male,27.835,2,no,southeast,4435.0942
23,male,30.66339686098655,1,no,southeast,13272.43917188489
43,female,23.6,1,no,southwest,8539.671
11,female,30.66339686098655,0,no,northeast,6331.880818078399
27,male,32.67,-2,no,northeast,2497.0383
38,male,31.095846879091916,4,no,southwest,1917.3184
39,male,42.9,3,no,southwest,5400.9805
35,male,32.25791898220548,1,no,southwest,4762.329
