haematocrit,haemoglobins,erythrocyte,leucocyte,thrombocyte,mch,mchc,mcv,age,sex,source
29.7,9.4,3.4599495321521347,7.0,220,22.8,29.0,73.4,75,F,0
38.8,13.1,4.1,6.4,226,32.0,33.8,94.25015702319322,16,M,1
44.2,15.0,3.82957039767754,7.6,453,29.7,34.8,59.7,28,F,1
42.6,12.749350256875191,5.44,5.3,258,26.5,33.8,78.3,11,M,0
50.5,13.1,4.51,6.3,325,29.0,35.05612719102989,87.42985850123712,13,M,0
34.6,14.104029908344812,7.35,15.5,286,26.9,33.4,80.8,4,M,0
41.5,13.5,5.42,11.656616235515038,338,24.9,32.5,76.6,22,F,0
34.5,15.2,5.43,4.3,30,28.0,33.33647627682079,81.4,48,M,0
50.0,9.7,4.544802055001511,12.1,128,28.0,33.7,84.61133272892113,41,M,0
35.4,10.710627838464273,4.114629469013708,8.715533393774555,289,23.73933214249181,33.9,90.1,114,M,0
38.22611060743427,14.8,4.53,7.1,357,30.0,33.7,89.2,37,F,0
50.7,15.217925631904253,5.445660787601926,8.1,330,19.0,32.9,90.4,16,M,1
35.175031119383426,10.2,4.69,4.5,185,31.969924692391196,33.3,84.8,11,M,0
34.0,11.3,4.06,10.3,258,27.8,33.67452864507738,84.61133272892113,52,F,1
38.22611060743427,12.749350256875191,5.22,3.6,254,29.3,32.77658758949858,86.6,37,M,0
30.4,10.6,3.72,12.084011211883318,226,28.2300392867936,28.1,81.7,31,F,0
41.7,14.1,4.79,30.8,235,30.0,33.8,87.1,65,M,1
26.3,8.6,2.89,10.15895666915751,285,29.8,32.7,91.0,91,F,1
26.1,6.9,4.37,13.732491041551548,162,33.62508121497229,25.60940575039453,85.4,30,M,1
27.06396466687088,15.3,4.544802055001511,7.3,500,28.2300392867936,33.2,87.6,34,F,1
44.0,13.6,5.68,7.6,110,26.1,33.6,77.5,2,F,1
40.8,13.6,4.54,7.9,495,29.4,33.3,89.9,46,F,0
40.0,13.7,4.03,3.5,33,28.54657128765308,34.3,91.7415308033,49,F,0
32.38297017871933,10.9,4.27,6.4,142,25.5,32.7,85.25709610962451,8,M,1
34.00315899746489,12.6,4.83,8.715533393774555,275,29.0,33.33647627682079,84.1,30,M,0
40.6,14.060806925229524,4.88,7.1,336,18.5,33.3,83.2,46,F,1
