age,sex,bmi,children,smoker,region,charges
25,male,30.66339686098655,0,no,northeast,2727.3951
24,male,27.6,0,yes,southwest,18955.22017
61,female,25.08,1,no,southeast,32962.06879450973
43,female,26.7,2,no,northwest,7445.18947250179
64,female,38.42139037738404,2,no,northeast,8891.1395
24,male,30.66339686098655,1,no,northeast,5784.667124754853
31,female,30.66339686098655,0,no,northwest,9500.57305
40,female,28.9,1,no,southwest,28476.73499
42,male,31.635,2,yes,southeast,15475.78166813556
25,female,45.54,2,yes,southeast,34430.06170235072
35,female,30.4,0,yes,northeast,1256.299
47,male,19.19,1,no,southeast,-4751.926581624648
19,male,36.955,0,yes,southwest,36219.40545
34,male,25.31398863496748,1,no,southwest,12730.9996
45,male,25.46,-1,no,northeast,12913.9924
43,male,29.64,3,no,northeast,5003.853
56,female,38.285,0,no,southeast,7935.29115
48,male,37.43,1,no,northeast,26392.26029
29,male,22.895,0,yes,northeast,13270.422265141257
24,male,32.7,3,no,southwest,8269.044
39,male,34.41776691607837,2,no,southeast,13270.422265141257
44,female,26.41,0,no,southeast,2302.3
46,female,30.8,3,no,southwest,9414.92
33,female,30.67729518903621,-1,no,northeast,4795.6568
47,male,44.0,1,no,southwest,13270.422265141257
36,female,26.789048670299486,1,no,southeast,5478.0368
59,male,25.84,1,no,southeast,13270.422265141257
47,female,25.41,3,yes,southeast,21978.6769
58,male,25.175,0,no,southwest,2457.502
39,male,29.1,0,no,southwest,7633.7206
19,male,42.35,0,yes,southwest,46151.1245
59,female,27.55,0,no,northeast,13217.0945
46,male,30.66339686098655,0,no,northeast,11842.62375
22,male,35.823191968635,2,yes,northwest,27670.7821496924
48,female,23.87,2,no,southwest,12622.1795
39,female,24.989971070955193,0,no,southeast,6414.178
-5,female,32.23,1,no,southeast,18218.16139
30,male,41.1,0,no,southwest,36837.467
58,male,43.34,0,no,southwest,11362.755
60,male,15.970836847229263,0,no,northwest,7325.0482
35,male,25.553289830745857,1,no,southeast,6435.6237
60,female,18.335,3,no,northeast,13204.28565
60,male,30.66339686098655,0,yes,southeast,48173.361
19,female,35.57956143318443,1,no,southwest,17933.778041965827
59,female,36.575,0,no,northwest,10613.23648767915
39,female,29.15,0,no,southeast,5457.35305154643
33,male,45.9,2,no,northeast,3693.428
31,male,30.875,0,no,northeast,13270.422265141257
39,male,40.37,0,no,southeast,9174.13565
61,female,28.405,0,no,northeast,13616.3586
48,female,41.42,0,yes,southwest,8277.523
41,female,27.6,1,no,southwest,24603.04837
