haematocrit,haemoglobins,erythrocyte,leucocyte,thrombocyte,mch,mchc,mcv,age,sex,source
43.7,14.8,5.13,4.4,377,28.8,33.9,85.2,54,M,0
44.1,12.749350256875191,5.72,17.7,150,26.6,34.5,77.1,29,F,1
41.4,13.2,5.29,4.8524750209384955,281,30.790966095337843,28.0,78.3,29,M,0
42.5,12.749350256875191,5.994844613335216,8.412830451439643,335,27.6,32.2,84.61133272892113,55,F,0
42.8,13.7,4.55,14.6,197,25.8,32.03580605619499,87.7848472326889,64,M,1
31.8,8.977132124737306,4.83,5.0829020827205715,258,31.8,31.4,65.8,84,M,0
40.299105608812,13.9,6.62,6.3,234,30.3,34.1,88.9,26,M,0
43.2,13.7,5.08,7.2,20,27.0,31.7,85.0,69,F,0
32.212374850301664,13.7,4.87,6.5,48,28.1,33.3,86.0,123,M,0
39.3,12.9,4.92,2.3,234,28.307406049608154,32.8,88.3,28,M,1
33.7,12.0,3.77,8.7,137,20.7,35.6,79.78062065367565,57,F,1
40.0,15.467860991712914,4.82,3.3,158,26.8,33.33647627682079,83.0,32,F,0
47.9,13.6,5.575450914126832,2.0,135,26.7,34.3,96.4,7,M,1
44.4,14.7,4.02,6.2,280,30.0,34.0204293008325,90.6,23,F,0
42.6,14.2,4.102936772936764,6.1,335,30.1,32.7,92.7,46,M,0
38.22611060743427,10.7,4.17,8.4,226,24.883028150621147,34.5,76.3,46,M,0
38.22611060743427,10.9,4.07,9.0,216,29.0,33.5,86.5,34,M,1
30.2,14.3,4.83,17.4,193,28.2300392867936,34.1,86.7,57,M,0
32.6,11.9,3.84,16.3,351,31.0,36.5,84.9,16,M,0
25.91958454732096,12.9,2.98,11.82847200301252,258,29.5,33.31235849772757,84.61133272892113,44,M,1
29.4,9.2,4.544802055001511,3.8,280,29.1,33.33647627682079,94.63602520346919,75,F,0
43.7,15.818366342570044,4.544802055001511,3.2,433,28.2300392867936,33.4,83.9,19,F,0
36.4,12.7,3.5586999676277102,8.715533393774555,416,20.3,34.9,70.2364676667751,66,M,1
35.7,11.8,3.85,9.0,366,28.3,30.5,90.4,46,F,1
41.9,12.928657740943917,5.32,8.715533393774555,401,22.506492999735972,30.5,66.4,67,M,0
37.79799888110943,6.5,4.41,10.5,302,29.5,35.248767241932356,87.1,57,M,1
