age,sex,bmi,children,smoker,region,charges
23,male,37.1,3,no,northeast,3597.596
54,female,26.73,0,no,southeast,1615.7667
57,male,30.69,0,no,southeast,20709.02034
60,male,25.84,1,no,northwest,8733.22925
32,male,31.5,1,no,southwest,24747.640598174483
39,male,32.3,2,no,southwest,13270.422265141257
48,female,27.499523539379986,0,no,southwest,6186.127
30,male,37.1,2,no,southwest,7740.337
42,female,30.25,0,no,southeast,7046.7222
43,male,30.66339686098655,4,no,southeast,19719.6947
42,female,31.9,3,no,southeast,27322.73386
30,male,40.55117813773094,0,no,northeast,5428.7277
61,male,28.333061690840545,0,no,southwest,13143.33665
41,female,30.78,1,yes,northeast,34162.52075645572
37,female,36.385,3,no,northwest,21223.6758
39,male,26.41,0,yes,northeast,20149.3229
46,male,28.45195847301438,2,no,northwest,28923.13692
48,male,30.66339686098655,0,no,northeast,5469.0066
41,male,28.8,1,no,southeast,6282.235
18,male,27.455,1,yes,southwest,3090.187495715085
22,female,23.18,0,no,northeast,23118.23024327795
60,male,30.8,3,no,southeast,12105.32
47,male,28.215,3,no,northwest,24915.22085
38,female,40.28,1,no,southeast,13270.422265141257
30,male,28.69,3,yes,northwest,20745.9891
26,male,30.0,1,no,southwest,2904.088
