age,sex,bmi,children,smoker,region,charges
54,male,38.06,1,no,southeast,12607.758989367223
36,male,32.6,0,no,southeast,4399.731
19,female,30.66339686098655,1,no,southeast,2730.10785
41,male,30.59,2,no,southwest,7256.7231
39,male,25.08,0,no,northwest,20265.87022956161
48,male,30.049248671997994,1,no,southwest,2828.7159557235545
32,male,39.406026127580176,1,no,southwest,4670.64
29,male,27.645,0,no,northwest,2866.091
39,male,29.355,1,no,northwest,11305.93455
64,male,29.07,1,yes,southeast,29141.3603
39,female,31.02,5,no,southwest,44501.3982
22,male,32.2,1,yes,northwest,5125.2157
32,female,27.74,0,no,northeast,5469.0066
47,female,28.88,0,no,northwest,9249.4952
62,female,36.07551094353363,0,no,southwest,23807.2406
34,female,27.5,2,no,southwest,5003.853
18,female,32.4,1,yes,southwest,4149.736
36,male,31.5,0,yes,southwest,4076.497
39,male,30.66339686098655,3,no,southwest,13270.422265141257
43,female,24.13,1,no,northwest,19990.31607404615
49,male,37.07,2,no,southeast,1631.8212
54,female,27.2,1,no,northwest,6393.60345
21,male,41.466778142547895,0,no,southeast,1526.312
26,male,36.955,1,no,southeast,13270.422265141257
52,male,25.3,1,yes,southeast,24667.419
64,male,26.69972330995885,1,no,northeast,61927.39960533342
18,female,33.38815650949553,0,yes,southeast,13270.422265141257
57,female,30.4,0,no,northeast,-5400.481309928939
40,male,32.7,0,no,southeast,34472.841
18,female,21.0702545617909,0,no,northwest,9048.0273
39,female,28.12,1,no,northwest,13270.422265141257
45,male,30.66339686098655,0,no,northeast,7448.40395
49,female,31.9,2,no,southwest,2451.7374327253456
40,male,35.3,3,no,southeast,38653.83846106038
51,male,44.55693686664056,2,no,southwest,45008.9555
52,female,27.075,0,yes,southeast,42303.69215
40,female,22.99,1,yes,southeast,13457.9608
20,male,32.35095705591499,1,no,southeast,3490.5491
53,male,30.66339686098655,0,no,northwest,9869.8102
47,female,29.37,1,no,southeast,8547.6913
18,male,37.29,5,no,southwest,1141.4451
61,female,22.04,0,no,northeast,13616.3586
35,female,42.13,0,yes,southeast,39611.7577
18,male,40.92,0,yes,southwest,48673.5588
39,female,20.52,0,yes,southeast,4544.2348
32,male,20.4,1,no,northeast,4673.3922
18,male,21.565,0,no,northeast,13747.87235
52,male,26.52350856519308,1,yes,southeast,26650.092638778435
18,female,30.115,0,no,northwest,13270.422265141257
57,male,23.7,1,no,southwest,17327.54897205761
23,male,30.66339686098655,0,no,northeast,2396.0959
60,female,25.84,0,no,northwest,17663.1442
