age,sex,bmi,children,smoker,region,charges
46,female,23.655,1,yes,northwest,25992.82104
47,male,27.645,2,no,southwest,24535.69855
8,female,27.7,0,yes,northeast,3554.203
29,male,22.42911811653644,1,no,northwest,17518.594707253877
47,female,45.40023541813399,1,no,northwest,20679.583065212188
61,male,33.915,0,no,southeast,13270.422265141257
60,male,28.595,0,no,northeast,30259.99556
21,male,23.21,0,no,northwest,1515.3449
41,male,28.405,1,no,northwest,6664.68595
22,male,31.57156247294271,3,no,northeast,3443.064
39,male,39.512510789438814,0,no,southwest,7804.002435642255
30,male,30.66339686098655,1,no,northwest,4527.18295
50,female,25.8,3,no,southeast,19749.38338
39,male,30.5,1,no,southwest,4751.07
33,female,30.66339686098655,0,yes,southwest,8277.523
40,female,34.39,0,no,northwest,9957.7216
64,female,35.97,0,no,southeast,49577.6624
64,female,36.96,2,no,southwest,14313.8463
25,male,23.2,3,yes,southwest,6250.435
62,male,37.62,2,no,southeast,4433.9159
23,male,30.4,0,no,northeast,2396.0959
55,male,37.3,0,yes,southeast,20630.28351
19,male,21.755,0,no,southeast,13270.422265141257
63,male,30.02,0,no,northwest,24476.47851
21,male,25.8,0,no,northwest,2007.945
51,male,27.83,1,no,southwest,4345.366854350054
