haematocrit,haemoglobins,erythrocyte,leucocyte,thrombocyte,mch,mchc,mcv,age,sex,source
36.4,12.3,4.54,5.3,76,27.1,33.8,92.3,4,M,0
42.735235815781095,14.2,5.11,13.5,208,27.8,34.4,80.8,30,M,1
37.3,10.5,4.6,6.115279353056099,115,28.2,31.1,81.1,46,M,1
38.8,11.6,4.44,5.9,258,28.2300392867936,32.2,85.3,30,F,0
46.5,15.8,5.07,7.0,256,31.2,34.0,91.7,67,F,0
45.3,15.5,4.69329804193516,17.4,328,31.19795706078628,34.2,87.6,57,M,0
32.6,12.1,5.81,5.4,258,20.8,27.1,84.61133272892113,62,M,0
40.5,13.7,4.74,4.2,377,28.9,33.771578692082336,85.4,63,M,0
40.9,15.489069792225376,4.67,22.3,216,30.6,33.33647627682079,84.8,62,F,0
32.8,11.9,4.761707463709064,8.4,338,30.0,34.137104052435255,82.6,46,M,1
37.5,4.6,4.544802055001511,10.0,352,27.6,33.5,83.08509613838216,43,M,0
37.69662274208165,12.2,3.47,3.4,214,25.949890904238092,35.0,86.6,36,M,1
42.4,11.32226511492409,6.13,8.715533393774555,227,23.42283495603797,31.1,69.2,33,M,0
40.3,12.749350256875191,4.77,7.9,270,30.7,32.3,84.5,77,F,0
45.6,15.3,5.43,8.715533393774555,224,25.2,33.6,84.0,30,M,0
45.5,17.897283446312922,5.21,5.6,335,29.0,33.2,87.3,55,M,0
35.68551296817244,13.924369630482168,4.4,4.5,158,28.2,33.5,81.86513878303809,80,M,0
31.0,10.7,4.07,16.0,314,28.3,34.5,82.0,59,M,1
36.8,12.6,4.44,9.481681040200328,224,28.4,34.2,88.1,24,M,0
34.9,11.0,5.341371904419914,5.6,246,25.9,33.24778227064979,82.1,49,M,0
38.22611060743427,11.5,3.78,9.4,182,28.3,32.3,82.96245702896404,63,M,0
33.2,11.1,4.544802055001511,6.512326703361481,375,31.1,31.9,84.61133272892113,83,M,1
41.98715503753705,10.4,6.28,10.8,393,19.4,33.33647627682079,71.34629200343699,69,F,0
46.5,12.749350256875191,3.16,12.901754366462495,92,28.2300392867936,34.4,90.5,9,F,0
38.22611060743427,15.6,5.815495498632345,7.9,397,30.868745605498503,33.0,86.3,24,F,0
38.6,13.1,4.9,8.7,286,26.7,32.61184824475235,78.8,11,F,0
