age,sex,bmi,children,smoker,region,charges
59,female,22.61,3,no,southwest,14007.222
19,male,31.0,1,no,southeast,13270.422265141257
35,male,27.1,0,no,southwest,13270.422265141257
47,female,29.545,1,no,northwest,8930.93455
32,female,31.54,1,no,northeast,5148.5526
61,male,38.6,2,no,southwest,13270.422265141257
60,male,29.7,2,no,northeast,9855.1314
43,male,40.29026651936982,0,yes,southeast,44097.73264720648
30,male,25.8,0,no,northeast,1972.95
37,male,27.04724963894858,1,yes,southwest,13270.422265141257
49,female,28.6,0,no,southwest,-10947.994837268634
40,male,29.6,0,no,southeast,8212.91391893357
23,male,21.22718573468097,1,no,southeast,14283.4594
40,male,33.0,3,yes,southeast,7682.67
64,male,21.01,0,no,northwest,14692.66935
39,female,27.0,0,no,southeast,46113.511
33,female,47.74,0,yes,southeast,4185.0979
60,male,31.35,1,yes,southwest,46130.5265
52,male,28.31,0,yes,northwest,1639.5631
39,male,35.2,2,no,southeast,11737.84884
31,male,21.375249127833012,0,no,southwest,2322.6218
39,female,38.06,5,no,southwest,48885.13561
39,female,30.14,2,no,southeast,-7700.415924416477
28,male,39.82,2,no,northeast,1633.9618
27,male,30.3,3,no,southwest,29741.896505257497
18,male,31.73,0,yes,southeast,33732.6867
34,female,24.15129469011802,0,no,northwest,3556.9223
38,male,26.03,1,yes,northwest,16450.8947
38,female,30.69,1,no,southeast,6472.492231584946
28,female,23.4,3,no,southeast,2102.2647
60,male,24.32,0,no,southeast,12523.6048
30,male,30.66339686098655,1,yes,southwest,3659.346
39,male,21.66,0,yes,northeast,1837.2819
19,male,30.66339686098655,0,no,southeast,16696.872138704235
59,male,24.4,1,yes,southeast,18259.216
73,male,30.495,0,no,northeast,10072.05505
29,male,21.43311506135926,0,yes,northeast,16138.76205
18,male,30.66339686098655,3,no,southwest,2302.3
19,male,30.66339686098655,0,no,northwest,28868.6639
49,male,25.4,2,no,southeast,26140.3603
47,male,33.0,3,no,northeast,4449.462
56,female,21.719903595003448,-1,no,northeast,11658.37915
29,female,31.16,0,no,northeast,5757.41345
54,male,21.067441884710988,3,no,southeast,9682.241828300947
48,female,30.66339686098655,1,no,northwest,8765.249
41,female,33.7,1,no,southwest,6282.235
15,male,34.58,3,no,southeast,7727.2532
26,female,22.61,0,no,southeast,8797.59088999902
23,female,33.541409819288944,0,no,southeast,1824.2854
63,male,18.5,0,no,southeast,13770.0979
27,male,31.681460835908307,3,no,northeast,-3672.1594421938426
51,male,34.3,3,no,southwest,13270.422265141257
