haematocrit,haemoglobins,erythrocyte,leucocyte,thrombocyte,mch,mchc,mcv,age,sex,source
33.2,11.1,3.57,8.9,176,31.1,33.4,93.0,83,F,1
38.22611060743427,12.3,4.42,8.715533393774555,163,27.8,33.6,82.8,37,F,0
31.8,13.0,3.44,20.0,365,31.1,33.6,73.72324817843302,18,M,1
45.2,13.602151322216194,4.26,12.5,258,28.8,35.546672779814664,82.075426029086,30,M,0
15.3,10.7,4.88,15.0,50,26.6,31.6,84.4,1,F,0
49.8,17.9,5.1358961682883635,5.4,343,31.6,35.9,84.61133272892113,26,M,0
37.6,12.7,4.52,22.5,421,28.8,34.8,83.2,67,M,0
41.3,10.761282007141897,3.5497062760659164,13.5,208,27.8,33.33647627682079,84.94142190301295,16,F,0
30.9,12.749350256875191,4.544802055001511,10.8,450,28.2300392867936,33.51327170115259,85.1,46,M,0
31.6,11.0,3.84,26.8,215,28.658271791668167,34.8,84.61133272892113,66,F,1
49.3,15.851429798397135,6.27,5.7,169,28.2300392867936,32.7,78.6,25,F,0
38.1,14.466582723083672,1.8,7.84594205566972,258,15.86855147392853,30.4,62.4,46,M,0
36.79569763914676,15.0,5.2,4.9,301,28.1,34.2,83.1,23,M,0
39.12793659424851,12.8,4.81,16.1,378,26.6,32.3,82.3,68,M,1
35.5,12.0,4.13,24.4,193,29.1,33.8,65.1,68,F,0
30.2,12.749350256875191,4.732285584927562,3.044832287215253,258,26.439125512828234,34.1,87.2,63,M,1
35.9,12.7,4.78,5.0,464,30.5,32.2,88.5,27,M,0
33.3,11.0,3.9897664785882436,8.715533393774555,312,28.8,34.6155673098484,85.1,36,M,0
38.8,12.7,5.11,13.545413657663246,182,29.8,32.7,91.1,46,F,0
35.84549690914547,13.9,5.34,7.7,253,21.0,31.8,81.8,64,M,1
38.22611060743427,14.9,5.22,11.7,178,28.5,35.24795988582576,81.0,45,F,1
41.2,9.7,4.544802055001511,5.3,246,29.36994013868953,33.3,85.0,79,M,0
33.520407800581175,12.8,3.59,3.9,127,35.7,34.0,104.7,78,M,0
38.9,12.6,4.76,12.248334761531655,187,26.5,28.0,81.7,70,F,1
38.2,13.0,4.5,3.3,126,28.9,33.33647627682079,84.9,42,F,0
48.3,16.8,4.55,8.9,364,29.9,33.8,92.3818463616226,30,M,0
