age,sex,bmi,children,smoker,region,charges
19,female,30.66339686098655,1,yes,southeast,9788.8659
37,female,25.8,0,no,southwest,3161.454
69,female,31.9,1,no,southeast,10928.849
48,female,30.288471825720528,0,no,southeast,8871.1517
63,male,33.31275907889105,3,no,southeast,2803.69785
24,male,30.66339686098655,3,no,southeast,2480.9791
39,female,31.0,1,no,southwest,13270.422265141257
42,male,29.48,2,no,southwest,7640.3092
54,male,31.9,1,no,southeast,17626.23951
47,male,29.544440754424933,1,no,southwest,17929.30337
61,female,27.17,0,no,southeast,37968.602187193064
39,male,23.8,2,no,southwest,3847.674
30,female,34.105,3,yes,northwest,39983.42595
45,female,25.175,4,yes,northeast,9095.06825
45,male,40.3,1,no,northwest,15161.5344
50,male,31.825,0,yes,southwest,41097.16175
37,male,34.1,4,no,southwest,40182.246
40,male,26.315,1,no,northeast,6389.37785
61,female,29.92,3,yes,southeast,30942.1918
42,male,24.605,2,yes,northwest,13568.119719524124
56,male,40.3,1,no,northeast,26392.26029
56,male,35.91,0,no,southeast,18637.995416465485
31,male,29.540049884149433,3,yes,northeast,4441.21315
37,male,29.04,1,no,northeast,4646.759
19,female,32.11,0,no,northwest,13270.422265141257
63,male,28.31,0,no,northwest,4136.888564648398
