age,sex,bmi,children,smoker,region,charges
25,male,30.66339686098655,0,no,northeast,3206.49135
30,female,43.12,2,no,southeast,4753.6368
50,female,22.1,0,no,northwest,8835.26495
22,male,33.535,0,no,southeast,13143.33665
57,male,36.85,0,no,northwest,8125.7845
39,male,30.685,0,no,southeast,33475.81715
19,male,28.215,2,no,northwest,-19906.865149940128
29,male,31.775553338453374,0,yes,northwest,4462.7218
49,female,34.43,0,yes,southeast,10118.424
40,male,30.0,1,no,southwest,22144.032
64,female,22.99,0,no,southeast,1967.0227
56,male,35.8,1,no,northeast,11674.13
64,female,30.66339686098655,0,no,northwest,29330.98315
-12,male,34.054463842063136,0,yes,southeast,1732.4557579678185
19,male,35.4,3,no,northwest,-10450.84096405645
18,female,29.81,0,no,southeast,1633.9618
46,female,28.05,1,no,southwest,8233.0975
51,female,30.685,0,yes,northwest,13270.422265141257
35,male,35.815,1,no,northwest,5630.45785
49,female,26.315,2,no,southwest,29958.723231238717
18,male,22.110283720552594,0,no,southeast,1704.5681
50,female,31.6,2,yes,southwest,10594.2257
42,male,19.57077304639964,3,yes,northeast,8252.2843
40,female,39.82,0,no,southeast,6500.2359
39,male,37.29,0,no,southeast,1141.4451
58,female,25.2,0,no,southeast,13270.422265141257
