age,sex,bmi,children,smoker,region,charges
41,male,30.59,2,no,northeast,7685.57006841934
40,male,30.394425592116388,0,no,northwest,14308.108128774456
61,male,29.64,1,no,northeast,13270.422265141257
60,female,25.74,0,yes,northeast,12142.5786
38,male,16.815,1,no,southeast,4040.55825
28,male,33.0,3,no,northwest,4449.462
18,male,31.467650155155688,1,no,southeast,1633.9618
39,female,33.06448968212261,1,no,southeast,9549.5651
45,male,21.4351771190134,1,yes,northwest,7153.5539
50,female,30.66339686098655,0,no,northeast,6203.90175
39,male,30.66339686098655,0,no,southeast,13270.422265141257
39,male,36.67,3,no,southeast,-35754.71116542011
21,male,35.53,0,no,southeast,1532.4697
62,female,39.2,0,no,southwest,13470.86
35,female,34.21,2,no,southeast,5245.2269
52,female,37.3,1,no,southeast,13844.7972
19,female,34.7,2,no,southwest,36397.576
18,male,26.125,1,no,northeast,1708.92575
45,female,38.285,0,no,northwest,21378.359945654214
15,female,35.625,3,no,northwest,37465.34375
64,female,22.99,0,no,southeast,7512.267
18,male,34.1,2,no,southeast,13565.84097383216
39,female,36.7684877279419,0,no,southwest,4883.866
37,female,31.445,0,yes,southwest,39836.519
46,male,30.495,3,yes,northwest,40720.55105
39,male,32.775,3,no,northwest,10594.2257
39,male,25.935,1,no,southeast,4133.64165
36,female,34.58794101442883,2,no,southwest,1980.07
18,male,44.27047385009429,0,no,southeast,2217.46915
26,female,32.623504943219025,2,yes,southeast,33907.548
55,male,38.665,5,no,southeast,28077.555441298755
35,male,30.66339686098655,2,no,northwest,45702.02235
47,female,36.0,0,no,southwest,8556.907
56,female,27.2,0,no,northeast,13270.422265141257
44,female,33.99,1,no,southeast,-1719.6023899991178
58,female,33.77,1,no,southeast,11833.7823
61,male,34.13448318647591,2,yes,southeast,7740.337
53,male,31.35,0,no,northeast,13270.422265141257
39,female,41.325,1,no,northwest,4661.28635
35,male,30.66339686098655,1,no,northwest,11709.145080628645
36,male,22.77,2,no,southeast,1725.5523
34,female,25.27,3,no,northwest,2457.502
38,male,30.3,0,yes,southwest,19047.957021673217
25,male,26.79,3,no,northwest,4189.1131
21,male,24.3,0,yes,southeast,-15247.66655183025
27,female,18.905,3,no,northwest,4827.90495
37,male,28.025,2,no,southwest,10107.2206
49,male,36.74139948668579,0,yes,northwest,48824.45
56,female,22.1,0,yes,southwest,13270.422265141257
39,male,29.6,4,no,northeast,27037.9141
41,male,34.8,5,no,northwest,28468.91901
18,female,30.66339686098655,2,no,southeast,1704.5681
