haematocrit,haemoglobins,erythrocyte,leucocyte,thrombocyte,mch,mchc,mcv,age,sex,source
38.22611060743427,20.762341889885807,5.62,8.532209924720856,308,30.981408049135915,28.9,92.53684264166061,65,M,0
33.4,10.8,4.544802055001511,1.9,271,29.3,32.3,73.8,62,F,0
31.8,12.749350256875191,3.27,9.065742124525181,109,31.5,32.4,97.2,54,M,0
38.94421732940834,13.1,3.83,7.3,95,28.4,35.7,87.6,86,M,0
30.8,10.3,4.94,11.9,265,25.9,33.4,77.4,10,F,0
41.5,14.0,4.74,6.8,219,29.5,33.7,95.8,63,M,0
24.4,8.1,2.7912440226994244,21.951109306594393,350,24.8748610216025,33.2,83.21246974356447,24,M,1
45.102182693164586,16.0,4.544802055001511,9.738867956616838,122,25.7,34.5,80.8,33,M,0
37.11462534376885,15.16839060052922,6.22,9.4,100,25.1,36.1,69.5,7,M,1
37.3,13.8,3.98,5.8,83,29.1,33.3,88.13006408170016,30,F,0
40.7,13.1,3.87,7.4,360,24.8,33.6,90.8,22,M,0
38.6,11.7,4.31,14.8,360,28.516369113263412,32.6797638509556,89.6,75,M,0
44.5,12.7,5.01,8.715533393774555,335,29.3,31.385582392290694,84.9367200544873,32,M,0
35.3,12.749350256875191,3.82,7.0,195,30.1,32.6,92.4,74,M,0
29.552043080332947,12.026574038740936,4.024020860512515,28.3,258,26.0,33.0,78.9,67,F,0
35.8,14.7,4.14,20.5,329,26.58248908054947,32.0008427124538,84.61133272892113,48,F,0
38.22611060743427,11.4,4.8,2.6,183,23.8,33.394537909716426,73.8,1,M,1
25.8,8.3,2.91,9.2,337,30.6,32.2,95.2,58,M,1
32.0,11.0,3.2537332488747785,15.0,242,27.6,33.33647627682079,80.2,32,F,1
18.6,6.1,2.25,8.6,324,28.2300392867936,32.8,82.7,68,M,1
22.4,11.8,4.05,5.6,480,29.1,34.5,84.4,51,M,1
37.1,14.877972601105466,4.26,8.0,341,28.2300392867936,33.33647627682079,87.1,36,F,0
29.0,9.6,3.36,3.8,258,28.6,36.7,84.61133272892113,65,M,1
33.5,11.0,5.055085901933783,8.715533393774555,61,23.6,32.2,70.2,46,M,0
27.8,9.0,3.15,19.8,277,28.6,32.4,88.3,73,M,1
43.3,12.4,4.37,6.5,332,34.2,33.2,85.4,46,F,1
