age,sex,bmi,children,smoker,region,charges
43,male,35.97,0,no,southwest,4889.0368
39,male,36.96,2,yes,southeast,49577.6624
40,male,33.7,1,no,southwest,13270.422265141257
38,male,19.95,1,no,northeast,5855.9025
22,male,28.93,0,no,northwest,2045.68525
36,female,30.66339686098655,0,no,southeast,8932.084
21,male,21.66,1,yes,northwest,14349.8544
38,male,28.27,1,no,southeast,22898.307541402264
34,female,26.73,1,no,southeast,5002.7827
39,female,29.136015997325142,1,no,southwest,2719.27975
22,female,27.1,0,no,southwest,2154.361
35,male,24.13,1,no,southeast,5125.2157
64,male,25.6,0,no,southeast,14313.8463
34,male,35.815,0,no,northeast,9117.33466615596
57,male,28.975,0,no,southeast,27218.43725
25,male,30.66339686098655,1,no,northwest,2534.39375
37,male,29.64,1,yes,northwest,18487.772337060873
28,female,37.7,2,yes,northeast,13270.422265141257
20,female,27.3,2,yes,southwest,16232.847
33,male,24.605,2,no,northwest,8211.1002
45,male,21.475822372463362,3,no,southwest,8615.3
60,female,26.08346738105889,4,yes,southeast,2219.4451
42,male,37.18,1,no,southeast,7162.0122
28,female,24.906838267976394,0,no,southeast,-10616.144754243101
63,female,32.68,2,no,southwest,26018.95052
68,female,33.725,1,no,northwest,8823.98575
