haematocrit,haemoglobins,erythrocyte,leucocyte,thrombocyte,mch,mchc,mcv,age,sex,source
42.2,13.1,4.544802055001511,1.501492196022073,265,28.2300392867936,31.0,70.0,21,M,0
31.7,10.1,3.62,21.9,215,27.9,31.9,81.19059051996516,33,F,0
34.4,10.5,4.15,17.1,319,27.4,34.0,82.9,66,F,1
42.4,10.732134660766437,3.7407637370773754,14.2,298,27.9,32.3,86.4,56,F,0
38.2,10.651938484736414,5.71,11.4,495,27.8,31.14581669450617,85.1,80,M,0
42.2,14.3,5.01,5.1,284,28.5,33.9,84.2,42,M,0
40.4,12.5,3.88,11.22537845195382,158,29.186535410587748,30.9,83.07432285187319,36,F,1
33.9,11.4,4.08,6.5,258,27.9,33.33647627682079,87.0,46,M,0
41.31959617856393,15.1,4.884354443222691,14.3,20,29.5,34.2,86.7,32,M,1
38.22611060743427,12.0,6.69,10.1,326,27.0,35.0,84.61133272892113,33,M,1
24.4,7.3,3.55,2.5,103,23.2,29.9,78.8,36,M,0
40.5,14.3,4.95,2.5,50,28.9,36.6,81.8,57,M,0
32.6276227073728,9.4,3.22,10.3,483,29.2,31.03959995751837,85.4,32,F,0
32.36268974731842,15.2,3.0041867420715733,3.9,281,29.1,34.00286264942119,86.0,59,F,0
46.2,15.8,5.15,8.715533393774555,258,28.2300392867936,34.2,89.7,39,M,1
30.6,12.1,4.1,19.7,158,23.9,33.33647627682079,84.61133272892113,26,M,1
39.8,12.9,5.27,7.1,215,31.589168898541775,32.4,85.2441462528349,61,M,0
38.3,12.749350256875191,4.22,5.1,244,29.9,32.9,66.0,44,M,0
35.9,10.965980222084061,4.12,7.4,199,28.4,32.6,87.1,58,F,0
38.22611060743427,11.7,3.653582644698774,18.7,201,28.7,33.525226108114836,82.1,39,F,0
24.372953336935442,12.749350256875191,3.37,4.111988899773216,44,29.7,34.1,86.6,82,F,0
29.3,9.6,3.5,19.0,242,28.2,32.8,83.7,35,F,0
35.4,11.5,4.544802055001511,9.50834449813112,191,17.505616252571468,30.8,90.8,46,M,1
33.7,11.4,5.4,18.1,291,29.4,33.8,86.9,-5,F,1
37.3,14.483442044427292,3.88,5.9,221,30.9,33.9,91.2,73,F,1
49.4,14.5,5.28,8.715533393774555,411,26.28844334273528,31.8,81.55374834589675,38,F,0
