haematocrit,haemoglobins,erythrocyte,leucocyte,thrombocyte,mch,mchc,mcv,age,sex,source
38.22611060743427,17.0,5.740978072233053,16.4,296,30.2,33.53321881798728,87.5,46,M,0
28.0,8.7,3.56,12.498178924372592,206,24.4,31.1,78.7,24,F,1
44.8,15.3,5.37,15.678495542328974,166,28.5,34.2,80.47977059465347,41,M,1
44.69945166297632,13.2,4.544802055001511,2.1,142,28.437655764709557,33.7,77.6,64,F,0
34.9,12.749350256875191,4.06,5.6,178,28.2300392867936,31.5,82.1,48,M,1
43.0,16.7,5.12,4.5,236,29.3,34.9,84.0,52,M,1
43.80706592706731,14.147019306928993,4.02,4.653854115470784,294,29.5,34.0,86.7,67,F,1
47.3,16.7,5.55,5.7,382,30.1,35.3,85.2,14,M,0
25.761206296855033,10.0,3.44,8.0,443,29.1,33.33647627682079,95.14224932589416,67,F,1
23.4,11.934755545670011,2.91,7.3,-58,29.9,37.2,80.4,70,M,1
45.9,13.0,3.01,8.9,100,28.0,33.96988492577749,82.70279530505573,69,M,0
42.8,14.8,4.593493394750151,11.9,110,26.1,33.6,84.61133272892113,2,M,1
15.3,13.8,5.5,11.469699082980059,341,25.1,32.2,76.9,99,F,0
44.0,14.1,5.26,3.1,255,31.2,32.9,81.4,12,M,0
38.4,12.6,4.544802055001511,9.1,221,28.3,33.096640437941126,83.3,75,F,0
38.22611060743427,12.3,4.383083261517609,10.5,145,29.4,35.7072689446606,81.37701297892947,43,M,1
36.7,12.749350256875191,4.21,8.7,423,30.1,33.0,91.3,36,F,0
43.8,14.5,4.86,8.8,258,23.900554830144923,34.2,76.1,26,M,0
45.9,12.61542932716368,4.9,10.2,316,29.750417023653988,33.33647627682079,93.7,50,M,0
43.6,14.2,5.54,16.4,258,25.6,32.6,78.7,40,M,0
31.73537695485394,13.7,5.166144198631697,8.715533393774555,203,26.6,37.3,82.0,5,M,0
33.5,11.937448622270551,4.4,8.4,315,25.2,33.2,87.2,4,M,1
46.5,15.5,5.32,6.7,284,28.8,33.3,87.4,45,M,0
41.4,13.9,4.68,8.715533393774555,319,29.1,32.6,88.5,46,F,0
40.4,15.0,4.56,6.9,274,28.2300392867936,32.6,84.61133272892113,65,F,0
42.7,13.8,4.77,8.5,187,36.81652709888334,32.3,75.8,69,M,0
