haematocrit,haemoglobins,erythrocyte,leucocyte,thrombocyte,mch,mchc,mcv,age,sex,source
29.8,15.6,6.64,11.8,148,25.653078699924976,33.33647627682079,72.2,23,M,0
26.4,13.6,3.56,4.6,121,29.9,35.0,85.5,5,M,0
38.8,13.1,4.1,6.4,226,32.0,33.8,93.3,76,M,1
25.8,8.9,2.91,8.715533393774555,281,30.6,33.5,84.6,73,M,0
43.2,12.749350256875191,4.85,10.3,240,29.5,33.1,89.1,50,M,0
38.8,13.7,4.42,7.5,423,29.4,35.3,87.8,22,M,0
45.8,14.0,5.42,7.5,248,29.248182705338674,34.61451456672039,84.5,66,M,0
38.22611060743427,11.0,3.86,11.0,536,27.8,32.9,88.7,46,F,0
40.8,13.1,5.66,6.6,196,23.1,32.1,72.1,32,F,1
40.52242548164684,15.3,4.319916765805886,7.3,105,29.3,33.4,82.83853999297989,23,M,0
45.3,11.958290279136358,3.57,8.715533393774555,270,31.0,34.42515989004878,83.5,59,F,1
30.890486475201918,13.5,5.17,4.8,270,26.1,34.8,84.61133272892113,5,M,0
42.488994656724735,15.0,5.33,7.851397299025176,342,28.2300392867936,33.0,85.2,29,M,0
49.03244032734579,16.4,4.06,31.2,217,29.3,32.3,90.6,85,F,0
32.4,12.318889222008115,4.544802055001511,12.8,278,29.4,34.6,85.0,54,M,1
38.22611060743427,11.5,3.95,3.4,258,26.055248072956516,33.0,90.4,13,M,0
37.6,12.874708574892356,3.59,-4.92250242326144,90,16.1,34.0,104.7,78,M,0
33.5,12.749350256875191,4.687243550984502,8.4,315,31.115242714331,32.084287638962465,76.1,19,F,0
29.5,16.1,5.6,2.2,128,28.8,33.1,87.0,43,M,1
42.8,14.2,4.502345458765721,17.3,281,28.2300392867936,36.1,80.99702117940785,30,M,0
42.9,12.7,4.544802055001511,7.1,378,29.9,36.054473415096496,89.59462909474651,44,M,0
30.5,9.841003968127076,3.37,16.80410655047673,360,30.6,33.8,90.5,70,M,1
32.3,12.0,4.701954665139455,16.4,421,30.1,37.2,81.0,86,M,0
31.6,10.3,4.05,7.2,258,25.4,32.6,84.61133272892113,42,M,1
42.9,14.6,4.97,17.431027721021586,80,19.9,34.0,86.3,46,M,0
38.2,14.5,4.34,7.3,284,29.3,33.33647627682079,79.45132376905258,30,F,0
