age,sex,bmi,children,smoker,region,charges
55,female,32.1,3,no,southwest,18691.265799531797
31,male,31.0,1,no,southwest,26502.08093589919
27,male,30.66339686098655,0,no,southeast,13270.422265141257
55,male,29.545,1,no,northeast,13270.422265141257
46,female,28.007957954997337,1,no,northeast,13270.422265141257
49,male,38.6,2,no,southwest,10325.206
59,female,30.66339686098655,1,no,southeast,7935.29115
43,female,46.2,0,yes,southwest,45863.205
24,male,25.8,0,no,southeast,-4466.661130807045
39,male,24.41346192791906,2,yes,northwest,14988.432
55,female,37.220782992757925,0,no,southwest,4449.462
40,female,29.6,0,yes,northwest,13270.422265141257
39,male,24.605,2,no,southeast,5257.50795
27,female,24.6,1,no,northwest,4529.477
56,male,30.66339686098655,2,yes,northwest,18246.4955
39,male,30.66339686098655,1,no,northwest,46718.16325
33,male,42.11844764718548,0,no,northeast,23349.65709149025
24,male,23.21,0,yes,southeast,34915.03280721778
28,male,36.4,0,yes,southwest,51194.55914
29,female,23.90323216683146,-1,no,northwest,-391.5152886408205
54,female,23.0,3,no,southwest,14001.1338
19,male,22.61,0,yes,northwest,4278.9511037453885
40,female,22.61,3,no,southwest,7196.867
29,male,21.8,1,yes,southeast,19107.7796
48,male,30.66339686098655,3,no,northwest,39084.54387309793
39,female,40.63496266522414,0,no,northeast,13270.422265141257
34,female,34.77,0,no,northeast,3556.9223
19,male,26.03,0,yes,northeast,16450.8947
31,male,41.33029031882905,5,no,southeast,4243.59005
19,female,35.5,1,no,southwest,2913.569
60,male,26.98,0,no,northwest,12523.6048
30,male,29.307595525498954,1,no,southeast,3659.346
50,female,21.66,0,yes,northwest,14283.4594
19,male,44.88,0,no,southeast,39722.7462
30,male,30.59,3,no,southwest,18259.216
44,male,30.495,3,no,northeast,10072.05505
29,male,22.895,1,yes,southeast,16138.76205
18,female,21.01,3,yes,northwest,18223.4512
19,male,24.4,1,no,northwest,1639.5631
37,male,27.1,1,no,southwest,5951.783276267575
31,male,33.0,3,yes,southeast,4687.797
24,female,24.600508461419537,0,no,northeast,11658.37915
29,male,31.16,0,yes,northeast,9778.3472
59,female,27.72,3,no,southeast,12094.478
48,male,27.28,2,no,southeast,8765.249
41,male,28.8,1,no,southwest,6282.235
43,female,39.76910677558084,1,no,northwest,7727.2532
39,male,35.3,0,yes,northeast,3176.8159
3,male,32.56,3,no,southeast,1824.2854
63,male,28.31,0,no,northwest,14124.03326595754
27,male,32.585,0,no,northwest,9866.30485
51,male,30.3,3,no,southwest,4260.744
