haematocrit,haemoglobins,erythrocyte,leucocyte,thrombocyte,mch,mchc,mcv,age,sex,source
39.4,14.7,5.06,3.3,86,29.1,33.2,77.9,6,M,0
44.6,14.7,5.22,8.715533393774555,251,28.2,33.0,77.24914412623896,42,M,0
44.9,15.8,5.64,13.388044885447114,411,25.5,32.1,79.6,46,F,0
32.6,12.827531548476983,3.91,19.6,411,28.2300392867936,34.4,70.6,59,M,0
34.6,11.2,3.76,9.9,258,29.8,34.16517162543933,83.0,64,M,0
30.30281730218546,11.8,4.05,6.6,480,25.9,34.5,84.4,3,M,0
47.5,12.749350256875191,3.9173166263894044,5.6,337,32.36731270894874,35.4,89.9,64,M,0
56.09918386530441,15.7,4.442461069209655,8.715533393774555,231,20.7,33.1,92.0,45,F,1
37.46840311444515,16.6,4.67,8.8,301,29.3,33.0,88.9,59,M,0
47.5,13.7,5.61,14.373365372350712,553,26.51321756213292,31.7,84.7,26,M,0
45.1,13.0,4.37,5.3,175,20.9,34.2555599858205,81.9,65,M,0
32.2,16.6,4.544802055001511,7.4,244,28.4,35.1,81.3,28,F,1
38.0,12.569547194886706,4.42,7.3,338,26.1,32.6,80.0,14,M,0
38.22611060743427,14.7,7.807324203299213,19.8,162,27.8,34.6,80.3,22,M,0
39.650231594184405,15.9,5.35,10.3,256,29.7,33.8,87.9,56,M,1
39.7,13.8,4.410509334750858,2.8,441,28.2300392867936,34.8,84.61133272892113,25,M,0
42.7,15.1,4.98,10.8,322,30.3,36.7,85.7,38,M,0
42.4,10.710627013652527,4.86,17.4,313,29.8,33.33647627682079,84.61133272892113,24,M,0
35.5,12.1,5.1,3.9,251,29.3,33.33647627682079,86.0,15,F,0
43.3,15.2,4.13,12.84607939532979,258,29.8,34.9,85.10459319806438,45,M,0
23.6,8.9,3.27,16.1,126,27.2,33.2,82.0,47,M,0
46.3,15.7,5.21,8.2,351,27.4,33.9,80.9,39,M,0
33.6,10.6,4.83,8.6,363,21.9,31.5,68.62912618737941,3,M,1
38.2,12.749350256875191,4.34,7.3,284,30.72197084987465,33.2,100.26070333979011,46,F,1
38.22611060743427,11.6,3.61,18.84056515323107,225,32.1,35.77541759557604,93.1,54,F,0
34.3,7.7952634896338955,4.544802055001511,20.5,306,26.187839361608884,35.09425198213475,75.7,1,M,0
