age,sex,bmi,children,smoker,region,charges
24,male,27.36,5,yes,northwest,39082.386897153854
45,female,30.66339686098655,2,no,southeast,8604.48365
50,male,34.56135952531294,4,no,southwest,11299.343
31,male,31.065,3,no,northeast,5425.02335
25,male,33.33,1,no,southeast,36580.28216
18,female,28.784198484393453,1,no,northeast,2211.13075
50,female,30.66339686098655,1,no,southeast,8240.5896
28,female,30.66339686098655,0,no,southeast,3171.6149
34,male,42.9,1,no,southwest,4536.259
35,male,36.67,1,no,northwest,28468.91901
39,female,32.395,3,no,southeast,7077.1894
58,female,34.105,0,yes,southeast,20736.762073065125
64,male,23.61878336164463,0,no,northeast,14410.9321
63,male,28.31,1,no,southeast,26467.09737
40,female,29.81,1,no,southeast,11091.053716181663
53,male,33.25,0,no,northeast,12950.0712
36,male,30.875,2,no,northwest,13270.422265141257
39,male,34.364466573307524,1,no,northwest,3164.906620387428
43,male,26.03,0,no,northwest,6837.3687
48,female,27.265,0,no,southeast,9447.25035
29,male,30.66339686098655,0,no,southeast,17275.054810487607
67,female,30.66339686098655,1,no,southeast,13270.422265141257
57,female,30.495,0,yes,southwest,11840.77505
47,female,45.32,0,no,southeast,8569.8618
37,male,27.4,0,no,northeast,12408.561125497521
60,female,29.03909087210931,0,no,southeast,3999.896334165869
32,male,28.025,0,yes,northwest,498.4711820567045
32,male,39.71,4,no,southwest,19496.71917
34,female,29.26,1,no,northeast,14590.63205
21,male,31.92,1,no,northwest,33750.2918
25,male,22.515,1,no,southeast,13270.422265141257
39,female,40.15,0,no,southeast,5400.9805
55,male,35.6,0,yes,southeast,35585.576
30,male,23.32,1,no,southeast,1108.9674100827285
58,male,30.2,1,yes,northeast,12224.35085
42,male,24.86,0,yes,southwest,4441.21315
50,female,34.313627300476476,1,no,southeast,11394.06555
18,female,31.513906909311235,0,no,southeast,12557.6053
48,male,34.3,3,no,southwest,9563.029
57,female,40.37,1,no,southeast,10982.5013
52,female,39.805,0,no,northwest,2755.02095
39,male,38.38,0,no,southeast,10564.8845
36,male,33.535,0,no,northwest,8428.0693
32,male,19.095,1,no,southeast,18002.375003975685
7,male,21.286961194540527,0,no,northeast,1625.43375
46,male,30.17140440809625,1,no,northeast,34828.654
47,male,27.55,3,no,southeast,13270.422265141257
22,male,28.215,0,yes,southwest,33900.653
21,male,23.75,2,no,northwest,3077.0955
51,male,36.385,1,no,northwest,13270.422265141257
39,female,25.45145360319257,0,no,northeast,11658.37915
18,male,19.57,0,yes,northeast,3260.199
