haematocrit,haemoglobins,erythrocyte,leucocyte,thrombocyte,mch,mchc,mcv,age,sex,source
46.2,16.5,5.63,7.5,329,29.3,33.33647627682079,82.1,27,M,0
25.8,12.749350256875191,3.76,9.5,284,19.9,30.4400817533762,84.61133272892113,44,F,0
41.3,9.2,4.544802055001511,6.1,299,29.1,32.72695677092875,85.9,33,M,0
38.5,13.1,4.44,11.4,216,29.5,32.32567630097172,86.7,46,M,0
38.0,14.942018747506452,5.29,5.0,258,22.5,31.3,71.8,42,M,1
39.6,12.4,4.85,5.047542391760189,90,28.2300392867936,31.3,93.0,17,F,0
35.92608577098713,7.1,2.964362785182338,7.9,151,15.5,35.0,85.8,59,F,1
46.6,6.4,4.76,11.4,293,26.7,33.4,76.48899366075813,79,F,0
38.22611060743427,13.9,4.41,10.05508847835564,203,28.2300392867936,34.6,80.63156155940403,80,M,1
44.7,15.3,5.01,5.3,242,30.5,34.2,89.2,56,M,0
34.3,12.749350256875191,4.146296939473069,5.9,116,28.296565908721554,33.33647627682079,87.7,38,M,0
38.5,12.8,3.88,8.9,167,33.0,34.5,99.2,76,F,1
40.3,12.157346426544459,4.85,5.7,50,28.0,38.1,72.1,37,F,1
39.4,13.1,4.56,18.6,366,28.7,33.2,86.4,58,M,0
23.4,7.7,4.749567011308375,17.68163524689628,383,27.11584582662347,32.9,88.16455185075347,14,M,0
37.1,10.085295553925434,5.66,8.715533393774555,214,27.6,33.5,82.3,75,F,0
41.394329114480676,12.0,4.544802055001511,17.113819671644166,402,29.566517961597345,32.3,84.61133272892113,84,M,0
26.9,14.0,3.16,3.8,335,23.6,34.2,85.1,37,M,0
31.841904509575283,7.9,3.04,33.3,486,26.0,29.810757376052432,86.3,58,M,0
48.4,14.0,3.776243056704329,7.3,338,29.8,33.3,84.25739630587556,46,F,0
49.9,17.2,5.78,7.2,32,27.5,33.2,83.2,63,M,1
27.5,9.1,3.71,5.1,1121,24.5,33.1,74.1,68,M,0
38.22611060743427,12.788232723052216,4.28,12.7,334,27.5,34.0,80.7,1,M,0
34.1,11.3,5.39,8.715533393774555,258,29.43601789875644,33.1,79.7,38,F,0
41.51150662228183,11.9,6.23,8.5,250,28.8,34.4,83.3,70,M,0
31.7,10.6,3.69,19.2,101,28.7,33.4,85.9,102,M,1
