age,sex,bmi,children,smoker,region,charges
57,male,34.438950120826476,0,no,northwest,-8134.62073425077
52,female,18.335,1,no,northwest,9991.03765
36,female,30.66339686098655,2,no,southwest,18608.262
24,female,22.8,0,no,northeast,8269.044
60,female,33.99,0,no,southeast,3757.8448
48,female,33.33,2,no,southeast,8283.6807
39,female,43.7,3,no,southeast,22323.273014404927
26,male,19.626693096020187,1,yes,northwest,4667.60765
40,male,25.50206633489937,1,no,southwest,-1108.277659890703
31,male,31.92,0,yes,southwest,38547.11376740393
19,female,28.88,1,yes,northwest,13270.422265141257
34,male,31.35,3,no,northwest,43813.8661
35,male,27.61,1,yes,northeast,10977.2063
39,male,39.8,0,no,northwest,15170.069
30,female,26.84,1,no,southwest,1252.407
59,male,41.14,1,yes,southeast,48970.2476
30,male,32.4,1,no,southwest,4149.736
51,female,49.519843162380894,0,no,southeast,9875.6804
39,female,17.8,1,no,southwest,28173.060166952368
59,male,25.52,0,no,northeast,13270.422265141257
40,male,30.66339686098655,3,no,southeast,7682.67
27,male,32.585,3,no,northeast,-6411.029291770388
55,female,27.6,0,no,southeast,11534.87265
24,male,35.09200153162324,4,no,southeast,17128.42608
49,male,21.398061037813996,0,no,northwest,12710.40989292433
53,male,27.55,5,no,northwest,13270.422265141257
23,female,26.62,1,no,southeast,28923.13692
47,female,33.915,3,no,northwest,2632.992
44,male,30.692404586338405,2,no,southwest,7726.854
19,female,31.699769480326793,2,no,northwest,5327.40025
60,male,35.1,0,no,southwest,-9279.242774596562
52,male,47.74,1,no,southeast,9748.9106
62,male,38.0,3,no,southwest,6196.448
18,female,30.66339686098655,0,yes,northeast,13270.422265141257
49,male,31.35,2,no,southeast,9290.1395
29,male,30.66339686098655,2,no,northwest,4433.3877
50,female,32.34,0,yes,northwest,34838.873
39,male,31.4,2,yes,southeast,6338.0756
39,female,42.40540220861234,1,no,southwest,13270.422265141257
49,female,41.47,1,yes,southeast,4747.0529
39,female,33.3,0,no,southeast,1880.487
59,female,32.9,0,no,northwest,-1061.6510750741272
45,female,30.66339686098655,2,no,southeast,8515.7587
2,male,41.14,1,no,southeast,1146.7966
59,female,44.96391179056746,4,no,southeast,28287.89766
50,female,31.6,2,yes,southeast,10118.424
36,male,38.06,1,no,southeast,34585.315945978626
39,female,33.33,4,no,southeast,36580.28216
41,male,33.55,0,no,southeast,5699.8375
47,male,32.11,2,no,northwest,37465.34375
41,male,40.375,2,no,southeast,8733.22925
57,female,18.6,0,no,southwest,1728.897
