age,sex,bmi,children,smoker,region,charges
54,male,27.5,0,yes,southwest,1631.6683
29,female,30.66339686098655,0,no,southeast,5138.2567
33,female,38.9,1,no,southwest,5972.378
49,male,25.935,0,no,northeast,11165.41765
60,male,28.7,0,no,northeast,13224.693
48,male,21.755,0,no,southeast,1627.28245
31,male,18.491482789392883,3,yes,northeast,13270.422265141257
21,male,31.02,0,no,southeast,14085.630554838068
38,male,29.26,2,no,northwest,6457.8434
59,female,24.605,3,no,southeast,12479.70895
39,male,30.66339686098655,1,no,northeast,12913.9924
23,female,33.711526005020836,4,no,northwest,12545.025699121354
64,male,33.77,1,no,southeast,37514.0903271083
39,male,26.22,1,no,northwest,6123.5688
27,female,27.1,0,no,southeast,2154.361
18,male,23.21,3,no,southwest,13747.87235
62,male,28.31,0,no,northeast,11657.7189
39,female,28.785,0,no,northeast,13405.3903
27,female,21.565,1,no,southwest,13270.422265141257
29,female,32.11,2,yes,northwest,4433.9159
53,female,38.06,3,no,southeast,38993.96433255775
27,female,33.21655590453106,1,no,southeast,3577.999
18,female,38.17,0,no,southeast,12233.828
60,male,32.03821174130694,0,no,southwest,14394.5579
63,female,40.26,1,no,southwest,48824.45
40,male,26.315,3,yes,northeast,3385.39915
