age,sex,bmi,children,smoker,region,charges
54,male,33.63,1,no,northwest,10825.2537
48,female,28.9,0,no,southwest,8277.523
39,male,37.905,0,yes,southeast,13974.45555
38,male,39.49,3,no,northwest,3481.868
49,male,30.9,0,yes,northeast,13270.422265141257
43,male,20.7,0,no,southwest,1242.816
61,male,46.38487868602275,3,no,southeast,12950.0712
59,female,36.765,1,yes,northeast,32553.98938732346
54,male,34.21,2,no,southeast,44260.7499
39,male,22.642251432487512,5,no,southeast,1163.4627
21,female,30.4,0,no,southeast,12479.70895
32,male,35.42,1,no,southeast,2322.6218
18,male,34.1,0,no,northeast,1137.011
46,male,27.6,0,no,southwest,24603.04837
19,male,29.196898019275793,1,yes,northwest,21774.32215
49,female,29.925,3,no,northeast,21700.515188726415
31,female,30.66339686098655,0,no,southeast,1875.344
29,female,29.89781460766197,1,yes,northeast,15539.345901223822
51,male,30.66339686098655,1,no,southwest,9861.025
62,female,39.2,3,no,southwest,13470.86
33,female,27.455,1,no,northeast,4719.73655
50,male,27.455,1,no,northeast,8317.25447746869
54,female,24.605,0,no,southwest,2026.9741
18,male,20.045,2,no,northwest,13270.422265141257
18,female,21.47,-1,no,northwest,1702.4553
34,male,24.13,0,yes,southwest,37079.372
