haematocrit,haemoglobins,erythrocyte,leucocyte,thrombocyte,mch,mchc,mcv,age,sex,source
38.7,13.3,4.4,4.0,63,27.792573640521482,33.4,88.0,19,M,0
36.4,13.2,4.3,32.0,226,28.2300392867936,32.0,78.5,12,M,0
32.7,10.6,4.544802055001511,9.5,247,29.8,33.89153369660827,91.9,73,F,1
38.22611060743427,16.4,5.95,9.7,352,27.6,32.7,74.8,74,F,0
45.8,14.9,5.42,7.5,279,27.5,32.5,81.27694627721691,66,M,0
30.1,12.1,3.83,7.3,356,31.6,33.5,89.8,46,M,0
41.5,12.7,4.82,8.715533393774555,204,28.2300392867936,33.33647627682079,86.1,56,F,1
27.0,13.3,3.5,14.0,27,25.4,33.0,77.1,68,M,1
41.5,10.001951933866229,5.526833870827833,8.1,311,29.2,33.7,94.00846834748765,26,M,0
30.9,12.749350256875191,4.76,9.6,316,30.0,33.3,88.5,46,F,0
38.4,13.1,4.15,5.3,178,31.6,34.1,89.88129171721276,48,M,0
35.249159945793416,12.0,4.0,5.8,258,29.5,33.4,96.6,33,F,1
24.2,11.44042693986055,2.52,5.9,150,27.6,35.69592520449448,84.61133272892113,62,M,1
41.0,12.2,4.02,3.9,257,30.3,33.33647627682079,92.0,102,F,0
34.3,11.6,4.11,5.7104499431011515,249,28.2,31.234931983671757,76.2,66,M,1
42.1,6.8,3.49,10.2,257,32.41354124858412,29.7,88.4,56,F,0
33.7,12.749350256875191,3.800733472810022,6.9,320,29.6,32.0,92.3,28,M,0
33.2,11.2,7.86,2.5000479323168374,250,32.3,33.7,95.7,93,F,0
26.7,8.5,3.65,8.5,228,23.3,31.8,73.2,3,F,1
37.0,12.5,4.4050004909365805,4.658437751513573,258,30.0,33.47417021804394,74.07809120958461,53,F,1
36.410397067805775,12.7,4.22,10.6,309,29.6284945749699,35.2,85.5,46,M,0
38.22611060743427,9.490544750109873,3.04,13.8,202,31.3,32.6,95.7,38,M,1
48.1,16.5,4.484925594770824,4.8,238,19.9,34.3,87.8,62,M,0
47.22980469089778,11.4,4.544802055001511,9.3,522,27.1,33.3,81.2,5,M,0
30.994951179699466,11.029214571918162,4.72,-9.141929426204593,232,25.02891405667801,32.4,82.4,17,F,1
37.0,8.9,4.22,8.715533393774555,200,31.5,32.4,84.61133272892113,40,M,0
