age,sex,bmi,children,smoker,region,charges
28,female,42.13,0,yes,southeast,39611.7577
56,male,26.125,0,no,northeast,1708.92575
21,male,31.02,0,yes,southeast,16586.49771
51,male,33.33,3,no,northeast,4673.3922
41,female,33.06,1,no,northwest,7749.1564
39,female,20.35,2,yes,southeast,24520.264
27,female,32.585,3,no,northeast,4846.92015
56,male,31.35,0,no,northwest,23652.611107584245
33,male,47.74,5,no,northwest,16246.267320486786
33,male,24.31,5,yes,southeast,13761.941894595984
32,male,26.500251212756858,1,no,southeast,4347.02335
23,male,32.7,1,yes,southwest,979.7713034996359
18,female,31.35,0,no,southwest,4561.1885
53,female,30.66339686098655,1,no,northeast,5148.5526
18,male,39.6,0,no,southwest,20048.939108264138
43,female,17.465293613268177,1,no,southwest,40941.2854
64,male,39.16,1,no,southeast,14418.2804
63,female,35.2,1,no,southeast,13270.422265141257
46,female,34.7,4,yes,southeast,20885.645809503865
22,male,32.395,1,no,northeast,18903.49141
39,female,32.23,1,no,southeast,13270.422265141257
27,female,43.89,2,yes,southeast,46200.9851
27,male,29.15,0,yes,southeast,18246.4955
35,male,37.94931087942372,1,no,southeast,13270.422265141257
17,male,40.185,0,no,northwest,3201.24515
27,male,24.1,1,no,southwest,9748.9106
63,male,30.69,1,no,southeast,5976.8311
21,male,23.21,0,no,southeast,11837.16
60,female,30.66339686098655,0,no,northeast,30259.99556
19,male,25.555,1,no,southeast,9425.466207215759
60,male,30.66339686098655,0,no,northeast,3268.84665
60,male,36.385,2,no,southeast,4686.3887
36,male,28.595,3,no,northwest,6548.19505
46,male,22.589146255927886,0,no,northwest,-5980.601465691929
54,male,33.0,4,no,northwest,5855.9025
38,female,30.66339686098655,2,no,northeast,11538.421
39,male,46.53,1,no,southeast,48517.56315
49,male,24.86,0,no,southeast,13270.422265141257
39,male,35.2,2,yes,southeast,2007.945
60,female,27.865318425895328,0,no,northeast,13228.84695
39,female,30.66339686098655,1,no,northwest,8428.0693
53,female,24.636652062168057,1,no,southwest,8823.279
26,male,34.190350802300344,2,no,southeast,7731.85785
44,male,19.763799363099714,1,no,southeast,13270.422265141257
52,male,30.25,4,yes,northwest,2974.126
39,male,34.105,0,no,northeast,43254.41795
54,female,35.815,3,no,northwest,12495.29085
45,female,45.54,1,no,northwest,3981.9768
17,female,28.00646864232813,0,yes,southwest,2020.177
31,female,37.05745236164043,0,no,southeast,3761.292
54,male,28.88,0,no,southeast,6309.566323202358
32,male,36.4,1,no,southwest,14874.036861759132
