age,sex,bmi,children,smoker,region,charges
27,male,32.49,1,no,northeast,7749.1564
31,male,22.1,0,no,northwest,10577.087
29,male,38.94,1,no,southeast,3471.4096
39,female,37.905,3,no,southeast,-8283.043688755515
59,male,34.485,3,no,southwest,25022.953704838495
37,female,37.7,0,no,southwest,48824.45
40,female,35.9,2,no,southwest,2523.1186748389227
27,male,30.66339686098655,0,no,southwest,2494.022
39,female,23.7,1,no,southeast,-6048.113117221636
37,female,26.6,0,no,southwest,6112.35295
39,male,36.1,3,no,southwest,3847.674
52,female,30.66339686098655,3,no,southeast,12094.478
54,male,30.66339686098655,0,no,southwest,2866.091
62,male,30.66339686098655,0,no,southeast,13270.422265141257
18,female,35.8,1,no,southeast,13270.422265141257
28,male,31.68,0,yes,southeast,7325.0482
26,male,29.15,1,no,southeast,16890.775888202257
23,male,44.275712553225645,3,no,southeast,13270.422265141257
24,male,31.18049784994353,0,no,southeast,1981.5819
56,male,34.105,1,no,southwest,47896.79135
33,male,30.66339686098655,2,yes,southwest,4891.1287656571785
59,male,28.67081005848748,2,no,southeast,12925.886
61,female,34.8,1,yes,southeast,6196.448
43,female,22.797651595460138,0,no,northeast,34672.1472
42,female,29.48,2,no,southeast,7640.3092
18,male,40.26,0,no,southwest,1634.5734
45,male,31.79,1,yes,southeast,17929.30337
42,female,20.9,5,no,southwest,7146.527791261137
52,male,23.236602336697572,1,no,northwest,5125.2157
37,female,27.74,3,yes,northwest,7281.5056
30,female,30.342061779501172,0,no,northeast,3554.203
8,female,28.6,5,no,southeast,15154.88253443444
44,female,32.34,1,no,southeast,7633.7206
23,male,39.6,0,no,southwest,26080.86566804169
58,female,22.77,1,no,southeast,11833.7823
19,female,31.825,1,no,northwest,12925.886
28,female,30.0,1,no,southwest,3766.8838
49,male,23.18,2,no,northwest,10156.7832
21,female,31.065,0,yes,southwest,34254.05335
9,female,27.6,0,no,southeast,10923.9332
39,female,20.46865445108731,1,no,southeast,11674.13
47,male,29.37,3,no,northwest,1391.6550719157485
54,female,32.3,1,no,northeast,11512.405
94,male,27.5,4,yes,southeast,14210.53595
29,male,31.6,0,yes,southwest,9850.432
54,female,38.72360727753214,0,no,northeast,18955.22017
62,female,38.095,2,no,northeast,15230.32405
36,male,41.28640208127529,0,yes,southeast,38709.176
42,male,23.275005841476283,0,no,southwest,13270.422265141257
54,female,42.75,1,yes,southeast,40904.1995
39,male,27.6,1,yes,southwest,13270.422265141257
