age,sex,bmi,children,smoker,region,charges
24,female,27.6,0,no,southwest,15249.258853462876
25,female,33.155,1,no,northeast,22831.83064161052
47,female,30.66339686098655,3,no,southeast,23401.30575
57,female,31.16,0,no,southeast,10381.4787
59,male,27.5,1,no,northwest,12333.828
55,male,29.7,2,yes,southwest,11881.358
48,female,36.005,1,no,southeast,13228.84695
38,male,30.66339686098655,2,no,southeast,3659.346
42,female,25.3,1,no,southwest,7045.499
64,male,31.46,1,no,northeast,11488.31695
55,male,35.245,4,no,southeast,13270.422265141257
39,female,31.635,1,no,northwest,-12944.530612525345
48,male,33.74163159897995,1,no,northeast,3268.84665
33,female,30.66339686098655,2,no,southeast,5375.038
39,female,30.685,2,yes,northwest,8310.83915
52,male,32.205,3,no,northeast,14410.9321
53,male,28.88,0,no,northwest,9869.8102
40,male,37.335,2,no,southeast,5989.52365
23,female,31.065,0,no,northeast,4347.02335
45,female,30.3,2,no,southwest,2632.992
52,female,32.28514853338883,2,no,southwest,10806.839
40,female,33.0,4,yes,southeast,3190.70008270971
32,male,28.595,0,yes,northeast,1297.1849304349084
39,male,27.7,2,yes,southwest,13270.422265141257
28,female,29.92,1,no,northeast,3392.9768
45,male,22.895,2,no,northwest,21098.55405
55,male,23.655,0,no,southeast,10807.4863
54,male,25.46,2,no,southeast,25517.11363
56,male,23.381080268449658,0,no,northeast,11165.41765
39,female,22.811032813350717,2,no,northwest,13270.422265141257
39,female,37.07588360005444,2,no,northeast,18328.2381
49,female,30.66339686098655,5,no,southeast,30009.993781852143
38,male,39.27,2,no,southwest,4673.3922
24,female,25.27,0,no,northeast,13063.883
60,female,30.81148967533617,2,yes,northwest,13270.422265141257
38,female,21.12,1,no,southeast,6652.5288
53,female,34.105,0,no,northwest,43254.41795
21,female,30.4,0,yes,southwest,14001.1338
34,male,30.495,0,no,southeast,3935.1799
20,male,38.19,0,no,southeast,-4054.6232740372325
47,male,30.66339686098655,3,yes,southeast,24915.22085
23,male,38.860303769769175,3,no,southwest,13270.422265141257
46,female,24.97,-1,no,southeast,8444.71104010954
80,male,26.29,0,no,northeast,13974.45555
57,male,34.21,1,no,northwest,4293.433140795212
53,female,18.304628214785456,0,no,northeast,23244.7902
53,male,27.8,-1,no,southeast,11374.443396174414
46,female,32.3,2,no,southeast,9411.005
25,male,30.36,1,yes,southeast,6203.90175
19,male,24.29052965865042,0,yes,southeast,47269.854
42,female,29.48,2,no,southeast,7640.3092
53,male,44.3252099812664,2,yes,northwest,62592.87309
