,synth,train,val,test,synth_value,real_value,jsd,wasserstein,diff_corr,dcr_rf,nndr_rf,dcr_rr,nndr_rr,dcr_ff,nndr_ff
0,0\synth.csv,0\train.csv,0\val.csv,0\test.csv,0.1314958936615317,0.13398266962982563,0.028500650667300342,0.008249295180915241,0.2263795635229167,0.006522833712958004,0.04716840461394503,0.09130767063792977,0.24633357080973978,0.004147326327052392,0.021184195434342627
1,1\synth.csv,1\train.csv,1\val.csv,1\test.csv,0.14052342908817828,0.14154374891637833,0.019512333624367807,0.011928499652812992,0.24009875964575192,0.007508673527703652,0.05005969826623388,0.08166376557959076,0.22431853633651205,0.0039055689990752374,0.026389610721361634
2,2\synth.csv,2\train.csv,2\val.csv,2\test.csv,0.1436093599750683,0.142860043225167,0.023138885727172227,0.01026833288990573,0.35685755267074354,0.006723332781242777,0.0409461853621446,0.08570482848700434,0.2175863521008934,0.005037443214506859,0.03840662035099739
3,3\synth.csv,3\train.csv,3\val.csv,3\test.csv,0.13389778807338726,0.14403738191764737,0.016841986994902525,0.008519112991955277,0.3062976425245019,0.0051483789544327085,0.04080448470655603,0.08949106528440576,0.2628329164779755,0.0040859612309094295,0.022726314653226727
4,4\synth.csv,4\train.csv,4\val.csv,4\test.csv,0.12666263427988433,0.13051409269684777,0.006792801178201025,0.009117884543429777,0.2966441095335841,0.006346024238446268,0.0455327942572068,0.09075478109033544,0.2358448385203547,0.006025786663151345,0.04332931860871249
