age,sex,bmi,children,smoker,region,charges
51,male,32.3,1,no,southeast,9964.06
39,male,18.05,2,no,northwest,13405.3903
61,male,22.04,0,yes,southeast,13616.3586
35,female,31.35,1,no,northeast,7050.642
41,male,31.6,0,no,southeast,13270.422265141257
18,male,21.217452717774872,0,yes,southeast,13945.331435881819
55,male,39.04155389847574,0,yes,southwest,10214.636
56,female,30.04082904938988,0,no,northeast,5412.294866634051
18,male,26.79,1,no,southeast,1121.8739
42,male,41.47,1,yes,southeast,9875.6804
22,male,30.4,0,no,southeast,54109.99486787094
26,male,21.94529627530155,5,yes,northeast,4564.19145
39,female,34.105,0,no,southeast,58571.07448
35,female,38.02010307410141,2,no,northwest,6402.29135
18,male,38.28,0,no,northwest,6112.35295
43,female,24.415,5,no,northwest,11237.917508026436
39,male,38.94,1,no,southeast,3471.4096
53,female,25.9,1,no,southwest,5472.449
39,male,32.11,2,no,northeast,25333.33284
23,female,34.96,3,no,northwest,13270.422265141257
54,female,35.9,0,yes,southeast,41999.52
39,female,22.8,1,no,northeast,7985.815
24,male,25.27,0,no,northeast,3044.2133
51,female,23.7,0,no,southeast,5415.6612
39,male,23.32,1,no,northwest,1711.0268
33,male,22.135,0,no,northeast,13270.422265141257
91,male,39.347027686444775,1,no,southwest,20318.877538275112
31,female,36.575,0,yes,southeast,8671.19125
21,male,26.03,-2,no,northeast,2102.2647
19,male,37.09726368140546,0,no,southwest,1743.214
42,male,26.9,0,no,northeast,4744.893997828134
40,male,30.66339686098655,3,no,southeast,7682.67
47,male,35.97,1,no,southeast,5974.3847
50,male,39.48054030951622,1,no,southeast,13270.422265141257
58,male,30.305,0,no,southwest,11938.25595
48,male,49.67569501046737,0,no,southeast,-3993.82109628123
44,female,23.21,2,no,southeast,4189.1131
41,female,34.1,3,no,southwest,1075.9413635250803
48,female,25.74,1,no,northeast,3756.6216
36,male,38.095,1,no,southeast,5662.225
18,male,34.43,0,yes,southeast,33900.653
22,female,30.66339686098655,1,no,northwest,2362.22905
18,female,29.3,2,yes,southeast,13635.6379
61,male,35.86,0,no,southeast,46599.1084
36,male,30.66339686098655,3,yes,northeast,6025.616252466612
18,male,28.3131277382003,1,no,northeast,4058.71245
61,male,30.66339686098655,0,no,southeast,13270.422265141257
25,female,32.68,0,no,southeast,10923.9332
44,female,32.775,2,yes,northwest,5327.40025
39,male,26.07,1,no,southeast,9644.2525
47,female,23.6,1,no,northeast,8539.671
62,female,30.66339686098655,-1,no,southwest,-2220.089040447394
