haematocrit,haemoglobins,erythrocyte,leucocyte,thrombocyte,mch,mchc,mcv,age,sex,source
37.8,13.4,4.227534014922831,6.5,234,30.9,34.4,87.34365103406127,28,M,0
44.7,14.9,5.12,9.1,583,29.21618085594095,34.2,87.6,30,M,0
38.22611060743427,12.8,4.68,9.4,431,20.9,35.683773948289456,84.61133272892113,45,M,0
27.878615446445586,9.723975011783661,3.19,9.770268129374962,209,26.9,34.5,95.3,78,M,0
28.4,12.5,4.03,2.2,50,23.5,33.1,93.8,51,M,1
42.7,14.224790676004213,4.684633364439149,6.3,261,29.6,33.5,88.53899095423886,39,M,0
48.6,15.9,5.71,10.3,485,27.8,32.7,85.1,17,F,0
30.5,10.9,3.53,17.2,369,30.9,35.7,86.4,81,M,1
37.4,12.7,4.61828947937516,5.746631367922197,145,27.7,34.0,81.7,29,M,1
40.4,13.2,4.544802055001511,-2.622921407033841,282,28.2300392867936,33.2,80.5,34,M,0
33.6,6.831804117915939,5.28,10.9,258,22.1,33.91694047358632,74.2,21,F,1
35.3,11.9,4.33,5.8,124,32.9,33.7,79.7,55,F,1
37.7,13.4,3.9012810871030803,8.4,284,31.2,35.5,87.9,63,M,0
36.5,12.2,4.87,8.715533393774555,434,28.315698850269023,33.4,89.2,35,F,1
29.3342486461147,5.8,4.43,8.4,258,28.2,34.9,77.4,46,M,0
34.8,12.749350256875191,4.87,16.7,413,24.4,33.3,75.01631094030569,3,M,0
36.8,12.4,3.95,0.40319301626170834,175,27.53590953281011,33.7,93.2,75,F,0
31.9,11.2,3.87,9.0,274,34.52602136180924,34.948912413216405,82.4,86,M,1
15.3,12.749350256875191,4.544802055001511,18.1,527,30.7,30.2,87.3,50,M,0
28.418254908537023,10.5,4.16,4.7,473,33.3,34.4,96.9,48,F,1
29.9,8.5,3.66,13.2,130,28.2300392867936,33.33647627682079,81.7,46,M,0
38.22611060743427,11.80932671304922,4.99,10.0,213,29.1,33.2,87.6,46,M,0
36.8,12.0,4.35,9.6,280,27.6,32.6,81.0262945557016,77,M,1
33.775110466453405,11.5,5.36,17.4,256,21.5,32.52252528600594,67.2,28,F,0
44.6,14.7,4.99,8.715533393774555,378,29.5,33.0,84.61133272892113,80,M,1
39.0,17.2,4.57,5.5,124,26.9,33.33647627682079,82.7,32,F,0
