age,sex,bmi,children,smoker,region,charges
54,female,24.605,1,no,northwest,5011.1998170073175
45,male,20.8,0,no,northeast,2302.3
20,male,23.05376993938222,0,no,northwest,33475.81715
18,female,37.29,1,no,northwest,2200.83085
24,female,25.27,1,no,southeast,3044.2133
18,male,28.5,0,no,northeast,1712.227
39,female,24.605,2,no,northeast,6393.60345
18,male,29.355,1,no,southeast,1719.4363
56,female,26.6,1,no,northwest,12044.342
55,male,30.8,0,yes,southwest,35491.64
39,male,36.6,5,no,southeast,37607.5277
17,male,25.745,2,no,northeast,13270.422265141257
4,female,20.3,0,no,southeast,13270.422265141257
64,male,24.3,3,yes,southwest,-8832.48645361071
19,female,27.9,0,no,southwest,14853.83789388368
22,male,28.05,0,no,southeast,10422.91665
58,male,33.4,0,no,northeast,11944.59435
40,female,29.37,1,no,northwest,21259.37795
47,male,36.956022344850496,3,no,southeast,27936.247874160374
57,male,30.66339686098655,1,no,northeast,14394.39815
24,male,35.86,0,yes,northeast,1986.9334
60,male,22.121011290373353,0,no,southwest,48173.361
36,male,24.415,4,no,northeast,11520.09985
35,male,27.36,1,no,northeast,17178.6824
25,male,22.378281397811104,0,no,northwest,30166.61817
24,male,30.66339686098655,0,yes,southeast,35147.52848
