haematocrit,haemoglobins,erythrocyte,leucocyte,thrombocyte,mch,mchc,mcv,age,sex,source
36.9,9.2,4.69,1.9,108,25.4,32.3,78.5,47,M,1
45.2,15.2,5.31,8.715533393774555,110,28.6,33.6,85.1,55,M,0
42.7,12.6,4.77,7.6,316,28.9,32.3,89.5,69,M,1
31.718030425075,11.8,4.06,10.0,265,29.1,34.4,84.5,46,M,0
27.8,14.2,2.75,12.8,306,25.4,31.865184454381673,93.6,24,M,0
35.6,11.8,5.659849826499668,7.8,195,27.3,33.33647627682079,85.2,27,M,1
44.5,14.7,4.544802055001511,8.5,258,29.3,33.6,88.8,32,F,1
35.1,11.218728936939813,4.65,6.3,428,25.4,33.0,75.5,1,F,0
25.4,8.2,2.87,4.9,55,28.6,36.85219935240908,88.5,69,F,0
35.0,12.3,3.89,7.6,230,30.35744238275255,35.1,63.783837939425766,42,F,0
45.1,10.9,4.10538838892084,4.134861592196094,220,25.6,33.0,77.5,38,F,1
37.9,12.140566427232367,4.28,7.3,212,30.2502009477379,32.7767868665311,88.6,46,F,0
25.5,9.572456862903444,2.96,36.0,444,30.05464109395632,26.0,81.94957424579508,99,F,1
45.4,15.9,4.544802055001511,2.7,258,30.0,35.0,84.61133272892113,23,M,1
41.7,14.4,4.311966372914998,5.4,263,31.0,33.33647627682079,98.5,34,M,0
27.2,8.0,2.68,5.0,28,29.9,33.6,84.61133272892113,35,M,0
40.17829971172987,12.1,4.29,11.55828561296864,143,30.0,33.3,83.12976051543617,80,M,1
38.22611060743427,12.749350256875191,5.0,7.3,289,27.6,32.6,84.6,22,M,0
28.56191858566216,8.1,5.32,8.715533393774555,105,26.582761619242625,36.0,82.7,70,M,0
31.596405452120045,11.704431156780354,6.642116042699843,7.2,242,29.6,36.5,81.1,64,F,0
40.8,9.3,5.37,10.734747875750678,262,21.1,33.855305296739836,76.0,9,F,0
33.0,14.5,5.06,9.549448383066323,128,28.2300392867936,32.2,60.3,44,M,1
29.8,12.749350256875191,3.41,8.0,232,29.0,32.5,86.13001854759867,62,M,1
38.22611060743427,11.7,4.61,12.2,439,31.3,31.8,79.8,1,M,0
44.8,15.6,4.42,9.3,348,29.7,34.8,82.4,20,M,0
43.3,14.8,2.72,1.3,315,28.2300392867936,34.2,81.4,86,M,0
