age,sex,bmi,children,smoker,region,charges
42,female,24.985,2,no,southeast,1731.677
18,male,28.31,1,no,northeast,11272.33139
45,male,31.417084839664522,3,no,northeast,46255.1125
27,female,33.66,0,no,southeast,2498.4144
36,male,29.04,1,no,southwest,7243.8136
42,male,20.6,2,yes,northeast,39125.33225
48,female,39.23299115728415,0,yes,southeast,8283.6807
37,male,21.81875554412151,1,yes,southwest,38344.566
24,male,26.79,1,no,northwest,12609.88702
39,male,21.375,0,no,northwest,11132.871935541503
36,male,30.875,1,no,southeast,5521.195395180757
60,male,33.11,3,yes,southeast,13270.422265141257
0,female,32.775,0,no,northeast,8017.06115
36,male,27.55,3,no,southwest,6746.7425
19,female,35.4,0,no,southwest,2302.3
37,female,34.8,2,no,southwest,39836.519
40,male,35.8,0,no,southwest,7160.094
20,female,30.66339686098655,2,no,southeast,-9181.768518569497
48,female,39.5,3,no,southwest,13270.422265141257
32,male,24.6,0,yes,southeast,17496.306
19,male,30.66339686098655,1,no,northwest,-1406.19121753559
44,male,35.625,5,no,northeast,12829.4551
31,female,29.1,0,no,southwest,3761.292
38,male,26.965176870761915,0,yes,southeast,5383.536
58,female,28.215,0,no,northwest,12224.35085
39,male,38.17,0,no,southwest,1631.6683
