age,sex,bmi,children,smoker,region,charges
41,male,30.66339686098655,3,yes,northeast,16115.3045
39,male,30.02,0,no,southeast,13270.422265141257
20,female,29.6,0,no,southwest,1875.344
47,male,31.13258172552507,3,yes,southwest,-3325.1059815862827
20,female,28.401761001068017,3,no,southeast,36950.2567
45,male,29.735,2,no,northwest,13270.422265141257
58,male,35.984784803559236,1,no,southeast,13270.422265141257
57,male,28.1,0,no,southwest,3888.7520921778587
57,female,31.825,1,no,northwest,21632.471730877398
18,male,31.79,0,no,southeast,1137.4697
55,male,32.8057272713403,3,no,southeast,11987.1682
52,male,35.31,2,no,southeast,18806.14547
57,female,20.893713126078666,0,no,northeast,29523.1656
45,male,25.175,2,no,northeast,9095.06825
39,male,32.59044358206186,0,no,southeast,5245.2269
63,female,30.115,0,yes,northeast,6314.842507554362
39,female,34.58,2,no,northeast,13270.422265141257
60,male,22.23,3,no,southeast,19749.38338
53,male,28.9,1,no,southwest,12146.971
32,male,35.2,0,no,southeast,4670.64
25,male,24.985,2,no,southeast,13270.422265141257
18,male,29.37,2,no,southwest,-9175.019409604125
34,male,27.835,1,yes,northwest,14692.66935
41,female,46.2,3,no,northeast,12626.098775046787
38,male,37.05,0,no,northwest,6079.6715
19,male,30.66339686098655,0,no,northwest,2136.88225
63,female,20.79,0,yes,southeast,14256.1928
18,male,38.17,0,yes,southwest,36307.7983
24,female,39.52,5,no,northwest,6948.7008
19,male,30.59,0,no,southwest,1639.5631
41,male,27.965059019344263,0,no,northwest,30184.9367
40,female,28.31,6,no,southeast,14478.33015
59,male,29.83,0,no,northwest,13555.0049
63,male,37.7,0,yes,southeast,2201.0971
28,male,26.7,4,no,northwest,3277.161
38,male,19.475,1,no,northwest,6933.24225
64,female,32.965,0,no,northwest,20009.63365
39,male,30.66339686098655,0,no,southwest,11842.62375
50,male,32.11,2,no,southeast,25333.33284
32,female,30.9,3,no,southwest,5325.651
34,female,30.612910777202956,1,no,northeast,29115.605810308985
32,female,23.94,1,yes,northwest,6858.4796
18,male,30.66339686098655,0,no,southeast,13887.204
48,female,35.91,1,no,northeast,12602.341768433651
33,male,25.52,1,yes,northeast,30840.9124095022
60,female,29.29659652405561,3,yes,northeast,5969.723
39,female,27.83,1,no,northwest,12493.544378507106
40,male,29.778019892566075,6,no,southeast,14474.675
9,male,26.03,0,no,northeast,2102.2647
60,female,40.92,1,no,southeast,48673.5588
39,female,34.32,0,yes,southeast,63770.42801
40,female,30.66339686098655,3,no,northeast,8252.2843
