age,sex,bmi,children,smoker,region,charges
38,female,31.92,4,no,northwest,7419.4779
39,female,31.92,2,no,southeast,7209.4918
19,male,36.955,0,yes,northwest,19040.876
43,male,28.215,3,yes,northwest,24915.22085
24,male,33.634651096423106,0,no,southeast,13270.422265141257
26,female,29.48,1,no,southeast,3392.3652
25,male,30.2,0,yes,southwest,33900.653
39,male,32.06003767515059,0,no,southeast,2494.022
59,male,41.14,1,yes,northeast,48970.2476
47,male,37.51,1,yes,southeast,17128.42608
54,male,30.66339686098655,3,yes,southwest,25382.297
35,female,35.10415836357161,0,no,southeast,5836.5204
28,male,33.82224223973779,1,yes,northwest,17352.6803
33,male,27.1,1,yes,southwest,36219.40545
56,male,30.66339686098655,0,no,southeast,11165.41765
28,female,34.58,2,no,northwest,3925.7582
25,male,34.4,1,no,northeast,13270.422265141257
48,male,37.29,2,no,southeast,8978.1851
48,female,42.24,0,yes,southeast,2449.326630419888
24,male,29.3,0,no,northwest,1977.815
55,male,33.535,2,no,northeast,12269.68865
38,female,27.4,0,no,southwest,13270.422265141257
60,female,36.005,0,no,southwest,13228.84695
27,male,50.56314647209513,3,no,northeast,3587.2136888039304
63,male,21.85,1,no,northeast,8891.1395
27,female,42.13,0,yes,southeast,13270.422265141257
30,female,24.86,1,yes,southeast,4151.0287
22,male,37.29,2,no,southeast,4058.1161
38,female,27.74,1,no,northwest,1704.70015
45,female,40.26,0,no,southwest,12446.296946217155
42,male,33.33,0,yes,southeast,5966.8874
62,female,39.16,0,no,southeast,24791.662709154632
20,male,38.0,3,no,northeast,12622.1795
47,female,30.24853949547282,0,no,southeast,43943.8761
58,female,32.49,0,yes,northwest,2927.0647
19,female,43.4,1,yes,southwest,13844.506
18,male,31.71549642192104,1,yes,southeast,36307.7983
39,female,26.315,0,no,southeast,926.2912749409256
63,male,33.66,1,no,southeast,2200.83085
28,female,28.88,1,no,northeast,13270.422265141257
37,female,30.66339686098655,5,no,southwest,4830.63
39,male,28.215,-1,no,southeast,15161.5344
63,female,26.722379043221,0,no,southwest,14449.8544
39,male,30.66339686098655,1,no,northwest,8633.838767315845
50,female,29.3326700798739,0,no,northeast,13995.493746991993
27,male,32.585,3,no,northeast,7152.6714
42,male,25.175,2,yes,northwest,7729.64575
28,male,23.053780370586498,1,no,northeast,23288.9284
46,male,39.6,0,no,southwest,-288.0060450919518
39,female,42.13,2,yes,southeast,48675.5177
58,male,22.705,0,no,southwest,11213.12612256416
22,male,30.66339686098655,3,no,southwest,19606.158855192196
