haematocrit,haemoglobins,erythrocyte,leucocyte,thrombocyte,mch,mchc,mcv,age,sex,source
28.4,9.9,3.74,20.8,154,28.2300392867936,34.9,82.01170287156795,46,M,0
24.7,11.9,4.35,9.119796484790758,321,27.4,33.33647627682079,83.4,21,F,1
39.2,12.6,4.63,10.2,180,31.396413463268956,33.33647627682079,61.7,26,F,0
40.0,13.7,5.593479832332379,7.2,10,28.1,33.36809009553715,82.1,9,M,0
28.8,7.216158591656118,3.4,19.0,92,28.2300392867936,35.2,84.7,62,F,0
32.6,12.6,5.09,10.852245483285937,221,27.3,32.8,83.3,86,F,0
38.22611060743427,14.1,4.85,8.8,119,29.1,32.7,88.9,43,F,0
37.8,13.0,4.88,14.2,325,26.6,34.4,77.5,31,F,1
34.81824977715507,14.257945547763812,5.33,8.715533393774555,229,18.6,33.0,87.3,72,M,1
34.6,11.1,4.544802055001511,5.2,185,33.62410108345778,36.3,88.1,72,M,0
38.2,12.749350256875191,4.94,1.8064232533474964,419,25.7,33.2,77.3,63,F,1
33.953595662246656,13.0,4.287231105475739,11.5,391,25.5,33.6,76.0,-9,F,1
38.22611060743427,7.5,4.69,6.6,320,29.9,33.16111106961881,84.61133272892113,21,F,0
12.964918102864704,9.2,3.04,13.8,161,31.3,32.6,85.76223940404859,17,M,1
42.2,14.8,5.21,3.9,252,28.4,35.1,98.06294073000825,58,M,0
39.9,12.7,5.0,6.4,331,25.4,31.8,79.8,58,M,0
36.3,12.6,4.61,8.2,258,24.8,34.7,89.5,7,M,0
40.7,13.5,4.51,5.6,452,32.2,34.831822123117064,97.1,61,M,0
30.6,11.333315892829866,4.09,0.43476223155732807,346,33.4,31.4,84.61133272892113,54,F,1
34.0,12.457066362169446,4.544802055001511,5.9,258,29.8,32.95987616108123,88.1,24,F,1
39.5,13.9,4.61,21.4,294,27.467598585039603,33.0,85.7,75,M,1
45.0,15.3,5.11,8.715533393774555,130,28.4,34.0,87.7,19,M,0
38.4,11.5,4.16,12.2,397,25.471256613957177,35.3,85.281037722935,89,M,0
28.3,9.5,3.8182782486486055,4.1,207,20.6,38.4,63.5,64,M,1
39.068128653093666,12.749350256875191,1.72,5.0,217,29.1,37.8,84.3,46,M,1
38.2,8.5,2.6750491042881914,5.7,304,30.5,32.5,93.9,46,F,0
