age,sex,bmi,children,smoker,region,charges
25,female,32.23,1,no,southeast,17942.106
39,male,26.35292129463599,0,no,southwest,5453.4468623719895
19,female,30.66339686098655,1,yes,southeast,2927.0647
21,female,17.955,2,yes,southwest,4625.408674471024
59,male,37.1,1,no,southwest,12347.172
31,male,38.08199707897116,0,yes,northwest,3757.8448
46,male,40.49362267458188,0,yes,southeast,13270.422265141257
50,male,27.36,2,no,northeast,25656.57526
28,male,35.435,0,no,southeast,13270.422265141257
61,female,29.92,3,no,southeast,30942.1918
37,male,37.31556573916305,1,yes,northeast,13270.422265141257
39,male,35.843661933567226,0,no,southeast,7441.501
18,male,24.605,0,no,southeast,1149.3959
26,male,26.885,0,no,southwest,15662.200807026122
47,male,25.46,2,no,northeast,29531.348892683323
59,male,25.7,3,no,southwest,4403.915774564926
20,male,29.26,1,yes,northwest,10736.87075
37,female,28.05,0,no,northeast,2155.6815
28,female,23.085,0,yes,northeast,29483.310456167346
27,female,26.505,4,yes,southwest,18218.16139
39,male,22.705,2,no,northeast,7173.35995
7,male,25.212918305521548,5,no,northeast,4500.33925
44,male,25.252930345114457,1,no,southeast,13270.422265141257
50,male,35.42,1,no,northeast,10141.1362
48,female,33.11,0,no,southeast,35288.667999062185
22,male,52.58,1,yes,southeast,44763.055258812456
29,male,22.895,0,yes,southeast,16138.76205
71,male,17.4,2,yes,southeast,47269.854
48,male,30.66339686098655,0,no,southeast,14478.33015
39,female,34.21,1,no,southeast,5245.2269
39,male,32.8,1,no,southwest,5649.715
39,female,38.17,2,no,northwest,15068.703634396388
61,male,39.1,2,no,southwest,13270.422265141257
19,male,30.66339686098655,1,yes,northwest,17361.7661
29,female,20.235,2,no,southeast,4906.40965
38,male,26.965358694052316,1,yes,southwest,34828.654
21,male,27.6,5,no,southeast,1252.407
41,male,33.55,5,no,southeast,5699.8375
39,female,28.785,1,no,southeast,29330.98315
43,female,34.4,5,no,southwest,8522.003
48,male,30.529892263894986,1,yes,southeast,28287.89766
61,male,42.0411489076318,0,no,southeast,13143.86485
33,male,27.455,1,no,northwest,5261.46945
29,male,26.03,1,no,northwest,3736.4647
64,male,39.05,3,no,southeast,11392.719058157601
48,female,30.66339686098655,4,no,southwest,4350.5144
21,male,31.255,0,no,northwest,11353.2276
43,male,30.5,4,no,northwest,19199.944
29,female,30.66339686098655,1,no,northeast,2219.4451
64,female,25.6,2,yes,southwest,19361.9988
28,male,27.5,1,yes,northeast,12333.828
46,male,22.3,0,no,southwest,7147.105
