haematocrit,haemoglobins,erythrocyte,leucocyte,thrombocyte,mch,mchc,mcv,age,sex,source
55.18954291826368,15.8,5.56,8.2,278,24.1,33.1,86.31559155910023,26,M,0
38.7,13.6,4.47,10.9,248,30.4,35.1,86.6,51,F,0
41.8,11.5,3.55,12.1,187,29.3,34.0,86.4,86,M,0
31.8,10.4,3.32,8.6,193,31.3,32.7,70.94541237535176,45,M,0
40.6,13.4,4.91,7.9,65,28.2300392867936,33.0,84.61133272892113,46,M,1
47.9,13.2,5.29,4.1,113,30.4,31.7,96.1,14,M,1
42.3,14.2,4.9,10.211282262301815,327,25.0,33.96472841590167,86.3,47,M,0
48.9,14.22086758722304,4.96,8.715533393774555,410,25.0,33.1,75.6,42,M,0
38.22611060743427,14.2,4.84,8.9,268,32.4,33.7,78.8,63,M,0
43.0,14.8,5.770354300003605,9.4,278,31.2,34.4,82.38552341095581,35,M,1
38.9,14.0,4.755539181668544,7.5,130,29.5,34.4,89.4788089916735,67,M,0
33.9,10.482988021602162,3.77,11.2,209,31.3,32.58882803833645,89.9,80,M,1
33.7,6.5,4.44,7.4,448,23.9,31.5,83.3,62,F,0
43.1,12.749350256875191,4.46,7.707613704213013,258,30.045208923091312,32.5,96.6,51,F,0
45.4,17.105670159991273,5.27,7.4,400,29.0,34.5,84.3,24,F,0
42.2,13.9,4.171698595219222,3.2,189,28.2300392867936,36.1,82.6,36,M,1
44.4,7.6,5.75,9.9,315,24.9,31.5,79.0,36,F,0
40.8,13.4,4.03,12.2,249,33.3,33.331092851548426,101.2,69,F,1
39.3,13.0,3.742903201970682,15.1,200,31.240833532026997,33.79819419225577,84.61133272892113,43,M,1
39.98240786197618,13.6,4.67,21.7,459,28.439745478438304,35.0,81.1,30,M,1
38.4,10.25323083033255,5.59,4.9,254,25.0,33.33647627682079,72.3,99,M,0
31.21007999140441,12.3,4.04,8.68293446530072,105,25.0,36.4,83.7,46,M,0
40.12114311229292,12.3,4.544802055001511,3.5,258,29.6,36.0,86.1,38,F,1
38.22611060743427,12.749350256875191,4.544802055001511,8.715533393774555,244,28.20300033130824,33.5,84.2,3,M,1
39.0,12.8,4.69,15.0,588,27.3,33.33647627682079,83.2,26,F,1
41.9,14.0,6.83,-2.6118063024600104,335,30.6,33.4,91.5,62,F,0
