age,sex,bmi,children,smoker,region,charges
36,female,19.95,0,yes,northwest,5693.4305
19,female,34.7,0,no,southwest,931.839704023055
35,female,20.425,1,no,northwest,5934.3798
37,male,30.66339686098655,1,no,northeast,2304.0022
64,male,32.965,5,no,northwest,21248.029744362815
55,male,28.27,1,no,southeast,13270.422265141257
32,male,19.19,0,no,northwest,4462.7218
54,male,29.71290530786044,1,yes,northeast,48549.17835
51,male,46.961713520952046,1,no,southeast,9391.346
39,female,30.236899344345606,2,no,southeast,18307.421741343016
19,female,27.93,3,no,northwest,18838.70366
47,female,33.915,3,no,northwest,13270.422265141257
32,male,31.5,0,no,southwest,4076.497
43,male,36.67,1,no,northeast,39774.2763
61,male,38.38,0,no,northeast,12950.0712
39,female,33.06,-1,no,southwest,7749.1564
27,male,32.585,3,no,northeast,10762.751719651114
18,male,26.18,2,no,southwest,12741.16745
75,male,26.4,0,no,southeast,11743.299
1,male,33.33,0,no,northeast,3481.868
60,male,31.35,0,yes,southeast,46130.5265
51,male,34.865,3,no,northeast,6196.448
40,female,30.062546395710115,4,yes,southwest,15828.82173
39,female,30.66339686098655,0,no,northeast,9214.109027590877
19,male,34.32,0,no,northwest,1625.43375
39,male,21.85,1,yes,northeast,16115.3045
41,male,30.2916550781339,2,no,northeast,7256.7231
41,male,17.765,2,no,southwest,24806.72932297628
64,female,30.66339686098655,2,no,southwest,21880.82
39,male,34.71694906175716,0,yes,southwest,-25436.52918964177
34,female,28.16,1,no,northwest,5002.7827
45,female,35.815,0,no,southeast,7731.85785
47,male,34.675,3,no,northeast,10848.1343
31,female,36.63,1,no,southeast,16949.648637165657
58,female,23.4,1,yes,southeast,36397.576
19,male,16.382039677428562,0,no,southeast,1627.28245
52,male,34.90256740668762,1,no,southeast,6610.1097
16,male,30.66339686098655,0,no,northwest,8026.6666
39,male,31.79,5,no,southeast,13361.18877647568
33,male,31.445,0,no,southeast,21880.82
56,male,50.38,4,no,southeast,12265.5069
18,female,26.818562965781563,1,no,southwest,1720.3537
34,male,35.815,0,no,southwest,4320.41085
51,male,36.67,2,no,northwest,4518.82625
28,female,26.4,2,no,northwest,13270.422265141257
63,male,24.31,1,no,southeast,4185.0979
49,female,33.345,2,no,southeast,13270.422265141257
49,male,32.205,3,no,northeast,4673.3922
47,female,35.15,0,no,northwest,18113.060482548313
43,female,41.81904177150351,1,no,northwest,30166.61817
52,female,30.495,3,no,northwest,13270.422265141257
40,male,30.66339686098655,1,no,southeast,2020.5523
