haematocrit,haemoglobins,erythrocyte,leucocyte,thrombocyte,mch,mchc,mcv,age,sex,source
39.3,13.2,4.3,23.6,319,31.884362528545562,33.6,80.26912392377584,38,F,0
46.0,15.7,2.66,5.3,415,28.5,34.21296020242236,80.21269556227027,45,M,0
34.7,13.802793137682064,3.87,9.5,253,30.2,33.7,89.7,62,M,1
42.2,13.8,4.87,4.203471179910311,426,33.5,34.1,86.7,30,M,0
57.0,9.315887608920594,3.97,8.715533393774555,377,23.4,32.7,84.61133272892113,68,M,1
29.8,11.9,3.97,8.715533393774555,338,28.2300392867936,36.3,82.6,71,M,1
29.6,9.8,3.73,5.8,103,28.1,33.33647627682079,79.4,69,F,1
24.038838149368228,12.749350256875191,2.94,23.8,363,27.60643706010431,33.5,83.7,82,F,0
35.9,6.5,3.92,10.9,308,30.6,33.4,91.6,46,M,1
38.4,13.1,5.342892364421097,5.3,266,31.6,34.1,92.5,48,M,1
38.38042493377099,14.7,5.24,4.1,-31,26.3,33.742827924665406,84.5,44,M,0
33.3,11.4,3.59,15.9,258,32.487441214328186,34.2,56.7,16,M,1
48.7,16.9,5.6,17.1,236,30.2,34.7,84.36901464337471,36,M,1
41.2,14.6,5.25,15.688250432602322,226,25.1,31.816291021499733,87.0,12,M,0
38.22611060743427,12.7,4.5,10.8,151,29.5,32.5,78.5,46,M,1
32.8,11.056061161117247,3.7,4.0,150,26.5,34.054367979210326,84.61133272892113,72,F,1
43.3,15.2,5.254169814750822,7.9,323,29.8,35.1,84.9,45,M,0
25.4,8.3,2.82,7.9,197,29.4,32.7,90.1,74,M,0
31.9,10.7,3.49,22.3,202,29.203646577479276,34.1,91.4,88,F,0
47.0,16.0,4.797664830631164,5.0,216,24.6,34.0,88.5,49,M,0
32.8,10.2,4.544802055001511,4.704410880523902,340,28.2300392867936,31.1,59.9,52,M,0
38.3,11.314752339322087,4.22,17.8,258,29.9,32.9,90.8,80,F,0
39.59298104944146,14.4,3.611480818122468,0.8482799257652398,186,29.7,33.1,85.6,42,M,0
38.22611060743427,12.749350256875191,4.81,5.9,220,30.1,33.33647627682079,61.5,36,M,0
32.51764729078382,10.6,4.544802055001511,8.6,296,21.9,31.5,69.6,3,M,0
42.0,15.8,1.72,10.1,272,28.9,35.2,75.80341041765772,21,M,0
