age,sex,bmi,children,smoker,region,charges
38,male,24.64,2,no,southwest,6571.544
23,male,34.96,3,no,southwest,4466.6214
51,male,33.33,2,no,northeast,10560.4917
45,male,27.5,3,no,southeast,-2077.543733032988
43,female,38.06,1,yes,southeast,13270.422265141257
18,female,38.89573961114328,0,no,northwest,10942.13205
56,male,32.68,1,no,southeast,10577.087
39,male,32.775,3,no,northwest,11289.10925
49,male,30.66339686098655,1,no,northeast,9288.0267
43,male,30.7433608375278,3,no,northwest,6796.86325
52,female,23.18,0,no,northeast,10197.7722
38,male,28.4,1,yes,southeast,17509.770293459595
19,female,39.82,0,no,southeast,9500.57305
60,female,28.7,1,no,northwest,13270.422265141257
52,male,33.351340816189754,2,yes,southwest,10806.839
28,male,33.0,3,no,southeast,11013.7119
35,male,36.67,1,yes,northeast,39774.2763
30,female,25.2,0,no,southeast,11837.16
31,male,30.66339686098655,5,no,southeast,4463.2051
25,male,26.695,4,no,northwest,16464.039934082888
63,female,31.35,3,no,northeast,12622.1795
39,male,34.865,0,no,southeast,2899.48935
34,male,34.675,0,no,southeast,4518.82625
51,female,33.3,0,no,southwest,23976.508813144937
54,female,22.1,0,no,northwest,10923.9332
58,female,22.019067850557896,2,no,northwest,2134.9015
