age,sex,bmi,children,smoker,region,charges
49,female,25.317024598099362,0,no,southeast,-1917.7980420036447
26,female,22.23,1,no,northwest,3176.2877
47,female,30.66339686098655,0,no,southwest,10355.641
60,male,35.1,1,no,southwest,12500.660531713282
31,female,40.3,0,no,southeast,791.7913152153524
39,male,37.51,5,no,northwest,9304.7019
42,male,26.315,1,no,southeast,10928.849
53,male,26.41,1,no,southwest,11244.3769
40,male,26.315,0,no,southeast,6389.37785
35,male,34.32,3,no,southeast,5934.3798
53,male,23.6,1,no,northeast,8539.671
57,male,28.89987625988555,0,no,southwest,4454.40265
43,male,28.215,0,yes,southwest,37829.7242
50,male,26.6,1,no,northeast,8444.474
77,female,33.82,2,no,northwest,40182.246
33,male,30.495,2,no,northwest,8413.46305
39,female,27.93,0,no,northwest,18838.70366
31,female,27.8,0,yes,northwest,12224.35085
34,male,41.40023922434579,0,no,northeast,13270.422265141257
63,female,27.74,0,yes,northeast,29523.1656
35,male,23.94,3,no,southeast,6414.178
37,male,34.1,4,yes,southwest,12643.3778
50,male,50.38,1,no,southeast,2438.0552
54,female,31.9,1,no,southwest,13270.422265141257
64,male,30.66339686098655,3,no,southeast,16085.1275
45,female,37.79014959668324,0,no,southeast,19008.3334569881
