age,sex,bmi,children,smoker,region,charges
39,female,23.87,5,no,northeast,8582.3023
56,male,32.11,0,no,southeast,11763.0009
36,female,22.6,0,yes,southwest,18608.262
18,female,17.955,1,no,southeast,14254.6082
42,male,19.295020565675777,1,yes,southeast,4747.0529
24,male,35.86,0,no,southeast,1986.9334
12,female,21.60113186342745,0,no,southeast,3046.062
32,female,28.93,0,no,southeast,3972.9247
64,female,31.825,2,no,southeast,11674.13
49,male,22.61,4,no,northwest,9566.9909
29,male,23.655,1,no,northwest,2352.96845
39,male,37.29,1,no,southeast,14133.03775
60,male,36.005,0,no,northeast,13228.84695
63,female,38.28,0,no,northeast,2219.4451
34,male,33.25,1,no,northeast,5594.8455
38,female,34.2,2,no,southeast,19303.93713386985
53,female,24.31,3,yes,northeast,46661.4424
36,male,33.82,1,no,northwest,13270.422265141257
19,male,33.1,2,no,northeast,26356.5752869324
24,female,30.66339686098655,4,no,southeast,4561.1885
56,female,30.66339686098655,1,no,northeast,19144.57652
18,female,23.65211546035837,2,no,southwest,13270.422265141257
49,male,36.86,0,no,northeast,-4223.037312541316
23,male,20.79,3,no,southwest,3591.48
58,male,38.37752292277248,0,no,southeast,20827.272496871446
39,female,25.3,2,no,southeast,18972.495
