age,sex,bmi,children,smoker,region,charges
27,female,30.4,3,no,southwest,13270.422265141257
18,female,26.695,1,no,northwest,33732.6867
24,female,35.72,0,no,northeast,19144.57652
59,male,25.134555140845265,3,yes,southeast,11436.73815
43,male,30.115,3,no,northwest,8410.04685
39,male,30.66339686098655,2,yes,southeast,11396.9002
26,female,29.92,0,no,southeast,3981.9768
62,female,36.86,1,no,southeast,31620.00106
62,female,31.73,3,no,northwest,13270.422265141257
47,male,28.88,3,no,southeast,6748.5912
55,male,35.6,1,no,southeast,10807.4863
52,female,40.15,3,no,southwest,8556.907
57,male,45.487950094354375,1,no,northwest,11576.13
43,female,33.345,0,yes,northwest,-1309.3723150702936
40,male,25.1000311233978,0,yes,northeast,-12455.97972083894
31,male,32.34059966857312,5,no,southeast,1625.43375
28,female,33.4,1,yes,southwest,-13615.476342711641
21,male,23.21,0,no,southeast,1419.875393207918
41,male,28.31,1,no,northwest,7153.5539
33,female,38.9,3,no,southwest,5969.723
26,female,32.49,1,no,northeast,3490.5491
39,male,26.9,0,no,southwest,5972.378
19,female,31.92,0,no,southeast,2261.5688
62,male,32.965,3,yes,southwest,15612.19335
34,male,25.935,1,no,northwest,4239.89265
19,male,30.66339686098655,2,no,southwest,2913.569
