age,sex,bmi,children,smoker,region,charges
40,male,41.42,1,no,southwest,22279.641352026607
47,male,36.78834149910019,1,no,southeast,7152.6714
18,female,48.67185935720867,1,no,southeast,2219.4451
41,male,31.635,0,no,northeast,10217.553199151782
39,female,24.225,5,yes,southeast,13270.422265141257
60,male,27.93,0,no,southeast,10928.849
21,male,36.85,0,no,northwest,1534.3045
44,female,43.89,2,no,southeast,46200.9851
39,female,30.66339686098655,2,no,southeast,3393.35635
43,female,34.96,1,yes,northeast,41034.2214
40,male,41.23,1,no,northeast,6610.1097
54,male,31.9,1,no,northwest,18838.70366
61,female,28.2,0,no,southwest,13041.921
28,female,33.12292023060963,0,no,southwest,3172.018
32,male,34.166539966358776,0,no,southeast,8615.3
64,female,30.66339686098655,0,yes,northeast,43921.1837
20,male,27.3,0,no,northwest,16232.847
36,male,33.82,4,no,northeast,13745.07142630195
19,female,18.335,0,yes,northeast,13204.28565
33,female,25.4,4,no,southwest,10325.206
18,male,39.16,0,no,southeast,1633.0444
39,male,29.81,2,yes,southeast,19783.653582961306
32,male,29.8,2,no,southwest,5152.134
19,female,24.51,1,no,northwest,13270.422265141257
31,male,24.97,0,yes,southeast,19350.3689
51,male,39.425,3,no,southwest,8798.593
