haematocrit,haemoglobins,erythrocyte,leucocyte,thrombocyte,mch,mchc,mcv,age,sex,source
35.0,10.9,5.94,12.945661506953126,323,23.1,33.682114870349395,84.2,51,M,0
34.4,12.488790364660181,4.14,5.0,279,26.8,32.3,83.1,23,M,0
45.8,15.1,4.298132802925159,7.0,275,28.2,33.0,85.4,28,M,0
32.2,11.1,3.2632459547772377,9.2,359,31.5,34.358923552708355,91.5,46,M,0
38.22611060743427,13.306763342399224,2.95,7.3,390,28.8,33.5,86.1,43,M,0
44.722937852373754,13.5,4.87,13.5,319,29.194061723436793,34.5,80.3,43,M,0
30.6,10.2,2.7896199703186033,10.4,252,27.90236334793971,33.33647627682079,93.0,54,F,1
62.454749420876226,10.8,7.35,6.1,12,23.9,32.0,68.1,25,M,0
35.6,5.0,5.57,-4.131136601008772,201,28.2300392867936,31.5,63.9,46,M,1
27.6,9.2,3.17,8.715533393774555,482,29.0,33.3,87.1,69,F,0
47.7,16.0,5.75,15.9,194,27.8,33.5,84.61133272892113,29,F,0
46.7,14.2,5.54,4.4,140,25.6,34.31232976059155,84.61133272892113,6,M,0
43.452817378762944,14.7,4.544802055001511,3.7,134,28.4,35.3,85.28548165470833,54,M,0
40.00582092883391,10.9,3.87,7.8,320,23.467301749208254,33.5,90.3627147228832,57,F,0
35.9,12.5,3.99,14.869393448659283,169,31.3,35.0,90.0,73,M,0
42.8,14.8,4.852453268665437,7.6,258,32.14076162096003,33.33647627682079,87.62517916988683,52,M,0
42.5,12.749350256875191,5.19,11.9,231,26.1,32.3,80.9,23,M,1
38.22611060743427,12.7,4.4,8.4,299,28.9,34.9,82.7,75,M,1
51.9,12.749350256875191,4.57,7.9,245,28.2300392867936,33.5,87.4,22,M,1
44.5,14.6,5.18,4.5,288,28.2,37.4,85.9,21,M,1
46.2,15.0,5.66,5.1,258,29.4,32.9,66.3,22,M,0
42.9,15.2,5.11,5.2,294,22.6,34.8,84.0,24,M,1
42.0,12.0,4.16,2.696691369615152,365,28.8,32.8,88.0,92,F,0
42.0,15.404219506868609,4.99,4.5,237,28.7,30.2,76.6,32,M,0
40.6,16.653205816884512,4.61,8.715533393774555,-94,31.9,34.6,77.37705084030759,52,M,0
37.6,12.2,4.544802055001511,12.5,307,27.7,31.078403652937514,85.3,52,F,0
