age,sex,bmi,children,smoker,region,charges
39,female,22.515,3,yes,southeast,18223.4512
40,male,35.3,3,yes,southwest,-6718.701512734773
43,female,25.08,0,no,southeast,7325.0482
56,female,29.04,0,no,northeast,11070.535
39,male,24.795,1,no,southeast,13041.921
30,male,29.64,2,no,southwest,31124.188869000314
21,male,33.63,0,no,southeast,34146.465969855526
34,female,19.0,3,no,southeast,6753.038
24,male,31.79,1,no,southeast,17929.30337
26,female,29.9,0,no,southeast,22462.04375
20,male,31.79,2,no,southeast,3056.3881
21,female,35.72,2,no,northwest,2404.7338
10,female,36.955,1,no,northwest,36219.40545
47,female,33.345,0,yes,southwest,13270.422265141257
28,male,40.5,0,yes,southeast,7144.86265
47,male,30.66339686098655,1,no,southeast,42969.8527
36,male,26.03,1,yes,northwest,16450.8947
28,male,38.06,0,no,southeast,13270.422265141257
26,male,32.3,2,no,southeast,9892.404940440612
29,female,18.41277632295067,2,yes,northwest,11272.33139
45,male,30.66339686098655,1,no,southeast,20103.376651056362
32,male,35.53,1,yes,northeast,9414.92
50,male,27.975643170430846,2,no,southeast,4266.1658
60,female,24.035,0,no,northwest,13012.20865
39,female,21.47,1,no,northwest,12475.3513
51,male,24.415,4,no,northwest,11520.09985
19,female,31.68,0,no,southwest,1759.338
38,male,23.87,1,yes,southeast,13270.422265141257
35,male,30.66339686098655,3,no,northeast,3481.868
42,female,26.667116962168265,1,no,northeast,4048.1162706990617
23,male,34.2,2,no,southwest,-8800.152948038105
58,female,34.8,2,no,southwest,36349.30844322319
46,male,32.79646978857941,2,yes,southeast,13270.422265141257
-4,female,21.559346633604555,0,no,northwest,13270.422265141257
46,male,39.425,1,no,southeast,8342.90875
61,female,35.815,2,no,southeast,7731.85785
56,female,35.75658221207684,0,no,northwest,10942.13205
47,male,36.2,3,no,southwest,1682.597
48,female,24.09,3,yes,southwest,24180.9335
36,male,20.089056566840632,0,no,southwest,4883.866
40,female,30.66339686098655,3,yes,northwest,46130.5265
39,male,42.211718180005775,-1,no,northwest,38792.6856
32,male,30.66339686098655,1,no,northeast,4906.40965
64,female,26.885,1,no,southwest,14692.66935
29,male,33.345,0,no,southeast,19442.3535
18,male,30.14,3,no,southeast,1131.5066
39,female,31.564444532861508,1,no,southwest,2136.88225
59,male,28.405,1,no,northwest,6664.68595
35,female,28.31,1,no,northwest,2261.5688
31,male,31.065,0,no,northeast,-7438.0514316092485
37,female,23.3,0,yes,southwest,11345.519
36,female,30.668205760183923,0,no,southeast,31853.26286970227
