age,sex,bmi,children,smoker,region,charges
53,male,34.21,0,yes,southwest,14410.9321
36,male,24.630219459040404,3,yes,northeast,1705.6245
43,male,26.7,0,no,southeast,37465.34375
21,female,34.6,2,no,southeast,2020.177
62,male,32.11,1,no,northwest,13555.0049
46,female,33.11,1,yes,southeast,13270.422265141257
40,female,24.75,0,no,southeast,14254.6082
47,male,33.82,1,no,northeast,13270.422265141257
32,male,28.0,2,no,southeast,23568.272
39,male,41.325,2,no,northwest,15555.18875
49,male,28.69,3,no,northwest,7555.516474845959
57,female,26.84,0,yes,northeast,2457.502
64,male,26.03,2,yes,southeast,3256.6023731875757
53,male,30.66339686098655,0,no,northeast,10465.530908409033
40,male,19.95,0,yes,northeast,4005.4225
19,male,36.96,1,yes,northwest,16450.8947
52,male,42.13,4,no,southeast,12949.1554
46,female,33.345,1,no,northeast,8334.45755
37,male,30.875,1,no,northeast,23045.56616
53,male,37.9,0,no,southwest,6474.013
54,male,28.88,2,no,southwest,12096.6512
54,male,15.96,0,no,northwest,1694.7964
19,male,38.17,1,no,southwest,8347.1643
27,female,38.483907488973635,0,no,southeast,14007.222
56,male,26.695,1,yes,northeast,26109.32905
46,female,23.37,3,no,southwest,4428.88785
18,male,39.2,2,no,southeast,8104.549521990876
51,female,28.82446453958294,0,no,northwest,5057.71556310794
26,male,30.66339686098655,0,no,southeast,5415.6612
21,male,30.67407140140763,1,no,southwest,13270.422265141257
39,female,34.82068311144835,1,no,southeast,11363.2832
37,female,33.345,0,no,southeast,2855.43755
39,female,35.15,1,no,northwest,3016.052172479209
34,male,31.5,1,yes,southwest,23617.843063616318
44,female,29.127530922892916,1,yes,southwest,20177.67113
19,female,30.66339686098655,0,no,southeast,2136.88225
20,male,22.6,1,yes,southeast,4753.6368
39,female,32.965,0,no,northwest,6571.02435
18,female,40.185,2,no,northeast,8700.159818617627
39,male,28.7,0,no,southwest,5445.257395194784
49,female,12.848790919852718,1,no,southwest,9182.17
57,male,30.66339686098655,2,no,northwest,13270.422265141257
55,female,25.365,3,no,northeast,13407.516922410368
18,male,30.66339686098655,0,no,northwest,43753.33705
24,male,35.427114243726464,2,no,northeast,10118.424
40,female,27.4,1,no,southwest,6496.886
18,female,35.08164062768497,0,yes,northeast,34617.84065
29,male,29.64,1,no,southeast,13270.422265141257
24,male,31.54,0,no,northwest,11353.2276
28,male,22.515,1,no,northeast,8252.2843
23,male,20.235,0,yes,northwest,18033.9679
46,female,16.444752224560098,1,no,southeast,41661.602
