age,sex,bmi,children,smoker,region,charges
34,female,30.66339686098655,0,no,southeast,14443.826708836052
39,female,29.7,0,no,southwest,9861.025
31,female,38.095,1,yes,northeast,58571.07448
41,female,38.92735379145371,2,no,southeast,7749.1564
46,female,18.58077797143106,1,no,northwest,36197.699
45,female,36.575,0,no,southeast,37043.82834197363
62,male,26.695,0,yes,northeast,13270.422265141257
39,female,30.66339686098655,1,no,southeast,13270.422265141257
38,male,16.815,2,no,northeast,6640.54485
25,male,25.84,1,yes,northeast,11945.1327
40,female,44.745,1,no,northeast,4762.329
27,female,30.4,3,no,southeast,-5836.420364729423
19,female,34.675,2,no,northeast,-21261.49841267726
38,female,30.66339686098655,-1,no,northwest,12961.774286259515
57,male,22.50273580038872,0,no,southwest,10965.446
31,female,29.92,0,no,southeast,4889.0368
56,female,31.16,3,yes,southwest,43578.9394
19,female,30.495,1,no,northwest,2128.43105
62,male,42.46,0,no,southwest,12979.358
22,female,36.765,3,no,northwest,4296.2712
56,male,36.669790397455955,0,no,southeast,1837.2819
39,male,30.875,1,no,northwest,27648.794459939567
37,female,30.66339686098655,1,no,southeast,39871.7043
42,female,36.195,1,no,northeast,52590.82939
35,female,45.50406087839612,0,no,southeast,1633.9618
42,male,35.97,2,no,northeast,13270.422265141257
60,female,30.5,0,no,southwest,12638.195
44,male,27.421069302165986,2,no,northeast,13112.6048
56,male,40.3,1,yes,northeast,10602.385
38,male,38.39,2,yes,southeast,41949.2441
51,male,18.05,0,no,northwest,9644.2525
48,female,30.66339686098655,1,no,northeast,9778.3472
18,female,21.66,0,yes,northeast,412.11675884372016
52,male,21.28,2,no,northwest,26467.09737
39,male,25.555,0,no,northwest,1632.56445
35,male,32.60594400552716,2,no,southeast,4747.0529
30,male,27.645,1,no,northeast,-4986.899014169653
49,female,29.925,0,no,northwest,8988.15875
21,female,29.59,0,no,southeast,5418.8433171055
14,male,28.5,0,no,northwest,1712.227
56,female,27.74,4,yes,northeast,12949.1554
58,female,29.0,0,no,southwest,13270.422265141257
21,male,33.63,3,yes,northwest,3309.7926
29,female,34.675,1,no,southwest,7626.993
57,male,31.73,1,no,northeast,3176.2877
63,male,23.624135983612064,0,no,southwest,13390.559
29,male,36.3,2,no,southeast,3947.4131
63,male,28.31,-1,no,southeast,13270.422265141257
39,male,25.618876250268507,2,no,northwest,1379.824385834123
44,male,53.50750705616757,2,no,southeast,5138.2567
35,male,37.715,3,yes,southwest,9541.69555
37,female,24.97,1,no,southeast,6112.35295
