age,sex,bmi,children,smoker,region,charges
55,male,26.01653301394407,3,no,northeast,46661.4424
43,male,30.66339686098655,0,yes,northeast,46255.1125
59,female,41.14,3,no,southeast,48970.2476
32,female,33.155,3,no,southwest,4670.64
20,female,34.7,2,yes,northwest,36898.73308
44,male,21.3,3,no,northeast,13270.422265141257
48,male,29.64,0,no,southeast,8269.044
18,female,30.115,0,no,northeast,21344.8467
47,male,32.3,1,no,southwest,8062.764
24,female,30.1,3,no,southwest,4234.927
18,female,29.981089458783423,0,no,southwest,28480.245088540254
62,male,26.695,0,yes,northeast,10197.7722
57,male,21.85,1,no,northwest,6117.4945
31,male,31.065,2,no,southeast,5425.02335
28,male,26.98,2,no,northwest,4435.0942
26,male,31.72098948371272,0,no,southeast,2699.56835
18,female,39.16,1,no,southeast,1633.0444
47,female,25.46,2,yes,northeast,-4931.493124123381
39,male,30.66339686098655,3,no,southwest,8891.1395
38,female,27.835,2,no,northeast,13270.422265141257
37,female,29.81380168378035,3,no,northwest,14691.204641723456
42,female,30.66339686098655,1,no,northeast,-9974.970071977434
45,male,37.4,0,yes,southwest,10231.4999
25,female,29.0,2,no,southwest,8280.6227
-1,male,42.31237976418766,1,yes,southeast,37165.1638
39,male,35.3,0,no,southwest,13270.422265141257
32,male,52.30564205815613,1,no,southwest,6128.79745
36,male,36.005,3,no,southeast,6746.7425
39,female,23.98,0,no,southeast,22192.43711
28,male,26.9,3,no,northwest,2203.47185
39,male,18.3,5,no,southwest,25846.22433681338
22,male,39.5,1,no,northeast,1682.597
18,male,25.46,0,no,southeast,1708.0014
33,female,26.695,0,yes,northeast,4571.41305
37,male,26.6,2,no,southeast,8347.1643
52,female,41.8,2,yes,southeast,13270.422265141257
39,male,27.835,1,no,northwest,9957.352825376567
42,male,23.37,1,no,northeast,19964.7463
30,male,30.66339686098655,1,yes,southeast,38245.59327
30,female,27.06163906728202,1,no,southwest,13270.422265141257
25,male,36.59453063913546,0,yes,southeast,2523.1695
39,male,23.6,4,no,northwest,14387.194011299049
48,male,25.913311005820443,1,yes,southeast,7050.642
19,male,30.66339686098655,3,no,northwest,2362.22905
61,male,24.035,1,no,northeast,15169.738843112178
64,male,31.3,2,no,southwest,12096.6512
42,male,30.78,1,no,southeast,25824.660877457798
36,male,32.205,0,no,northwest,8835.26495
29,male,35.5,2,yes,southwest,13204.28565
37,female,22.8,1,no,southeast,5028.1466
28,female,26.846709724929404,5,no,northwest,36085.219
80,male,40.565,0,yes,northwest,4717.918123678912
