age,sex,bmi,children,smoker,region,charges
32,male,28.88,0,no,northwest,1704.70015
59,male,30.9,3,no,southeast,13528.420700068194
22,female,29.2,2,no,southwest,6837.3687
52,male,30.78,1,no,southeast,10797.3362
39,female,30.66339686098655,5,no,southwest,10325.206
63,female,33.64532244648456,1,yes,northwest,13270.422265141257
23,male,36.67,0,yes,southeast,38511.6283
60,male,32.775,3,no,northeast,11289.10925
29,male,35.5,2,no,southwest,44585.45587
54,female,25.8,0,no,southeast,9264.797
63,female,37.27935751982173,3,no,northeast,14474.675
45,male,27.5,3,no,southwest,8615.3
36,male,42.9,2,no,southeast,47462.894
62,male,25.52,5,no,southwest,14478.33015
18,male,31.13,0,no,southeast,1141.4451
63,female,30.66339686098655,0,no,northwest,14256.1928
27,male,37.29,1,yes,northeast,34806.4677
25,male,23.085,0,no,northwest,3866.8552
44,female,25.717641540218384,0,no,southeast,-11676.378195852418
33,female,33.44,1,no,southeast,16363.397538827656
42,female,24.605,2,no,southeast,21259.37795
39,female,37.43,0,no,northwest,13462.52
58,male,49.06,0,no,southeast,11381.3254
46,female,33.28248660061299,1,no,southeast,1656.6546775399402
18,male,24.53,2,no,northeast,2200.83085
52,female,24.32,0,yes,northwest,13270.422265141257
