age,sex,bmi,children,smoker,region,charges
59,male,27.5,0,no,southwest,12233.828
38,female,38.83,3,no,southeast,5138.2567
39,female,38.9,1,no,southeast,5972.378
56,male,30.66339686098655,0,no,northeast,18168.01359959082
60,female,28.7,3,no,southeast,11686.056707349697
19,female,21.755,0,no,northwest,1627.28245
19,male,35.37611895144287,3,no,southwest,19199.944
39,male,30.66339686098655,0,no,southeast,14394.5579
29,male,24.023318428085236,0,no,southwest,6457.8434
54,male,32.11,3,no,southeast,12479.70895
59,male,25.46,1,no,northwest,12913.9924
29,male,22.42,2,no,northeast,13270.422265141257
29,male,24.605,1,no,northwest,4433.9159
53,male,38.06,3,no,southeast,6571.544
27,female,31.363194318437735,1,no,southwest,3577.999
18,male,38.17,0,no,southeast,15356.62768817649
64,male,26.41,0,no,northeast,16586.49771
63,female,37.7,1,yes,southwest,1341.540258028932
39,female,24.225,5,no,northwest,19023.26
62,female,29.92,3,yes,southeast,13457.9608
29,female,28.88,1,no,northwest,9249.4952
13,male,16.815,1,no,northeast,3167.45585
51,female,21.85,0,yes,northwest,16115.3045
22,female,47.38671122554152,0,no,northeast,2731.9122
35,male,29.26,1,no,southeast,13270.422265141257
37,female,23.21,1,no,southeast,3561.8889
