age,sex,bmi,children,smoker,region,charges
57,male,24.7,0,no,northeast,39725.51805
32,female,30.8,1,no,southeast,4544.2348
62,male,33.2,1,no,northeast,13462.52
47,female,36.63,1,yes,northeast,42969.8527
58,male,34.865,0,no,northeast,11944.59435
61,male,30.685,2,yes,southwest,5253.524
33,male,20.52,0,no,southwest,9630.397
63,female,29.81,0,yes,southeast,13270.422265141257
56,female,29.26,0,yes,southeast,13270.422265141257
24,female,29.841696842404918,0,no,southeast,1631.6683
50,male,43.4,0,no,southeast,12574.049
47,male,19.19,2,no,northeast,20084.687518480074
29,male,34.8,3,no,southwest,9177.79487594465
19,male,29.07,0,yes,northwest,17352.6803
33,male,27.1,1,yes,southwest,18000.96803539752
56,male,25.935,0,no,southeast,18648.4217
22,female,30.66339686098655,2,no,southwest,3925.7582
29,male,34.4,3,no,northeast,36197.699
48,male,37.29,0,no,southeast,41999.52
18,female,42.24,0,yes,southeast,38792.6856
33,male,26.23354086762009,0,no,southwest,-25151.65882987889
33,female,26.695,1,no,southeast,12269.68865
58,female,25.141319478249546,1,no,southwest,6496.886
39,female,36.005,0,yes,northeast,13228.84695
48,male,35.625,4,no,northeast,10736.87075
44,male,32.2,3,no,northwest,13270.422265141257
39,male,30.66339686098655,0,yes,southeast,39611.7577
30,female,25.311519168869395,1,no,southeast,4151.0287
42,male,33.08363592051566,2,no,southeast,985.7300635715314
28,female,27.74,1,no,northwest,-3159.9576772442742
45,female,35.3,0,no,southwest,13470.8044
53,male,23.94,0,no,southeast,11658.11505
39,female,28.12,-1,yes,northeast,7348.142
46,male,36.49074299841933,3,no,northeast,6985.50695
20,female,30.66339686098655,1,yes,southwest,-7367.510048503322
19,male,34.73674483785238,0,no,northeast,-7424.951678562116
19,female,21.7,0,no,southwest,13844.506
18,male,38.17,0,no,southeast,36307.7983
18,female,26.315,2,yes,northeast,15124.54093510563
39,female,33.66,3,no,southeast,15161.5344
28,male,30.66339686098655,3,no,southwest,12741.16745
47,male,37.0,3,no,southwest,13270.422265141257
18,female,28.215,0,no,southeast,2200.83085
63,female,30.66339686098655,0,no,northeast,13270.422265141257
39,male,33.82,1,no,southwest,5377.4578
33,female,33.535,2,no,northwest,4571.41305
27,male,32.585,3,no,southeast,4846.92015
42,male,26.830716243697054,2,no,southwest,7729.64575
35,male,14.908921389522588,1,no,northeast,23288.9284
56,male,31.51742206093839,0,no,southwest,10601.412
31,male,42.13,1,yes,southeast,48675.5177
58,male,24.225,0,no,northeast,2893.859101795808
