age,sex,bmi,children,smoker,region,charges
19,female,16.815,1,no,northeast,3167.45585
52,male,29.83,2,no,southwest,36197.699
23,male,37.29,1,no,northwest,1141.4451
52,male,25.338432257647014,3,no,northeast,11488.31695
47,female,39.261420868149756,2,yes,southeast,10493.9458
18,female,50.38,1,no,southeast,-7095.193677615348
48,male,40.15,0,no,northwest,7804.1605
39,female,33.33,0,no,southeast,13270.422265141257
18,male,23.75,0,no,southeast,27239.978887541398
19,male,18.08887731475737,2,yes,northwest,33307.5508
28,female,28.5,0,no,northeast,13270.422265141257
39,male,31.92,5,no,northwest,7209.4918
24,male,38.6,-1,yes,northeast,40881.772363845055
41,male,21.47,0,no,northeast,3353.4703
39,female,17.765,1,yes,southeast,31281.332775624993
39,male,29.8,3,yes,southwest,25309.489
56,male,30.66339686098655,5,no,southwest,13430.265
20,male,35.52334644959316,0,yes,southwest,13270.422265141257
51,female,35.245,0,no,northeast,19912.738740558027
19,female,30.66339686098655,1,no,southwest,4719.52405
55,male,30.66339686098655,4,yes,southwest,-5879.117998879632
53,male,28.31,0,no,southeast,13770.0979
64,male,46.716508748170035,3,yes,northeast,14410.9321
49,female,30.78,1,no,northeast,3597.596
36,male,27.74,0,no,southwest,5469.0066
32,male,30.8,0,no,southwest,13270.422265141257
58,female,24.1,0,no,northeast,12430.95335
63,male,35.2,1,no,southeast,14474.675
42,male,28.83054604461278,1,no,southeast,3820.810156968128
39,male,24.225,0,no,northwest,2842.76075
39,female,23.0,1,no,southwest,12094.478
30,female,26.509277167254442,1,yes,northeast,1759.338
39,male,34.295,2,no,northwest,13224.05705
32,female,26.18,1,no,southeast,7046.7222
30,female,32.4,1,no,southwest,13270.422265141257
43,male,27.303796394601026,1,no,southeast,9957.7216
57,male,23.7,0,no,southwest,10959.33
39,male,24.1,0,no,southeast,11842.442
36,female,36.85,0,no,southeast,1534.3045
59,female,42.24,1,no,northwest,18334.59885162421
50,female,36.08,1,no,southeast,26236.57997
19,male,30.66339686098655,1,no,southwest,21447.47976516256
47,female,23.845,1,no,southeast,9101.798
40,female,26.4,0,no,southwest,1135.9407
19,female,32.3,0,no,northeast,1731.677
33,male,28.595,5,no,northwest,-5396.471024693861
62,female,13.505172343910832,5,no,northeast,14043.4767
25,male,31.882497616525182,0,no,southwest,3645.0894
58,male,37.1,1,no,southwest,9778.3472
57,female,23.18,1,no,northwest,11830.6072
30,male,30.66339686098655,1,yes,northeast,1967.0227
26,female,42.4,0,no,northeast,3410.324
