age,sex,bmi,children,smoker,region,charges
68,female,31.2,-1,no,southeast,9625.92
18,male,26.52763148621176,1,yes,southeast,1712.227
36,male,33.33,1,no,northwest,4151.0287
30,female,30.66339686098655,4,no,southeast,13270.422265141257
35,female,38.6,1,no,southwest,4762.329
22,female,24.3,1,no,northwest,2150.469
36,male,24.985,2,no,northeast,9576.413278909089
33,female,29.37,1,no,northwest,15326.854135313477
63,male,30.8,0,no,northeast,13390.559
51,female,36.67,2,no,northwest,10848.1343
24,male,30.66339686098655,4,no,southeast,23703.432683759434
28,male,23.85916809338018,2,yes,southeast,17496.306
32,female,32.2,0,no,northeast,2155.6815
30,female,21.945,1,no,northeast,13270.422265141257
79,male,23.09177062603492,0,no,southwest,1633.0444
63,male,28.05,1,yes,southwest,47305.305
51,female,27.1,1,no,southwest,-8483.20434574881
39,male,26.03,0,no,northeast,6837.3687
39,male,37.51,2,no,southeast,1969.614
24,male,23.4,1,no,southwest,1969.614
63,male,21.66,1,no,northwest,14349.8544
19,female,17.8,2,no,southwest,1727.785
35,female,21.56,1,no,southeast,9855.1314
32,male,16.497117457608454,5,yes,southwest,49577.6624
44,female,25.0,2,no,southwest,7623.518
58,male,34.865,0,no,northeast,11944.59435
