haematocrit,haemoglobins,erythrocyte,leucocyte,thrombocyte,mch,mchc,mcv,age,sex,source
30.91788555581214,11.4,4.741993108816109,16.1,337,31.8,35.4,85.84809294848056,58,F,1
47.4,15.7,5.71,5.113020501957804,363,28.010019863220542,33.10659513179263,88.9,89,M,0
41.5,13.7,4.67,8.8,301,29.3,33.33647627682079,83.0,59,M,0
50.668945681008175,16.6,6.252561219650997,7.4,338,29.6,34.9,68.96892745475762,65,M,0
39.6,12.297749611117954,4.37,5.3,224,29.7,33.33647627682079,91.3,79,M,0
47.5,16.6,4.257631781656125,27.0,244,28.4,32.7,88.3,14,M,0
42.67926028436855,12.4,6.04,7.3,411,26.1,32.6,90.57444110743384,14,F,0
42.5,14.7,5.29,4.3,130,34.2975910406641,34.6,80.3,22,M,0
47.0,15.9,5.35,9.0,256,30.9,33.8,86.12215656467109,56,F,1
39.7,13.8,3.8741247631684024,9.025699156199025,258,28.2300392867936,35.13022136970103,83.6,25,F,0
42.7,15.1,4.98,10.8,490,32.1,35.4,85.7,38,M,1
42.4,12.54607466724236,4.86,8.8,313,29.8,32.24592254147388,87.2,54,F,0
35.5,13.5,4.13,3.9,251,29.3,35.574267438985494,86.0,26,F,0
47.4,15.2,5.1,7.9,323,29.8,26.4,84.9,45,M,0
26.8,8.9,3.27,5.6,126,27.2,33.2,84.61133272892113,99,M,0
46.3,12.749350256875191,2.47,8.50053099544243,316,27.4,33.9,80.9,39,M,0
38.22611060743427,13.6,4.83,15.483288136815396,231,21.9,31.5,69.6,46,M,0
38.2,10.869259586386008,4.34,7.3,284,29.3,33.2,105.3,44,F,0
38.22611060743427,11.6,3.5,36.0,225,30.3,34.5,93.1,54,F,0
30.8,17.1,4.544802055001511,8.715533393774555,258,25.9,34.4,77.4,24,F,0
39.9,12.749350256875191,4.52,8.9,248,28.2300392867936,34.1,87.6,46,M,1
31.9,10.5,3.61,8.6,180,30.248348651660816,32.9,91.1,64,M,1
41.0,12.1,5.27,8.715533393774555,54,33.81314759564336,32.9,84.61133272892113,34,M,0
37.0,11.4,4.17,5.0,263,27.3,34.9,83.7,45,F,1
36.45264559516745,9.1,4.544802055001511,13.8,315,25.4,30.6,70.2,31,M,0
34.3,12.900865982543946,4.53,6.6,47,25.6,33.8,75.7,1,M,1
