age,sex,bmi,children,smoker,region,charges
39,male,19.3,0,yes,southwest,11576.13
58,male,35.60833663197592,1,no,northwest,11743.9341
25,female,17.08873303403788,1,no,northwest,3594.17085
29,female,30.9,4,yes,northeast,39727.614
29,female,35.53,0,no,southeast,-3926.300871173938
28,male,26.98,3,no,northeast,4435.0942
60,male,25.74,2,no,southeast,41697.31281363605
44,male,30.66339686098655,1,yes,southeast,13352.0998
28,male,37.1,1,yes,southeast,3277.161
34,male,33.74879362023137,2,no,southwest,13270.422265141257
42,male,33.33,0,yes,southeast,1135.9407
34,female,26.41,1,no,northwest,7201.70085
39,female,30.59,1,no,northwest,7228.21565
19,male,20.13,0,yes,southwest,278.54767717319146
39,female,24.32,0,yes,southeast,8534.6718
51,male,26.41,1,no,northwest,8827.2099
20,male,31.92,0,yes,northwest,33750.2918
28,male,25.9,1,yes,northwest,16450.8947
33,female,30.66339686098655,0,yes,southwest,4185.0979
26,female,29.92,2,no,southeast,3981.9768
52,male,47.74,1,yes,southeast,13270.422265141257
58,female,24.12932045113942,0,no,southeast,11833.7823
36,female,26.315,0,no,northeast,5385.3379
14,male,26.03,2,no,southwest,19199.944
19,male,32.49,0,no,northwest,12543.792877547718
44,male,32.34,1,no,southeast,7633.7206
