age,sex,bmi,children,smoker,region,charges
42,female,31.8,2,yes,northeast,7729.64575
54,male,29.64,0,yes,northwest,5028.1466
18,male,36.67,0,no,southeast,38792.6856
38,female,35.5,2,no,northeast,44585.45587
39,male,30.66339686098655,0,no,southwest,2166.732
20,male,31.13,2,no,southeast,2566.4707
52,female,33.0,0,no,southeast,39727.614
20,male,32.395,1,no,northwest,2362.22905
61,male,33.33,3,no,southeast,36580.28216
41,female,32.2,1,no,southwest,6775.961
60,male,30.66339686098655,0,no,southeast,10713.644
23,female,34.865,0,no,northeast,10505.136804424692
21,female,21.56,0,no,southeast,1837.237
22,male,26.41,2,no,southwest,22981.189696150464
32,male,33.7,1,no,southeast,4074.4537
63,female,30.66339686098655,1,no,southeast,9583.8933
17,male,41.8,1,no,northwest,2117.33885
54,male,30.8,1,yes,southeast,55819.102050087706
64,female,30.4,0,no,northeast,-5141.926106231156
36,male,32.59564280557405,1,no,southeast,11763.0009
20,female,36.85,0,no,southeast,1880.07
22,female,30.66339686098655,0,no,southeast,1633.0444
22,male,45.54,1,yes,northwest,28950.4692
48,female,27.93,4,no,northeast,13270.422265141257
33,male,26.73,1,no,northeast,13270.422265141257
54,female,35.91,2,no,northeast,11531.673126909256
19,female,36.575,0,no,southeast,2136.88225
27,male,30.3,3,no,southeast,13187.052687440413
27,female,42.13,2,no,southeast,39611.7577
19,female,22.515,0,no,northwest,9583.8933
27,male,29.15,1,yes,southeast,13270.422265141257
39,male,30.21,2,no,southeast,43943.8761
50,female,28.85277823204603,0,no,northwest,18105.36193268555
60,male,22.00948358006433,1,no,southeast,13270.422265141257
57,female,34.89534301917218,1,no,northeast,-8697.571958664586
59,male,25.46,1,yes,southeast,12913.9924
39,female,35.86,0,no,southeast,1137.011
39,female,29.481562280328436,1,no,southwest,9861.025
55,male,30.5,3,no,southeast,10704.47
40,male,46.75,1,yes,northeast,13270.422265141257
23,male,30.882314042878953,3,no,northeast,1815.8759
23,female,50.38,1,yes,southeast,2438.0552
36,female,34.672259033940975,2,no,southeast,11881.9696
53,female,24.795,1,no,northwest,10942.13205
39,male,41.47,0,no,southeast,15879.658536092225
62,female,28.595,4,yes,southeast,16533.035931412796
52,male,34.77,2,yes,southeast,47269.854
22,male,27.596444157032536,2,yes,northeast,1137.011
35,female,28.38,3,yes,southeast,19521.9682
18,female,46.489522275456295,0,yes,northeast,13747.87235
23,male,30.66339686098655,0,no,southwest,3591.48
51,female,40.62092760721477,0,no,northwest,2404.7338
