age,sex,bmi,children,smoker,region,charges
56,male,29.604526278538437,2,no,southwest,11165.41765
39,female,47.41,2,no,southwest,9095.06825
48,male,31.02,-1,no,southeast,13270.422265141257
36,male,40.22164008543881,2,no,southwest,7740.337
36,male,41.895,3,no,northeast,43753.33705
39,male,29.81,1,yes,northwest,19350.3689
22,male,22.895,2,no,northwest,32108.66282
20,male,22.0,3,yes,southeast,1964.78
23,female,24.225,2,no,southeast,22395.74424
54,female,25.175,0,yes,southeast,63770.42801
53,female,29.07,2,no,southeast,11150.78
43,male,20.13,2,no,northwest,17990.87200966727
33,female,42.75,1,yes,northwest,10118.424
54,female,30.66339686098655,0,no,southwest,13270.422265141257
47,female,44.94594427001857,1,no,southeast,7358.17565
50,female,27.192570522262713,1,no,northeast,25656.57526
58,female,40.61892003291112,1,yes,southeast,36124.5737
19,male,30.66339686098655,0,yes,southeast,-14844.220883525923
46,male,27.61,1,no,southeast,10264.4421
46,male,30.66339686098655,5,no,southeast,39788.11015314738
18,male,21.565,0,yes,northeast,8688.85885
18,male,30.115,3,no,northeast,8410.04685
64,male,28.31,0,yes,southeast,46889.2612
32,female,24.6,0,no,southwest,17496.306
24,female,30.66339686098655,0,no,northeast,7196.867
24,female,33.06,2,no,northwest,7749.1564
24,male,31.073090635689567,0,no,southeast,3046.062
47,male,32.3,0,no,southwest,8062.764
59,male,27.5,0,no,southwest,13377.51045814069
48,male,32.3,1,no,northwest,15828.82173
24,female,27.613672510665104,2,yes,northeast,5227.98875
39,male,25.84,1,no,northwest,13270.422265141257
39,male,22.23,1,no,northwest,3176.2877
43,male,39.14,0,no,southeast,17948.0611347893
48,male,42.13,0,yes,southwest,14474.675
26,male,23.7,2,no,southeast,16356.95007750217
42,male,26.07,2,yes,southeast,13270.422265141257
37,female,17.29,2,yes,southwest,22211.99678025312
46,female,23.7,4,no,northeast,10564.8845
61,female,26.7,1,yes,northwest,29141.3603
33,female,28.27,1,no,southeast,4779.6023
55,female,47.10394483396051,2,yes,southeast,19521.9682
38,male,31.635,5,no,northeast,8569.8618
49,male,22.515,0,no,northeast,13747.87235
43,male,27.36,0,yes,northwest,23696.748107957297
23,male,39.995,3,no,northeast,13270.422265141257
36,female,14.100258924278728,0,no,southeast,40720.55105
39,male,30.66339686098655,1,yes,northwest,7201.70085
39,male,34.4,1,no,southwest,34166.273
35,female,40.15,1,yes,southeast,38126.2465
30,male,40.185,0,no,northwest,9660.483573042713
21,male,25.821758593545,0,yes,southeast,9094.991833418171
