haematocrit,haemoglobins,erythrocyte,leucocyte,thrombocyte,mch,mchc,mcv,age,sex,source
40.4,13.0,4.56,6.9,498,29.6947902695694,32.2,88.6,46,F,0
39.7,11.736663015643092,4.64,4.2,186,29.7,29.6,84.61133272892113,92,F,0
39.9,15.1,2.449242612130715,7.800580346373213,380,29.5,34.1,88.3,32,F,0
27.90751876718752,14.0,5.04,8.715533393774555,179,27.8,35.6,87.1,5,F,0
24.609062120597144,12.5,4.544802055001511,11.1,317,29.7,32.4,77.4,13,M,1
36.1,11.0369450746669,3.87,15.4,457,31.0,32.6,93.3,27,F,0
39.6,11.0,4.72,4.1,258,25.8,33.33647627682079,83.9,31,F,0
44.3,13.0,3.19,5.3,224,25.1,33.2,91.3,46,F,0
31.2,12.2,5.704330602635112,3.9,236,28.2300392867936,35.3,93.1,69,M,0
35.9,12.7,4.12,7.4,303,28.4,32.6,87.1,27,F,1
35.3,12.78229078431111,4.42,12.111075588467614,90,30.23411780494617,34.3,79.9,48,M,1
26.4,12.5,4.44,7.7,278,28.2,33.2,84.7,15,M,0
46.5,15.7,5.01,7.4,260,28.1,34.096850025134906,84.61133272892113,23,M,0
37.1,12.0,4.544802055001511,7.0,20,29.9,32.3,95.95274854446569,37,F,0
26.9,12.749350256875191,4.09,8.715533393774555,258,21.0,32.6,84.1,6,F,0
27.11929350018415,14.3,5.09,2.9,488,28.1,33.7,92.10037885731215,39,M,1
31.9,12.749350256875191,3.58,7.4106709436810005,180,28.8,34.1867009539711,89.1,51,M,0
31.553233345847516,12.8,4.3,11.6,199,29.8,34.0,85.2892290076902,25,M,0
38.22611060743427,14.0,4.81,6.1,299,29.1,33.9,70.0,33,M,1
42.2,5.1,6.03,6.2,265,18.63332909357798,31.0,85.9,38,M,0
38.22611060743427,13.9,5.58,12.0,605,28.2300392867936,32.6,92.64247615870666,79,M,0
43.9,12.3626032553226,4.4,19.3,330,19.7,31.9163959325747,99.8,45,F,0
38.5,12.6,4.845110974773231,8.3,357,31.635550090408216,33.73689064371572,79.7,2,F,0
37.3,12.7,4.04,7.846698619805249,219,31.4,33.33647627682079,92.3,68,F,0
42.8,15.0,3.7458577402131277,3.1,100,30.3,33.3,86.5,41,M,1
42.7,14.4,4.23,15.4,200,27.4,33.7,81.2,20,F,0
