age,sex,bmi,children,smoker,region,charges
51,male,23.58504047809236,1,no,northwest,4189.1131
47,male,18.05,0,no,northeast,9644.2525
39,female,30.66339686098655,-2,no,southeast,13616.3586
42,female,29.0,1,no,southwest,33475.81715
41,male,30.66339686098655,1,no,southeast,12129.61415
18,male,30.66339686098655,0,yes,northeast,13747.87235
75,female,26.911008373332297,0,no,southwest,21461.830923285663
39,female,25.08,1,no,northeast,7325.0482
18,male,23.21,0,no,southeast,1121.8739
19,male,32.68,1,yes,southeast,38245.59327
22,female,20.146467974847894,3,no,southwest,18955.22017
26,female,29.355,2,no,northeast,4564.19145
39,female,41.8,0,no,northwest,11394.06555
43,female,29.92,2,no,northeast,4600.2882522986
71,female,38.28,1,no,southeast,13270.422265141257
35,male,24.415,4,no,southeast,11520.09985
29,male,30.66339686098655,1,no,southeast,19180.83064748142
36,female,23.32,1,no,northwest,5472.449
42,male,35.71046997676305,2,no,northeast,25333.33284
23,male,37.30335547848771,3,no,northeast,4466.6214
27,female,24.6,0,no,southeast,41999.52
39,female,22.8,2,no,northeast,11944.59435
24,female,25.27,0,no,southeast,730.8305768112482
39,male,23.09282880598152,2,no,northwest,22474.808452961257
18,male,23.32,1,no,southeast,1711.0268
33,female,22.135,1,no,northwest,5354.07465
39,female,27.9,3,yes,northeast,12333.828
21,female,36.575,0,yes,northwest,15205.10682335415
21,male,26.03,0,no,northeast,13270.422265141257
19,female,28.9,1,no,southeast,13270.422265141257
40,male,40.15,4,yes,southwest,5969.723
40,male,33.0,3,no,southeast,7682.67
62,male,35.97,2,no,southeast,32080.08367804954
50,male,34.96,0,no,southeast,8457.818
58,female,34.57099910156803,4,no,northeast,11938.25595
48,male,26.9,0,no,southeast,7804.1605
39,female,26.79,2,no,northwest,9964.06
39,female,34.1,1,no,southwest,19320.732701245295
51,male,21.56,0,yes,southeast,13270.422265141257
42,female,23.18,0,no,northwest,10156.7832
35,male,24.13,1,no,northwest,5125.2157
20,male,30.685,0,no,northeast,7050.642
42,male,30.59,0,no,southwest,1639.5631
18,female,29.165,0,no,northeast,7323.734819
36,male,30.8,2,no,southeast,14334.12089057295
32,male,37.145,3,no,southeast,20812.46295115672
19,male,30.66339686098655,0,no,southwest,12124.9924
30,female,31.4,0,no,southwest,7633.7206
22,female,20.394843421601248,0,yes,northwest,12235.8392
39,male,19.67694968177581,0,no,northeast,13270.422265141257
62,female,44.0085061936589,0,no,northwest,13470.86
51,male,23.6,1,no,southeast,8539.671
