age,sex,bmi,children,smoker,region,charges
35,male,41.325,3,no,southeast,7640.3092
28,male,31.5,1,no,southwest,4076.497
48,female,48.07,2,no,southeast,9432.9253
49,female,25.6,0,no,northeast,23306.547
61,female,21.09,0,no,northwest,-14527.99814072041
24,female,36.893910755167255,0,no,northwest,18955.22017
52,male,32.798336765207,1,yes,southwest,13270.422265141257
70,male,30.66339686098655,0,yes,northwest,15828.82173
39,male,30.5,1,yes,northwest,12638.195
63,male,28.9,3,yes,northwest,24841.422908712004
42,male,26.07,1,yes,southeast,9703.854363326975
39,male,42.655,0,no,northeast,26293.428084383417
12,male,30.66339686098655,0,no,southeast,13270.422265141257
20,male,31.46,0,no,southeast,-2394.597884390814
23,male,30.66339686098655,1,yes,southwest,1628.4709
58,male,35.35932834580732,0,no,northwest,26486.302847442275
39,male,35.97,0,no,northwest,11356.6609
46,female,25.745,3,yes,southeast,9301.89355
45,female,29.3,2,no,southwest,29141.3603
59,male,29.81,2,no,southeast,8219.2039
58,male,22.895,0,yes,northwest,12231.6136
61,male,15.407901441541425,2,no,northwest,14119.62
40,female,22.1,2,no,southeast,5926.846
47,female,19.19,2,no,southeast,8413.46305
39,male,40.37,2,no,southeast,6435.6237
55,male,25.365,2,no,southwest,13047.33235
57,male,38.642943463142366,0,no,southwest,11848.141
49,male,27.671230549496503,1,no,northeast,29330.98315
44,female,29.735,0,no,southeast,13270.422265141257
47,male,26.4,1,no,southwest,2597.779
48,female,24.42,5,no,southeast,21223.6758
39,male,23.465,0,no,northeast,12191.18325805814
32,male,29.029617471727928,3,yes,southeast,8606.2174
48,male,30.78,3,no,southeast,7543.46498611841
27,female,22.720744437678345,1,yes,southwest,34838.873
55,female,25.920025197771185,1,no,northeast,8334.45755
39,female,28.025,2,no,southeast,13270.422265141257
24,female,30.66339686098655,0,no,southeast,13270.422265141257
20,female,31.79,2,no,northwest,6163.9773850258325
40,male,24.31,1,no,northeast,13919.8229
49,male,31.35,1,no,northeast,9290.1395
72,male,18.335,0,no,southwest,11534.87265
22,male,40.565,3,yes,northeast,48549.17835
51,female,30.115,3,no,northwest,16455.70785
63,male,33.1,1,no,southwest,13393.756
29,female,24.6,2,yes,southwest,1967.0227
58,male,36.385,0,no,southeast,11363.2832
45,male,33.44,0,no,southeast,35643.20576464963
4,male,45.43,2,no,southeast,6356.2707
37,female,34.10669895384423,1,no,southeast,34166.273
24,male,30.66339686098655,1,no,northwest,12609.88702
58,female,27.17,0,no,northwest,12222.8983
