haematocrit,haemoglobins,erythrocyte,leucocyte,thrombocyte,mch,mchc,mcv,age,sex,source
38.3,8.1,3.02,11.7,95,28.2300392867936,32.4,82.8,43,F,0
34.9,15.1,4.83,9.3,297,31.3,34.8,89.9,53,F,0
41.3,13.4,4.76,-0.6863769455755762,238,28.2,32.4,79.0,24,F,0
35.423473344509944,12.8,5.91,6.9,284,29.2,34.4,84.61133272892113,36,M,0
32.8,10.9,4.2140941481751915,12.7,476,28.84582480221659,33.2,97.4,72,F,0
34.9,12.0,3.76,7.7,209,31.9,34.4,92.8,63,M,0
45.1,16.0,5.21,7.1,232,30.7,34.91450704642258,86.6,46,F,1
48.4,19.674212110743373,5.43,7.1,263,29.9,33.7,89.1,49,M,0
35.4,12.749350256875191,4.48,10.1,299,26.8,33.9,86.8,27,F,0
38.22611060743427,16.5,5.07,2.6888330002293763,258,28.2300392867936,34.9,86.6,35,M,0
43.4,10.768909435536683,3.991759269536096,18.5,400,30.7,36.1,86.4772688335242,46,M,1
38.22611060743427,12.749350256875191,3.35,14.3,210,22.2,33.0,85.4,28,M,1
41.15974228875265,15.3,5.56,7.0,347,27.190811162559022,32.2,86.3,82,M,0
31.72499388909944,9.5,3.04,6.8,79,31.3,33.33647627682079,94.4,26,M,1
31.7,11.7,3.6,12.9,407,29.2,34.502835464749,82.5,61,M,0
37.7,12.8,4.21,5.1,213,30.4,33.33647627682079,64.2,28,F,1
44.295665652972616,12.0,4.24,15.9,308,25.9,33.0,84.61133272892113,88,M,0
44.3,10.6,5.05,17.261333622522358,295,29.7,33.9,102.93408737820857,33,M,0
45.4,15.9,5.289230420231378,2.7,289,30.929090123366137,33.9,81.78419393326752,37,M,1
38.9,12.8,6.83,32.0,229,30.0,36.3,90.9,75,F,0
37.2,9.489744056896214,4.42,8.715533393774555,258,28.3,31.76129972685157,84.2,23,F,1
44.6,14.540025157412007,4.28,3.4,150,20.6,31.6,88.79096660951826,36,M,0
38.3,12.6,4.004972746417328,18.249394133866318,336,29.4,32.9,89.3,59,M,0
35.3,11.8,4.544802055001511,8.715533393774555,380,29.3,33.4,87.6,47,F,1
32.9,10.4,4.43,5.5,258,25.304850115850318,31.6,74.3,-11,M,1
44.3,14.8,4.544802055001511,6.7,277,28.5,32.89665832710113,85.2,26,M,0
