age,sex,bmi,children,smoker,region,charges
21,female,30.203715395415887,0,no,southeast,3167.45585
52,male,38.6,1,yes,southwest,10325.206
18,male,33.29828064593726,0,no,southeast,13126.67745
52,male,40.5,1,no,northeast,-14133.165111021262
67,female,26.22,3,no,northwest,10493.9458
53,male,50.38,1,no,northwest,2438.0552
39,female,40.15,4,no,southeast,8428.0693
46,female,33.33,0,no,northeast,40182.246
18,male,23.75,0,no,northeast,9356.885485237468
64,female,30.66339686098655,1,no,southeast,33307.5508
31,male,30.66339686098655,1,yes,northeast,5907.230785119825
39,female,31.92,0,no,southeast,28172.60136390359
43,male,29.95657223705079,3,no,southeast,12622.1795
36,female,23.87,0,no,southeast,11938.25595
19,male,25.175,0,no,northwest,5397.6167
19,female,26.41,1,no,southwest,9788.37726785033
55,male,27.265,2,no,northwest,10601.63225
19,male,33.33,2,no,northeast,4151.0287
36,male,33.48384647914793,0,yes,southeast,26392.26029
47,male,28.215,3,no,southeast,2014.1741926640025
38,female,32.775,1,no,northeast,6555.07035
29,male,30.66339686098655,1,no,southwest,1980.07
55,female,29.7,2,yes,southwest,11881.358
68,male,41.61709403181341,0,no,northeast,1837.2819
26,female,42.4,1,no,southeast,3410.324
27,male,29.83,0,yes,southeast,18648.4217
27,male,21.47,0,no,northwest,13270.422265141257
47,female,36.63,1,yes,southwest,22478.6
55,male,35.53,2,yes,southwest,25309.489
56,female,32.3,0,yes,northwest,8044.620834906564
20,male,31.63456543253752,0,no,southwest,28918.445730902924
55,male,33.8324112915786,0,no,southeast,12404.8791
27,female,32.205,3,no,southeast,1759.338
37,male,30.66339686098655,3,yes,southwest,8283.6807
63,male,28.31,0,no,northwest,14460.13561558367
64,male,28.49,0,no,southeast,14410.9321
49,female,30.78,1,yes,northeast,9778.3472
36,female,27.74,1,no,northeast,13270.422265141257
21,female,36.85,1,no,northwest,26881.901825038593
39,female,31.79,0,no,northwest,40941.2854
39,female,26.84,1,no,southwest,26236.57997
46,male,28.4,1,no,southeast,13270.422265141257
47,female,45.32,1,no,northeast,8569.8618
35,female,26.4,0,yes,southeast,19539.243
19,female,30.66339686098655,0,no,southwest,1731.677
58,female,35.610257706032705,3,no,northwest,13270.422265141257
62,female,20.046704427422867,0,no,northeast,14043.4767
39,male,25.74,3,no,southeast,2137.6536
23,female,37.1,3,no,southeast,3597.596
46,female,23.18,0,no,northwest,11830.6072
20,male,27.93,0,no,northeast,1967.0227
41,female,37.07036102648342,1,no,southeast,13270.422265141257
