age,sex,bmi,children,smoker,region,charges
50,male,25.6,0,no,southeast,8932.084
64,male,36.96,2,yes,northwest,49577.6624
45,male,25.62434290094814,1,no,northeast,18174.412817224686
66,female,19.95,1,no,northwest,2842.76075
15,male,25.8,0,no,southeast,2045.68525
39,male,29.92,1,no,northwest,4889.0368
63,male,21.66,1,no,northwest,14349.8544
38,male,31.349098241581114,3,no,southeast,5484.4673
34,female,30.66339686098655,0,no,southeast,10928.849
19,female,30.66339686098655,2,no,northwest,2719.27975
22,female,27.1,4,no,southwest,2154.361
37,female,24.13,1,no,northwest,3981.9768
64,female,43.66856732171047,-2,no,southeast,14313.8463
21,male,35.815,0,no,northwest,13270.422265141257
57,male,28.975,0,yes,northeast,27218.43725
25,male,39.805,1,no,northwest,2534.39375
35,male,29.64,0,no,northwest,5028.1466
26,male,5.590090257603515,2,yes,southwest,14455.64405
52,female,27.3,0,no,southeast,16232.847
51,female,30.5,0,no,southeast,5266.3656
53,male,30.495,0,no,southeast,10072.05505
26,female,29.92,2,no,southeast,5125.2157
22,female,24.1,0,yes,northeast,23555.273673218388
51,male,34.96,2,yes,northeast,13270.422265141257
28,female,25.175,0,no,southwest,-9069.706531530526
39,female,33.725,1,no,northeast,9978.085032107878
