age,sex,bmi,children,smoker,region,charges
18,male,32.11,1,no,northeast,11763.0009
57,female,41.48621812614489,0,no,southeast,5312.16985
36,male,20.7,1,no,southeast,1242.816
29,male,35.89405277547182,2,yes,northwest,4433.3877
19,female,28.4,1,no,southwest,13270.422265141257
67,male,28.1,0,yes,southwest,10965.446
51,male,31.35,1,no,southeast,9964.06
23,male,28.558531537193215,3,no,northwest,38746.3551
45,male,30.66339686098655,2,no,southwest,42760.5022
39,female,25.935,0,no,southeast,5662.225
58,male,28.6,1,no,southwest,12430.95335
48,female,19.24914789783537,2,yes,southeast,36266.835229382355
44,female,32.015,2,no,northwest,7129.2565582916795
62,female,32.68,0,no,northwest,13844.7972
58,female,30.66339686098655,0,no,southwest,11848.141
56,male,28.31,0,no,southwest,5597.717380944129
47,female,32.775,2,yes,northwest,17081.08
41,female,30.78,3,no,southeast,39597.4072
56,male,21.47,0,no,northeast,1702.4553
39,male,41.8,1,no,northeast,13270.422265141257
39,female,29.26,1,no,southeast,14883.712967487507
44,male,25.27,0,no,northeast,3044.2133
51,male,39.7,1,no,southwest,1984.4533
27,female,26.315,1,no,northwest,20709.02034
44,female,23.98,2,no,southeast,8211.1002
48,male,30.2,2,no,southeast,8968.33
