haematocrit,haemoglobins,erythrocyte,leucocyte,thrombocyte,mch,mchc,mcv,age,sex,source
41.4,13.4,5.17,2.5,171,28.2300392867936,31.62200685199367,80.1,16,F,0
45.6,12.749350256875191,4.92,5.9,352,29.3,32.8,84.61133272892113,24,F,0
37.4,11.8,2.9,9.2,488,30.3,37.0,76.1,70,M,0
38.9,13.6,4.67,21.7,388,29.1,35.0,83.3,62,M,0
43.511928283689564,13.0,4.58,8.9,304,28.4,35.596437869237725,84.3,65,F,1
37.7,8.8,4.544802055001511,8.715533393774555,240,28.1,31.3,89.8,51,M,1
33.764771901453855,15.3,5.49,6.2,157,30.08039036046046,34.0,82.0,41,M,1
38.7,13.1,2.6,8.715533393774555,270,31.0,33.90905263891623,87.4,76,M,1
31.9,12.259264971035561,3.49,22.3,202,30.7,33.5,74.7,84,F,1
38.22611060743427,11.4,4.82,7.5,220,28.2,33.33647627682079,84.7,32,M,0
41.3,13.25066197844976,4.68,31.2,176,28.8,34.8,88.2,6,M,0
34.1,11.5,3.55,5.251406970261,706,32.4,34.5,96.1,63,F,1
45.9,15.161451927457982,4.749370978067934,8.9,100,28.2300392867936,32.742398647167036,86.95281165463848,5,M,1
42.4,12.749350256875191,3.184936960273668,3.3,312,25.516942540893737,32.1,80.0,14,M,0
36.4,11.2,4.86,9.2,258,28.6,30.8,91.4,43,M,1
36.867628192674275,11.9,4.26,8.6,75,27.9,31.3,89.2,62,M,0
44.3,14.7,3.167530233952657,4.1,187,28.1,33.2,84.5,44,F,0
41.9,13.8,5.1,19.1,328,23.0,32.9,73.32339660717089,31,F,1
23.4,15.3,5.43,12.8,258,28.2,34.1,80.5,17,M,0
41.0,14.1,4.52,10.527647453524462,273,25.145514464371786,34.4,90.7,46,F,0
34.1,11.6,4.88,7.1,279,23.8,34.0,87.1654822097184,46,F,0
34.3,11.6,4.11,9.4,249,29.7,33.33647627682079,84.61133272892113,66,F,1
27.439814348735627,13.8,4.66,10.3,391,29.6,35.0,84.64116332736371,43,F,0
40.2,13.5,4.544802055001511,4.1,166,23.736885796527556,33.6,91.4,48,F,0
38.22611060743427,17.81838944423125,5.432158400463085,0.8416089653050132,330,28.7,33.8,85.0,24,M,0
43.9,15.3,5.43,10.876288838140391,176,16.6,33.6,84.0,74,M,0
