age,sex,bmi,children,smoker,region,charges
62,female,38.095,2,no,southeast,15230.32405
57,male,40.176025285179314,0,yes,southwest,45621.92662431463
29,female,31.601415951660403,2,yes,northwest,17178.6824
56,male,22.61,0,no,southeast,3176.8159
45,female,30.66339686098655,1,yes,northeast,13270.422265141257
18,male,28.5,0,no,northeast,2709.1119
21,female,39.52,3,no,southwest,2007.945
33,male,31.655029431439903,4,no,northwest,39597.4072
22,female,27.1,0,no,southwest,13182.81911613332
18,male,53.13,1,no,southeast,1163.4627
41,male,27.265,1,no,northeast,9447.25035
19,male,32.11,0,no,southeast,6353.794784549989
24,male,32.01,0,no,southwest,29330.98315
28,female,30.875,0,no,northwest,3062.50825
32,male,37.18,2,no,southeast,6593.5083
22,female,30.66339686098655,1,no,southeast,13270.422265141257
19,female,37.43,1,no,southeast,7196.867
32,female,35.01702133652571,2,no,southeast,37484.4493
47,male,30.177362684676183,1,no,northeast,25871.992733697367
18,female,38.665,1,no,northeast,3393.35635
23,male,30.66339686098655,0,no,northeast,2690.1138
61,male,33.96653478835538,5,no,southwest,10096.97
56,male,38.29486891380395,3,no,northeast,12363.547
38,male,27.265,1,no,northeast,6555.07035
23,male,23.845,2,yes,southeast,2395.17155
48,male,21.78,3,no,northwest,6272.4772
22,female,37.29,1,no,southeast,2219.4451
57,male,32.13120128417914,2,no,northwest,15019.76005
19,male,28.93,-1,yes,southeast,34439.8559
60,male,36.955,0,no,northeast,3568.4371581366886
19,male,23.7,1,no,northwest,1712.227
29,female,22.8,0,no,northeast,1851.6199237289416
40,male,21.4,0,yes,southwest,2138.0707
39,male,21.5,1,no,southwest,13270.422265141257
45,male,27.5,3,no,southwest,8615.3
63,female,33.66,0,yes,southeast,15161.5344
29,male,29.735,3,no,northwest,18157.876
18,male,38.06,0,no,southeast,44400.4064
58,female,25.175,2,no,southeast,9095.06825
40,male,24.51,1,no,southwest,10959.33
44,male,30.66339686098655,2,no,northwest,13270.422265141257
47,male,45.32,2,no,southeast,10450.552
62,male,37.62,3,yes,southeast,13270.422265141257
50,male,30.66339686098655,4,no,southeast,50652.654457957426
52,female,27.9,3,yes,southwest,16884.924
39,male,34.105,1,yes,southeast,5526.798300202515
39,female,27.28,3,no,northwest,11436.73815
38,female,33.11,2,no,southeast,5974.3847
39,female,29.867432359972625,0,yes,northeast,6313.759
38,female,39.2915696500419,0,no,northwest,26987.10004275325
39,female,24.7,2,no,northwest,21880.82
36,female,19.855,0,no,southwest,28562.671346826348
