age,sex,bmi,children,smoker,region,charges
22,female,31.73,3,yes,northeast,4005.4225
19,male,25.880547569532972,2,no,southwest,2221.56445
58,female,28.408549309218532,0,no,southeast,13270.422265141257
27,male,32.585,1,no,southwest,4846.92015
46,male,27.455,3,no,southeast,5261.46945
25,female,30.66339686098655,2,yes,southeast,32110.254219078182
39,male,30.03,3,no,southeast,11856.4115
62,male,28.1,0,no,northeast,13555.0049
39,female,30.92996941936034,5,no,southeast,13270.422265141257
40,male,41.14,0,no,southeast,1146.7966
63,male,36.765,0,no,southeast,13981.85035
18,male,33.66,0,no,southeast,1136.3994
33,female,38.9,3,no,northwest,13270.422265141257
54,male,45.323166979308986,1,no,northeast,4667.60765
38,female,27.377878565988162,2,yes,southeast,19444.2658
32,male,32.775,0,no,southeast,-8337.727851226333
20,male,40.26430192882224,0,no,southeast,27724.28875
7,male,22.0,2,no,southeast,26385.71410648253
35,male,26.125,0,no,northeast,5227.98875
47,female,33.415795121543766,1,no,southwest,8556.907
46,male,33.725,4,no,southeast,3853.3944116657894
29,male,19.95,1,no,northwest,4433.3877
18,male,30.78,1,no,northeast,32108.66282
41,male,29.64,5,no,northeast,9222.4026
59,female,37.4,0,no,southwest,27000.98473
65,male,29.735,2,no,northeast,1720.3537
40,male,29.26,2,no,northwest,14976.037097120758
22,male,33.77,0,no,southeast,6673.91664526686
25,female,26.73,1,no,northeast,4391.652
39,male,33.995749995913236,0,yes,southeast,35147.52848
39,female,39.05,0,no,southeast,10141.1362
45,male,21.375,1,no,southeast,7222.78625
39,male,22.99,2,yes,northwest,17361.7661
48,male,41.23,4,no,southeast,1093.5770829947924
36,male,26.62,1,no,southwest,4402.233
47,male,37.715,1,yes,northwest,13270.422265141257
31,male,30.66339686098655,3,yes,southeast,12806.55192010392
25,male,32.11,4,no,northwest,4922.9159
37,female,30.66339686098655,0,yes,northwest,19539.243
62,female,30.495,1,no,northwest,7650.77375
23,female,25.64717310705405,0,no,southeast,-613.3714130130693
62,female,21.755,1,no,northeast,16657.71745
20,female,37.0,5,no,southwest,13270.422265141257
24,male,32.01,2,no,southeast,1981.5819
44,female,30.66339686098655,1,no,southwest,5152.134
39,female,28.231457116550953,0,no,northeast,9541.69555
41,male,20.045,3,no,southeast,5729.0053
21,male,31.02,0,no,southeast,16586.49771
5,male,30.66339686098655,1,no,southeast,3484.331
18,male,34.43,0,no,southeast,1137.4697
20,female,30.02,1,no,southwest,21098.55405
39,male,30.9,2,no,northwest,28158.180066039167
