haematocrit,haemoglobins,erythrocyte,leucocyte,thrombocyte,mch,mchc,mcv,age,sex,source
36.4,12.3,4.54,7.6,252,27.1,33.33647627682079,80.2,4,F,0
42.7,14.2,5.11,13.5,208,28.2300392867936,34.4,80.8,30,M,0
37.3,13.2,6.13,4.1,115,25.2,35.657266783977555,81.1,1,F,1
32.6,10.5,3.82,5.9,258,27.5,32.2,85.3,71,F,0
46.5,15.8,3.865520218866237,9.667667545438917,267,31.2,30.7,89.1,67,M,0
45.3,15.5,5.34,17.4,328,29.0,34.2,84.8,33,M,0
42.4,16.041576142909232,4.6,8.715533393774555,207,26.35222410195931,31.1,69.2,57,M,0
33.00052165912874,14.751333693697275,4.77,13.3,270,27.3,34.2,94.02097631643832,77,F,0
45.6,15.3,5.603876894143278,40.9,176,28.2,33.6,84.0,46,M,0
45.5,15.1,5.21,-0.46452854687181855,335,29.0,32.13844997678952,87.3,55,F,0
38.22611060743427,12.4,4.4,4.5,291,28.2,33.5,96.6,56,M,1
31.0,10.7,4.841144848736409,16.0,314,26.6,34.5,82.0,59,M,1
27.410553718075207,12.6,4.44,6.9,393,31.109022219139604,29.7,82.9,37,M,0
38.22611060743427,11.0,4.544802055001511,5.6,219,25.9,31.5,82.1,44,M,0
47.3,9.5,4.07,9.4,377,28.3,34.27340994188352,78.83430537088695,46,F,0
33.2,11.1,3.57,8.9,176,27.226908321574683,33.4,93.0,83,F,1
42.8,13.9,5.67,8.715533393774555,224,30.4,32.5,91.9289910016068,45,M,0
28.6,10.0,4.544802055001511,-1.629530431523401,300,31.6,35.0,90.5,35,F,1
35.6,12.749350256875191,5.7,10.0,397,28.5,33.33647627682079,84.61133272892113,24,M,1
37.32379938676779,20.42550668283029,5.19,7.0,258,22.1,35.2,86.5,24,M,0
45.1,12.749350256875191,5.06,6.7,450,28.7,32.2,91.7,49,M,0
24.4,12.3,3.55,2.5,103,28.2300392867936,29.9,68.7,36,M,0
44.477519079977604,8.705086602942707,4.59,2.8,356,28.327878188479886,33.3,84.61133272892113,67,M,0
35.7,12.2,4.61,11.279508109984441,389,26.5,32.3,76.8060998554678,2,M,1
51.7,7.3,4.18,10.5,316,29.4,34.7,84.7,19,F,0
38.6,13.1,5.389132375002588,7.9,286,24.0,33.81037097682086,100.6,11,F,0
