haematocrit,haemoglobins,erythrocyte,leucocyte,thrombocyte,mch,mchc,mcv,age,sex,source
29.4,9.7,3.35,12.4,320,29.0,32.7,100.36629321831617,21,F,0
47.7,8.791461510687299,5.77,5.6,199,25.91956178267812,32.5,82.7,49,M,0
45.1,15.6,4.86,4.6,228,28.2300392867936,34.6,92.8,55,M,0
24.4,12.749350256875191,5.028491460163297,7.693057798736028,798,29.39946645611707,32.4,84.61133272892113,37,F,1
31.3,10.3,3.45,10.0,258,29.9,32.9,82.22478446975323,75,M,0
32.7,12.749350256875191,3.56,8.715533393774555,627,23.16808241334661,31.311868941793144,91.9,73,M,0
38.22611060743427,13.6,4.97,8.1,150,28.2300392867936,33.33647627682079,82.5,42,F,1
40.9,13.6,3.71,5.1,80,28.0,31.604755536360276,85.0,39,M,1
32.0,11.418274974662484,3.69,16.7,258,29.0,35.3,86.7,74,M,0
33.5,11.1,4.4,10.621424918528355,315,25.2,33.1,76.1,2,M,0
39.6,12.8,2.31,16.1,378,31.8,32.3,82.3,68,F,1
44.86311295995961,14.4,4.544802055001511,9.5,341,27.7,34.2,93.97156474814254,66,M,1
44.7,10.9,3.19,32.3,440,28.6,33.5,99.8,59,F,1
43.2,15.0,5.1359352256696855,7.5,220,32.9,33.65290806199248,84.7,27,M,1
38.22611060743427,7.3,6.03,9.8,147,25.016390234746222,33.0,76.8,31,M,1
45.48256803824075,16.686687874738407,4.807734966729632,6.0,260,26.3,32.4,81.1,38,M,0
23.6,12.2,4.81,8.7,327,28.2,33.8,84.61133272892113,76,F,0
39.7,13.2,4.2879628899097995,15.4,386,26.0,33.2,83.2,59,F,0
43.0,15.7,5.29,6.66141451882336,152,29.7,32.15846674286016,81.3,46,M,1
19.964726208941524,9.3,4.544802055001511,8.715533393774555,195,32.4,37.8,85.7,85,M,1
30.389130474944196,14.6,4.79,47.7,214,30.5,33.3,75.3414709750049,80,M,1
38.1,13.966144947191314,4.69,3.1,157,25.6,31.5,56.7,25,F,1
28.5,15.4,5.65,10.362668800239064,307,27.3,30.3,84.2,46,M,0
47.1,17.0,5.66,13.0,318,28.1,33.8,78.1,37,M,0
38.3,12.6,4.22,5.1,244,29.9,33.33647627682079,90.8,67,F,0
32.5,15.2,5.23,8.4,264,29.1,34.0,85.5,36,M,0
