haematocrit,haemoglobins,erythrocyte,leucocyte,thrombocyte,mch,mchc,mcv,age,sex,source
42.7,14.0,5.15,11.0,258,27.2,34.388621223007014,59.2,38,M,1
36.2,12.749350256875191,2.5645962180095125,4.1,139,29.31489560769504,32.35473148707769,88.5,86,M,1
29.442111628830055,9.1,5.02,7.6,217,21.8,32.7,70.5,25,F,1
32.2,10.5,3.82,16.47958117606225,152,30.797656321845366,32.6,84.3,69,M,1
36.3,11.8,3.21,15.7,241,26.6,32.5,92.3,26,F,0
42.7,14.7,5.07,15.723336408800677,250,29.0,34.4,84.61133272892113,59,M,1
39.5,16.2,4.286658948640177,3.6,272,31.3,33.9,81.8,93,M,0
44.0,14.1,5.14221736872922,9.910337882665182,167,28.9,28.5,79.1,54,F,0
35.2,10.9,3.95,5.7,232,29.3,33.33647627682079,82.8,46,F,0
34.5,11.0,3.66,11.0,614,30.1,30.9,94.3,49,F,0
38.0,11.8,4.16,9.0,237,28.4,31.1,71.8,46,F,0
41.5,13.4,4.98,2.4,395,26.9,33.33647627682079,83.3,34,M,1
38.22611060743427,9.749869641243212,4.04,6.2,307,30.010605248849778,34.8,86.1,69,M,0
39.6,12.749350256875191,5.02,4.7,359,26.5,33.6,78.9,4,M,0
45.2,7.6,5.02,6.4,252,25.6,32.6,89.2,75,M,1
36.5,12.3,4.22,8.715533393774555,208,30.008771320866472,33.7,86.5,72,M,0
40.4,13.6,5.151387983877733,7.1,288,28.2300392867936,33.7,84.61133272892113,37,F,1
38.22611060743427,11.1,4.4,5.754112747207085,401,25.2,33.1,78.33430545681036,2,F,0
33.82194177580289,14.870032985398968,4.544802055001511,8.715533393774555,339,28.1,31.0,76.13577554629306,68,F,0
42.0,13.1,4.17,6.4,288,28.9,34.5,83.7,31,F,0
40.6,14.786454488311763,4.3,7.6,221,30.9,32.8,95.68889328642227,60,M,0
36.772668174439715,9.8,3.31,8.8,403,29.6,32.88024201054464,93.1,63,F,0
51.25954882018952,14.1,4.91,5.1,90,28.7,33.2,86.6,23,M,0
27.8,9.3,3.17,5.6,258,27.6,33.5,87.7,77,F,1
43.8,14.5,4.39,6.8,729,28.2300392867936,35.21541498061203,84.83382848542618,56,F,1
37.8,11.917527872042433,4.544802055001511,7.4,255,30.2,35.6,84.7,56,M,0
