age,sex,bmi,children,smoker,region,charges
35,male,26.125,0,no,southeast,17990.332108368977
26,female,33.345,0,yes,northwest,3176.2877
53,male,30.66339686098655,4,no,northwest,10355.641
60,male,35.1,0,no,southwest,6389.37785
45,male,17.29,1,no,northwest,14382.264722423231
49,female,36.31999844689584,0,no,southeast,9304.7019
39,female,30.66339686098655,1,no,southeast,6940.90985
53,female,26.41,2,no,northeast,11244.3769
58,male,19.086832190807435,1,yes,northeast,12644.589
38,male,34.32,1,no,southeast,-183.80502969933696
47,female,34.1,1,no,southeast,47462.894
57,male,43.7,1,no,southwest,11576.13
30,male,19.855,1,no,northwest,19107.7796
60,female,39.7,2,no,southwest,14319.031
36,female,24.035,4,no,southwest,9586.476844593344
40,male,41.42,1,no,northwest,28476.73499
39,male,38.94,3,yes,southeast,3471.4096
24,male,21.24106589410134,0,no,northwest,2352.96845
28,female,31.79,0,no,southeast,17929.30337
48,male,21.82390047733026,0,no,northeast,13270.422265141257
40,female,27.74,0,no,southeast,29523.1656
35,female,27.7,3,no,southeast,6414.178
37,male,23.6,4,yes,southwest,13270.422265141257
23,male,50.38,1,no,southeast,2438.0552
54,female,31.9,1,no,southeast,10928.849
64,female,39.05,3,no,southeast,16085.1275
