age,sex,bmi,children,smoker,region,charges
25,female,41.8,0,no,southeast,5662.225
35,female,44.77,2,no,northeast,-259.03698721736237
22,male,38.28,1,no,southeast,32786.958911953676
51,male,35.91,1,no,northwest,11520.09985
29,female,30.66339686098655,1,no,southeast,13270.422265141257
31,male,19.27818018537382,1,no,southwest,5472.449
39,male,32.11,2,no,northeast,21677.28345
23,female,34.96,0,no,northwest,42665.6502610481
54,male,30.66339686098655,1,yes,northwest,16420.49455
39,male,22.8,3,no,northeast,7985.815
62,female,25.27,0,no,northeast,15032.862957851608
39,male,25.08,4,no,southeast,13635.6379
18,male,28.032019180294274,1,no,northwest,1711.0268
59,female,22.135,1,no,southeast,13270.422265141257
19,female,27.5,1,yes,southwest,12333.828
50,female,23.655,0,no,northwest,8671.19125
21,male,28.987481882486936,0,no,northeast,26109.32905
19,female,28.9,0,no,southwest,1743.214
39,female,26.9,0,no,southwest,5969.723
40,female,26.125,4,no,northeast,47928.03
42,male,35.97,2,no,southeast,5926.180488627096
50,male,30.66339686098655,0,no,southwest,8457.818
39,male,30.305,0,no,northeast,11938.25595
19,male,40.15,0,no,southeast,16940.728800988934
25,female,26.79,2,no,southeast,21880.82
14,male,39.58916706882012,2,no,southwest,7418.522
51,female,30.66339686098655,1,no,southeast,9855.1314
49,male,23.18,2,no,northwest,10156.7832
39,male,27.67446530504536,1,yes,southeast,5125.2157
41,female,30.685,0,yes,northeast,13087.093278252201
48,male,30.59,2,no,northwest,1639.5631
29,male,36.42861262130384,0,no,southeast,7323.734819
42,female,30.66339686098655,2,no,southwest,4529.477
32,female,33.580212912062855,3,no,northeast,13270.422265141257
59,male,25.46,4,no,southeast,13270.422265141257
30,male,31.4,1,no,southwest,3659.346
58,female,25.3,2,no,northeast,12235.8392
34,female,30.31284258627727,0,no,northeast,4992.3764
62,female,32.775,0,no,southeast,13470.86
36,female,32.68,0,no,southeast,3756.6216
31,female,38.095,1,yes,southeast,16633.816271264568
43,male,37.835539933281645,0,yes,southeast,1137.4697
20,female,32.395,1,no,northwest,38511.6283
35,female,24.415,0,no,northeast,5415.6612
61,male,35.86,0,yes,southeast,46599.1084
27,female,20.045,3,no,northwest,41999.52
28,male,29.26,2,no,northeast,13270.422265141257
33,male,30.03,1,no,southeast,1720.3537
54,female,25.74,0,no,southeast,10923.9332
31,female,32.775,2,no,northwest,5327.40025
63,male,41.47,0,no,northeast,3685.9713918553207
45,female,32.06536687145883,1,no,northwest,4703.334889847459
