age,sex,bmi,children,smoker,region,charges
19,male,38.06,1,yes,southeast,7152.6714
36,male,30.889966039137054,0,no,southeast,8823.279
44,female,39.615,1,no,northwest,2730.10785
41,male,30.59,2,no,southeast,-3701.454513986002
39,female,25.08,0,no,southeast,14254.6082
40,male,30.2,2,no,southwest,13270.422265141257
32,male,35.2,2,no,southwest,4670.64
29,male,27.2,0,no,southwest,2866.091
40,male,30.66339686098655,0,no,southeast,6393.60345
61,male,29.07,1,no,northeast,13270.422265141257
39,male,32.3,0,no,southwest,-3137.0762268321632
18,male,24.13,1,no,northwest,5125.2157
32,female,30.5570895838717,0,no,southeast,13457.9608
39,female,28.88,1,no,southwest,42211.1382
41,female,42.46,0,yes,northwest,6571.02435
34,female,27.5,3,no,southeast,5003.853
36,male,32.4,-1,no,southwest,-18012.454149183537
32,male,31.5,1,no,northeast,2473.3341
50,female,33.915,3,no,southeast,13270.422265141257
41,female,32.2,1,yes,southwest,10856.35991950502
39,male,37.07,0,no,southeast,9048.0273
22,female,30.66339686098655,1,no,northwest,11305.93455
21,male,17.48,0,no,southeast,1526.312
20,female,30.66339686098655,4,yes,southwest,-1462.3017832185892
39,female,37.51,2,yes,northeast,24667.419
64,male,30.66339686098655,1,no,northwest,30166.61817
25,female,39.82,0,yes,southeast,19136.84581320244
54,male,29.30899781015868,0,no,northwest,2741.948
53,female,25.84,0,no,southeast,13270.422265141257
18,male,30.66339686098655,0,no,southeast,-5483.44961867452
23,female,28.12,1,no,northwest,2690.1138
45,male,39.805,0,no,northeast,13270.422265141257
49,female,41.199425845770136,6,yes,southwest,11552.904
43,male,35.3,3,no,southwest,7196.867
67,male,45.711539915450615,1,no,southwest,7441.501
55,male,35.85081958418652,0,yes,northwest,1880.487
64,female,37.7,0,no,southeast,27037.9141
26,male,32.49,1,no,northeast,34524.68866706286
58,male,30.914046403001322,1,yes,southeast,9249.4952
47,male,28.215,1,yes,northwest,1851.3534555542374
19,female,28.31,0,no,northeast,17468.9839
11,female,33.63,2,yes,southeast,12029.2867
37,male,34.105,1,no,northwest,6112.35295
18,male,33.07329063375701,0,no,southwest,1702.4553
40,male,19.20652693745719,4,no,southwest,13451.122
24,female,39.49,0,yes,southeast,2480.9791
19,male,31.1,1,no,northwest,1621.3402
44,male,30.36,1,yes,northwest,62592.87309
25,male,26.85624236137897,1,no,northwest,2523.1695
51,female,22.23,0,no,southeast,43921.1837
53,female,32.7,0,no,southwest,16498.152586384473
23,male,36.52,1,no,northwest,2396.0959
