haematocrit,haemoglobins,erythrocyte,leucocyte,thrombocyte,mch,mchc,mcv,age,sex,source
38.22611060743427,8.9,3.95,8.1,382,22.5,33.33647627682079,92.6,47,M,1
30.7,8.8,2.98,6.098030993366786,486,29.5,32.8,90.2321319209559,44,M,1
44.3,15.3,5.48,8.4,228,27.9,32.9,80.8,64,M,0
38.22611060743427,11.3,3.93,6.4,308,29.1,32.1,89.6,70,F,0
30.822824592824965,12.395133397914668,4.16,9.0,237,24.85330984822072,31.1,91.3,56,M,0
42.2,17.945626088679195,5.59,24.2,620,27.8,35.51249773131938,82.7,66,F,0
30.956244749826336,9.6,3.11,14.6,258,28.662486438081793,33.33647627682079,93.2,35,F,1
45.4,11.8,4.92,8.715533393774555,321,29.9,33.5,89.2,20,M,1
38.5,12.5,4.544802055001511,16.8,193,26.0,32.5,80.2,46,M,0
47.7,16.4,5.63,15.722101105821748,338,28.8,34.02930461968954,84.7,31,M,0
45.0,15.1,5.7906277909419765,9.7,798,28.2300392867936,32.773492403685715,84.61133272892113,64,F,0
30.859846612284862,12.749350256875191,7.971057813955568,5.8,193,24.0,33.5,71.6,24,M,1
31.6,12.778360863031912,3.36,8.715533393774555,262,25.763930731176057,33.2,78.69715685585662,45,F,1
38.0,12.6,4.45,10.7,262,28.3,33.2,85.4,46,F,0
26.8,10.1,4.342267631339108,7.4,78,29.0,34.5,88.2,91,M,1
47.1,16.4,5.59,7.4,258,29.3,34.8,95.1,40,M,0
37.4,14.83477667786341,4.61,7.6,245,29.070943503173105,34.0,75.68026059432415,27,M,1
14.6,14.2,5.77,5.7,543,31.1,34.3,90.6,98,M,1
39.2,10.0,4.63,6.2,516,35.4,34.2,87.7,60,M,0
41.7,13.7,5.41,2.1366105952148353,258,25.3,34.5,71.3,9,F,0
43.8,15.0,5.42,9.5,146,27.7,34.2,80.8,66,M,1
45.0,16.7,5.08,4.9,261,28.2300392867936,33.3,88.6,23,M,0
33.5,13.4,3.614066818766653,4.6,392,20.7,27.495272318877486,98.1456263711395,21,F,0
40.2,12.749350256875191,4.63,12.2,251,28.5,32.8,86.8,21,F,1
50.1587849156544,13.3,4.47,4.0,74,28.7,33.1,84.61133272892113,76,F,0
29.0,9.6,4.544802055001511,14.31367665928051,132,31.5,33.1,84.3,45,M,1
