haematocrit,haemoglobins,erythrocyte,leucocyte,thrombocyte,mch,mchc,mcv,age,sex,source
37.6,12.1,4.55,5.6,204,26.6,32.2,82.6,72,F,0
36.8,12.7,4.83,8.715533393774555,286,26.3,34.5,76.2,11,M,0
28.2,15.0,6.37,11.0,347,27.1,32.1,84.06725924182174,60,F,0
43.1,14.4,4.544802055001511,6.5,150,27.40082773086625,30.053275534325593,66.796172801391,33,M,1
36.14328178252516,15.4,5.45,10.6,344,28.3,33.2,85.1,60,F,0
30.3,9.8,4.22,10.3,476,23.2,34.2,71.8,75,M,1
39.7,13.2,4.61,21.4,354,28.2300392867936,33.2,84.61133272892113,52,F,1
54.0,15.28964096789926,7.61,8.715533393774555,192,21.8,32.3,78.78520111341518,53,F,1
14.5,11.6,3.58,-0.5252708065429736,246,28.2300392867936,33.0411010575873,99.2,46,M,0
47.7,15.8,5.79,3.0,159,28.5,31.63701944336849,82.4,43,M,1
37.860335003089055,15.3,4.57,8.4,185,23.9,30.3,76.6,26,M,0
43.5,14.6,4.544802055001511,8.0,258,22.253238869480708,33.6,87.3,77,F,1
31.636778094550024,10.1,3.3,16.2,232,30.6,34.2,89.4,59,F,0
34.5,11.8,4.1,4.9,258,25.8,32.3,84.1,71,M,0
30.4,12.749350256875191,3.56,21.5,140,29.5,33.33647627682079,63.1,87,M,0
38.22611060743427,12.9,5.71,5.0,295,27.4,33.9,84.61133272892113,66,M,0
44.8,13.838120771965142,4.71,5.0,260,25.7,32.8,71.6,46,M,0
43.0,9.4,2.1969808001942495,3.9,252,28.5,33.49917406343758,85.5,53,F,1
46.4,12.749350256875191,4.165943434033931,6.3,306,27.8,33.33647627682079,82.6,31,M,0
36.8,10.990590240914258,3.95,8.4,175,26.47777395711672,33.7,93.2,75,M,0
37.9,12.9,4.26,7.7,236,30.3,34.0,89.0,20,M,0
40.0,16.3,4.914585552020346,4.943865407839217,15,26.084538730472115,34.0,79.1,98,F,1
24.4,8.0,2.93,8.33981717356252,251,27.3,33.1,75.90967311468386,47,F,0
43.73063971566205,9.754951784095987,4.79,2.9,232,25.9,32.7,89.1,29,F,0
38.22611060743427,14.8,5.2,-2.328499559808347,256,27.3,33.4,85.2,53,M,0
43.8,13.8,4.4747482771015346,9.5,341,19.9,34.2,80.8,66,M,0
