haematocrit,haemoglobins,erythrocyte,leucocyte,thrombocyte,mch,mchc,mcv,age,sex,source
31.3,15.0,4.544802055001511,11.0,396,27.2,33.6,83.4,32,M,1
40.1,13.6,4.08,6.2,160,27.230467305604165,33.9,98.3,69,M,0
40.6,16.701645145421598,4.950305044700239,14.9,711,27.4,28.6,83.7,36,M,0
33.4,11.0,3.95,6.5,536,27.8,32.9,84.6,73,M,0
42.7,13.4,4.79,8.715533393774555,258,30.3,34.265644536919176,80.20655650815179,30,M,1
27.5,16.2723449555836,3.3,2.5451949307418396,207,28.2300392867936,32.7,87.7,74,M,1
43.67406009571956,13.20383235072531,4.98363699346903,15.8,376,20.5,30.1,83.74162930046586,42,M,0
42.3,13.7,5.14,8.715533393774555,124,25.63077213079927,32.4,82.0,79,M,0
37.3,12.3,4.53,7.2,183,28.0,33.3,84.61133272892113,60,F,0
33.199070869491415,10.1,4.22,8.926452103235354,150,24.670363972909072,33.3,82.4,55,F,0
40.4,14.3,5.24,7.5,282,27.3,33.33647627682079,67.9,42,M,0
44.3,15.0,5.05,5.6,292,29.7,33.9,83.3,30,M,0
41.5,11.427559099129592,3.0685326219608253,8.8,258,29.3,33.0,88.9,59,M,0
38.22611060743427,13.5,5.27,6.0,670,28.2300392867936,34.1,86.01587929576327,49,M,0
33.4,12.749350256875191,4.38,5.0,356,24.2,31.7,76.3,70,M,0
38.22611060743427,14.5,5.28,8.6,266,27.5,33.33647627682079,84.61133272892113,59,M,0
33.6,12.749350256875191,3.51,7.3,296,33.3,34.8,95.7,28,F,0
25.8,8.6,2.59,5.8,62,33.2,33.0,111.54777391665215,82,F,0
25.4,8.5,5.27,10.4,104,28.8,33.5,86.1,35,M,0
21.9,7.3,3.06,2.785690383853747,237,28.904305990262234,33.3,71.6,53,F,0
28.3,13.2,4.7,6.5,408,28.3,34.42702829945844,82.1,45,F,0
29.0,9.4,2.6892744337857954,14.4,214,26.6,31.662282130919536,81.9,46,F,0
37.58692252784559,11.5,4.544802055001511,20.5,223,23.6,31.461112901476994,72.7,44,F,1
36.4,12.0,4.24,17.40582137212072,273,28.3,36.2,85.8,46,M,0
34.1,11.6,4.88,7.1,279,23.8,34.0,69.9,25,F,0
36.940970170813465,10.5,3.39,10.0,291,25.6,32.9,77.8,34,M,0
