age,sex,bmi,children,smoker,region,charges
39,male,20.48110594634871,3,no,northeast,1931.4523773300098
19,male,26.315,4,no,southwest,1743.214
18,female,28.9,0,no,northeast,46113.511
25,female,32.23,1,yes,southwest,2394.215378640749
64,female,25.74,3,no,northeast,10600.5483
60,female,36.19,3,yes,southeast,13919.8229
60,male,24.32,0,no,northwest,13112.6048
53,male,26.41,2,no,northeast,11244.3769
33,female,38.0,2,no,southeast,12646.207
35,female,20.190908833053022,0,no,southeast,18903.49141
22,male,30.93824889094023,0,no,southwest,5383.536
54,male,21.01,1,no,southwest,24915.04626
24,male,44.22,1,no,southwest,4266.1658
12,male,24.6,1,no,southeast,1837.237
67,male,26.11657632889569,0,no,southeast,13270.422265141257
25,male,25.74,-1,no,southeast,13270.422265141257
22,female,28.82,0,yes,southeast,2523.1695
36,male,30.66339686098655,2,no,southeast,5584.3057
52,female,28.785,1,yes,southeast,13270.422265141257
39,female,33.4,1,no,southwest,10795.93733
57,male,29.3,4,yes,northwest,15829.169782905794
24,male,38.2873738616405,0,no,southeast,3935.1799
24,female,39.49,1,no,southeast,19115.554911005835
38,male,27.6,2,no,southeast,1664.9996
39,female,38.095,2,no,northeast,11013.7119
44,female,38.06,0,no,southeast,48885.13561
62,male,18.05,0,no,northwest,13352.0998
39,male,43.01,1,no,southeast,1149.3959
27,male,30.66339686098655,3,yes,southwest,16420.49455
38,female,19.95,2,no,northeast,13270.422265141257
57,male,25.90830747235006,2,yes,southeast,5257.50795
45,male,38.28,4,no,northeast,9101.798
41,female,24.985,0,yes,southeast,5699.8375
31,male,30.97,2,no,southeast,12629.1656
25,female,42.13,1,no,southeast,5621.5944094027
39,female,35.524260710413174,1,no,southeast,10167.108083042276
18,female,24.09,2,no,southeast,-1422.9612408314642
35,female,34.105,1,yes,northwest,4733.067682782386
34,male,33.99,0,no,southeast,2473.3341
17,female,39.93,0,no,southeast,12982.8747
40,male,29.104055987439686,1,no,northwest,3392.9768
39,male,30.495,0,yes,northwest,1618.2072595469851
59,male,30.66339686098655,2,no,northwest,56275.25775911752
18,male,39.82,0,no,southeast,12044.342
40,male,29.81,1,no,southeast,6500.2359
23,female,21.432756478901663,1,no,southeast,3500.6123
41,female,37.65275697258361,1,no,southeast,13270.422265141257
47,female,26.125,1,no,northeast,23401.30575
55,male,30.66339686098655,0,no,southwest,1744.465
39,male,24.4,3,no,southeast,18259.216
19,female,27.93,3,no,northeast,18838.70366
27,female,30.66339686098655,2,yes,northwest,20984.0936
