age,sex,bmi,children,smoker,region,charges
36,male,27.448574239666673,0,yes,northeast,20773.62775
49,female,36.63,1,no,southeast,13270.422265141257
27,male,28.5,0,yes,northwest,18310.742
50,male,27.179583555694006,6,no,southeast,18518.67935180589
39,male,42.75,0,no,northeast,5237.65519326683
39,female,30.66339686098655,0,no,southeast,13457.9608
32,female,27.835,2,no,northwest,4454.40265
28,male,35.34648744926964,1,no,southeast,3766.8838
32,female,25.8,0,no,northeast,2457.21115
46,female,36.52,1,no,southeast,28287.89766
34,male,26.41,1,no,northwest,14765.460724120503
32,male,26.85228494222108,0,yes,northwest,5757.41345
48,female,30.66339686098655,1,no,southeast,8671.19125
33,male,26.480415728822432,3,no,southeast,5028.1466
-5,female,30.66339686098655,0,yes,northeast,14283.4594
55,male,20.98140690836263,2,no,southeast,9522.574241340031
26,female,22.61,0,no,southwest,-6107.07859692525
23,female,39.24926987222243,0,no,northeast,8071.253390414665
18,female,29.0,1,no,southwest,36149.4835
30,male,43.4,1,no,southwest,13270.422265141257
39,female,33.52504262682964,1,yes,northeast,13270.422265141257
39,female,40.37,2,yes,southeast,45875.6864287125
50,female,31.57,0,no,southeast,12557.6053
59,female,24.1,1,no,northwest,26236.57997
50,male,33.44,0,no,northeast,8334.5896
38,female,30.69,1,no,northeast,5976.8311
42,male,27.93,0,no,northwest,11363.2832
35,female,33.33,1,no,southeast,4151.0287
22,female,31.35,1,no,southeast,-3917.4278310480986
29,male,27.94,2,no,southeast,2867.1196
46,male,30.66339686098655,2,no,northwest,8733.22925
64,male,22.99,1,no,southeast,27037.9141
42,male,45.9,2,no,northeast,7162.0122
35,male,30.66339686098655,0,no,northwest,14256.1928
23,female,21.47,5,no,southeast,40904.1995
36,male,31.5,0,yes,southwest,4402.233
39,male,30.115,3,no,northwest,13270.422265141257
39,female,31.255,0,yes,northwest,8756.525065311153
48,female,24.225,2,no,northeast,22395.74424
39,male,32.5,1,no,southwest,4133.64165
19,female,32.9,1,no,southwest,1748.774
42,male,31.4838749798155,2,no,southwest,13270.422265141257
23,male,37.51,2,no,southeast,23826.53519395375
48,female,36.85,1,no,southwest,7050.642
52,male,39.8,5,no,southeast,12592.5345
47,female,32.1,3,no,southwest,14007.222
23,female,29.81,0,no,northwest,36950.2567
-9,male,24.6,1,no,southwest,1837.237
51,female,21.89,1,no,southwest,9880.068
28,female,29.889972248771674,1,no,northwest,6238.298
47,male,41.91,1,no,southeast,1837.2819
24,male,28.5,0,yes,southeast,11657.7189
