age,sex,bmi,children,smoker,region,charges
39,female,25.935,0,no,northeast,20773.62775
37,male,25.175,2,no,northeast,17814.15416164416
43,male,28.12,2,no,southeast,13270.422265141257
44,male,32.87,2,yes,southwest,7740.337
36,male,41.895,3,yes,northeast,43753.33705
31,male,29.81,0,yes,southeast,16096.797938642649
44,male,26.29,4,yes,northeast,32108.66282
20,male,33.25,1,yes,southwest,1964.78
42,female,24.225,0,no,northeast,10303.862746336143
54,male,31.635,2,yes,northwest,63770.42801
53,female,26.7,2,no,southeast,20462.99766
43,male,27.959209463647056,0,no,northeast,18767.7377
29,female,28.259544661192184,1,no,southeast,7058.562770890715
48,female,22.515,1,no,northwest,2203.73595
26,male,31.16,0,no,northeast,13270.422265141257
46,male,35.7,0,no,southwest,17268.305694281782
46,female,15.759049702713883,2,no,northwest,9193.8385
62,female,14.739279513765505,0,no,northeast,13555.0049
36,male,30.66339686098655,0,yes,southeast,3309.7926
39,female,46.7,2,no,southeast,11538.421
19,female,30.66339686098655,0,yes,northwest,18194.31812953483
54,female,32.68,0,no,southeast,10923.9332
32,female,29.735,0,no,northwest,-18011.158582621043
39,female,31.92,0,no,southeast,2205.9808
39,female,33.11,1,no,southwest,34439.8559
33,female,30.20777113632366,1,no,northwest,38224.539736077
19,female,31.57482207448345,0,no,southeast,3046.062
47,male,32.3,1,no,southwest,8062.764
58,female,27.5,1,no,southwest,12233.828
19,male,30.66339686098655,1,yes,northwest,8765.249
35,female,33.871680264825045,0,no,northeast,7358.17565
25,female,44.7,0,no,northeast,33475.81715
26,male,22.23,0,no,southeast,8135.25606789267
18,male,39.14,0,no,southeast,12890.05765
27,male,42.13,2,no,northwest,13270.422265141257
26,male,23.7,2,no,southeast,3484.331
23,male,31.464613419776086,1,yes,southeast,38245.59327
14,female,17.29,1,no,northeast,3761.292
53,female,22.0,0,no,northeast,26467.09737
61,female,32.15636697909296,0,yes,northwest,29141.3603
33,male,32.11,4,no,southeast,4779.6023
37,female,28.38,0,yes,southeast,19521.9682
74,female,47.41,1,no,northeast,5227.98875
35,male,30.66339686098655,0,no,northeast,8688.85885
52,male,30.66339686098655,0,no,southwest,24393.6224
45,male,39.995,3,no,southeast,1140.116083299179
39,female,29.92,0,no,southeast,4889.0368
39,female,27.99153076342476,1,no,southeast,7201.70085
19,male,34.4,1,yes,southwest,1261.859
16,male,40.15,0,no,southeast,13270.422265141257
14,female,40.185,0,no,southeast,13270.422265141257
63,male,35.3,3,no,southwest,7196.867
