haematocrit,haemoglobins,erythrocyte,leucocyte,thrombocyte,mch,mchc,mcv,age,sex,source
39.7,13.1,4.56,6.586121276786741,258,28.7,33.0,84.61133272892113,22,F,0
15.171054520186752,8.1,3.1,8.715533393774555,125,26.1,32.4,80.6,46,F,1
26.4,8.9,3.09,2.7,258,28.2300392867936,33.7,85.4,46,F,1
38.22611060743427,6.5,4.1595881435945605,12.2,138,33.3,32.8,106.52565040876816,69,F,1
40.8,12.749350256875191,5.84,8.7,73,28.2300392867936,35.5,97.6,7,F,0
33.90577166986984,13.5,5.81423133641694,4.6,186,28.6,34.0,82.71599092971745,10,M,1
44.01726687406199,11.0,5.146877817670274,18.4,150,23.5,32.6,71.9,1,F,0
31.8,10.5,3.81,6.4,258,27.6,35.5,87.0,41,M,0
28.3,9.4,3.26,10.9,248,28.8,32.47196414571463,86.8,53,M,1
43.3,14.0,5.37,31.2,211,29.91793290715104,33.33647627682079,80.6,37,F,0
34.0,10.9,3.48,26.6,225,31.3,32.1,97.7,73,F,0
31.4,10.1,3.93,12.681953518192941,511,25.7,32.2,79.9,24,M,1
42.2,15.02202645905793,2.96,7.4,334,22.6,34.98757950648987,73.2281410736972,66,M,0
40.7,12.749350256875191,4.42,9.8,291,31.2,35.7,92.1,11,F,0
28.1,7.3,7.097405843731304,26.075054930216126,237,23.9,33.3,71.6,53,M,0
46.0,12.1,4.58,7.05853853720912,289,26.4,32.6,88.4,110,M,0
47.7,15.7,5.63,5.5,87,27.9,33.07072897450467,84.61133272892113,92,M,1
38.9,12.203519666031573,3.13,12.7,410,30.2,33.7,67.1,11,M,1
35.6,9.873312190466834,4.6,8.7,441,26.1,33.7,77.4,-4,M,0
31.8,15.8,4.544802055001511,5.6,60,29.604513823250905,33.5,86.3,17,M,0
42.3,14.6,5.6,5.0,235,29.57890341965715,33.33647627682079,78.53189575019361,27,M,0
38.22611060743427,9.4,4.78,8.715533393774555,128,27.942062264755556,33.1,83.5,29,F,0
38.91085459103683,10.2,4.71,4.0,303,27.8,31.7,87.7,49,M,0
32.2,12.282237403092317,4.544802055001511,6.2,309,35.4,29.8,72.9,44,F,0
21.9,16.1,3.32,12.2,205,24.9,33.8,84.6,79,M,1
32.6,11.0,3.16,9.3,260,34.8,33.92466925489031,103.2,87,M,0
