age,sex,bmi,children,smoker,region,charges
55,male,25.633931535730184,1,no,northwest,9288.0267
52,female,34.1,1,no,southeast,9140.951
23,female,31.4,0,yes,southwest,34166.273
9,male,31.35,1,no,southeast,1622.1885
44,male,45.15131513538916,2,no,southeast,12090.176396185852
45,female,43.01,0,yes,northwest,13270.422265141257
34,male,29.695070887536662,0,no,northwest,3875.7341
39,male,30.66339686098655,4,no,northwest,-1158.529217401866
51,male,24.922262561200522,0,no,northeast,8798.593
44,male,29.735,2,no,northeast,32108.66282
71,male,29.83,1,no,northeast,21348.706
47,male,47.52,1,no,northwest,8083.9198
61,female,33.33,4,yes,southeast,36580.28216
25,male,29.619306695137105,2,yes,southwest,6710.1919
48,female,27.36,1,no,southeast,9447.3824
62,male,26.695,0,yes,southeast,14410.9321
48,male,28.9,1,no,southwest,13270.422265141257
58,male,30.66339686098655,2,no,northeast,1694.7964
27,male,29.901514060644125,2,yes,southeast,34806.4677
40,male,37.62,3,no,northeast,18466.651490619224
56,female,32.23,1,no,southeast,13270.422265141257
32,male,17.765,3,yes,southeast,32734.1863
46,female,33.10169199970541,0,no,southeast,-3302.7636996820183
37,female,30.66339686098655,2,yes,northeast,13270.422265141257
53,male,31.76059066627352,1,yes,northeast,15102.338913627722
30,female,23.655,3,yes,northwest,2585.269
58,male,21.01,0,no,northeast,11938.25595
50,male,46.3370209606023,0,no,southeast,44400.4064
18,male,49.06,0,no,southeast,11381.3254
44,male,36.575,3,no,northeast,5428.7277
39,female,28.975,0,yes,northeast,29411.273364767203
33,male,20.796655737257456,0,no,northwest,21984.47061
38,male,32.4,1,no,southeast,4149.736
18,female,39.16,0,no,southwest,43753.33705
62,female,32.965,3,no,northwest,15612.19335
39,male,33.0,1,no,southeast,37165.1638
32,female,22.99,0,no,southeast,2257.47525
86,male,41.325,3,no,northwest,15555.18875
38,male,21.12,3,yes,southeast,6652.5288
31,female,39.49,1,yes,southeast,4320.41085
27,female,37.73,2,yes,northeast,5383.536
58,male,30.66339686098655,1,no,southeast,13270.422265141257
58,male,34.865,0,no,northeast,11944.59435
43,male,27.93,0,no,northeast,1967.0227
21,male,25.555,2,no,northwest,3077.0955
39,male,31.35,3,no,northwest,46130.5265
49,female,30.66339686098655,1,no,southeast,8329.987424997867
39,male,23.32,1,no,northeast,1711.0268
46,female,28.9,1,no,southwest,6079.6715
39,male,21.01,3,no,southeast,886.4399914193818
19,male,24.6,1,yes,southeast,15321.262490843663
59,female,27.5,-1,no,southwest,5591.4577021734995
