age,sex,bmi,children,smoker,region,charges
35,male,19.72137924859507,3,no,southwest,5926.846
39,female,18.5,1,no,southwest,10736.87075
41,male,30.495,3,no,southeast,40720.55105
36,female,50.38,4,no,southwest,2203.47185
20,male,27.3,0,no,southwest,3260.199
45,female,32.19470667319719,0,no,northeast,7935.29115
59,male,30.14,2,no,southwest,8027.968
56,male,40.3,1,no,southwest,10602.385
22,male,28.975,2,no,southeast,4040.55825
19,female,38.34367505981414,5,no,northwest,13055.21249556066
50,female,49.06,1,no,southeast,25656.57526
32,female,28.88,0,yes,northwest,17748.5062
45,male,26.07,2,no,southeast,11743.299
82,male,27.36,1,no,southeast,13270.422265141257
27,female,35.53,0,yes,southwest,42857.57926359743
54,male,32.775,0,no,northeast,18903.49141
52,female,36.575,0,no,northwest,8522.003
34,male,33.33,2,no,northwest,16290.252642545867
63,female,37.7,0,yes,southwest,48824.45
46,male,48.07,1,no,southeast,15331.158777150547
44,male,40.04175842490974,1,yes,northwest,13270.422265141257
60,male,39.9,1,no,southwest,48173.361
56,female,25.745,2,no,southwest,8671.19125
39,female,30.66339686098655,2,yes,northeast,24915.04626
32,female,30.854086840358434,1,yes,southeast,17626.23951
22,male,39.805,0,no,northeast,3172.018
45,female,30.9,2,no,southwest,13270.422265141257
62,female,30.66339686098655,1,no,southeast,1043.5048743913721
37,male,45.10163769843124,1,yes,southeast,28329.18621361116
48,male,35.625,4,no,northwest,4766.022
36,male,22.135,3,no,northeast,7228.21565
30,male,44.22,2,no,southeast,22377.243678602747
23,male,22.192467607487732,0,no,northeast,10085.846
59,male,25.4,1,no,southwest,8832.46450642637
39,male,42.74566176378521,0,no,southeast,12129.61415
47,male,30.66339686098655,1,no,northeast,11763.0009
64,female,31.3,2,no,southwest,47291.055
39,female,30.66339686098655,0,no,southeast,11482.63485
39,male,33.44,1,no,southeast,8334.5896
28,male,26.315,1,no,northeast,6940.90985
19,male,22.61,4,no,northwest,8623.192555183821
46,male,24.735431491617874,1,no,southeast,12461.817207300843
61,male,32.775,0,no,southeast,13270.422265141257
37,female,16.989863360947176,1,no,southeast,19539.243
38,female,25.08,2,yes,southeast,40003.33225
31,male,25.8,0,yes,southwest,4934.705
18,male,24.985,0,no,southeast,1146.7966
45,male,36.48,2,no,southwest,42760.5022
39,male,42.46,3,no,northwest,11326.71487
53,male,39.6,1,yes,southeast,10579.711
37,male,30.8,0,no,northeast,13270.422265141257
59,female,30.66339686098655,2,no,southeast,12928.7911
