age,sex,bmi,children,smoker,region,charges
48,male,30.66339686098655,1,no,northeast,10141.1362
31,male,18.3,1,no,southeast,10807.4863
38,male,30.66339686098655,2,no,southeast,13270.422265141257
39,male,36.67,1,yes,northeast,13270.422265141257
39,female,39.05,0,no,southwest,-3102.612463028823
29,female,27.94,1,yes,southeast,19107.7796
57,male,21.755,0,no,northwest,1627.28245
49,female,33.06,3,yes,southeast,39727.614
18,male,37.29,1,no,northwest,2219.4451
38,male,28.025,1,no,northeast,14313.8463
24,male,32.56,0,no,southeast,1824.2854
60,female,32.67,5,yes,southwest,5152.134
57,female,27.075,0,no,southwest,11830.6072
53,female,35.9,2,yes,southeast,11163.568
48,male,37.29,2,no,southeast,8978.1851
23,female,26.6,0,no,northeast,3046.062
22,male,31.065,0,no,northeast,4032.2407
56,female,26.100158696176464,1,no,northwest,12044.342
30,male,28.98204281099418,1,no,southeast,34254.05335
18,male,18.22931223072692,1,no,northeast,2201.0971
32,female,31.4,0,yes,southwest,5848.663252502854
56,male,25.41,1,yes,southeast,5918.5649857256885
26,male,31.065,3,no,northwest,-2121.4006855900384
20,male,28.025,1,yes,southeast,17560.37975
47,male,19.57,0,no,northwest,8428.0693
25,female,16.540901201474476,1,no,northeast,3309.7926
