age,sex,bmi,children,smoker,region,charges
19,male,20.425,0,no,northwest,41999.52
51,male,26.695,1,yes,northwest,36197.699
31,male,28.595,1,no,northwest,4243.59005
23,male,32.56,0,yes,southeast,29822.109830825153
46,male,28.0,1,no,southwest,6059.173
45,male,23.7,2,no,southwest,8520.026
19,male,40.48,0,no,northwest,10982.5013
34,female,37.335,2,no,northwest,5989.52365
33,female,28.2,2,no,northeast,10848.1343
13,female,30.66339686098655,2,no,southeast,1759.338
30,male,19.95,3,no,northwest,13270.422265141257
39,male,30.3,2,yes,southeast,42760.5022
61,female,31.837255560576846,3,no,southwest,1562.8767718386553
64,male,43.09517646228091,0,no,southeast,56020.87644582025
40,male,30.875,4,no,northwest,8162.71625
58,male,29.83,0,no,southeast,6406.4107
55,male,49.51636323626818,1,yes,southeast,1163.4627
19,male,28.7,0,no,southwest,1149.3959
24,male,30.66339686098655,1,no,southwest,1465.4582528931842
39,male,11.352474660593764,0,no,southwest,15820.699
18,male,25.8,1,no,southeast,1708.92575
35,male,30.66339686098655,3,no,southwest,5926.846
25,male,26.8,2,yes,southwest,3906.127
48,male,34.4,1,no,northwest,8765.249
24,female,27.6,0,no,southeast,15898.61351856104
59,male,38.17,0,no,southeast,13427.198891464875
29,male,22.895,0,yes,northeast,16138.76205
19,female,24.605,1,no,southeast,2709.24395
51,male,39.7,1,no,southeast,13270.422265141257
48,female,32.23,0,no,southwest,8871.1517
26,male,41.6132447786353,3,no,northwest,26109.32905
38,male,12.659347988272721,4,no,southeast,4011.7017953343016
56,female,28.31,-1,no,northeast,11657.7189
41,female,29.32630642876892,2,no,southeast,13270.422265141257
23,male,30.66339686098655,0,yes,northeast,14227.814780550383
24,male,40.15,0,yes,southeast,38126.2465
3,female,32.12,1,yes,southwest,2801.2588
39,female,23.75,2,no,southeast,11729.6795
35,female,29.91935105508829,1,no,southwest,5116.5004
24,female,40.5,0,yes,southwest,3385.39915
36,male,28.025,0,yes,southwest,20773.62775
20,female,21.8,0,yes,southwest,20167.33603
19,male,24.51,5,no,northwest,2709.1119
60,female,17.092615534463597,1,no,northwest,13112.6048
50,female,30.66339686098655,2,no,southeast,498.7963643345993
25,female,36.48,0,no,northeast,-10554.974966722784
23,female,36.86,1,no,northeast,40904.1995
39,female,42.75,1,no,northeast,13270.422265141257
39,male,29.898993565237603,0,no,southeast,13270.422265141257
46,male,31.92,1,yes,southeast,44400.4064
50,male,32.11,5,no,northeast,37607.5277
42,male,21.5,5,no,northeast,10791.96
