age,sex,bmi,children,smoker,region,charges
36,male,26.22,0,no,southeast,11382.164034303034
28,male,21.47,0,no,southeast,30710.273331574932
39,male,22.6,1,no,northwest,13270.422265141257
28,male,32.68,1,no,northwest,11944.59435
38,male,21.85,1,no,northwest,6117.4945
24,male,31.16,2,no,northwest,10461.9794
48,male,30.66339686098655,1,no,southeast,7742.1098
62,male,29.92034726967444,0,no,northeast,11945.1327
28,female,36.4,1,yes,northeast,26109.32905
54,male,32.56,0,no,northeast,10435.06525
39,female,32.01,1,no,northeast,8596.8278
18,female,38.28,4,no,southeast,1631.8212
18,female,33.155,0,no,northeast,11174.912396090369
35,female,35.815,1,no,southwest,5630.45785
18,male,30.2,1,no,southeast,1719.4363
21,male,28.975,1,no,southeast,1906.35825
36,female,27.74,0,no,northeast,13270.422265141257
54,male,30.66339686098655,1,yes,southeast,41999.52
55,female,37.1,-2,yes,southwest,1864.2245900654125
34,female,21.47,3,no,northwest,7626.993
46,male,31.12445237918342,0,no,southeast,7147.105
39,male,37.145,3,no,northeast,10736.87075
21,female,16.815,1,yes,southeast,13270.422265141257
61,male,31.658054733843805,2,no,northwest,14119.62
39,male,40.491745744651936,1,no,southwest,6095.909055956835
45,male,29.37,1,no,southeast,7441.053
47,female,32.67,1,yes,southeast,46610.31064453763
59,female,25.46,0,no,southwest,12124.9924
28,male,36.677360027952965,0,yes,southeast,26457.2675925882
32,male,32.37106750691566,0,no,northwest,3866.8552
47,female,30.66339686098655,1,no,southwest,3277.161
51,female,23.18,0,yes,northeast,13270.422265141257
34,male,21.375,0,no,northeast,4500.33925
22,male,24.795,2,yes,northwest,-3262.632572374281
32,female,27.5,-1,yes,southwest,11253.421
34,female,27.74,0,no,northwest,8026.6666
46,female,30.66339686098655,1,no,southeast,8334.45755
54,female,33.63,0,no,northeast,10923.9332
29,male,26.860534213801177,1,yes,southeast,9182.17
61,male,33.535,0,no,northwest,13143.33665
21,male,26.03,0,no,northwest,2102.2647
39,female,36.63,1,no,southeast,15170.069
61,male,27.835,5,no,southeast,10107.2206
50,female,27.6,1,no,southwest,13270.422265141257
46,male,25.8,5,no,southwest,10096.97
49,male,21.755,2,yes,northeast,16657.71745
55,male,30.66339686098655,3,no,southeast,11987.1682
44,male,34.40565411894307,5,no,southwest,6653.7886
21,female,28.08778276045838,1,no,northeast,-11700.01238247467
37,male,33.535,0,no,southeast,30767.174622431725
65,male,32.3,0,no,northeast,41919.097
22,female,41.02967352351074,0,no,southeast,2156.7518
