haematocrit,haemoglobins,erythrocyte,leucocyte,thrombocyte,mch,mchc,mcv,age,sex,source
40.5,13.5,4.72,1.7,251,28.6,33.3,64.5,47,F,0
38.3,11.4,5.43,15.8,633,21.0,29.8,70.5,53,F,0
31.3,10.3,3.66,13.7,562,27.5,29.4,90.70627020925659,65,F,1
38.22611060743427,9.8,3.629791109986656,4.0,150,26.5,32.9,80.5,46,F,1
45.7,17.330335271555573,5.31,5.5,228,29.8,34.00802452329243,99.97745486829784,67,M,0
37.76022514781331,12.749350256875191,4.07,10.2,304,30.5,33.76364790603319,84.61133272892113,55,M,0
33.9,11.6,4.06,7.1,512,27.1,32.4,84.61133272892113,46,M,0
45.197724133674775,9.643076674292406,4.42,5.4,60,28.7,33.33647627682079,87.6,56,F,1
35.2,13.9,4.1,4.4,231,28.3,31.8,85.9,67,F,1
23.9,10.387210212514896,2.89,4.2,258,25.6,31.0,82.7,70,M,0
35.5,12.0,6.1585438903567695,3.9,193,28.2300392867936,33.8,86.0,70,M,0
31.4,10.3,4.544802055001511,13.4,270,29.2,33.16211168669159,89.0,79,F,0
45.3,15.7,5.31,6.5,83,29.6,35.79903954065417,85.3,37,F,0
38.22611060743427,11.8,4.04,9.0,370,32.2,33.0,91.8,76,F,0
26.872892179602363,11.0,3.74,11.0,614,23.73409420253303,31.9,82.15799644594712,49,M,0
40.9,12.7,4.544802055001511,10.2,337,28.2300392867936,34.2,76.8,46,M,0
39.7,10.2,3.94,24.378861001031307,278,35.72701806945745,33.0,100.8,78,F,1
40.0,12.4,4.885199285819967,7.303079399996362,506,32.067018542112336,31.0,72.1,55,F,1
34.2,11.4,4.07,9.3,707,27.803820175414767,33.3,60.6,-35,M,0
40.8,13.1,3.64,8.715533393774555,232,28.0,33.3,84.1,60,M,1
45.2,15.5,5.3,8.715533393774555,279,29.2,33.33647627682079,85.3,43,M,0
37.1,13.8,5.37,7.077355377914031,252,30.1,36.5,79.7,64,M,0
34.1,11.3,4.28,11.1,356,26.4,33.1,89.3,50,F,0
18.6,12.749350256875191,4.013222309829847,2.3,105,21.5,34.0,86.2,25,M,0
35.95324944023078,12.7,4.27,17.6,258,25.6,35.6,86.14005603988714,55,F,0
37.4,11.09563984169732,4.35,14.243489505015075,320,29.3,32.1,67.0,86,F,0
