age,sex,bmi,children,smoker,region,charges
35,male,36.41367860402874,3,no,northeast,5926.846
32,male,21.09,0,no,southwest,13270.422265141257
46,male,50.96809732886626,1,yes,southeast,9432.9253
49,male,32.015,1,yes,northwest,39556.4945
61,female,31.5,0,no,southeast,13415.0381
32,male,39.258812115142796,0,no,southwest,18955.22017
52,female,44.7,3,no,southwest,13047.33235
61,male,29.81,0,no,northwest,29141.3603
59,female,30.5,1,no,southeast,12638.195
63,male,25.0,1,no,northwest,15555.18875
42,male,20.79,1,no,southeast,38245.59327
39,male,42.655,0,no,northeast,1233.1119391412485
41,male,17.543846079623563,1,no,southeast,13534.770032513292
20,female,31.46,1,yes,southeast,-9995.49924424494
29,female,17.385,1,no,northwest,9264.797
32,female,39.16,0,no,northwest,-3377.0915453654834
57,male,34.01,0,yes,northwest,12609.88702
46,male,30.66339686098655,3,no,northwest,9301.89355
35,male,30.66339686098655,4,no,southwest,6289.7549
37,female,29.07,2,no,southeast,20615.16057333975
58,female,33.44,0,no,southwest,12231.6136
39,male,32.3,2,no,northwest,13270.422265141257
42,female,29.48,1,no,southeast,7640.3092
35,female,27.36,0,no,southeast,25656.57526
44,male,46.53,5,no,southwest,6435.6237
44,female,25.365,3,no,northeast,11411.685
58,female,33.1,1,no,southeast,11848.141
49,male,35.86,0,no,southeast,13270.422265141257
44,male,29.735,2,yes,southwest,32108.66282
39,female,26.4,0,no,southwest,63770.42801
48,male,24.42,1,no,southeast,11992.577496202592
39,female,23.465,0,no,northeast,-2898.674947219282
43,male,26.779923011649604,3,yes,southeast,8606.2174
48,male,30.78,3,no,northeast,13270.422265141257
27,female,30.66339686098655,0,yes,southwest,34838.873
27,male,33.345,1,no,northeast,8334.45755
56,male,29.47318944344279,4,no,southeast,6203.90175
24,male,37.28388985352412,0,no,northwest,2850.68375
40,male,30.66339686098655,4,yes,southeast,21472.4788
39,female,27.4,1,no,southwest,6496.886
26,male,26.7083050935022,1,no,northeast,43928.44842040379
31,female,39.64236430873159,1,no,northeast,4949.7587
53,male,27.1,1,yes,southeast,13270.422265141257
32,female,23.234943276770235,1,no,southeast,4562.8421
39,male,30.69,1,yes,northeast,21659.9301
18,male,26.18,2,no,southeast,2304.0022
24,female,34.3,3,no,southwest,9563.029
33,female,30.66339686098655,3,no,northeast,-4835.382448671968
53,male,36.1,1,yes,northwest,7185.564704141963
20,male,29.6,2,yes,southwest,12609.88702
58,female,27.17,1,no,southeast,12222.8983
38,male,26.79,1,no,northwest,21232.18226
