age,sex,bmi,children,smoker,region,charges
25,male,23.465,0,yes,southeast,13270.422265141257
5,male,34.1,0,no,southwest,37079.372
25,female,37.05,1,no,northeast,3238.4357
61,male,25.56577124191759,0,no,northwest,12950.0712
51,female,42.13,1,yes,northeast,46255.1125
47,male,32.0,1,no,southwest,5579.666986980454
40,male,32.3,2,no,northwest,13270.422265141257
39,female,24.985,2,no,northwest,8017.06115
44,male,36.19,3,no,southeast,19214.70553
64,male,40.48,0,yes,southeast,13831.1152
55,male,42.4,0,no,southeast,10796.35025
33,female,30.66339686098655,2,no,southeast,-9323.57871438174
44,female,38.95,0,yes,northwest,42983.4585
54,male,30.8,0,no,southwest,12105.32
38,female,38.39,4,no,southeast,-9692.607586913859
43,male,26.885,2,yes,northwest,21774.32215
-14,male,31.701452571393,0,yes,southwest,9788.8659
46,male,33.5,0,no,southwest,1261.442
39,male,31.57,0,no,southwest,12557.6053
67,female,27.840432611164182,2,no,southeast,-15613.975254048999
45,female,20.35,3,no,northeast,8605.3615
45,female,38.095,0,no,northwest,7731.85785
64,female,28.05,1,no,southeast,12485.8009
47,male,19.19,1,no,southwest,8627.5411
20,male,30.66339686098655,1,no,southeast,37465.34375
54,male,32.73867535638039,3,no,southeast,36189.1017
