age,sex,bmi,children,smoker,region,charges
29,male,32.11,1,no,northwest,4922.9159
32,male,46.53,2,no,southeast,13274.829607180214
33,female,32.3,2,no,southeast,8211.1002
19,male,47.74,0,no,southeast,4357.04365
39,male,25.19727497913661,0,yes,northeast,27218.43725
30,male,29.3,2,no,southeast,10106.13425
62,female,39.16944708273028,2,yes,northwest,15019.76005
39,female,31.635,0,no,northwest,9174.13565
27,female,27.645,1,no,southeast,28340.18885
58,female,28.215,0,no,northeast,12224.35085
29,female,29.735,0,no,northwest,9748.9106
61,female,33.33,4,no,southeast,36580.28216
53,male,22.88,1,yes,southeast,23244.7902
35,male,23.465,2,no,northeast,15373.202504727618
59,female,36.670265218250144,0,no,southeast,12233.828
30,male,30.66339686098655,0,no,northeast,14005.714534647952
52,female,45.9,1,yes,southwest,9724.53
44,female,19.095,3,yes,northeast,13200.200090841397
36,male,34.03136747758549,0,no,southwest,13270.422265141257
44,female,27.645,0,no,northwest,7421.19455
26,male,30.0,1,no,southwest,2904.088
56,female,23.98,3,no,southeast,13430.265
22,male,30.66339686098655,0,no,southwest,13270.422265141257
33,female,39.2,0,no,southwest,13470.86
29,male,27.94,1,yes,northwest,2867.1196
31,male,36.1,1,no,southeast,9048.0273
