age,sex,bmi,children,smoker,region,charges
36,male,28.025,4,yes,southeast,1532.4697
32,female,36.63,3,yes,southeast,-7081.2189282116415
27,male,31.43358332965012,3,no,southeast,18310.742
46,female,25.8,5,no,southeast,10096.97
18,male,28.785,0,no,northeast,30297.38442157321
51,male,32.8,0,no,southwest,13270.422265141257
49,male,23.0,1,no,northwest,4454.40265
39,female,37.62,2,no,southeast,3766.8838
20,female,21.47,1,no,northwest,4133.64165
36,female,30.66339686098655,1,no,southeast,28287.89766
31,male,26.41,1,no,southeast,5385.3379
32,male,28.93,1,yes,southeast,19719.6947
38,female,30.69,1,no,southeast,5976.8311
57,male,41.8,4,no,northeast,11015.1747
30,male,30.66339686098655,1,yes,northwest,6289.391392609441
38,male,31.35,0,no,southwest,13270.422265141257
36,male,27.94,0,yes,southwest,18228.28375525087
46,male,40.375,1,no,northwest,8733.22925
39,male,26.81143351977067,-1,yes,southeast,27037.9141
33,male,37.18,2,no,southwest,7162.0122
37,male,29.64,1,no,northwest,5028.1466
39,female,42.75,1,yes,northeast,40904.1995
59,male,28.16736873949645,5,no,southwest,4402.233
32,male,30.115,2,no,northeast,8410.04685
46,male,20.20438337166011,0,no,northeast,-9060.645120643698
39,female,37.51,2,no,southeast,18806.14547
49,male,32.10977824320869,2,yes,northwest,14988.432
18,male,30.66339686098655,0,yes,southeast,5969.723
41,female,28.05,0,no,southeast,14002.246382139523
18,female,13.90964716286101,0,no,southeast,6253.2883496928625
39,female,31.393528191409473,1,yes,northeast,38743.878991361205
36,male,24.89,4,no,southeast,7243.8136
18,female,26.298541375852164,2,no,southeast,10106.13425
22,female,23.655,0,no,southeast,2156.7518
21,male,17.29,2,no,northwest,6877.9801
24,female,30.66339686098655,1,yes,southeast,2464.6188
26,male,37.145,3,no,southeast,13270.422265141257
24,male,28.5,0,no,northeast,35995.380940840674
23,female,24.225,3,no,northeast,22395.74424
39,female,23.582991049014552,1,no,southwest,6238.298
19,female,32.9,0,no,southwest,1748.774
42,female,32.015,0,no,southwest,13270.422265141257
49,male,35.31,2,no,southeast,4719.52405
42,female,29.0,1,no,southeast,8334.5896
52,female,56.91111986094167,5,no,northeast,-277.3018808850102
59,female,32.1,3,no,southwest,14007.222
40,female,29.81,1,no,southeast,13270.422265141257
56,male,24.6,1,no,southeast,1837.237
51,female,30.66339686098655,1,no,southeast,37607.5277
21,male,25.935,1,no,northwest,2457.21115
23,male,41.91,0,no,southeast,1837.2819
46,male,33.44,1,yes,northwest,7050.642
