haematocrit,haemoglobins,erythrocyte,leucocyte,thrombocyte,mch,mchc,mcv,age,sex,source
38.22611060743427,15.9,3.93,6.4,149,28.8,32.1,89.6,35,F,0
38.1,12.8,4.14,2.0,250,28.2,26.4,94.8,46,F,1
45.6,15.0,5.46,8.715533393774555,495,27.5,32.9,83.5,46,M,0
31.0,10.4,3.49,13.4,228,29.8,33.5,90.33370373067866,66,M,0
30.8,11.83204932843478,5.35,6.8,302,24.703469455361,32.9,88.9,72,F,0
32.7,10.9,6.1,22.3,258,28.7,33.3,86.1,58,F,0
38.2,13.4,4.544802055001511,8.715533393774555,150,31.4,36.8,89.5,76,M,0
29.5,10.5,4.229968783016423,9.2,319,30.9,35.6,86.8,99,M,1
38.6,13.4,2.628252816912159,2.767108341870183,230,30.5,31.5,84.61133272892113,80,M,0
29.9,17.7,3.21,11.578605418673765,95,30.8,33.33647627682079,93.1,45,M,1
48.6,11.3,5.71,10.3,251,25.2,32.80705615118979,85.1,17,M,0
38.22611060743427,11.7,4.73,7.2,84,28.81576785373761,33.33647627682079,76.1,77,M,1
44.7,15.2,4.127017090829832,7.1,42,28.2300392867936,33.85191079179387,77.1,14,M,0
40.5,12.7,4.544802055001511,6.2,386,28.2300392867936,31.4,88.6,70,F,0
39.65940392802842,18.1,2.55,6.901794165902819,151,31.446943087179175,33.1,78.64319953076583,39,F,1
22.1,11.0,3.85,7.7,174,25.4,33.2,90.6,51,M,0
23.2,12.749350256875191,4.86,10.2,134,30.2,33.2,93.91370834299452,92,M,0
39.5,12.8,4.73,2.9039424142397827,275,27.1,32.4,83.5,25,F,0
40.8,13.9,4.59,6.3,234,30.3,34.1,80.0,69,M,0
40.4,13.6,4.73,3.0,172,28.8,35.2,84.61133272892113,42,F,0
37.82694509996195,12.749350256875191,3.92,10.2,264,29.778217597720126,32.3,90.1,69,M,1
37.96873701030914,11.068757482666616,3.83,7.9,386,30.9,33.2,84.9,46,F,1
38.3,13.506973850251105,4.25,2.8,320,29.2,32.4,71.8,36,M,0
38.606790528519134,12.2,5.169748559585349,9.2,492,28.0,33.3927659060348,87.6,62,F,0
48.0,17.510314355814,5.51,6.7,396,29.6,35.136205446628516,80.24866101826896,16,F,0
47.5,15.8,7.57,9.1,258,28.2,33.3,84.7,47,M,0
