age,sex,bmi,children,smoker,region,charges
44,male,38.20046784315556,1,no,southeast,7152.6714
36,male,29.7,0,no,southeast,1702.4553
19,male,30.66339686098655,1,no,southeast,2730.10785
41,male,32.754321224922236,1,yes,northwest,7256.7231
63,male,25.08,0,no,northeast,8522.003
39,male,30.66339686098655,2,no,southwest,13270.422265141257
62,male,37.57647901243303,3,no,southeast,13270.422265141257
29,male,36.70356360909191,4,yes,southeast,2866.091
40,male,24.13,0,no,northwest,28950.4692
61,male,29.07,1,yes,northwest,29141.3603
47,male,32.1,1,no,southeast,8062.764
35,male,30.66339686098655,5,no,northwest,5125.2157
39,male,25.84,1,no,southeast,30166.61817
18,female,42.24,1,yes,southeast,38792.6856
22,female,30.4,0,yes,northeast,6079.6715
24,male,32.7,0,no,southwest,34472.841
18,male,30.66339686098655,4,no,southeast,-9630.72995771109
55,male,23.3,2,no,northwest,4670.639272909157
47,male,39.805,0,no,northeast,7448.40395
19,male,31.9,5,no,southeast,11552.904
36,male,35.3,3,no,southwest,7196.867
50,female,34.02166622650405,1,no,southeast,26457.494808564705
23,female,31.445,0,yes,northeast,42303.69215
64,male,22.99,1,no,southeast,13270.422265141257
52,male,32.49,1,no,northeast,3490.5491
74,male,41.23,1,yes,southeast,39043.61275570692
47,male,28.215,3,yes,northwest,24915.22085
19,male,28.31,0,no,northwest,17468.9839
56,female,33.63,1,yes,northwest,2523.1695
37,female,34.105,1,no,southeast,6112.35295
39,male,21.47,0,no,southeast,4399.731
62,female,22.830238172790903,0,no,southeast,37607.5277
39,female,28.456333261818518,0,no,southeast,13270.422265141257
19,female,17.48,0,no,northwest,14791.996660738174
45,male,30.36,1,no,southeast,-13289.861904538571
25,male,27.55,5,no,northwest,43921.1837
21,female,22.23,-1,no,northeast,13270.422265141257
60,male,24.7,-1,no,northwest,28923.13692
45,male,28.88,0,no,northwest,9869.8102
47,female,30.66339686098655,1,no,northeast,22658.153105996847
30,male,37.29,0,yes,southeast,225.83135144206915
61,female,24.51,0,yes,northeast,19857.316964157995
27,male,21.21681939492394,0,no,southwest,39611.7577
60,male,40.92,0,no,southeast,48673.5588
29,female,48.944578233018035,0,no,northeast,4544.2348
32,male,37.18,0,yes,southeast,7133.9025
18,male,41.561247316929546,0,no,northwest,13747.87235
26,male,47.74,1,no,southwest,-16696.85547656656
39,female,30.115,0,no,northeast,2203.47185
78,male,23.7,0,yes,southwest,10959.33
42,male,22.04,0,no,northwest,2396.0959
27,female,25.3,2,no,southeast,24667.419
