haematocrit,haemoglobins,erythrocyte,leucocyte,thrombocyte,mch,mchc,mcv,age,sex,source
33.2,5.1,6.01,8.9,173,31.1,32.52863031243392,96.20330654632157,92,M,1
36.6,12.3,4.42,3.5,163,27.8,32.9,85.0,37,M,0
29.224590110398605,10.7,3.44,20.0,-76,31.1,33.6,98.93545422774358,83,F,1
43.5,14.7,5.11,-4.284992488109959,170,28.8,33.8,85.1,55,M,0
38.22611060743427,13.0,4.319675457438921,15.0,269,24.68253654815762,31.6,84.4,1,M,0
49.8,17.9,5.8,5.4,343,30.9,35.9,85.9,38,F,0
36.9,12.749350256875191,4.04,4.1,205,26.6,33.6,84.61133272892113,5,M,0
36.6,15.8,4.16,9.5,365,28.8,32.8,83.08094080013677,60,M,0
25.4,14.7,5.29,8.715533393774555,258,27.8,34.6,80.3,22,M,0
45.6,14.4,5.56,6.6,210,25.9,30.45721314051848,82.0,60,M,0
42.9,14.1,4.96,7.7,304,28.4,33.6,86.5,38,M,0
35.4,11.8,3.82,10.3,309,30.9,33.3,93.3,36,F,0
42.3,12.8,4.81,16.1,378,26.6,30.1,82.3,68,F,0
35.5,12.0,4.544802055001511,5.750383111343353,193,29.1,33.8,86.0,70,F,0
30.2,12.749350256875191,4.1994209587744855,8.715533393774555,176,30.8,34.1,85.1,38,M,0
31.685160829812475,14.6,5.494124358171743,5.0,28,30.5,34.37319124003794,84.61133272892113,15,M,0
33.3,11.0,3.59,8.733027891287701,312,28.8,33.0,87.2,36,F,1
38.8,12.7,4.544802055001511,3.7,182,29.8,32.7,91.1,46,F,1
42.5767085195067,14.160621857709064,5.34,3.3,169,26.0,31.2,81.8,64,M,1
39.6,7.9,5.22,-0.07872109691721274,50,28.5,35.2,81.0,11,M,0
15.3,11.1,1.8,11.7,258,28.308391196211097,33.3,82.8,79,M,0
38.22611060743427,13.161181178700682,3.82,19.3,90,35.7,34.0,78.1,78,M,1
30.5,12.6,4.76,14.5,60,28.2300392867936,32.4,81.7,68,F,1
38.2,11.280384789189414,4.5,12.3,207,29.93354304101382,33.941408342970334,86.03208163111007,46,F,0
36.1709625404339,16.8,5.62,8.9,308,28.2300392867936,33.33647627682079,85.9,30,M,0
43.8,10.067741325077556,3.188721992302064,4.9,301,27.260156591994804,33.33647627682079,84.2,23,M,0
