age,sex,bmi,children,smoker,region,charges
28,male,28.31,1,yes,southwest,51194.55914
19,male,39.6,1,no,southwest,10601.412
39,male,31.265634432935002,3,no,northwest,5699.8375
51,male,24.795,2,yes,northwest,23967.38305
63,male,36.4,0,no,southeast,13770.0979
39,male,27.36,1,no,northwest,8606.2174
37,female,34.8,1,yes,southwest,39836.519
38,male,25.7,2,yes,southwest,6082.405
41,female,30.66339686098655,0,no,southwest,11070.535
39,male,30.66339686098655,1,no,northwest,9861.025
19,male,33.55,0,no,southeast,7985.815
61,male,32.3,1,no,southeast,14119.62
21,male,23.75,2,no,northeast,13270.422265141257
19,male,27.9,4,yes,southwest,14333.601750432326
26,female,29.64,4,no,northeast,24671.66334
37,female,26.2,0,yes,southeast,9288.0267
31,male,38.39,2,no,southeast,13270.422265141257
28,female,30.356435655921143,1,no,northwest,4133.64165
50,female,35.9,2,no,southwest,11163.568
59,female,40.3,0,no,southwest,10602.385
29,female,31.825,3,no,southwest,29791.891669488512
62,female,30.495,2,no,northwest,1720.3537
56,male,47.74,2,no,northwest,-3634.3157846368804
54,female,31.153425830782638,0,no,northwest,11305.93455
48,male,32.329424540085505,2,no,southwest,6269.5593881012355
37,female,29.64,0,no,northeast,5028.1466
