haematocrit,haemoglobins,erythrocyte,leucocyte,thrombocyte,mch,mchc,mcv,age,sex,source
42.927902602439715,13.5,3.952976955450181,25.0,331,29.0,33.8,69.65571409368135,88,M,1
32.6,11.2,4.22,8.2,258,26.5,33.0,80.3,25,M,0
33.9,10.4,4.09,4.8,245,28.3,31.9,88.8,77,F,0
34.3,14.6,3.67,25.4,193,29.3,32.5,83.46148924672167,43,M,1
34.533913192463174,15.9,5.26,6.8,109,30.2,33.33647627682079,95.72729604837602,8,M,0
36.4,12.605554562805933,4.8,1.0486980762095186,321,28.2300392867936,33.8,84.61133272892113,6,F,0
29.9,9.9,5.52,3.6,258,30.8,33.1,93.1,45,M,1
31.954044922816582,10.9,3.44,5.8,275,31.7,35.0,97.4,99,M,0
32.1,10.4,5.24,7.3,391,27.7,29.79133567026124,61.3,45,M,1
46.3,10.9,4.544802055001511,13.307518376240175,237,18.5,37.4,82.4,27,M,0
32.6,9.674710270986212,5.25,5.9,196,24.03250993434178,33.33647627682079,81.0,41,M,0
43.2,14.6,4.674795740806868,9.6,349,27.9,33.8,82.4,28,F,0
38.22611060743427,16.472402970223584,4.63,7.8,362,28.5,32.8,86.8,87,M,0
32.1,10.6,3.73,13.3,272,28.4,34.674224863437054,82.9,3,F,1
36.2,11.4,6.303929322810879,20.5,400,20.2,31.5,64.1,29,M,0
37.2,12.3,4.18,8.3,306,29.4,34.2,89.0,46,M,0
38.7,12.5,5.0,5.3,-28,25.0,32.3,77.4,35,F,1
36.4,12.3,4.45,8.715533393774555,250,28.2300392867936,33.8,81.8,50,M,1
41.7,14.202078960773171,4.99,9.6,157,19.8,33.1,91.41398392557609,28,F,0
46.8,12.0,7.12,8.715533393774555,158,20.5,34.295171273672864,65.7,36,M,1
41.4,14.5,4.83,4.0,68,22.1,35.0,85.7,41,M,1
33.5,12.749350256875191,2.72,12.4,152,29.1,34.04611951267487,77.8,71,M,1
20.960860411329516,17.8,4.544802055001511,13.2,201,25.430820948101548,33.5,87.7,51,M,0
38.22611060743427,12.3,4.4,1.465629001623947,285,27.78550985986827,33.2,84.61133272892113,47,F,0
44.4,15.6,5.43,12.70559008998914,15,28.7,35.1,60.2,46,F,1
34.6,12.749350256875191,2.909220849296742,9.7,361,26.289567593016088,33.2,74.6,42,F,0
