age,sex,bmi,children,smoker,region,charges
54,male,17.385,1,yes,northwest,10825.2537
32,female,28.9,1,no,northwest,39727.614
30,male,33.55,0,no,southeast,5699.8375
18,female,30.4,3,no,northeast,3481.868
49,male,30.9,0,yes,northwest,8277.523
19,male,17.816726809624672,2,no,southwest,1242.816
70,male,34.1,0,yes,southeast,6245.121981498642
46,male,20.235,0,no,southwest,24603.04837
43,female,26.885,0,yes,southwest,21774.32215
49,female,29.925,0,no,northwest,21176.823848101485
39,female,29.356774810990085,3,no,southwest,1837.2819
44,female,27.6,1,yes,northwest,35374.433611203494
51,female,30.66339686098655,1,no,southwest,9861.025
24,male,31.41875288990604,0,no,southeast,2855.43755
50,male,35.86,0,no,southeast,8124.4084
27,male,24.13,1,no,northwest,4032.2407
51,female,37.73,1,no,northeast,9877.6077
39,male,27.499046223615814,3,yes,southeast,13270.422265141257
19,male,30.4,0,no,southwest,13270.422265141257
61,female,39.2,3,yes,southeast,13470.86
33,male,30.66339686098655,1,no,northwest,5261.46945
49,male,33.915,2,no,northeast,6753.66660976512
54,male,24.605,3,no,southeast,12479.70895
43,male,20.045,3,yes,northeast,19798.05455
18,male,21.47,1,no,northeast,5969.723
62,male,33.5,0,yes,southwest,37079.372
