haematocrit,haemoglobins,erythrocyte,leucocyte,thrombocyte,mch,mchc,mcv,age,sex,source
37.5,12.3,4.95530111226787,4.9,145,28.2300392867936,31.2653171342904,80.3,25,M,0
33.02796886818306,7.4,4.66,6.119614117731286,393,15.9,28.0,56.7,22,M,1
39.6,12.2,4.72,11.1,303,25.8,30.8,77.69034994278734,41,M,0
26.6,8.6,3.21,1.2695542423032817,221,29.6,32.3,78.22168995408578,64,M,0
26.1,8.7,2.84,5.5,275,30.6,33.3,97.69810508196875,64,F,0
36.8,11.8,4.96,4.3,283,29.4,33.4,88.0,45,F,0
48.3,12.749350256875191,5.62,8.9,217,15.8,34.8,85.9,30,M,0
45.9,15.0,5.59,6.0,258,31.906716293939926,32.7,91.19146988981805,46,M,0
33.9,10.938318284909244,4.18,9.0,95,28.0,34.5,81.1,2,F,0
44.7,9.9,3.72,9.8,211,26.803706222593167,28.8,82.8,65,M,0
26.847699990655094,12.1,3.04,17.0,161,31.347612756621807,32.6,95.7,83,M,0
38.22611060743427,10.546646061415847,4.17,7.6,308,21.8,31.0,70.5,25,F,0
38.22611060743427,12.4,4.29,5.4,259,28.9,33.1,84.61133272892113,49,F,1
46.5,16.1,5.44,1.8,317,29.6,34.6,83.0,20,M,0
39.6,12.5,6.34,14.54092150836691,390,19.7,31.6,62.5,81,M,0
45.5,15.1,4.544802055001511,8.715533393774555,328,27.2,33.33647627682079,84.61133272892113,46,F,1
28.2,12.757676612876953,5.1565403611199425,21.5,252,28.14815133185919,32.738018657564346,85.5,53,F,1
34.5,10.1,4.3,6.8,187,23.5,33.33647627682079,70.5,29,M,1
36.5,10.944560248387885,3.8623957207643183,19.3,82,29.8,34.5,83.8,45,F,1
39.7,12.4,5.54,8.715533393774555,321,19.4,31.2,62.2,59,M,0
35.8,12.1,4.18,22.86139118048392,70,28.2300392867936,33.8,72.2,68,M,1
44.9,9.7,3.28,7.0,328,30.4,34.1,86.5,25,M,0
41.1,12.749350256875191,4.95,8.2,393,15.5,33.3,85.5,24,F,0
47.58926437967807,13.7,4.544802055001511,3.8,266,26.8,33.0263524242552,92.1,53,M,1
30.3,9.8,5.75,15.4,258,17.0,31.63333076565832,60.0,61,M,1
27.8816826765649,12.8,5.461800469859519,2.1,23,29.3,35.2,85.8,44,F,1
