haematocrit,haemoglobins,erythrocyte,leucocyte,thrombocyte,mch,mchc,mcv,age,sex,source
47.7,15.8,5.56,4.6,278,28.4,33.1,85.8,26,M,0
38.7,13.6,4.47,4.9,248,22.5,35.1,86.6,51,M,0
41.8,14.2,4.84,6.1,187,28.2300392867936,34.0,86.4,61,M,0
38.22611060743427,15.1,3.32,8.715533393774555,302,31.3,27.1,95.8,45,M,1
40.6,13.4,4.91,7.9,54,27.3,33.0,82.7,46,F,1
50.0,13.2,4.544802055001511,4.1,113,25.0,31.7,78.8,31,M,0
43.1,14.7,5.12,3.0415989578036564,258,28.7,34.1,84.2,67,M,0
38.22611060743427,12.5,4.26,2.1,50,15.5,33.2,84.61133272892113,47,M,0
40.0,13.6,5.25,7.7,256,25.9,34.0,76.2,3,M,0
39.52132074222614,11.8,4.9,8.8,240,30.6,34.5,86.3,63,M,0
44.2,11.9,5.6,14.1,284,32.42998933240082,33.6,88.1,35,M,1
35.4,15.1,5.24,9.155021899211789,318,28.8,35.0,72.9,43,M,0
42.3,12.749350256875191,2.91,7.1,258,29.0,30.9,88.7,47,M,1
37.5,12.749350256875191,4.96,15.2,158,32.92838107992805,32.79026697441648,75.6,4,M,0
34.1,11.5,3.55,8.715533393774555,234,27.893502655234034,31.918729301803083,95.29957321804065,63,M,0
45.80273791782066,9.740319263678163,4.74,7.4,278,27.3,34.4,87.26932093360514,66,M,1
33.62939674728717,16.466564652638166,3.5414340898306946,7.5,374,29.5,36.0,81.9,35,M,0
33.9,8.9,3.24,17.65338368417385,209,31.3,32.72078516288841,84.61133272892113,80,M,1
33.7,11.804610990541859,4.544802055001511,9.4,448,23.9,33.33647627682079,75.9,57,F,0
38.9,13.6,4.67,8.1,459,29.1,34.2,83.3,62,M,1
38.4,13.3,5.31,10.9,112,28.2300392867936,34.6,89.2,46,M,1
33.8,16.568266856794192,4.04,5.8,10,33.64040777842652,36.4,83.7,70,M,0
37.3,12.3,4.9293463677894875,3.080472760720535,410,29.6,34.4,86.40761713586735,38,F,0
32.5,10.9,4.291169616904585,12.6,244,28.2,34.73353166029639,84.2,3,F,1
33.21395764142048,12.8,4.534006749364172,6.5,588,31.2,33.33647627682079,83.29142807673328,26,F,0
41.9,8.2,4.58,6.5,289,30.6,33.4,91.5,62,F,0
