age,sex,bmi,children,smoker,region,charges
40,female,28.5,5,no,northeast,-1284.6125459885616
52,male,20.045,4,no,southwest,2480.9791
43,male,31.558242780697494,2,no,southwest,7441.501
62,male,33.82,0,no,southwest,12979.358
34,female,30.21,1,yes,southeast,15459.079230092122
31,male,22.937660305435024,3,no,southeast,38746.3551
18,female,28.215,1,yes,northwest,13270.422265141257
20,male,37.29,1,no,southeast,12224.35085
51,female,33.915,0,no,northeast,9866.30485
39,male,20.425,0,no,northwest,1625.43375
33,female,35.53,0,yes,northwest,10338.9316
39,female,37.4,2,no,northwest,12643.3778
30,female,38.095,0,no,southeast,58571.07448
35,male,13.15856386561348,0,no,southeast,-3107.696631618315
46,female,30.66339686098655,1,no,southeast,8240.5896
49,male,32.48122665028276,3,yes,northwest,34964.40580254595
46,male,39.425,1,no,northwest,13270.422265141257
54,female,46.7,2,yes,northwest,11538.421
30,female,25.46,1,no,northeast,3645.0894
56,male,39.6,0,no,southwest,10601.412
30,female,23.655,3,no,northeast,18765.87545
39,male,39.16,0,no,northwest,12648.7034
62,female,39.2,1,yes,southwest,13470.86
54,male,30.66339686098655,1,no,southeast,25517.11363
37,male,28.025,2,no,southwest,6203.90175
19,female,39.49,0,no,southeast,11411.685
