age,sex,bmi,children,smoker,region,charges
62,male,31.46,0,yes,northeast,27000.98473
63,female,30.0,3,no,northwest,28950.4692
39,female,20.615,2,no,northwest,13270.422265141257
33,male,30.66339686098655,1,no,southeast,3847.674
35,male,30.66339686098655,0,no,northwest,43578.9394
27,male,31.13,3,yes,southeast,34806.4677
39,female,38.83,3,no,southeast,39983.42595
55,male,32.775,0,no,northwest,10601.63225
40,female,22.22,0,no,southeast,19444.2658
51,male,29.165,3,no,northeast,7153.5539
21,female,30.66339686098655,1,no,northeast,4337.7352
43,female,24.7,2,yes,southeast,21880.82
40,female,39.05,3,no,southeast,13270.422265141257
15,female,31.084499880040884,0,no,northeast,-2778.9286340036742
21,female,22.859572187319007,1,yes,northeast,3167.45585
55,female,33.0,0,no,southeast,1880.07
57,female,38.095,2,no,southeast,1969.614
62,female,43.89,3,no,southeast,15612.19335
39,female,24.985,5,no,northwest,8017.06115
45,female,24.684769056127287,2,no,southeast,46130.5265
27,male,29.48,0,no,southeast,15419.989120350767
46,male,32.965,3,no,southeast,8944.1151
54,male,21.01,2,no,southeast,26950.4956993304
26,male,30.66339686098655,1,no,southwest,2904.088
16,female,30.78,1,no,southwest,9778.3472
49,male,21.78,1,no,southeast,6272.4772
63,male,41.47,0,no,northwest,16795.4893554141
40,female,30.66339686098655,2,no,northeast,19040.876
20,male,28.025,1,yes,northwest,17560.37975
49,female,35.255947074402876,3,yes,northwest,5138.2567
28,male,36.4,1,yes,northwest,71346.87672504167
62,male,36.86,1,no,southwest,-16896.361319599197
24,male,35.42,1,yes,northeast,18648.4217
36,male,31.317866829660918,1,yes,northwest,13270.422265141257
20,male,34.675,2,yes,northwest,13270.422265141257
39,female,27.239727522883964,0,no,southwest,1261.1318319546244
38,male,21.47,0,no,northwest,13270.422265141257
23,female,42.75,0,yes,southeast,40904.1995
19,female,34.461845100828874,1,no,southwest,1731.677
37,male,35.86,0,no,northeast,46599.1084
58,male,35.7,1,no,southwest,11362.755
51,female,34.502942843016115,1,no,southeast,6551.7501
18,female,39.8,4,no,northwest,7323.734819
54,female,33.1,0,no,southeast,11585.322128533742
39,male,37.05,0,no,southeast,34303.1672
63,male,31.255,0,no,southeast,1909.52745
51,female,36.67,0,yes,northeast,10848.1343
20,female,28.215,1,no,northwest,2200.83085
47,female,33.345,2,no,northeast,25904.882127304463
27,female,25.365,4,yes,northeast,13047.33235
31,male,23.786097459528204,0,no,northeast,2424.6844936774974
30,female,32.78723600290067,0,yes,northwest,18765.87545
