age,sex,bmi,children,smoker,region,charges
43,male,30.66339686098655,1,yes,southeast,42124.5153
34,male,23.065254582919348,0,no,southeast,3935.1799
28,female,27.1,0,yes,southwest,2154.361
39,female,44.22,0,no,southeast,13270.422265141257
58,male,24.795,3,no,southwest,9500.57305
53,male,24.795,1,no,southeast,4795.6568
54,female,23.30239702309539,5,no,southeast,10928.849
18,female,30.115,1,no,northwest,7342.249205111043
30,male,31.4,1,no,southwest,-7439.02638742829
46,male,25.8,3,no,southeast,12096.6512
32,male,38.0,0,no,northeast,5757.41345
18,male,29.82724327369952,1,no,southeast,6384.766869315031
45,female,27.397273932628757,1,no,southwest,4687.797
28,male,26.901209794113015,3,no,southeast,9549.5651
47,male,30.66339686098655,1,no,southeast,8083.9198
56,female,26.505,2,no,northeast,12815.44495
64,female,39.7,0,no,southwest,6311.952
44,male,29.735,2,no,northeast,32108.66282
57,male,22.895,0,no,northeast,31982.181608639312
33,male,33.44,5,no,southeast,3861.20965
39,female,40.81,1,yes,southeast,13270.422265141257
41,male,30.66339686098655,3,yes,northeast,20630.28351
15,male,25.75812676511881,5,no,northwest,4433.9159
21,male,20.235,2,no,northeast,6653.7886
39,male,37.525,0,no,southeast,1146.7966
18,male,17.86,0,no,southeast,5116.5004
49,male,35.86,0,no,southeast,8124.4084
45,female,30.66339686098655,1,yes,southwest,7445.918
59,male,32.11,1,no,southwest,11763.0009
38,male,24.605,0,no,northwest,5257.50795
39,male,46.09,3,no,southeast,4449.462
18,female,24.619122817802204,-1,no,southeast,13270.422265141257
42,male,28.975,1,no,northeast,13270.422265141257
39,female,22.77,0,no,southwest,10323.145757368053
37,male,32.3,0,no,northeast,10209.513746768054
62,male,36.2,1,no,southwest,8068.185
61,male,34.77,0,no,northeast,17623.358103621293
39,male,35.34200490065431,2,no,southwest,40103.89
53,male,34.7,1,no,southeast,18760.024691783554
39,female,33.155,1,no,southeast,8538.28845
40,female,32.775,2,yes,southeast,13270.422265141257
18,female,33.33,0,no,southeast,1135.9407
28,female,43.4,0,no,northwest,-13786.198389114123
40,female,25.46,1,no,northeast,6274.928988017072
58,female,30.66339686098655,0,yes,southwest,11837.16
35,female,27.28,3,yes,southeast,18223.4512
22,male,27.93,1,no,southeast,44501.3982
26,male,34.3807332337515,2,no,southeast,3981.9768
48,male,23.75,0,no,northwest,8765.249
43,male,19.95,0,yes,northeast,22412.6485
55,male,22.724360989856415,0,no,northwest,6373.55735
26,female,26.125,0,no,southeast,5227.98875
