haematocrit,haemoglobins,erythrocyte,leucocyte,thrombocyte,mch,mchc,mcv,age,sex,source
43.4,14.9,7.135050996382551,1.8,150,28.2300392867936,37.3,81.9,43,M,1
38.5,12.6,4.99,8.715533393774555,339,25.6,33.7,77.2,31,F,0
35.4,12.749350256875191,5.1,7.3,338,27.5,33.3,87.5,16,F,0
32.37885048503211,6.4,4.14,8.793428803677896,301,28.2300392867936,33.1,94.98683360785279,78,M,0
44.5,15.6,4.29,15.3,387,30.0,35.1,82.3,53,M,1
45.1,15.2,5.2,6.0,330,29.2,32.7,93.4605357351286,33,M,0
43.7,15.5,5.331919121865398,10.350583772171124,45,31.377487886131576,35.5,80.8,59,M,1
42.7,14.3,5.24,7.5,282,27.3,33.554710174014375,81.5,57,M,0
38.6878097076115,13.212969809602724,3.64,9.0,152,25.081962757597935,33.2,100.8,87,M,0
35.7,11.8,4.04,5.7,235,29.2,33.1,88.4,39,F,0
44.4,15.2,4.63,7.6,252,30.0,34.2,80.2128006043675,12,M,0
28.8,8.9,4.781609212588373,11.3,268,28.8,33.7,84.61133272892113,59,F,1
38.22611060743427,10.6,3.88,7.9,243,29.3,33.4,87.6,48,F,0
41.2,13.0,4.88,15.0,81,26.6,31.6,89.63341629792482,-4,M,0
38.22611060743427,11.687363035509245,5.25,3.1,226,22.39690198730373,33.554029154302924,78.5,12,F,0
48.3,8.1,6.24,10.0,258,25.3,33.1,77.4,46,M,0
23.7,16.0,2.81,8.715533393774555,301,28.8,33.33647627682079,88.6,49,M,0
31.0,9.5,4.544802055001511,13.584040406961785,166,26.0,33.33647627682079,84.9,65,M,0
41.460519931683905,13.2,5.13,6.5,258,25.7,26.1,80.5,23,F,0
38.0,11.5,6.07,9.3,251,18.9,30.3,62.6,28,M,1
38.3,12.749350256875191,4.71,31.2,261,27.0,33.2,81.3,46,F,1
44.5,15.231576574945755,5.0,9.99494749450492,428,30.6,34.4,89.0,52,M,0
42.4,14.1,4.278032035888579,4.3,403,28.4,33.3,59.7,74,M,0
28.01260904375783,10.4,3.67,5.3,175,26.6,32.09721981438881,82.5,74,M,0
42.1,11.69357618010575,3.62,8.4,221,33.5838310176769,33.81735691114057,84.61133272892113,82,F,0
37.4,12.2,4.544802055001511,13.4,32,25.3,32.6,79.5,46,F,1
