age,sex,bmi,children,smoker,region,charges
48,male,30.66339686098655,0,no,northeast,22144.032
39,male,25.745,1,no,northeast,3279.86855
55,female,25.365,3,no,northeast,13047.33235
37,female,31.92,0,no,southeast,39722.7462
64,male,39.16446834532881,2,yes,southeast,12803.60282700011
27,male,29.15,0,yes,southwest,19612.12823395356
19,male,27.835,0,no,northwest,1635.73365
64,male,34.32915869101617,1,yes,northwest,3172.018
32,female,30.78,0,no,northeast,10141.1362
36,male,29.7,0,no,southeast,-3544.551718587696
39,female,22.8,3,no,northeast,23887.6627
19,male,34.8,0,no,northwest,34779.615
27,female,30.66339686098655,1,no,southeast,8515.7587
58,female,27.168461075825302,0,no,southeast,13270.422265141257
39,male,28.7,0,no,southeast,1253.936
39,female,44.88,0,no,northeast,7209.4918
25,male,30.959380102806005,1,no,northeast,23241.47453
19,male,19.8,0,yes,southwest,1241.565
42,male,30.0,0,yes,southeast,12430.95335
19,male,34.1,4,no,southwest,-1020.1699194743719
38,female,31.0,0,no,southeast,10197.7722
18,male,24.32,0,no,southwest,13270.422265141257
30,male,39.05,3,yes,southeast,40932.4295
65,male,25.46,1,no,northeast,25517.11363
23,male,34.4,2,no,southeast,1826.843
54,female,21.47,3,no,southwest,12475.3513
