haematocrit,haemoglobins,erythrocyte,leucocyte,thrombocyte,mch,mchc,mcv,age,sex,source
43.3,14.6,3.82,7.1,281,29.3,33.7,86.8,54,M,0
35.0,12.749350256875191,4.47,2.7,176,26.4,33.7,78.3,49,M,0
39.4,13.1,4.220322411667641,8.7,364,27.34960153107741,33.2,80.2,48,F,1
43.2,12.749350256875191,5.285082409939938,6.1,299,28.9,34.0,79.32238100157527,72,F,0
25.9,11.718062595937743,5.7,6.3,298,26.3,31.8,82.8,46,M,0
34.3,13.8,6.38,22.6,289,21.6,31.2,67.57808227511667,17,M,1
38.7,12.852846282286215,4.4,-2.795138005538208,63,20.9,34.587243307240335,88.0,19,M,1
38.46724752587814,11.466547084436861,5.25,4.8,207,25.1,33.3,78.5,34,M,0
32.7,10.6,3.56,9.5,247,29.8,33.33647627682079,91.9,33,F,1
49.0,17.07232713427333,5.95,-3.9592378693913943,352,27.6,34.17779350168241,82.4,46,M,0
45.8,9.5,5.42,0.6592730687254154,139,27.5,31.5,84.5,66,F,0
37.0,12.1,3.83,7.3,258,31.6,32.7,84.61133272892113,75,M,0
37.0,12.2,4.544802055001511,2.4,180,31.3,33.33647627682079,92.0,59,M,1
44.2,11.6,4.11,19.1,249,28.2300392867936,33.8,83.61143951915066,46,M,1
38.22611060743427,14.7,4.72,10.2,230,31.198796511338877,34.9,82.4,65,M,0
33.7,10.8,4.544802055001511,6.9,258,29.6,32.0,92.3,67,F,0
33.2,15.8,3.47,7.2,235,28.2300392867936,31.8,95.7,93,F,0
26.7,4.4,3.65,8.5,183,28.9,31.8,73.2,3,M,0
38.317812529743655,12.5,4.8579008229694605,4.2,29,30.0,33.8,88.9,48,F,0
29.9,12.7,4.22,9.6,309,30.37062293322052,37.398937105886986,85.5,46,M,0
29.1,14.9,6.26,8.715533393774555,161,30.3,32.6,95.7,83,F,1
45.03783798691478,16.5,5.48,3.1,257,30.1,34.483679737755146,90.6,62,M,0
50.64137043742196,11.4,4.21,5.8,356,28.070968080293696,32.0,76.41222723623478,82,M,0
38.9,12.6,4.76,8.715533393774555,67,26.7,32.4,88.4,17,F,1
38.22611060743427,13.3,5.270806081287585,2.3097198897545423,200,31.5,32.4,84.61133272892113,74,F,0
24.2,8.1,2.52,5.9,150,32.1,33.5,96.0,60,M,1
