age,sex,bmi,children,smoker,region,charges
70,male,37.4,0,yes,southeast,12979.358
25,male,23.56,2,no,northeast,8603.8234
30,male,35.53,2,yes,northeast,6185.3208
23,male,32.78,1,no,southeast,36021.0112
18,male,30.66339686098655,0,no,southwest,5614.685290355995
29,male,36.07436124336142,1,yes,southwest,44585.45587
30,female,48.18303575201653,1,no,northeast,7650.77375
18,female,26.4,0,yes,southeast,19539.243
39,male,35.3,3,no,southwest,7196.867
27,male,33.915,0,no,southeast,39611.7577
37,male,19.19,1,no,northwest,19214.70553
47,female,36.19,1,no,northwest,7998.1726014823635
42,female,30.66339686098655,1,no,southeast,7639.41745
29,male,32.11,2,no,northeast,4433.9159
51,female,37.87728759628498,0,no,southeast,4477.94187610789
61,male,38.38,0,no,southeast,13270.422265141257
37,male,28.025,2,no,northwest,13270.422265141257
55,male,32.775,2,no,northwest,12268.63225
28,female,31.35,2,no,northwest,3062.50825
53,female,30.495,0,yes,northeast,10072.05505
49,male,25.65,0,no,northwest,9290.1395
42,male,34.1,0,no,southwest,717.5340553030219
39,male,44.7,3,no,southwest,12044.342
32,female,23.65,1,no,southeast,17626.23951
52,male,37.4,0,no,southwest,9634.538
8,female,22.55632323618375,5,no,southeast,8413.46305
