age,sex,bmi,children,smoker,region,charges
61,female,25.19191340725987,3,no,northeast,-4181.084615685599
19,female,37.43,2,no,southeast,12096.6512
39,male,31.475919743834798,0,no,southeast,1984.4533
32,male,30.66339686098655,2,no,southwest,-20740.849554336208
53,male,30.97,0,yes,southeast,2850.68375
50,male,34.2,0,no,southeast,13270.422265141257
64,female,22.99,3,no,southeast,27037.9141
32,female,42.46,0,no,southeast,16131.434490442201
37,male,25.3,1,no,northeast,39047.285
56,male,30.3,0,no,southwest,15018.239564755135
54,male,24.035,0,yes,northeast,13270.422265141257
54,female,30.66339686098655,1,yes,southeast,43578.9394
48,male,29.784786947987204,0,no,southeast,8930.93455
31,male,30.66339686098655,2,yes,northeast,11356.6609
54,female,28.88,0,yes,northwest,5227.98875
48,female,26.315,1,no,southeast,13270.422265141257
25,male,23.465,0,no,northeast,3206.49135
39,female,33.0,0,no,northwest,1880.07
34,male,35.86,0,no,southeast,46599.1084
19,male,40.565,0,yes,northwest,24542.05541032147
39,female,38.95,2,no,northwest,10156.7832
23,male,26.84,1,no,southeast,826.5811965140649
30,male,26.504885919170665,0,no,southeast,-6022.622684970552
28,female,34.42084120775435,2,no,northwest,4340.4409
22,male,25.555,0,yes,southeast,1674.6323
53,male,41.82701965626724,1,no,northwest,9869.8102
57,male,28.975,1,yes,northeast,13270.422265141257
50,male,32.11,2,no,northeast,25333.33284
23,female,29.925,0,no,northwest,10600.5483
42,male,35.97,5,yes,southeast,7160.3303
23,male,17.764685337287286,0,no,northeast,2396.0959
25,male,32.3,0,no,northeast,3591.48
37,male,29.8,0,no,southeast,11842.442
21,male,35.53,1,no,southwest,1532.4697
39,male,17.86,1,no,southwest,35433.5369774812
28,male,33.0,-1,no,southeast,23241.47453
24,male,28.5,2,yes,northeast,3537.703
54,male,30.66339686098655,2,yes,southwest,20177.67113
37,male,44.0,2,yes,northeast,39836.519
39,female,28.88,1,no,southeast,-11136.160198200003
37,female,25.555,1,yes,southwest,20296.86345
58,male,34.865,0,yes,southwest,11944.59435
22,male,33.52943473323433,0,yes,southeast,13270.422265141257
23,male,28.671154341360523,3,no,southwest,13430.265
56,female,28.31,3,no,northeast,11657.7189
50,female,27.6,1,no,southwest,126.35116219065458
19,male,36.0,0,yes,northwest,36898.73308
39,male,35.2,1,no,southeast,14474.675
47,male,30.66339686098655,0,yes,southeast,18648.4217
55,male,23.655,0,no,northeast,13129.60345
41,male,35.6,0,yes,southwest,35585.576
20,male,24.565028221035156,3,yes,southeast,37465.34375
