age,sex,bmi,children,smoker,region,charges
47,male,24.32,1,no,northwest,8569.8618
49,male,29.0,1,no,southwest,7050.642
18,male,41.14,1,no,southeast,5699.8375
58,male,39.60268006535304,0,no,southeast,11362.755
38,female,37.145,3,no,southeast,6334.34355
27,female,43.723953696786175,3,no,southeast,24873.3849
56,female,30.875,3,no,northeast,12265.5069
52,male,33.25,0,no,northeast,15163.46681728736
32,male,29.735,2,no,northwest,4357.04365
24,male,31.635,0,no,northwest,9174.13565
45,male,25.04498572270035,3,no,southeast,8605.3615
34,female,31.92,0,no,northwest,3906.127
64,male,45.32,3,no,northwest,5594.8455
65,female,18.173639605321284,0,no,southeast,10197.7722
35,male,33.33,1,no,southwest,1748.774
27,male,33.66,0,no,southeast,2498.4144
20,male,22.0,0,yes,southwest,8275.701500268575
30,female,45.54,1,yes,southeast,13270.422265141257
40,male,32.9,0,no,northwest,4762.329
30,male,31.4,1,no,southwest,13270.422265141257
23,male,24.51,2,no,northeast,2396.0959
52,male,32.631112463924474,1,no,southeast,2362.22905
64,female,31.3,0,no,southwest,64471.862577900996
28,female,19.378024397728293,2,no,southwest,13270.422265141257
56,female,38.6,1,no,southeast,13449.356185424054
39,female,30.66339686098655,1,no,northeast,8596.8278
39,male,31.46,1,no,southeast,36446.016217998476
38,male,15.96,0,no,southeast,10425.579068568099
34,male,30.03,1,no,southeast,13270.422265141257
39,male,23.32,0,no,southeast,1708.92575
20,male,33.25,2,no,northeast,13112.6048
39,female,25.27,3,no,northwest,17029.411496578825
61,female,30.66339686098655,0,no,southeast,24929.945314703553
33,male,30.66339686098655,2,no,northwest,5257.50795
34,male,35.15,1,no,northwest,4894.7533
46,female,23.655,1,no,southeast,21677.28345
46,female,37.59204491877829,1,yes,southeast,8240.5896
19,male,29.07,1,no,northwest,10933.417821558447
37,female,31.0,1,yes,southwest,5240.765
39,male,38.06,0,no,northeast,12648.7034
34,male,32.8,0,no,southeast,14358.36437
57,male,37.43,2,yes,southeast,5428.7277
39,female,24.251667835306517,0,no,southeast,6675.236541417492
25,female,33.99,1,yes,northeast,3227.1211
31,female,29.26,2,no,southeast,4074.4537
18,female,32.12,0,yes,southeast,2801.2588
20,female,24.13,1,no,northwest,5662.225
23,male,38.0601562283281,1,no,southeast,2789.0574
18,male,30.66339686098655,0,no,southeast,13270.422265141257
46,male,30.66339686098655,0,no,southeast,8825.086
60,male,30.420388845128063,0,yes,southeast,48173.361
46,male,38.095,1,no,northeast,15230.32405
