age,sex,bmi,children,smoker,region,charges
39,male,24.51,1,no,southeast,6710.1919
34,female,21.85,1,no,northeast,6753.038
39,female,30.66339686098655,0,no,northeast,26125.67477
19,male,25.175,0,no,southeast,19719.6947
41,male,35.17627304995709,1,no,southeast,12233.828
19,male,31.445,0,no,southeast,1261.442
62,male,35.53,0,no,southwest,36950.2567
23,male,33.4,0,no,southwest,10795.93733
19,male,29.07,0,no,northwest,4753.334859062801
39,male,20.7530031546675,1,yes,southwest,6238.298
44,male,34.105,3,no,northeast,17316.85354885541
39,female,26.315,2,yes,northwest,30681.159871966258
54,female,30.66339686098655,3,no,northwest,13270.422265141257
68,male,25.84,1,no,southeast,28923.13692
19,female,24.51,1,yes,southwest,2709.1119
60,female,32.8,0,yes,southwest,52590.82939
43,male,43.7,1,no,southwest,11576.13
30,male,31.73,3,yes,southeast,6082.405
39,male,32.87280841204117,2,yes,southeast,13270.422265141257
39,male,19.0,1,no,southeast,-3511.3305863679316
35,male,24.13,3,no,northwest,5125.2157
38,male,34.7,2,no,southwest,36189.1017
54,male,35.97,0,no,southwest,10965.446
43,male,34.11534443475288,0,yes,southwest,6250.435
25,male,41.325,3,no,southwest,17878.90068
19,female,28.6,5,no,northeast,4687.797
