haematocrit,haemoglobins,erythrocyte,leucocyte,thrombocyte,mch,mchc,mcv,age,sex,source
32.4,6.1,5.07,16.4,155,27.9,33.833821241218594,75.0,20,M,0
37.7,14.518958802002986,3.102647958013078,9.8,477,28.8,35.242043165518965,76.37447793481803,46,F,0
39.93602385088411,13.8,5.63,10.363597816813922,341,25.1,32.6,76.9,51,F,0
37.0,12.4,4.07,3.7,134,30.5,33.33647627682079,90.9,41,F,0
35.4,12.749350256875191,4.544802055001511,10.5,145,31.647546288911826,33.33647627682079,84.7,46,M,0
42.7,12.469153701171845,5.24,8.715533393774555,271,27.3,33.5,81.5,50,M,0
36.11859333291915,11.0,4.25,5.6,333,24.53020510614757,32.074648558044444,82.1,49,M,0
44.9,14.9,5.95,8.09734232761246,179,21.0,33.2,79.5805502610086,80,M,0
48.3,16.0,6.24,10.0,332,25.6,33.1,71.1,-3,M,1
41.2,15.090066796072698,4.31,7.8,564,24.0,34.8,94.7,32,M,1
32.1,10.6,4.646224758583319,7.0,258,27.7,33.0,83.8,53,M,0
46.6,15.3,5.75,5.2,17,26.6,32.8,87.6,25,M,0
40.464251198148844,12.3,4.25,11.6,332,28.1,34.0,84.61133272892113,67,M,0
44.0,14.0,4.51345519046916,6.6,336,28.2300392867936,35.3,85.64047859292133,24,M,1
42.1,15.2,4.93,7.3,310,30.8,34.0,85.4,50,F,1
38.22611060743427,15.2,4.128242925999182,7.9,40,28.2300392867936,33.3,81.2,18,F,1
35.7,16.5,5.5,16.378641899195724,299,29.3,36.1,86.1,29,M,0
28.7,15.061793948459336,4.11,1.2266100401211606,399,29.2,31.42639204862928,81.0,5,M,0
43.8,14.0,5.43,7.4,352,25.8,32.0,80.7,41,M,0
38.22611060743427,11.8,5.68,6.5,109,26.1,28.5,77.5,2,M,1
37.1,12.2,4.6,7.6,291,21.32990021164208,32.9,84.61133272892113,25,F,0
48.5,14.8,4.544802055001511,8.715533393774555,258,31.89319053271079,33.1,91.3832524575634,39,F,0
38.2,13.0,4.52,13.3,460,28.8,34.0,84.5,63,M,0
32.8,10.9,3.91,12.7,476,23.4,33.2,83.9,53,M,0
36.5,3.8,4.07,5.2,262,30.0,33.4,89.7,33,F,0
31.013435898033062,12.749350256875191,5.32,5.0,302,29.9,35.3,84.6,56,M,0
