haematocrit,haemoglobins,erythrocyte,leucocyte,thrombocyte,mch,mchc,mcv,age,sex,source
45.2,15.2,5.35,15.7,414,26.9813368092591,33.6,91.47362315908539,26,M,1
38.6,11.377228887438376,3.43,9.6,303,31.2,34.3,85.00432001076179,81,F,0
29.4,12.749350256875191,3.1114631259621888,10.4,397,29.3,33.33647627682079,88.0,66,M,0
38.22611060743427,10.537594082598883,6.62,6.7,258,29.93722609414667,32.9,84.2,46,F,0
42.2,13.9,4.56,7.4,247,28.2300392867936,36.9,92.5,65,M,0
34.5,10.8,4.544802055001511,7.8,258,24.7,31.3,78.9,22,F,0
24.4,8.1,2.82,19.8,426,28.7,33.2,84.61133272892113,64,F,0
31.5,16.0,5.74,0.8805998751091373,122,28.2300392867936,33.0,70.8,33,M,1
48.72532144453484,15.7,6.22,9.4,100,25.1,36.1,69.5,42,M,1
43.3,16.8,5.55,5.8,301,29.1,33.3,87.7,30,M,0
40.7,13.1,4.48,17.3,332,29.188502077405683,32.2,90.8,22,F,1
31.2,12.749350256875191,4.31,6.2,360,29.5,33.33647627682079,83.15132816116112,75,M,0
44.5,14.7,4.37,8.715533393774555,146,29.475933910785667,34.5,88.8,42,M,1
35.3,11.5,4.137136416632503,-2.0652363746491815,195,30.1,32.6,86.5,46,M,0
29.7,9.4,4.663935641918151,6.9,121,27.1,33.0,78.9,67,F,0
35.8,12.7,4.14,5.6,329,30.7,32.99601531265619,92.4,48,F,0
35.4,11.4,4.8,8.715533393774555,147,17.9,32.2,84.61133272892113,1,M,0
25.8,6.1,2.509583541684921,9.2,337,30.6,32.2,95.2,58,F,0
38.22611060743427,11.0,3.99,6.0,258,35.4,32.814802667577695,80.2,65,M,1
18.6,8.3,2.25,8.6,22,26.0,32.884851075442164,94.0,68,M,1
46.05246132534997,12.967685806077949,4.05,23.23273216096338,480,29.1,34.5,81.56366325739168,51,M,1
45.83670075099433,12.4,4.26,8.0,341,29.1,37.3,87.1,32,F,0
29.0,9.6,4.544802055001511,3.8,212,28.6,33.1,86.3,68,M,1
32.7,11.0,4.66,28.3,588,23.6,34.274953847971126,70.2,24,F,0
27.8,9.0,3.15,19.8,178,28.6,32.4,88.3,73,F,1
38.827529861638524,11.738475301505604,5.01,23.000531216334352,355,28.4,33.2,85.4,11,F,0
