haematocrit,haemoglobins,erythrocyte,leucocyte,thrombocyte,mch,mchc,mcv,age,sex,source
42.1,15.7,2.55,7.7,174,28.9,32.3,84.07419066205145,69,M,0
29.5,10.1,3.3,11.6,440,30.6,34.2,89.4,75,F,0
24.1,7.6,3.34,5.8,186,30.0,31.5,95.3,81,M,0
27.7,12.749350256875191,5.15,6.2,362,35.2896600141917,34.2,89.7,68,M,1
38.22611060743427,12.4,2.66,10.2,364,27.5,33.1,65.1,37,F,0
31.0,10.2,3.64,11.8,203,24.1,32.9,85.2,46,F,0
41.2061876680954,13.187981431781266,4.544802055001511,5.9,167,26.363578085724285,35.0,85.8,34,F,0
33.79892014148968,8.6,4.65,8.715533393774555,370,30.53391662798868,33.5988512048523,81.48649196560775,79,F,0
34.440042389496234,13.9,5.073252496428701,5.5,327,28.2300392867936,33.33647627682079,102.6,80,M,1
44.7,15.3,5.560091998663167,5.3,242,30.5,34.2,84.61133272892113,56,M,0
42.2,16.9,4.81,5.9,220,30.1,33.33647627682079,87.7,46,F,0
38.5,13.1,3.88,14.775628096363281,193,33.0,33.2,99.2,76,F,1
38.22611060743427,12.749350256875191,4.85,10.710175504499393,50,28.0,33.7,83.1,38,M,0
39.4,13.1,4.56,8.7,258,28.7,34.681250559855066,86.4,64,M,0
23.4,7.7,4.7,18.8,290,31.8,32.9,85.1,81,M,0
46.6,15.6,5.66,18.6,426,27.6,33.5,100.0,49,M,0
37.1,12.0,3.81,11.402066189055963,202,31.5,33.3,97.4,32,M,0
31.430547931984698,9.2,2.119358319372193,8.715533393774555,335,29.1,34.2,88.0,75,M,1
25.3,7.9,3.04,5.9,287,28.2300392867936,33.16311906980589,78.09421625909792,58,M,1
47.1,14.725482119604914,5.1,7.3,201,18.3,33.3,84.61133272892113,16,F,0
49.9,18.371489009375082,5.78,14.553259132120155,32,29.8,34.72475687744268,86.8579878127291,30,F,1
27.5,9.1,3.71,11.1,40,24.5,33.1,74.1,26,M,1
43.5,10.969232025612854,5.39,12.7,258,27.5,34.0,80.7,1,M,0
45.0,11.3,4.28,19.2,330,26.4,33.1,79.7,27,F,0
34.4,11.9,3.967986103490539,8.5,250,26.479595992529,34.6,83.3,74,F,0
31.7,10.6,4.544802055001511,5.1,101,28.7,37.2,85.9,76,M,0
