haematocrit,haemoglobins,erythrocyte,leucocyte,thrombocyte,mch,mchc,mcv,age,sex,source
27.9,9.1,3.58,16.866578237438418,86,25.4,32.6,100.69837952244438,56,M,1
35.2,12.749350256875191,5.28,6.2,189,28.2300392867936,34.4,86.9,15,F,0
35.8,11.7,4.08,5.1,370,27.473761009870806,33.7,87.7,68,F,0
38.2,12.6,4.45,15.606019848172124,221,28.3,33.0,85.8,40,M,0
36.54584532552553,8.2,3.27,5.4,90,25.1,32.3,91.10114367574478,-13,F,1
39.4,11.7,3.72,13.5,258,26.1,34.83026294902179,91.7,42,M,0
36.7,12.6,4.2,12.4,242,30.0,34.3,87.4,29,F,0
43.0,15.0,4.544802055001511,5.2,153,28.7,34.9,84.61133272892113,27,M,0
38.5,12.6,4.99,9.1,339,25.893988911508828,33.33647627682079,77.2,31,M,1
34.1,14.1,4.64,7.1,258,28.4,33.5,84.9,14,M,0
36.8,13.3,4.81,4.9,252,28.2300392867936,36.1,104.5,47,M,0
34.7,12.223299637345752,4.03,7.9,301,18.0,33.4,88.3,43,F,1
36.616402062163175,13.2,5.18,8.715533393774555,277,27.2,30.925098207263893,82.2,39,F,0
36.5,12.3,4.27,5.9,385,28.8,32.7,88.5,46,F,0
40.6,7.7,5.5021485511481325,15.6,325,28.74158056538979,34.0,86.2,62,M,1
38.22611060743427,13.7,4.53,8.67686346851289,330,30.2,32.07305817041445,84.61133272892113,70,F,1
39.9,14.0,4.88,13.373921828151861,202,28.7,35.83601117348703,81.8,46,M,0
30.06391991903243,11.6,3.82,13.1,321,30.4,34.3,85.5,19,F,1
35.7,12.749350256875191,4.61,23.4,389,26.5,34.2,77.4,2,F,1
48.3,16.6,5.41,8.715533393774555,214,28.8,33.6,83.9,47,M,0
30.2,13.858841148354408,2.940833481171506,11.3,223,27.6,33.1,83.4,69,M,0
39.14746548521556,15.147933853712741,4.05,14.0,237,27.7,34.6,95.5,10,M,0
35.6,12.248259734661936,5.420506507354398,5.8,167,28.2,33.7,79.9,32,F,1
38.22611060743427,7.9,4.99,8.0,347,26.9,31.9,88.2317248432312,57,M,0
38.7,12.7,4.161918520486319,5.9,317,26.9,32.8,77.3468031493985,40,M,0
40.6,13.4,4.544802055001511,8.6,-170,28.016816320601404,33.33647627682079,82.7,78,M,0
