age,sex,bmi,children,smoker,region,charges
23,female,36.67,0,no,northeast,59177.369484508745
20,male,30.66339686098655,0,no,southeast,-15815.31052711784
58,female,23.37,2,no,southeast,6686.4313
62,female,21.945,0,no,southwest,13451.122
56,male,21.375,4,yes,southeast,27806.036330819414
23,female,33.4,0,no,northwest,7315.72199590453
39,male,31.79,0,no,northwest,14928.49091535701
41,male,30.78,5,no,northeast,39597.4072
33,male,33.44,5,no,southeast,19410.001415883973
56,female,31.16,2,no,southeast,12643.3778
39,female,24.63710851046585,2,no,southeast,12629.1656
32,male,30.66339686098655,0,yes,southeast,7954.517
30,female,32.205,1,yes,southeast,16657.71745
55,female,30.14,2,no,southeast,13270.422265141257
18,female,26.73,1,no,northeast,1615.7667
63,female,25.61518122606972,0,no,northeast,13981.85035
39,male,30.66339686098655,2,no,northwest,13270.422265141257
50,male,31.6,2,yes,northeast,4795.6568
52,female,27.383839631100074,0,no,southeast,8102.775446709708
45,male,23.56,4,no,northwest,13270.422265141257
34,female,34.2,2,no,southeast,3285.2247811006764
34,female,28.79918242515799,1,no,northeast,6455.86265
42,male,36.195,1,no,northwest,7443.64305
33,female,24.89,0,no,southwest,11658.37915
21,male,25.555,0,no,northwest,13270.422265141257
23,female,31.4,1,yes,southwest,3925.7582
50,female,27.72,1,yes,southeast,14001.1338
56,female,30.36,2,no,northwest,11090.7178
56,male,29.4,4,no,southwest,13270.422265141257
28,male,35.97,1,no,southeast,9386.1613
29,male,24.4,1,no,southwest,18259.216
18,male,34.57369231613807,0,no,northwest,1634.5734
26,female,30.66339686098655,0,yes,northeast,-3500.5259115056692
51,male,37.0,1,no,southwest,8798.593
57,male,33.82,0,yes,northwest,43578.9394
51,female,38.770372546024454,2,yes,southwest,9264.797
56,female,27.2,0,no,southwest,11073.176
60,female,21.56,1,no,southeast,9855.1314
39,male,36.1805321141877,2,no,southeast,3994.1778
41,female,33.24559974378186,3,no,southeast,36149.4835
48,female,30.685,0,yes,southeast,42303.69215
32,male,19.95,1,no,northeast,7639.41745
27,female,26.503520369038426,0,no,northwest,7153.5539
33,male,30.66339686098655,2,no,northwest,2457.21115
39,female,26.03,0,yes,northwest,3736.4647
39,male,37.0,5,no,southwest,4830.63
29,male,42.4,5,no,southwest,6666.243
32,male,28.93,0,no,southeast,3972.9247
25,male,30.59,4,yes,northwest,1639.5631
48,male,25.068326219543295,3,no,southeast,-37.212082660109445
39,male,33.7,3,no,southwest,10141.1362
38,male,27.835,0,yes,northwest,12032.326
