age,sex,bmi,children,smoker,region,charges
40,female,29.3,4,no,southwest,21098.55405
23,male,34.865,4,no,northeast,2899.48935
35,male,18.573415480664714,2,no,northeast,24188.596799040555
41,male,40.15,0,no,southeast,22015.44903434519
44,female,32.775,0,no,northwest,10601.63225
36,male,26.885,0,no,southeast,16434.671978126004
17,male,27.28,1,no,northeast,8334.45755
34,female,26.41,1,no,southeast,5385.3379
39,male,36.85,1,no,northwest,13270.422265141257
56,female,29.59,4,no,southeast,13270.422265141257
28,female,32.589162443060815,2,no,southeast,46130.5265
18,female,39.14,1,no,northwest,12890.05765
-1,female,30.2,0,yes,southwest,33900.653
18,female,30.66339686098655,0,no,southeast,21344.8467
35,male,35.73119972556323,4,no,northeast,-9423.062423485579
19,male,25.250628666333192,1,no,northwest,2331.519
56,female,30.5,0,yes,southwest,10704.47
32,female,33.66,1,no,southeast,4562.8421
64,male,31.57,0,no,southwest,12557.6053
48,male,31.35,3,no,southeast,20177.67113
23,male,39.27,2,yes,southeast,2457.502
25,female,27.74,3,no,northeast,2721.3208
60,male,29.6,0,no,southeast,21232.18226
45,male,30.66339686098655,0,no,southeast,17929.30337
35,male,27.1,1,yes,southwest,4746.344
39,male,26.4,0,yes,southeast,25992.82104
