haematocrit,haemoglobins,erythrocyte,leucocyte,thrombocyte,mch,mchc,mcv,age,sex,source
27.9,9.1,3.58,8.715533393774555,322,17.2,32.6,92.7,51,M,0
35.2,12.1,4.455789087760626,6.2,215,29.9,34.4,86.9,15,F,0
36.34259079911765,11.7,4.08,5.1,370,28.7,31.19527885632521,87.7,68,F,0
38.2,12.6,4.45,14.4,221,28.3,33.0,85.8,20,F,0
46.2,10.49588190806007,3.27,8.715533393774555,90,25.1,30.827987213854037,65.9,1,F,1
34.1,10.0,3.72,10.7,487,31.5,33.33647627682079,91.7,88,M,0
44.334314871757385,14.4,5.06,6.005336740476421,20,26.94510520513787,33.33647627682079,85.0,78,M,1
39.2,14.45891302072792,4.53,4.3,227,22.700979632306904,34.12265617510802,72.78343786569795,7,F,0
38.22611060743427,18.8,4.67,28.3,214,31.0,33.5,77.9,46,F,0
33.11640786587061,8.7,5.648065441891701,4.067689639478624,216,30.606493788834825,34.0,78.56288315106069,47,F,0
46.5,15.2,5.16,4.6,258,29.5,32.7,90.1,60,M,1
38.7,14.1,4.79,4.008404590697709,177,29.4,37.1,87.1,48,M,0
36.5,12.3,6.83,5.9,365,28.8,33.7,84.61133272892113,20,F,0
40.6,12.567369394717009,4.71,14.807398136787869,325,29.3,34.0,86.2,62,F,1
35.9,12.749350256875191,4.52,6.7,330,28.8,34.0,89.0,70,M,0
39.9,14.0,4.544802055001511,14.4,314,28.7,35.1,84.61133272892113,61,M,1
33.295919712959275,11.6,3.82,13.1,321,30.4,34.3,86.4,63,M,1
35.7,12.2,6.0860381949141935,8.0,389,26.5,34.2,72.14425366595964,18,F,1
38.22611060743427,16.6,5.76,6.2,307,30.2,30.5,83.9,57,F,0
30.2,11.7,3.62,11.3,223,23.6,33.1,83.4,77,M,1
42.2,14.6,4.544802055001511,3.0,266,27.7,34.6,79.9,10,M,1
35.3,11.9,4.43,5.8,258,26.9,33.7,79.7,11,F,1
42.5,12.749350256875191,4.13,8.0,519,28.2300392867936,32.8,85.2,47,M,0
41.7,12.7,4.51,5.9,243,28.2,31.5,71.89717683020618,46,F,0
40.6,10.888631951068804,5.452588188192567,7.9,53,28.2300392867936,30.79752417731132,82.7,11,F,0
42.6,14.1,5.18,11.4,263,29.73060518178964,33.1,82.2,39,M,0
