haematocrit,haemoglobins,erythrocyte,leucocyte,thrombocyte,mch,mchc,mcv,age,sex,source
25.83199229954934,12.749350256875191,6.032375721901971,8.715533393774555,428,28.9,32.5,84.17530881065971,61,M,1
42.2,11.0,4.69,5.4,207,29.9,30.1,87.7,69,M,0
38.45998831294377,13.5,4.86,8.715533393774555,221,33.0,33.7,82.5,70,M,1
43.2,13.7,5.08,7.2,239,27.0,31.7,89.32202204529207,46,M,1
47.8,16.3,4.38587437317239,5.4,248,29.7,34.1,87.1,50,M,0
42.1,14.8371484850459,5.12,8.0,402,27.3,33.832426043501385,82.2,38,F,0
42.0,15.44058714976466,4.544802055001511,11.4,467,29.6,34.3,86.2,40,M,1
38.7,11.0,3.504462030250194,10.4,326,31.3,33.33647627682079,95.1952352249547,28,F,1
28.513865851998354,11.9,4.25,4.1,343,28.0,33.1,84.61133272892113,41,F,0
33.5,14.4,3.95,12.925435951836317,536,27.8,28.8,84.6,73,F,0
29.972259931312003,9.633459151742834,4.11,7.3,308,32.1,33.0,87.6,32,M,0
38.6,12.8,4.45,10.8,298,28.8,32.28221660725259,84.61133272892113,38,F,0
44.5,14.2,4.76,17.3,95,28.2300392867936,31.9,93.5,87,M,0
22.1,13.471986356382656,4.5,4.6,253,28.7,33.33647627682079,62.4,38,M,0
35.1,11.4,4.02,8.8,258,28.4,32.5,87.3,80,F,1
27.6,8.9,4.97,17.7,172,28.2300392867936,32.2,76.9,81,M,1
38.22611060743427,13.1,4.21,9.3,258,31.1,33.6,92.6,72,M,0
38.22611060743427,12.8,4.37,2.1,41,26.573104419807976,33.4,85.8,48,M,0
46.1,12.749350256875191,5.08,11.2,254,27.498999343759657,32.8,90.7,46,M,0
40.9,14.3,4.67,1.290393348080733,128,30.6,35.0,97.3,58,M,0
30.4,11.3,4.544802055001511,23.4,140,29.5,34.5,85.4,87,M,0
28.7,9.6,3.25,21.1,210,31.89855067683212,34.1,88.3,36,F,0
44.3,12.0,3.940743420016458,10.9,236,29.8,33.25328995519888,82.8,58,M,0
27.5,9.4,3.22,8.76746310056792,282,30.5,34.2,85.4,38,M,0
40.5,13.3,4.66,7.1,333,24.538870764008756,32.8,86.9,40,F,0
35.9,14.8,3.59,5.5557962804850956,196,30.6,33.400229867473335,78.41981856521195,12,F,0
