haematocrit,haemoglobins,erythrocyte,leucocyte,thrombocyte,mch,mchc,mcv,age,sex,source
42.5,14.1,4.7,3.4,258,30.0,31.7,84.61133272892113,48,F,0
35.76730015785224,14.9,5.3,10.8,205,26.0,31.4,78.9600322720541,29,M,1
34.8,15.0,4.117338493633298,12.9,241,27.3,33.4,81.8,36,M,0
44.5,14.8,4.63,9.1,895,32.0,33.3,96.1,64,F,1
22.5,8.1,2.72,4.6,28,29.8,36.0,82.7,70,M,1
38.22611060743427,13.355255198331752,3.19,19.9,184,32.9,34.5,95.8,78,F,0
47.302467756459095,12.2,5.53,8.715533393774555,326,22.1,31.698495269947543,72.5,66,F,1
43.1,14.0,4.52,16.118023624587742,247,31.0,32.5,95.4,46,M,0
27.51028959854789,9.0,2.83,5.7,258,29.31691760871958,33.33647627682079,96.5,2,M,1
46.2,16.5,3.76,11.099960596973727,329,29.3,35.7,82.1,50,M,0
43.7,14.7,4.87,6.7,235,35.7,34.3,66.6,76,M,0
39.683025714176054,17.8,5.24,25.0,391,26.5,32.4,61.3,45,M,1
32.3,16.35436890270263,5.63,8.6,267,28.5,33.1,85.9,81,M,0
36.5,12.3,4.38,0.42726733203730394,226,28.1,35.1,77.4,88,F,0
39.0,13.1,4.65,8.715533393774555,435,28.2,32.038480672479615,84.61133272892113,46,F,0
42.7,12.749350256875191,4.70129146643365,8.8,324,29.128942537246203,32.3,84.05600584561115,55,F,0
42.7,12.749350256875191,5.24,7.5,409,27.3,33.5,81.5,57,M,0
34.4,9.9,4.036666990055814,19.2,175,36.18128142534852,33.2,95.3,87,F,1
41.0,12.948441377156643,4.83,7.246501798471929,423,26.216729762542307,33.4,84.9,24,M,0
26.5,12.446861043003606,4.35,6.4,81,28.3,28.9,83.2,37,F,0
32.6,11.2,4.544802055001511,8.1,204,28.2,34.4,82.1,24,F,1
36.2,8.9,2.77,6.8,316,32.1,33.6,101.19858591360622,46,M,0
35.9,12.5,4.544802055001511,8.9,227,28.2300392867936,32.289135317186634,82.7,48,F,0
38.22611060743427,14.1,4.6,8.0,150,28.2300392867936,31.764849522370323,87.6412675840565,17,M,1
30.3,10.9,3.649379821693707,17.2,282,27.6,32.7,84.4,32,F,1
34.8,11.5,4.03,6.3,237,28.5,33.33647627682079,86.4,77,F,1
