age,sex,bmi,children,smoker,region,charges
56,male,40.59964921354189,0,no,southeast,14711.7438
55,male,32.775,1,yes,northwest,10601.63225
23,male,28.0,0,no,southeast,9403.24001970025
52,male,27.36,0,yes,northwest,24393.6224
51,male,30.997769560580135,0,no,southwest,9264.797
38,female,33.7,2,no,southwest,-8824.576160087
50,male,45.9,1,yes,southeast,7731.85785
39,male,30.66339686098655,1,no,southeast,28287.89766
56,male,21.7,0,yes,northeast,15248.541373678752
52,male,50.413767906323436,1,no,southeast,570.3024685539494
18,male,22.515,1,no,northeast,13270.422265141257
39,male,34.32,5,no,southeast,9863.4718
23,female,38.095,2,no,northeast,5354.07465
32,male,20.81520338872072,0,no,southeast,12523.6048
39,female,34.6341705395918,1,no,southwest,1261.442
63,male,35.09,0,yes,southeast,47055.5321
55,male,30.66339686098655,1,no,southwest,11987.1682
18,female,28.93,0,no,northeast,18307.22040794803
24,male,35.86,0,no,southeast,1986.9334
39,female,37.05,1,no,northeast,6079.6715
36,male,29.7,0,no,southeast,2356.2470037440944
39,male,25.3,2,yes,southeast,18972.495
60,female,37.43266340597076,1,no,southwest,11455.28
39,female,36.4,1,no,northwest,51194.55914
57,male,40.02540993445327,1,no,southeast,13270.422265141257
42,female,37.18,2,no,southeast,7162.0122
33,female,22.135,1,yes,southwest,15230.32405
20,male,32.3,1,no,southwest,8062.764
54,male,20.60384360165825,3,yes,southwest,25382.297
42,male,33.155,1,no,southeast,7639.41745
27,female,31.35,2,yes,northeast,39556.4945
63,male,34.32,0,yes,northeast,7147.4728
27,male,34.9,1,no,southeast,1719.4363
59,female,31.35,0,no,northwest,3591.48
45,male,30.02,0,no,northwest,13352.0998
48,female,33.11,-1,yes,southeast,15916.876050190174
79,male,29.7,2,no,southwest,28323.846057392675
51,female,34.96,1,no,northeast,44641.1974
41,male,38.0,1,no,northeast,27886.257213293222
28,male,30.66339686098655,1,no,southwest,13270.422265141257
47,male,22.42,1,yes,northwest,11658.37915
23,female,30.66339686098655,1,no,southeast,21771.3423
30,female,23.655,4,no,southeast,11945.1327
47,female,46.79252991411636,3,no,southwest,13270.422265141257
29,male,24.09,3,no,southwest,13270.422265141257
56,female,30.66339686098655,3,no,southeast,13430.265
26,male,24.42,3,yes,southwest,19361.9988
30,male,44.22,2,no,southeast,4586.811015709726
61,male,35.93474605177409,0,no,northeast,13143.86485
39,male,26.41,1,yes,northwest,6373.55735
55,female,30.14,1,yes,southwest,11881.9696
60,male,28.215,1,no,southeast,19719.6947
