age,sex,bmi,children,smoker,region,charges
25,female,24.3,1,no,southwest,7266.277537312992
24,male,19.476979073243875,0,no,southwest,1720.3537
39,female,23.98,1,no,northeast,13270.422265141257
25,female,17.385,2,no,southeast,4189.1131
64,male,19.3,0,no,southeast,1627.28245
48,male,28.15148662690929,1,no,southeast,21223.6758
54,female,36.2,1,no,southeast,8068.185
44,female,35.04169676882876,2,no,southeast,8219.2039
14,male,31.4,1,yes,southeast,34166.273
63,male,20.425,1,no,southwest,17560.37975
49,male,33.345,2,no,northeast,8365.354476643406
33,male,24.795,1,yes,northeast,13270.422265141257
51,male,30.66339686098655,4,no,southeast,11830.6072
42,male,35.222772282472405,1,no,northwest,1719.4363
63,female,33.11,0,yes,southeast,34439.8559
31,male,38.19,0,yes,southwest,13974.45555
39,male,21.66,1,no,southwest,14358.36437
52,male,26.4,0,yes,southeast,4491.7510977836355
35,female,44.22,0,no,southeast,3994.1778
18,male,38.01229399941546,4,no,southeast,10600.5483
38,female,34.526799162475406,2,no,southwest,4463.2051
18,female,31.92,0,no,northeast,-8692.1087403883
47,female,24.605,3,no,northwest,13270.422265141257
39,male,30.66339686098655,2,no,southeast,7640.3092
39,female,30.66339686098655,1,no,southwest,13270.422265141257
25,female,20.8,2,no,southeast,3208.787
42,female,33.155,1,no,southeast,7639.41745
28,male,23.655,0,yes,northwest,25678.77845
59,female,30.66339686098655,1,no,southwest,2585.269
42,female,38.899654895529174,1,no,southeast,2128.43105
23,male,22.69957644780284,3,no,southeast,5138.2567
61,female,18.78393379775215,3,no,southeast,10107.2206
48,male,30.78,3,no,northeast,10141.1362
47,female,30.66339686098655,1,no,southeast,13270.422265141257
31,female,21.755,3,no,northwest,4134.08245
19,male,30.8,0,no,southwest,-7135.8853256045295
54,female,35.91,1,yes,southeast,39125.33225
28,male,33.0,3,no,northwest,4449.462
39,female,24.7,3,yes,southeast,14375.165054512421
49,male,30.97,1,no,southeast,9447.25035
19,male,25.175,2,no,northwest,1632.03625
56,female,34.58,2,no,northeast,13085.828012875754
20,male,35.31,0,no,southeast,27724.28875
56,female,27.2,0,no,southwest,11796.037068315845
23,male,32.78,1,yes,southeast,36021.0112
42,male,30.0,0,yes,southwest,-2207.6854117927196
63,male,31.445,0,no,northeast,15820.699
50,male,37.51,3,yes,northwest,1149.3959
48,female,28.785,0,no,southeast,11658.37915
20,male,25.08,0,no,southeast,5415.6612
47,male,29.15,0,no,northeast,28059.931592482593
58,male,35.70043510486977,0,no,southeast,12235.8392
