haematocrit,haemoglobins,erythrocyte,leucocyte,thrombocyte,mch,mchc,mcv,age,sex,source
41.5,14.5,5.55832874559406,2.6,228,20.6,32.0,84.61133272892113,41,M,1
36.1,12.1,4.06,5.0,53,29.8,33.5,86.39624201184242,45,M,1
38.83089457222823,14.3,3.42,7.3,214,27.9,33.3,83.8,33,F,0
26.935498843908377,10.9,4.6,8.715533393774555,293,23.7,33.7,70.7,2,M,1
27.9,9.0,4.544802055001511,14.9,322,24.8,32.3,76.9,81,M,1
38.2,12.6,3.84,8.9,264,32.8,33.0,99.5,73,M,1
26.4,11.5,4.63,11.928610477021792,94,24.8,34.3,72.4,7,M,0
52.0,15.4,5.54,12.7,258,27.8,33.33647627682079,79.6,22,M,1
35.7,11.57954889895114,4.27,8.715533393774555,265,24.0,35.6,83.6,55,F,0
36.7,10.6,4.68,8.3,480,29.7,31.727999813641436,75.2,20,M,0
31.9,11.7,3.62,10.4,250,29.3,31.1,88.1,86,M,0
33.8,14.351841410357354,4.04,5.8,10,30.4,36.4,83.7,3,M,0
45.0,12.749350256875191,5.672385005214536,9.8,285,31.2,33.8,92.2,46,M,0
37.16409531220849,14.6,4.27,30.0,150,30.4,33.9,89.7,55,F,0
38.9,12.8,4.28,6.3,229,29.9,34.13915330333928,90.9,41,F,0
38.22611060743427,13.8,4.88,6.0,238,31.485606336503658,35.21503453909769,79.3,64,F,0
33.6,17.3,4.83,8.6,363,25.48416157030382,31.5,69.6,46,M,0
35.0,11.33141279828968,3.38,24.4,249,21.9,34.3,97.41153131431432,101,F,1
50.7,15.1,4.544802055001511,6.2,258,30.1,33.3,84.61133272892113,35,M,0
34.9,11.5,3.86,11.8,307,28.2300392867936,33.0,88.03454937324139,60,M,0
39.2,13.2,4.73,6.0,380,27.9,33.7,82.9,75,F,0
41.48361520847914,8.9,2.75,7.980550435261101,169,32.4,33.0,98.2,72,M,1
40.2,12.7,4.72,11.9,160,27.741855928268194,33.33647627682079,86.7330012990668,48,M,1
35.4,14.136130212786897,4.952187399963959,4.034827477573862,46,25.8,31.150247437564055,81.2,1,M,1
43.6,12.749350256875191,5.54,3.691324549711178,87,28.2300392867936,32.6,85.9,14,F,1
38.22611060743427,11.6,4.8028770790005595,9.5,275,23.79849314600354,33.2,74.1,98,F,1
