haematocrit,haemoglobins,erythrocyte,leucocyte,thrombocyte,mch,mchc,mcv,age,sex,source
30.2,14.3,1.6621855433069068,11.3,223,27.6,35.230480842120016,80.7,37,F,1
30.6,9.8,3.39,3.2,158,28.9,32.0,90.3,33,M,1
38.3,13.8,5.02,6.2,206,30.1,31.6,87.1,52,F,0
24.972883156879988,11.4,4.52,9.5,406,28.2300392867936,33.5,78.5,67,F,1
41.9,12.749350256875191,5.26,17.4,258,27.8,33.33647627682079,79.7,9,F,0
47.62261383281765,12.4,4.32,11.9,162,28.7,32.1,85.6,46,M,1
37.70202848185641,17.0,4.544802055001511,1.7,60,24.60414091469279,33.3,85.8,49,F,1
43.7,7.34096561489988,4.58,4.781984976554831,232,21.0,29.8,77.52004439340169,53,F,0
43.1,10.3,3.74,30.1,562,31.151613708308478,32.31213868826564,83.7,65,M,1
29.8,10.125929730172892,3.7,4.0,150,26.5,32.9,80.5,78,F,1
45.7,15.8,5.31,5.5,258,29.8,34.6,86.1,67,M,0
38.2,12.4,4.544802055001511,10.2,304,30.5,32.5,93.9,15,M,1
33.9,12.749350256875191,5.11,6.180103890692784,676,27.1,32.4,84.61133272892113,65,M,1
38.7,12.7,4.42,5.4,311,28.7,32.8,87.6,67,F,0
35.2,15.241253319306619,4.1,9.3,218,28.3,30.0,88.42289216874225,56,M,1
38.22611060743427,7.4,3.83,11.1,119,25.6,31.0,84.61133272892113,70,M,0
35.5,12.0,4.13,3.9,193,30.33376052977168,33.8,86.0,70,F,0
31.4,10.3,5.77414220030077,6.5,633,29.2,29.7,83.6,79,F,1
32.5,15.7,5.31,8.715533393774555,246,28.2300392867936,36.504286029588556,85.3,69,M,0
38.22611060743427,10.2,3.64,6.585331759827376,286,28.0,33.33647627682079,80.32017348561578,46,M,1
45.2,11.35273976248022,5.3,8.715533393774555,279,29.2,34.3,83.36684048529935,19,F,0
40.9,13.8,5.43,7.6,252,27.5,33.7,89.3,47,M,0
34.1,8.4,4.8466326078621655,12.982752002295006,330,25.4,33.1,98.0,27,F,1
42.13895653457047,13.5,5.8,2.3,105,32.3,33.578167811936304,86.2,25,M,0
35.7,12.7,4.4264768432593184,4.4,265,29.7,35.6,89.0,108,F,0
37.4,12.0,5.58,14.6,331,22.56649493618228,32.1,67.0,68,F,0
