age,sex,bmi,children,smoker,region,charges
44,female,40.5,0,no,southeast,1759.338
55,male,32.67,1,no,southeast,10807.4863
39,male,25.27,0,no,southwest,7152.6714
56,female,37.13881097739712,0,yes,northwest,17522.665412265553
35,male,35.815,0,yes,northwest,13270.422265141257
53,female,35.9,2,yes,southwest,11163.568
31,male,23.6,1,no,southwest,24393.6224
58,male,30.66339686098655,0,no,northwest,9144.565
43,male,32.5,4,no,southwest,2020.177
47,male,34.1,1,no,northwest,8428.0693
25,female,34.2018076281392,2,no,northwest,4189.1131
39,male,22.3,1,no,northeast,-3764.529692105989
36,female,25.84,0,no,northwest,5266.3656
39,female,34.6,1,no,southwest,6238.298
64,male,39.7,1,no,southeast,34689.14783506147
37,male,37.07,1,no,southeast,2045.68525
31,male,29.81,0,yes,northeast,19350.3689
52,female,36.08,0,no,northeast,11363.2832
19,male,34.1,0,no,southeast,13270.422265141257
33,female,30.66339686098655,5,no,southeast,2423.886167335171
50,male,30.25,-1,no,northwest,2404.7338
61,female,33.915,1,no,northeast,13143.86485
39,male,42.87222595886057,0,no,southwest,13390.559
45,female,32.395,3,no,southeast,14590.63205
34,male,27.006656470030226,0,no,southeast,39871.7043
63,female,27.74,0,no,northeast,29523.1656
