age,sex,bmi,children,smoker,region,charges
29,female,26.6,1,yes,northeast,21348.706
32,female,17.765,1,yes,northwest,13270.422265141257
38,male,35.86,1,yes,southwest,48041.94022867391
20,male,22.520666578609287,3,no,southeast,2457.21115
39,male,36.765,2,no,northwest,28101.33305
49,male,36.4,1,no,northwest,51194.55914
53,female,31.16,1,no,southeast,10461.9794
39,male,33.68946657267447,0,no,northeast,20709.02034
54,male,29.64,2,no,southwest,25382.297
47,female,34.37989889444266,2,no,southeast,2498.284947486294
28,female,33.11,0,no,southeast,42560.4304
21,female,24.75,0,yes,southeast,16577.7795
30,female,21.945,1,no,northeast,4718.20355
41,male,28.05,1,no,southeast,4237.12655
48,male,38.06,2,no,southwest,3171.6149
18,female,35.12703479844231,0,no,northeast,7323.734819
59,male,29.83,3,yes,southeast,11720.440406189979
39,female,30.66339686098655,0,no,northeast,5757.41345
60,male,39.9,1,yes,southeast,48173.361
42,female,25.1,1,no,northeast,20277.80751
31,female,36.86,3,yes,southeast,46661.4424
53,female,23.085,3,no,northeast,24873.3849
59,male,30.66339686098655,3,no,southwest,13270.422265141257
24,female,27.6,0,no,southwest,18955.22017
55,male,38.28,0,no,southeast,-2580.0616145216536
45,male,25.7,3,yes,southwest,9101.798
