,synth,train,val,test,synth_value,real_value,jsd,wasserstein,diff_corr,dcr_rf,nndr_rf,dcr_rr,nndr_rr,dcr_ff,nndr_ff
0,0\synth.csv,0\train.csv,0\val.csv,0\test.csv,0.13461868143165767,0.13398266962982563,0.06193986455854613,0.014810540841378929,0.2522045060581921,0.07921866364803859,0.22822972444551803,0.09130767063792977,0.24633357080973978,0.07767488692866842,0.20243273518378133
1,1\synth.csv,1\train.csv,1\val.csv,1\test.csv,0.12315781059649478,0.14154374891637833,0.053004236353054034,0.02144766904468453,0.2626653140561418,0.0711523199704634,0.1626587825930758,0.08166376557959076,0.22431853633651205,0.08400333088203596,0.2609865703007467
2,2\synth.csv,2\train.csv,2\val.csv,2\test.csv,0.14190538387575402,0.142860043225167,0.08199624750051711,0.024433818614785906,0.27632012560782393,0.07512320878318621,0.17979317162057393,0.08570482848700434,0.2175863521008934,0.0770367811930455,0.2709596111208995
3,3\synth.csv,3\train.csv,3\val.csv,3\test.csv,0.12024571556838337,0.14403738191764737,0.04336735562458258,0.020174856864529325,0.390525774962516,5.102166351523066e-05,0.0004501326209266401,0.08949106528440576,0.2628329164779755,0.06164607657300726,0.18796810892539934
4,4\synth.csv,4\train.csv,4\val.csv,4\test.csv,0.10400043913430457,0.13051409269684777,0.06308149043953534,0.0160930418957888,0.2221586414506034,0.09190266247574581,0.24889493947798375,0.09075478109033544,0.2358448385203547,0.10217096501503092,0.2663558783193347
