haematocrit,haemoglobins,erythrocyte,leucocyte,thrombocyte,mch,mchc,mcv,age,sex,source
32.1,12.749350256875191,3.73,13.3,258,28.2300392867936,32.9,86.1,3,F,1
43.59908371226783,15.9,5.35,4.7,96,28.7,32.9,87.9,56,M,1
38.22611060743427,9.9,4.87,10.5,218,30.4,33.9,89.6,46,F,0
18.8,14.0,5.635816803204301,5.1,80,27.6,35.2,84.61133272892113,72,M,0
37.6,14.3,4.544802055001511,8.715533393774555,318,26.0,33.0,74.7,61,M,0
44.3,10.58298309407379,3.66,11.5,872,30.1,32.3,90.28730067608257,70,M,1
43.1,14.7,4.544802055001511,5.8,241,29.9,33.003751832062946,87.6,57,M,0
47.0,9.287998914452633,4.3631667150515785,10.3,169,21.660862510283685,33.33647627682079,85.7,39,M,0
48.22029939068624,13.4,4.74,4.4,184,28.3,33.04979751919456,83.8,67,F,0
47.1,15.9,5.66,34.7,318,28.1,33.8,83.2,46,M,1
50.9,15.3,4.28,4.7,344,28.7,32.6,84.6,34,M,0
47.4,12.749350256875191,4.8,10.4,201,32.7,33.1,98.8,52,M,0
42.9,14.4,4.74,11.5,179,30.4,33.6,90.5,77,M,1
28.9,9.9,3.38,10.035950009466276,281,29.3,34.3,84.61133272892113,21,M,0
38.22611060743427,12.84926859453952,4.55,8.5,434,27.97926923029558,33.6,87.7,97,F,0
43.4,15.0,4.005056763894129,3.1,355,29.9,35.52591225131202,86.6,57,M,0
45.0,11.8,5.33,22.2,130,29.9,33.33647627682079,88.1,20,M,1
37.1,16.5,6.04,8.715533393774555,258,15.9,30.2,61.4,27,M,0
40.7,12.388664665668108,3.26,8.654635824047789,236,28.7,34.4,77.3755722856289,67,M,0
44.7,15.5,5.54,20.8,252,28.0,34.7589635368738,80.7,54,M,0
38.8,13.7,4.72,7.5,423,28.2300392867936,34.3,86.27413353375968,86,F,0
33.6,11.0,3.51,12.0,147,31.3,32.7,95.7,74,F,1
34.1,15.2,5.11868094885443,4.1,204,29.4,34.3,84.5,53,M,0
38.10465826143544,13.6,4.79,-2.069798857116721,285,26.600722477875287,35.3,80.73514559589002,39,F,0
34.17470806373437,12.9,4.16,8.959950354826312,233,31.0,33.9,93.7,49,F,0
34.5,11.0,3.66,11.0,429,25.4984940720225,31.9,94.3,49,F,0
