age,sex,bmi,children,smoker,region,charges
35,female,34.8,4,yes,southwest,3906.127
34,female,33.25,4,no,northeast,-1536.1063859643646
50,female,29.81,2,no,southeast,12629.8967
59,male,28.785,0,yes,southeast,12129.61415
30,female,46.75,2,no,southeast,4753.6368
18,male,30.66339686098655,1,no,southeast,11272.33139
37,male,30.59,2,no,southeast,5989.52365
41,female,28.05,1,yes,southeast,6270.739099263961
19,male,24.184406291416966,0,no,northwest,4949.7587
18,male,25.46,0,no,southeast,1683.3015027642805
39,female,25.745,1,no,northwest,2710.82855
19,male,28.4,1,no,southwest,1842.519
63,male,31.644512305070656,0,no,northeast,14451.83515
24,male,23.57290521358806,0,no,southwest,1986.9334
25,male,34.105,2,no,northeast,6600.20595
48,male,37.335,0,no,northwest,1639.5631
29,male,30.69,1,no,northwest,7731.4271
21,male,50.38,1,no,northeast,13607.36875
40,female,30.66339686098655,4,no,southwest,7243.8136
21,male,28.998127943352497,0,no,northeast,1873.8951484522731
47,female,29.545,4,no,northwest,8930.93455
32,male,33.63,1,no,northeast,13270.422265141257
55,male,27.645,0,no,northwest,10594.50155
60,female,24.53,1,no,southeast,8219.2039
39,male,27.93,3,no,northwest,13270.422265141257
19,female,27.36,1,no,southeast,9447.3824
