age,sex,bmi,children,smoker,region,charges
55,male,28.975,0,no,southeast,10796.35025
32,male,29.6,0,no,southeast,6548.19505
41,male,22.1,1,no,southwest,10577.087
40,female,29.6,0,no,northwest,5910.944
32,female,29.35051938088001,0,yes,southeast,17496.306
61,male,36.955,1,no,northwest,36219.40545
3,male,30.66339686098655,3,no,southeast,13270.422265141257
44,male,30.66339686098655,3,no,southwest,11512.405
46,male,24.391216403497797,1,no,northwest,1628.4709
36,male,33.82,1,no,northwest,12904.994734305887
39,female,30.66339686098655,0,no,northeast,1629.8335
41,male,31.6,0,no,southeast,23154.931503764696
59,male,36.765,1,yes,northeast,47896.79135
46,female,30.8,1,no,southwest,9414.92
41,male,30.421136289045734,0,no,southeast,8442.667
55,male,35.245,1,no,northeast,11394.06555
20,female,33.0,1,no,southwest,44400.4064
29,female,38.095,2,no,northeast,11856.4115
53,male,24.32,0,no,northwest,9863.4718
29,female,23.465,0,no,northeast,8978.709346233101
34,female,18.905,0,yes,southwest,4992.3764
20,male,25.175,0,yes,southeast,12479.70895
47,male,35.09,3,no,southwest,49.38473034676099
55,female,36.885658933126436,1,no,southeast,14896.739445330088
58,female,28.5,0,no,northeast,11931.12525
54,female,32.3,1,yes,northeast,10450.552
39,female,30.875,1,no,southwest,7151.092
45,male,39.05,-1,no,northeast,24915.04626
39,male,33.44,5,no,southeast,13270.422265141257
35,female,27.17,0,no,southeast,8601.3293
56,male,39.6,2,yes,southwest,10586.2427745147
19,male,35.86,0,yes,southeast,46599.1084
46,male,42.35,3,yes,southeast,6113.23105
51,male,40.402223072069155,1,no,southwest,9880.068
47,male,36.195,1,no,southeast,8083.9198
52,male,36.6,1,yes,northwest,11264.541
50,male,28.12,3,no,northwest,11085.5868
37,male,27.016715988934404,0,no,southeast,20420.60465
37,male,30.66339686098655,-1,no,southeast,13991.385034189265
45,female,25.175,2,no,northeast,9095.06825
39,female,38.94,1,no,southeast,3042.9718342677425
20,male,20.425,3,no,southeast,1967.0227
48,male,30.7951304238049,2,no,southwest,13270.422265141257
18,male,30.66339686098655,0,no,southeast,1163.4627
39,female,23.56,3,no,northeast,24915.22085
39,male,21.85,1,no,northwest,6117.4945
60,female,27.673535453040834,1,no,northwest,21000.408591808828
43,female,20.045,2,yes,northeast,13270.422265141257
31,female,31.79,-1,no,southeast,13270.422265141257
39,female,30.115,1,no,southwest,20175.247277954066
35,male,18.58178522613903,2,no,northwest,36197.699
44,male,38.523511846597174,0,no,northwest,4185.0979
