age,sex,bmi,children,smoker,region,charges
23,female,36.67,2,yes,southeast,38511.6283
20,female,30.66339686098655,1,no,southeast,17128.42608
39,female,23.37,2,no,southeast,12325.891677283254
62,female,25.0,0,no,northeast,13451.122
19,male,31.79,1,yes,southeast,-10700.345335753445
23,female,33.4,1,no,southwest,10795.93733
39,male,23.69899527744362,1,no,northwest,1980.07
31,female,30.78,5,yes,southeast,13270.422265141257
36,male,33.44,5,no,northwest,6653.7886
39,female,37.05,3,no,southeast,2211.13075
57,female,18.127876270677362,1,no,southeast,12629.1656
18,female,36.85,0,yes,southeast,36149.4835
40,female,31.4,0,yes,southwest,34166.273
59,female,41.91,3,no,southeast,18350.27038833213
56,male,39.82,0,yes,southeast,11090.7178
47,male,29.4,4,no,southwest,6059.173
51,male,35.97,0,yes,southeast,9386.1613
28,male,27.977112972674707,3,no,northwest,18259.216
-11,female,33.28640446439122,0,no,southeast,13270.422265141257
26,female,29.545,0,no,southeast,3176.8159
51,male,30.66339686098655,0,no,southeast,8798.593
46,female,26.03,0,no,northwest,24438.02206835265
21,male,30.66339686098655,0,no,northeast,30608.205905120038
56,female,31.35,0,no,southwest,3478.959874158527
51,male,21.56,1,no,southeast,13176.346644378553
19,female,26.315,1,no,northeast,2198.18985
30,male,23.8,2,no,southwest,7954.517
18,male,35.625,1,no,northeast,12643.3778
55,male,32.650576847505135,2,no,northeast,21259.37795
33,female,22.6,0,yes,southwest,18608.262
28,male,23.2,0,no,southwest,2497.0383
59,male,15.87921893604063,1,no,southeast,13270.422265141257
27,female,23.21,1,no,southeast,39836.519
50,male,27.64545114700123,4,no,southeast,9541.69555
28,female,28.88,1,no,northeast,4337.7352
37,male,37.07,0,yes,northwest,13270.422265141257
45,male,37.1,2,no,southwest,7740.337
38,male,27.835,2,no,northwest,6455.86265
32,female,42.82624985356801,0,no,southeast,9795.143546250492
39,female,32.6,3,no,southwest,3847.674
39,male,27.36,1,yes,northeast,-927.4153328628854
38,male,30.66339686098655,1,no,northwest,41949.2441
27,male,30.59,1,no,northeast,10183.391704205758
49,female,28.93,0,no,northeast,4766.022
29,female,31.16,0,no,northwest,3736.4647
18,female,37.0,5,no,southeast,4830.63
55,male,42.4,0,no,southeast,6666.243
32,male,18.5,0,no,southwest,3972.9247
19,male,30.360036320659184,0,no,northwest,1639.5631
38,male,30.66339686098655,1,no,northwest,6373.55735
48,male,30.78,2,no,northeast,13270.422265141257
19,male,17.804556245821313,0,no,northwest,1632.56445
