age,sex,bmi,children,smoker,region,charges
50,male,32.3,1,yes,northeast,36158.28133809499
12,female,27.8,1,no,northeast,10197.7722
39,male,26.29,2,no,southeast,5729.0053
40,male,30.66339686098655,1,yes,southeast,17179.522
39,female,25.935,0,no,northwest,-5449.543379127168
29,female,24.6,2,no,southwest,13270.422265141257
35,male,23.76,0,yes,southeast,11830.6072
60,female,24.035,1,yes,northwest,13012.20865
27,female,24.75,2,yes,northwest,16577.7795
50,male,34.2,2,yes,southwest,21082.16
21,female,30.66339686098655,0,no,northeast,2585.85065
58,female,36.67,2,no,southwest,10848.1343
61,male,35.75,0,no,southeast,16455.70785
33,female,29.735,0,no,southeast,1192.129213295179
25,male,23.9,5,no,southwest,5080.096
64,female,33.63,3,no,southeast,11856.4115
26,male,30.36,1,yes,southeast,62592.87309
39,male,25.46,1,no,southeast,12913.9924
50,male,36.4656048628285,1,no,northwest,8827.2099
50,male,23.21,-1,no,southwest,8932.084
18,male,41.5605236407743,0,no,southeast,1727.54
27,male,21.375,0,no,northwest,34991.984464594934
27,male,31.517872683733856,3,no,southwest,7655.11134604215
24,male,30.3,1,no,southwest,20745.9891
39,female,29.064808850950403,1,no,southwest,13270.422265141257
41,male,25.6,2,no,northeast,1121.8739
18,female,31.13,0,no,southeast,1621.8827
40,female,36.19,0,no,southeast,5920.1041
29,male,32.11,2,no,northwest,4922.9159
22,female,30.4,2,no,northeast,2741.948
39,male,35.53,0,yes,northeast,42111.6647
42,female,32.87,0,no,southeast,7050.0213
34,male,29.92,3,no,northeast,4889.0368
58,male,34.77,1,yes,southeast,27808.7251
30,male,27.645,1,no,northeast,1633.0444
62,female,30.66339686098655,3,yes,southeast,46718.16325
49,male,22.071180890552924,1,yes,northeast,9282.4806
19,male,28.4,1,no,southeast,10108.826821018782
24,male,29.3,1,no,southwest,1977.815
41,male,29.64,5,no,northeast,9222.4026
55,male,20.75978015426083,0,no,southeast,13270.422265141257
45,female,30.1,2,no,southwest,3128.782341496957
20,female,34.6,2,yes,northeast,10135.570301237942
39,male,30.66339686098655,2,no,southwest,13270.422265141257
29,female,36.58448218609941,2,no,northwest,33471.97189
36,female,33.65467665926172,0,no,northwest,14571.8908
18,female,41.02364896157088,0,no,northwest,4237.12655
30,male,20.76113467290427,0,no,northeast,33732.6867
38,female,27.5,2,no,southwest,16574.404943584785
49,male,29.45,0,no,southeast,28834.508234970002
44,female,30.66339686098655,1,yes,southeast,19521.9682
23,male,17.385,1,no,northwest,13270.422265141257
