age,sex,bmi,children,smoker,region,charges
30,male,35.53,0,yes,southeast,7201.70085
19,female,33.4,0,yes,southwest,10795.93733
19,male,30.66339686098655,0,yes,northwest,17352.6803
39,female,32.5,1,no,southeast,6238.298
40,male,34.105,1,yes,northeast,6600.20595
24,female,26.315,2,no,southeast,36950.2567
59,male,24.605,3,no,southwest,6846.8436850154085
60,female,29.679884871075444,0,no,northwest,13270.422265141257
23,female,24.51,0,yes,northwest,2709.1119
60,male,30.66339686098655,0,no,southeast,52590.82939
70,male,43.7,1,no,southwest,11576.13
39,male,36.08,3,yes,northeast,26576.031845872014
27,male,27.995707381485964,0,yes,southeast,15012.064445919672
39,male,24.13,0,no,northwest,6117.4945
56,male,21.85,1,no,northwest,5125.2157
38,male,34.7,2,no,southwest,8944.1151
57,female,28.1,1,no,southwest,6402.29135
43,male,23.2,0,no,southeast,6250.435
34,male,41.325,5,no,southwest,17878.90068
34,female,25.634509484136817,1,no,southeast,5003.853
39,male,25.3,-1,yes,southeast,18972.495
30,male,25.46,1,no,northwest,12124.9924
18,female,35.07841135401712,0,no,southwest,13270.422265141257
23,female,34.485,0,no,northeast,12968.606924929427
41,male,31.6,0,no,southwest,6186.127
19,female,28.6,5,no,southwest,4687.797
