age,sex,bmi,children,smoker,region,charges
62,female,19.855,0,no,northeast,15230.32405
29,female,26.405762999625026,1,yes,northwest,43578.9394
58,male,27.597792785060687,4,yes,southeast,7196.867
30,female,35.53,0,no,northwest,1826.843
39,male,22.6,1,yes,southwest,31615.583739399277
18,male,28.5,1,no,northeast,1712.227
21,female,25.8,0,no,northwest,2007.945
41,male,30.66339686098655,3,yes,northwest,9528.206369667967
22,female,27.1,0,no,southwest,2154.361
18,male,53.13,0,no,southeast,1163.4627
45,female,27.265,1,no,northeast,9447.25035
19,male,32.11,0,no,southeast,2130.6759
31,male,30.66339686098655,0,no,southeast,12741.16745
28,male,28.417702236534108,0,no,northwest,18357.603157674865
35,female,23.04380331059495,1,no,northeast,5363.136713082917
39,male,36.3,3,yes,southeast,39125.33225
19,male,32.56,-1,no,northwest,2138.0707
22,female,37.07,1,no,southeast,37484.4493
80,female,22.61,-2,yes,southeast,13270.422265141257
5,female,27.74,2,no,southeast,2731.9122
23,female,28.12,0,no,southeast,2690.1138
49,female,25.8,5,no,southwest,10096.97
56,male,36.1,3,no,southwest,13270.422265141257
38,male,26.437716626867505,1,no,northeast,6555.07035
43,male,23.845,0,no,northeast,45008.9555
39,male,21.78,1,no,northwest,6272.4772
64,female,37.29,1,no,southeast,2219.4451
62,female,30.495,2,no,northwest,15019.76005
19,male,33.11,0,no,northeast,34439.8559
60,male,36.955,2,no,northeast,1981.5819
39,male,24.51,1,no,northwest,2709.1119
29,male,34.98871458806311,0,no,northeast,-3909.3217462455723
40,male,36.846937062588324,3,no,southeast,47496.49445
55,female,30.66339686098655,0,no,southwest,10791.96
45,male,23.32,0,no,southeast,35561.51299941621
63,male,33.66,-1,yes,northeast,15161.5344
29,female,29.735,2,no,northwest,13270.422265141257
51,male,36.57102317241105,0,yes,southeast,44400.4064
62,male,20.7,1,no,southwest,12982.8747
22,female,24.225,5,no,northwest,8965.79575
62,male,27.004200480591535,1,no,northeast,26392.26029
18,male,36.07448123259288,3,yes,southeast,13270.422265141257
62,female,32.3,1,no,southeast,14426.07385
53,male,31.35,0,no,southeast,37780.97913082117
39,male,30.66339686098655,2,yes,northwest,13270.422265141257
60,male,31.825,0,no,northeast,13607.36875
39,male,42.9,1,no,southeast,4536.259
36,male,34.43,0,no,southeast,26478.988159809982
51,male,30.66339686098655,0,no,southwest,3381.643189982935
71,male,24.42,0,yes,southeast,21223.6758
36,female,38.095,0,yes,southeast,5458.04645
48,female,24.7,3,yes,northwest,27930.662374929736
