haematocrit,haemoglobins,erythrocyte,leucocyte,thrombocyte,mch,mchc,mcv,age,sex,source
22.5,10.8,4.544802055001511,4.6,263,30.84520668248455,30.83882698382617,82.2,39,M,0
40.16688102874824,15.3,6.03,9.8,147,25.4,33.0,74.2,46,M,1
41.7,14.4,5.053230278388732,5.371002120773893,159,26.7,36.1,85.6,51,F,0
36.6,13.2,4.45,7.7,216,29.7,34.5,82.2,15,M,0
36.9,11.6,4.68,4.9,353,24.8,31.4,78.8,23,M,1
26.7,8.8,3.06,21.0,267,27.395787406648274,33.33647627682079,84.61133272892113,72,M,1
41.3003781472137,11.185928345433112,5.1,6.1,263,28.2300392867936,29.0,72.4,3,M,0
41.7,17.204927051270705,4.99,8.715533393774555,295,29.4,33.1,83.6,12,M,0
29.5,12.749350256875191,3.3,17.3,232,30.6,34.2,73.90612954599442,75,F,1
43.2,12.749350256875191,4.544802055001511,6.6,95,25.73150140719141,32.9,79.0,28,F,1
25.9,8.5,5.38,6.1,372,28.7,32.8,87.5,43,M,1
42.3,14.0,4.91,5.6,171,28.5,27.5,84.2,28,M,0
42.5,10.611982189316967,6.75,14.5,637,26.4,31.9,84.10239597132652,62,M,1
38.3,12.5,6.42,12.063997268263133,154,27.5,32.6,86.2,72,M,0
44.0,14.5,5.09,5.6,163,28.5,33.0,84.61133272892113,44,F,0
22.594569925022952,11.2,4.95,8.715533393774555,152,25.3,32.4,78.3,1,F,0
33.7,10.4,2.96,12.0,258,19.3,30.9,62.6,-12,F,0
43.1,14.5,4.730184027797735,8.2,229,31.7,33.6,94.3,53,M,1
29.1,11.5,4.04,4.9,395,28.5,33.7,84.4,53,M,0
38.22611060743427,6.2,4.77,1.8,258,27.9,30.734268683320302,84.7,13,F,0
32.3,10.7,2.6220076747460555,4.615776551156912,188,31.7,33.1,95.6,31,M,1
55.8,15.46723864409458,4.78,15.6,297,24.36626113575094,33.33647627682079,88.9,75,F,0
38.22611060743427,14.1,4.38,22.088307163380254,355,40.8,33.349915331189656,80.63891838131549,46,M,0
44.3,14.8,4.97,3.7,210,29.8,33.4,89.1,50,M,0
27.2,17.5,3.26,13.1,256,29.6,34.11675132762131,78.16107360568823,74,M,0
42.23161630225243,10.0,3.6900157392719657,6.3,44,28.2300392867936,34.2,86.6,3,F,0
