age,sex,bmi,children,smoker,region,charges
25,male,26.22,0,no,southeast,2721.3208
40,female,20.531960951818704,1,no,southeast,20722.239601184345
50,female,16.426242925506045,0,no,southwest,1241.565
39,male,33.63,1,no,southeast,11610.879838220155
44,male,21.85,1,no,southeast,6117.4945
53,male,28.946757287759247,3,no,northwest,23967.38305
46,male,26.62,1,no,southeast,7742.1098
63,male,34.865,0,no,northeast,13270.422265141257
18,male,25.8,1,yes,southwest,13270.422265141257
54,male,32.2807662589274,0,no,southwest,26937.014296330028
24,male,32.01,0,yes,southeast,1981.5819
28,male,38.28,4,no,southeast,1631.8212
34,female,23.98,2,no,northwest,5989.52365
39,female,33.1,5,no,southwest,7345.084
40,male,29.9,2,no,southeast,12323.936
42,male,30.363116916137592,2,no,southeast,13270.422265141257
19,male,17.48,0,no,northwest,10337.400475184972
25,male,34.077512111126424,2,no,northwest,4686.3887
48,female,13.528415281671451,0,no,southeast,13616.3586
62,female,30.66339686098655,0,no,northwest,15612.19335
54,female,30.66339686098655,0,yes,southwest,63770.42801
38,male,34.8,1,no,northwest,6457.8434
39,male,38.17,3,no,southeast,8347.1643
19,male,34.4,0,no,northeast,1261.859
22,female,28.82,0,no,southeast,2544.0480289245825
45,male,21.3,1,yes,southwest,7441.053
54,female,27.83,0,no,southeast,23065.4207
39,female,25.46,0,no,southeast,12268.63225
28,male,30.66339686098655,3,no,southeast,17057.472577258774
37,male,30.66339686098655,0,no,northwest,23965.66905497521
28,female,31.24,1,no,southeast,3277.161
22,male,23.18,0,no,southeast,2731.9122
34,male,31.205820131713356,0,yes,northeast,8026.6666
51,male,24.795,1,yes,northwest,10461.9794
44,female,27.5,1,no,southwest,7626.993
39,female,27.74,0,no,northwest,4500.33925
46,male,33.345,5,no,northeast,8334.45755
65,female,32.68,0,no,southeast,10923.9332
57,female,30.2,1,yes,southwest,9182.17
14,male,21.5,-1,no,southeast,13143.33665
22,female,26.03,0,no,northeast,13270.422265141257
31,male,36.63,1,no,southeast,4949.7587
38,male,32.4343578774772,0,no,northeast,20139.732179801606
24,female,30.66339686098655,1,yes,southwest,13270.422265141257
46,male,36.4,5,no,southwest,10096.97
29,female,22.201411142271795,1,yes,northeast,21210.647416873864
21,male,33.88,1,no,southeast,11800.109865152821
33,male,33.44,5,no,southeast,6653.7886
21,male,33.0,1,no,southeast,1534.3045
18,female,33.535,1,no,southeast,34617.84065
30,male,32.3,1,no,northeast,18328.2381
57,male,38.38,0,no,southwest,12950.0712
