,synth,train,val,test,synth_value,real_value,jsd,wasserstein,diff_corr,dcr_rf,nndr_rf,dcr_rr,nndr_rr,dcr_ff,nndr_ff
0,0\synth.csv,0\train.csv,0\val.csv,0\test.csv,-0.11771551295288707,0.13398266962982563,0.26246361527554696,0.07920323260804105,2.262521962002677,0.293582841901512,0.5943981869497724,0.09130767063792977,0.24633357080973978,4.086035811053357e-06,0.038148232885787926
1,1\synth.csv,1\train.csv,1\val.csv,1\test.csv,-0.22113476860620196,0.14154374891637833,0.19241272136044443,0.14184805201034217,1.5425709675981791,0.3841074281581422,0.6639151755909758,0.08166376557959076,0.22431853633651205,7.997547162130747e-06,0.013737253081666439
2,2\synth.csv,2\train.csv,2\val.csv,2\test.csv,0.045927332702116797,0.142860043225167,0.20787685309331339,0.10539965378950264,3.2558184844901734,0.6410287947110872,0.8630536874109478,0.08570482848700434,0.2175863521008934,1.1222400619903539e-08,0.03060349319785481
3,3\synth.csv,3\train.csv,3\val.csv,3\test.csv,-0.16886706798804307,0.14403738191764737,0.2061476935300031,0.09649533337791852,1.2030764909619882,0.3485486482883213,0.7655085835953919,0.08949106528440576,0.2628329164779755,1.0996245670691351e-06,0.02250488299920176
4,4\synth.csv,4\train.csv,4\val.csv,4\test.csv,-0.12989979982156563,0.13051409269684777,0.23182604233340842,0.10153449456876837,2.2431746228234424,0.4287623620618112,0.8744456857549414,0.09075478109033544,0.2358448385203547,6.920331629931498e-05,0.037006827052352725
