age,sex,bmi,children,smoker,region,charges
32,male,33.82,1,yes,southeast,5467.708957249932
18,female,35.625,0,no,southeast,7323.734819
19,male,30.472139684198954,0,no,southeast,1252.407
21,female,31.255,0,no,northwest,5080.096
42,female,32.775,2,yes,northwest,14394.39815
47,female,25.84,1,yes,southeast,42211.1382
28,female,22.9633838488144,2,no,northwest,20177.67113
62,female,31.73,0,no,northeast,14043.4767
34,male,31.635,0,no,northwest,22450.49873451675
35,female,30.66339686098655,3,no,southwest,13270.422265141257
47,female,33.915,3,no,southeast,-18474.708323274164
21,female,33.1,1,no,southwest,12430.95335
20,male,22.376151608856535,0,no,southeast,25724.6312528391
39,female,36.385,0,yes,southwest,9832.845734422282
55,female,28.530544856779038,4,no,southeast,11881.9696
54,male,35.09369180382025,2,no,southeast,13270.422265141257
25,male,23.9,5,no,southwest,1909.52745
54,male,38.28,1,no,southwest,10436.096
64,male,26.41,3,no,northeast,14394.5579
59,female,24.583758207924742,3,no,southeast,10702.6424
39,male,34.485,3,no,northwest,60021.39897
37,female,30.78,0,no,northeast,37270.1512
40,male,41.325,1,yes,northeast,13270.422265141257
35,male,29.2,1,no,southeast,10226.2842
46,male,30.66339686098655,1,no,southwest,8240.5896
39,male,40.15,0,no,southeast,13270.422265141257
23,female,32.78,2,yes,southwest,7726.854
15,male,30.66339686098655,4,no,northwest,2803.69785
25,male,11.327676468318348,0,no,northeast,3206.49135
63,male,32.2,2,no,southeast,47305.305
25,female,33.99,0,no,southeast,3227.1211
54,female,32.3,0,yes,northwest,19480.511831451746
34,male,30.66339686098655,2,no,northeast,5989.52365
61,male,44.0,0,yes,southwest,21070.956906073734
34,male,27.93,0,no,northwest,4320.41085
25,male,32.3,1,no,northwest,10269.46
37,female,28.4,5,no,southeast,1842.519
17,male,29.735,3,no,northwest,18157.876
57,female,44.7,3,no,southwest,38635.333431840205
30,female,36.29,0,no,southeast,12323.936
39,female,37.58970205551824,1,no,northeast,7358.17565
49,female,36.08,1,no,northeast,9282.4806
39,male,20.14719857803103,1,yes,southeast,10337.877621188023
34,male,34.21,0,no,southeast,44501.3982
34,female,22.22,0,yes,southeast,21797.0004
19,male,30.8,0,no,southwest,41999.52
39,female,30.66339686098655,1,no,southeast,10797.3362
73,female,26.6,1,no,northwest,13270.422265141257
23,female,34.865,2,no,northeast,2899.48935
26,male,7.654821630012361,0,no,southeast,17541.446901968233
64,male,24.7,1,no,northwest,30166.61817
25,male,44.745,3,no,southeast,36021.0112
