,synth,train,val,test,synth_value,real_value,jsd,wasserstein,diff_corr,dcr_rf,nndr_rf,dcr_rr,nndr_rr,dcr_ff,nndr_ff
0,0\synth.csv,0\train.csv,0\val.csv,0\test.csv,0.13461868143165767,0.13398266962982563,0.06193986455854613,0.014810540841378929,0.2522045060581921,0.07921866364803859,0.22822972444551803,0.09130767063792977,0.24633357080973978,0.07767488692866842,0.20243273518378133
1,1\synth.csv,1\train.csv,1\val.csv,1\test.csv,0.12287100659311623,0.14154374891637833,0.06048322466474682,0.0349407174502977,0.28952910764868556,0.006254579040543299,0.02081470802747132,0.08166376557959076,0.22431853633651205,0.06519493710404523,0.1578271193946223
2,2\synth.csv,2\train.csv,2\val.csv,2\test.csv,0.14190538387575402,0.142860043225167,0.08199624750051711,0.024433818614785906,0.27632012560782393,0.07512320878318621,0.17979317162057393,0.08570482848700434,0.2175863521008934,0.0770367811930455,0.2709596111208995
3,3\synth.csv,3\train.csv,3\val.csv,3\test.csv,0.13228919321470878,0.14403738191764737,0.050711690902554285,0.02280395021455164,0.22460700558134625,0.07534156336212208,0.1911081817056208,0.08949106528440576,0.2628329164779755,0.07208344902145201,0.19453422668801038
4,4\synth.csv,4\train.csv,4\val.csv,4\test.csv,0.1281434388915147,0.13051409269684777,0.06026050242399345,0.02893889169902067,0.35044433004410486,0.03153056017078122,0.097605770407164,0.09075478109033544,0.2358448385203547,0.08288637661644457,0.18101500897849204
