age,sex,bmi,children,smoker,region,charges
53,male,33.3,0,no,southwest,11253.421
54,female,28.946350309720962,3,no,northeast,35491.64
19,male,34.21,0,no,northeast,1984.4533
48,female,35.2,0,no,southwest,13270.422265141257
50,female,25.388159746786275,1,no,northwest,10600.5483
39,male,25.3,4,no,southwest,8442.667
64,female,22.99,3,yes,southeast,27037.9141
33,male,30.66339686098655,1,no,southeast,11326.71487
37,female,34.2,1,yes,northeast,39047.285
25,female,30.3,0,no,southwest,2632.992
39,male,24.035,0,no,northeast,13270.422265141257
39,female,31.16,0,yes,southwest,20420.60465
56,male,32.11,1,no,southwest,9248.176849789066
34,female,33.66,4,yes,southeast,12949.1554
43,male,27.967422688888615,0,yes,northwest,17748.5062
56,male,29.8,0,no,southwest,5805.279335956016
39,female,30.66339686098655,1,no,northwest,1635.73365
32,male,34.43,1,yes,southeast,30266.953743721
35,female,40.47,1,no,southeast,13270.422265141257
59,female,34.04403599023707,0,yes,southeast,27911.81128174415
26,male,35.56763813131734,0,no,southwest,2302.3
26,female,19.8,1,no,southwest,3378.91
59,female,25.52,1,no,southeast,10572.281599232449
49,male,43.4,2,yes,southwest,-3316.677194152351
20,male,17.666516210753883,0,yes,northwest,37465.34375
31,male,30.66339686098655,0,no,northeast,1824.2854
31,male,28.5,5,no,northeast,6799.458
61,male,31.13,0,no,northwest,23887.6627
40,male,26.315,1,no,northwest,6389.37785
25,male,23.465,0,no,southeast,13270.422265141257
22,female,33.0,0,no,southeast,-461.71948361544014
19,male,35.86,0,no,southeast,46599.1084
54,male,30.66339686098655,3,no,northeast,48549.17835
49,male,19.04768365620495,2,no,northwest,14572.951343000306
22,male,26.84,5,no,southeast,1664.9996
29,male,25.46,0,no,northeast,12387.20236420312
28,male,30.66339686098655,2,no,southeast,4340.4409
76,male,33.77,0,yes,southeast,1674.6323
53,male,28.88,0,no,northwest,6748.5912
30,male,20.615,1,yes,northeast,21940.771933992895
63,male,35.2,2,no,northeast,25333.33284
24,male,29.622685462829914,0,no,northeast,2850.68375
39,male,35.97,2,yes,southeast,3659.346
23,male,24.51,0,yes,southeast,13270.422265141257
56,female,32.3,3,no,southeast,13430.265
14,male,25.3,0,no,northwest,43578.9394
21,male,33.86827352713775,0,no,southeast,12957.118
39,male,29.925,0,no,northwest,22462.04375
36,female,33.0,2,no,southeast,4349.462
39,male,28.5,0,no,southwest,45702.02235
28,male,18.617302880915872,1,no,southeast,20177.67113
20,female,35.6,0,no,southwest,35585.576
