age,sex,bmi,children,smoker,region,charges
55,male,49.5455540318047,0,no,southeast,10226.2842
39,female,31.8,0,no,southeast,13880.949
62,male,31.73,0,no,southwest,37388.949200547155
19,female,24.6,1,yes,southwest,1837.237
18,male,27.645,1,no,southeast,1141.4451
14,female,30.66339686098655,1,no,southeast,4719.52405
29,male,36.3,0,no,northwest,4922.9159
32,male,46.53,2,no,southwest,4686.3887
55,female,23.98,2,no,southeast,9748.9106
39,male,40.799213072295494,1,no,southeast,8211.1002
57,female,28.975,0,yes,southeast,13270.422265141257
30,female,43.12,2,no,northeast,4753.6368
52,female,30.495,2,no,northwest,15019.76005
51,female,31.635,0,no,southwest,30063.58055
45,female,37.29,1,no,northwest,28340.18885
21,female,28.215,0,no,northwest,12224.35085
22,male,29.735,0,yes,northwest,21232.18226
19,female,33.33,4,no,southeast,12241.587401964858
53,male,32.11,3,no,northeast,4986.551735880108
35,female,36.313466423138095,2,no,northeast,6402.29135
59,female,27.5,1,no,southeast,12233.828
30,male,30.66339686098655,0,no,northeast,3645.0894
62,male,30.2,1,no,southwest,-8269.294753578297
33,male,38.09812936176023,0,yes,northeast,16776.30405
36,male,25.9,0,no,northeast,13270.422265141257
53,male,36.1,1,yes,northwest,10085.846
