age,sex,bmi,children,smoker,region,charges
49,female,30.139186466450894,0,yes,southwest,8932.084
34,male,23.59519303242635,2,yes,southeast,49237.450056444715
45,male,33.7,1,no,southwest,7445.918
38,male,19.95,1,yes,northwest,8688.85885
18,male,25.175,0,yes,southeast,2045.68525
36,female,29.92,2,no,southeast,4889.0368
19,female,35.97,2,no,southeast,14313.8463
34,male,35.625,0,no,northwest,4320.41085
57,male,28.975,0,no,northeast,27218.43725
25,male,35.815,1,no,northwest,9174.13565
37,female,29.64,0,no,northwest,5028.1466
26,female,17.195,2,no,northeast,19382.702910266256
20,male,34.80513973770524,0,no,southwest,16232.847
36,male,21.4,2,no,northwest,13270.422265141257
39,female,19.095,0,no,northeast,10072.05505
26,male,29.92,2,no,southeast,3981.9768
27,female,30.66339686098655,0,no,southwest,14492.867854533233
51,female,34.96,2,no,southeast,44641.1974
28,male,25.8,2,no,southeast,7162.0122
33,male,30.66339686098655,2,no,northwest,5257.50795
45,female,27.5,3,yes,southeast,8615.3
42,male,38.17,0,no,southeast,13270.422265141257
18,male,37.18,1,no,southwest,3161.454
28,female,33.0,0,no,northwest,4349.462
25,female,41.309321259626685,2,no,northeast,35449.876323044955
39,female,33.725,1,no,northeast,8823.98575
