age,sex,bmi,children,smoker,region,charges
49,male,35.23841488516696,0,no,southwest,24275.12170453888
46,female,28.05,2,no,southeast,13270.422265141257
48,female,30.66339686098655,1,no,northeast,25163.39869316649
38,male,40.565,1,no,northeast,6373.55735
23,female,39.27,2,no,northwest,3500.6123
39,female,28.9,3,no,northeast,5926.846
20,male,28.5,5,no,northwest,6799.458
44,male,29.81,1,no,southeast,30956.11393437304
29,male,29.735,0,no,northwest,18157.876
37,female,34.8,1,no,southeast,39836.519
23,male,18.933861822597418,0,no,northeast,13270.422265141257
31,female,25.74,0,no,southeast,3756.6216
35,male,30.66339686098655,5,yes,northwest,5116.5004
52,male,23.7,0,no,southeast,8605.3615
36,female,17.27793439983137,3,yes,northeast,6746.7425
39,male,26.41,0,no,northwest,21004.47366767482
33,male,35.75,1,no,southeast,38282.7495
28,male,35.75,0,no,southwest,1727.785
22,female,31.0,0,no,northeast,25656.57526
23,female,32.68,2,no,southeast,26018.95052
13,female,28.38,1,no,southeast,3875.7341
57,female,23.18,0,no,northeast,2731.9122
63,female,31.8,0,no,southwest,13880.949
31,female,30.59,2,no,northwest,2459.7201
18,female,32.874687567747756,0,no,southwest,40003.33225
19,male,17.8,0,no,southwest,10959.33
