haematocrit,haemoglobins,erythrocyte,leucocyte,thrombocyte,mch,mchc,mcv,age,sex,source
28.9,17.0,5.62,8.715533393774555,296,30.2,34.2,84.61133272892113,37,M,0
41.0,14.1,4.429495445630981,7.6,273,31.2,34.4,90.7,63,M,1
31.7,12.733440887619976,4.91,3.4,254,31.485996624081746,33.33647627682079,88.1,68,M,1
37.9,12.749350256875191,5.07,12.9,380,25.0,33.5,61.378318950709975,68,M,1
45.10800308779402,12.6,4.22,5.1,244,29.9,33.99373161734423,90.8,80,F,0
39.1,16.7,6.47,4.4,5,25.8,33.6,82.5,82,M,0
29.8,13.6,3.6,11.8,396,28.2300392867936,32.8,84.5,99,F,1
29.7,7.4,4.544802055001511,12.8,258,21.5,35.4,76.8,61,M,0
39.6,13.4,5.01,10.7,89,28.338449189049147,33.12382361375764,79.0,74,M,1
56.0,15.9,5.4,15.7,263,29.4,28.4,70.84589863655349,31,F,0
29.409894807316583,10.5,3.06,7.3,247,24.2,30.3,79.7,43,F,0
43.6,12.749350256875191,5.132698222613179,14.780861211891864,258,29.4,31.2,94.2,62,M,0
24.4,8.1,2.82,8.715533393774555,257,28.7,28.4,85.8,25,F,1
40.8,9.8,5.66,11.724751314206987,196,23.1,32.1,72.1,29,F,0
44.0,15.8,5.28,6.7,350,32.658636075258364,35.9,84.61133272892113,57,M,0
39.0,10.828864840282346,4.28,5.8,337,30.4,33.3,107.98389538187313,58,F,0
33.9,11.3,3.72,8.7,155,30.4,33.3,89.55632017949648,46,F,1
45.60298657667554,19.980506541177295,3.34,2.4570697136931083,192,26.5,33.4,79.2,46,M,0
29.7,9.1,4.23,13.8,315,29.2,28.8,70.2,33,M,0
29.229169902490984,14.4,5.32,4.8,252,27.1,34.0,86.8,12,F,0
44.6,15.5,4.544802055001511,13.0,244,28.2300392867936,36.26163467972097,88.1,33,M,0
35.4,12.3,4.08445281787727,10.5,474,19.1,34.7,84.7,26,M,0
38.22611060743427,13.469031338681402,5.22,5.3,254,29.46332655739156,33.33647627682079,86.6,37,M,1
34.9,11.8,3.97,6.250655560307919,268,27.4,34.11080358131306,87.9,62,M,0
38.22611060743427,9.6,3.63,6.0,145,27.8,33.7,81.2,22,M,0
49.7,13.0,4.900742043240539,3.4,160,29.0,33.2,87.1,16,M,0
