age,sex,bmi,children,smoker,region,charges
23,female,36.67,2,no,southeast,38511.6283
52,female,27.888465539888852,0,no,northwest,9264.797
18,male,30.66339686098655,1,yes,southwest,44585.45587
51,male,20.6,0,no,southwest,11289.10925
39,male,36.051495197150835,1,no,southeast,14474.675
45,male,27.5,3,no,southwest,8615.3
25,male,27.55,0,no,northwest,2523.1695
29,male,31.16,1,no,northeast,3943.5954
45,male,30.495,5,no,southeast,8413.46305
31,female,31.8,0,no,southeast,19149.08028491268
52,female,34.77,1,no,northeast,9583.8933
39,male,26.6,5,no,southwest,9715.841
60,male,24.32,5,yes,northwest,12523.6048
52,male,49.06,2,yes,southeast,15017.103267325798
43,male,30.66339686098655,5,no,northwest,14478.33015
29,male,37.29,1,yes,southeast,1141.4451
63,female,26.22,0,no,northwest,14256.1928
30,male,31.13,1,yes,southeast,8334.45755
18,male,36.996507692466274,0,no,southeast,1704.70015
44,female,26.41,0,no,northwest,13270.422265141257
33,male,23.974216153192877,2,no,southeast,1615.7667
42,male,24.605,2,yes,northeast,21259.37795
19,female,37.43,0,no,northwest,2138.0707
58,male,42.9,0,no,northwest,20624.941058155753
46,female,34.77,1,no,northeast,13967.01003486412
18,male,28.215,0,no,southeast,13270.422265141257
