haematocrit,haemoglobins,erythrocyte,leucocyte,thrombocyte,mch,mchc,mcv,age,sex,source
38.22611060743427,15.5,5.3,7.1,279,29.2,33.33647627682079,85.3,40,M,1
33.5,11.1,4.2,4.2,334,30.7,32.446158380421465,84.61133272892113,50,F,0
33.7,11.3,4.95,15.837678698877466,572,29.2,33.5,84.61133272892113,64,F,0
49.279571625913796,14.5,4.544802055001511,8.8,313,28.26429121633529,34.2,87.2,7,M,0
21.0,12.0,4.08,15.0182922376054,123,28.2300392867936,37.31211435532455,82.4,54,F,0
42.2,14.3,5.01,4.757213442786693,258,27.351060128721063,31.1,86.6,31,M,0
38.22611060743427,10.573532253493886,5.08,17.39654951359156,399,27.052626297852257,30.4,75.2,2,F,1
32.7,12.532680848374147,4.555924619990921,11.3,426,23.3,32.8,70.5,60,F,0
31.0,9.5,3.65,14.8,258,17.9,30.6,80.4,46,F,1
42.4,13.7,4.364151558874145,5.1,298,27.9,32.3,96.89462529878138,56,F,0
26.4,12.2,2.79,8.5,326,29.4,33.9,94.6,63,M,0
35.0,11.7,4.299722180517174,5.2,152,30.1,33.4,90.0,58,M,1
38.2,12.2,4.544802055001511,9.6,275,29.4,34.6,85.1,32,F,0
36.8,12.4,3.95,8.715533393774555,175,31.4,33.33647627682079,93.2,69,M,0
49.63133628467265,16.0,4.11268427608509,8.9,39,30.3,34.0,84.2,41,M,1
27.6,9.2,3.17,4.5,215,29.0,33.3,87.1,75,M,0
35.3,13.5,4.5,3.3,126,28.9,34.0,84.9,18,F,1
35.7,8.3,4.88,8.715533393774555,441,23.2,31.7,76.7578401090491,30,M,1
40.8,13.58112372182362,5.66,6.6,196,23.1,31.726948689316764,72.1,29,F,0
29.90790769874185,15.5,3.87,5.7,250,31.3,34.7,80.14371832810072,41,F,0
36.830782224075755,12.749350256875191,3.4,8.0,244,33.1,32.8,98.5,63,M,0
49.0,10.7,3.43,9.6,303,31.2,34.3,91.0,46,F,0
39.7,12.749350256875191,4.65,7.9,261,28.8,33.8,85.4,61,F,1
41.7,13.083778119627793,4.65,5.4,318,36.36987563936019,34.5,89.7,76,M,0
43.4,14.8,4.89,8.0,263,29.4,34.046827129022226,89.8,51,M,0
40.7,13.0,5.46,4.2,130,28.2300392867936,33.2,91.04176159713953,46,M,1
