haematocrit,haemoglobins,erythrocyte,leucocyte,thrombocyte,mch,mchc,mcv,age,sex,source
27.8,9.7,3.33,13.0,188,27.200409975504968,33.6,83.5,63,M,1
34.7,11.9,4.08,5.6,230,28.2300392867936,34.3,88.1,40,M,0
38.5,12.9,4.16184401196655,2.8,162,27.2,34.144880349809476,100.08953354960079,8,M,1
39.7,16.1,5.63,21.6,228,24.7,35.0,70.5,14,M,0
48.5,11.533230959428275,4.56,8.715533393774555,211,26.198489645711494,35.9,85.4,69,F,1
31.5,10.4,3.85,14.24889897173796,202,24.67017836906165,33.0,81.8,60,F,1
40.9,13.6,4.95,5.1,65,35.1,33.3,82.6,22,M,0
41.4,16.6,4.68,8.4,291,28.8,32.33686060268541,88.5,46,F,0
32.9,11.1,3.4895173561258437,12.1,192,33.3,33.33647627682079,94.4,87,F,1
53.64732092278664,11.838348242529786,4.544802055001511,4.6,259,29.6,37.3,88.2,56,F,0
39.0,12.8,4.544802055001511,7.5,238,26.7,32.8,81.4,67,F,0
40.7,13.684541976414355,3.2582291423394194,4.4,48,30.2,34.2,84.61133272892113,45,M,0
38.22611060743427,9.839212544338782,3.26,10.9,258,28.86318264688289,32.91574483375027,86.8,53,M,1
37.3,15.5,5.82,4.4,249,26.6,32.9837976561126,83.3,49,M,0
35.3,12.749350256875191,5.184652225790122,17.0,482,26.3,33.1,79.3,62,M,0
49.20613463647509,13.7,2.15,-0.18524856020932923,466,28.8,34.7,95.9,25,M,0
38.22611060743427,8.6,2.75,10.928365737689685,202,31.3,34.1,83.07026484536563,71,F,0
41.4,12.749350256875191,5.11,9.5,247,27.8,33.33647627682079,81.0,41,M,0
37.75739996860195,13.6,3.83,6.1,245,28.9,35.1,86.0,48,F,1
43.5,14.6,4.97,15.8,255,29.4,33.6,84.61133272892113,46,M,0
43.2,15.4,5.45,10.6,344,28.3,33.2,85.42835366970519,60,F,0
42.669603512792115,10.8,5.26,7.4,258,28.2300392867936,35.0,81.8,19,M,0
41.9,14.0,4.58,6.5,289,30.6,33.4,91.5,72,M,1
33.8,11.4,3.37,4.41378873151711,305,33.8,33.7,100.3,46,M,0
31.8,15.7,4.5,8.715533393774555,356,28.2,33.2,80.50325786457763,40,F,0
36.3,12.2,4.77,18.9,320,40.8,34.9,76.1,10,F,0
