age,sex,bmi,children,smoker,region,charges
38,male,34.8,2,no,southwest,6571.544
23,female,24.3,3,no,northwest,4466.6214
51,male,33.33,3,no,northeast,10560.4917
45,male,27.5,0,no,southwest,8615.3
39,male,42.82780225968447,2,yes,southeast,42560.4304
52,female,35.15,0,no,northwest,2134.9015
56,male,22.1,0,no,southeast,10577.087
19,male,32.775,3,yes,northwest,-3267.591695956926
39,female,29.83,1,no,northeast,15315.264232276611
37,male,24.6,0,no,southeast,6796.86325
52,female,23.18,3,no,northwest,10197.7722
11,female,30.69,1,no,southeast,13270.422265141257
25,male,30.66339686098655,4,no,northeast,4877.98105
59,male,31.35,1,no,southeast,14574.730761151988
23,female,34.865,0,no,northeast,13270.422265141257
34,male,34.675,0,no,northeast,9095.06825
50,female,38.39,0,yes,southeast,1880.487
49,male,30.66339686098655,1,no,northeast,10977.549294553737
32,male,37.18,5,no,southeast,4673.3922
22,male,31.32705222809127,0,no,southeast,2155.6815
71,male,37.71609906789259,1,yes,northeast,1253.936
34,female,30.0,1,no,northwest,10942.13205
63,male,31.214199162631193,5,no,southeast,6799.458
40,female,33.0,6,no,southeast,7682.67
53,female,24.795,1,no,northwest,2904.088
31,male,33.3,2,no,northeast,4463.2051
