age,sex,bmi,children,smoker,region,charges
48,female,36.575,0,no,southeast,2416.955
63,female,26.22,0,yes,southeast,14256.1928
18,female,21.66,0,no,southwest,14283.4594
42,male,33.0,0,no,southeast,2464.6188
26,male,14.5462505274116,1,no,northwest,13270.422265141257
23,male,30.0,2,no,southwest,7402.408301505513
18,female,32.3,1,yes,southeast,4946.332672598413
30,male,37.688660863578164,0,no,southeast,7050.642
38,female,36.85,1,no,northeast,11512.405
42,male,40.37,1,yes,southeast,43896.3763
61,female,32.5,0,no,southeast,12557.6053
47,female,24.1,1,no,southeast,12950.0712
64,female,29.363003795734148,1,no,northeast,8334.5896
38,female,30.69,1,no,southeast,6112.35295
48,male,27.93,4,yes,northwest,11015.1747
30,male,30.66339686098655,0,no,southeast,4151.0287
39,male,29.561908903263337,1,no,northwest,26125.67477
24,female,27.94,1,no,southeast,13270.422265141257
46,male,18.3,2,no,northwest,27225.240326369367
79,male,22.99,1,no,northeast,27037.9141
33,male,37.18,2,no,southeast,13270.422265141257
42,male,31.829363524664654,0,no,southeast,5028.1466
23,female,42.75,1,yes,northeast,40904.1995
36,male,31.5,0,no,southwest,-1816.6243505454468
43,male,30.66339686098655,3,no,southwest,10340.66296255383
42,male,35.5,5,no,northwest,6358.77645
43,female,35.31,2,no,northeast,5699.8375
64,male,30.9,0,no,southeast,42570.42066172967
39,female,26.9,0,no,northwest,13270.422265141257
41,female,26.763053697762366,1,no,southeast,6770.1925
42,female,19.095,2,yes,northeast,16776.30405
58,male,33.028223833326734,1,yes,northeast,20296.86345
39,male,29.04,4,no,southeast,16472.293861144473
18,male,30.66339686098655,0,no,southeast,1621.8827
22,female,20.6,0,no,southeast,2156.7518
39,female,17.29,2,no,northeast,6877.9801
29,female,31.64556629261357,0,no,southeast,20781.48892
44,male,38.285,3,no,northeast,14506.233881667511
56,male,36.928610138907004,1,no,southeast,35147.52848
23,female,24.225,2,no,northeast,22395.74424
39,female,31.57,1,no,southwest,6238.298
19,female,32.9,3,no,southwest,1748.774
52,male,30.66339686098655,1,no,southwest,6474.013
31,male,37.51,2,no,northeast,12535.693913545661
42,female,29.0,1,yes,southeast,3554.203
52,female,30.66339686098655,0,no,southeast,13270.422265141257
39,male,32.1,0,no,southwest,-2253.3897500184557
52,male,29.81,0,no,southeast,6500.2359
39,male,24.6,0,yes,southwest,1837.237
51,female,29.88069413868049,0,yes,southeast,9880.068
57,female,25.935,1,no,southeast,4133.64165
51,male,41.91,0,no,southeast,1837.2819
