,synth,train,val,test,synth_value,real_value,jsd,wasserstein,diff_corr,dcr_rf,nndr_rf,dcr_rr,nndr_rr,dcr_ff,nndr_ff
lct_gan_0_0_0,lct_gan_0_0_0\synth.csv,lct_gan_0_0_0\train.csv,lct_gan_0_0_0\val.csv,lct_gan_0_0_0\test.csv,0.1943775100401606,0.4958442911530065,0.4167283928978263,0.2123143007684992,3.406959095040777,1.798680023822676,1.0,0.0,0.0,0.0,0.0
lct_gan_0_1_0,lct_gan_0_1_0\synth.csv,lct_gan_0_1_0\train.csv,lct_gan_0_1_0\val.csv,lct_gan_0_1_0\test.csv,0.2044025157232704,0.5550571949534346,0.3841795090301422,0.2346727452643483,3.518952572057988,1.5313219012382049,1.0,0.0,0.0,0.0,0.0
lct_gan_0_2_0,lct_gan_0_2_0\synth.csv,lct_gan_0_2_0\train.csv,lct_gan_0_2_0\val.csv,lct_gan_0_2_0\test.csv,0.1886178861788617,0.4374633531821341,0.4085512319068124,0.2350255095484103,3.684022028687507,1.658231647061369,1.0,0.0,0.0,0.0,0.0
lct_gan_0_3_0,lct_gan_0_3_0\synth.csv,lct_gan_0_3_0\train.csv,lct_gan_0_3_0\val.csv,lct_gan_0_3_0\test.csv,0.2171253822629969,0.4882856701374031,0.3846030893900191,0.2221573238748811,3.7154940785595554,1.3873741245825315,1.0,0.1231792381939749,0.1181055293682034,0.0,0.0
lct_gan_0_4_0,lct_gan_0_4_0\synth.csv,lct_gan_0_4_0\train.csv,lct_gan_0_4_0\val.csv,lct_gan_0_4_0\test.csv,0.192090395480226,0.5189426691729323,0.4169154978221531,0.2318700807250426,3.776620092680495,2.543082621682272,1.0,0.0,0.0,0.0,0.0
