age,sex,bmi,children,smoker,region,charges
21,male,29.2,1,no,southwest,10436.096
49,female,21.3,1,no,northwest,2457.21115
36,female,31.16,1,no,northeast,13270.422265141257
39,female,33.2,0,no,northeast,13462.52
-2,male,21.66,1,no,southwest,14283.4594
39,female,29.26,1,yes,northwest,2730.10785
25,male,41.325,0,no,northeast,17878.90068
20,male,31.35,3,no,northwest,46130.5265
40,female,32.775,1,yes,southeast,39125.33225
20,female,33.994081656267674,0,no,northeast,9182.17
48,male,38.409631068395996,1,yes,southwest,23568.272
37,male,30.66339686098655,3,no,southeast,41949.2441
48,female,33.33,0,no,southeast,-6328.718423502518
28,female,39.615,3,no,southeast,16358.321242548827
30,female,37.8,1,yes,southwest,13270.422265141257
33,female,28.27,1,no,southeast,42303.69215
43,male,20.13,2,yes,southeast,18767.7377
31,male,33.63,1,yes,northeast,37607.5277
41,female,38.09244559874305,0,no,southeast,-6040.262235055881
26,male,30.66339686098655,4,no,northeast,24671.66334
54,female,28.88,0,no,northeast,12096.6512
44,male,24.09978208814622,3,no,southeast,8891.1395
25,male,38.94,0,yes,northeast,20984.0936
54,female,22.135,0,no,northeast,2585.85065
62,male,27.55,1,yes,southwest,11848.215927033385
34,male,21.375,0,no,southwest,4500.33925
