haematocrit,haemoglobins,erythrocyte,leucocyte,thrombocyte,mch,mchc,mcv,age,sex,source
38.22611060743427,12.0,3.69,16.275119988625395,296,32.5,33.33647627682079,84.61133272892113,23,M,1
55.3,17.9,6.61,11.832302976914953,340,25.1,32.4,83.7,27,F,0
40.3,13.8,5.45464076262869,8.8,186,31.1,34.2,90.8,23,M,1
39.7,14.9,5.73,-7.077968990432604,258,25.3,34.57315050436139,77.6,1,F,0
38.22611060743427,10.4,4.544802055001511,6.2,184,28.2300392867936,31.7,84.61133272892113,46,M,0
25.1,12.749350256875191,4.445519411403987,3.6925327009026176,408,16.8,33.9,86.0,75,M,0
35.6,11.2,3.98,7.0,286,28.1,33.6,83.7,89,F,1
44.3,14.8,5.25,8.715533393774555,480,28.2,33.4,84.4,44,M,1
32.5,13.6,4.66,2.5,65,31.756257124046805,34.3,80.62824865840699,70,M,0
41.5,12.749350256875191,4.48,6.2,452,29.7,32.4,92.6,47,F,0
42.2,14.6,5.28,3.0,153,27.7,34.6,92.45707514148793,51,M,0
33.3,13.8,3.47,7.5,450,30.331790702066627,33.6,57.0,63,F,0
35.6,12.0,3.75,10.3,241,31.2,32.83549009944438,94.9,31,F,0
42.6,13.7,4.67,6.0,413,29.3,31.622150663606526,91.2,63,F,0
35.5,12.2,4.1,3.4,214,29.8,34.4,86.6,46,F,1
35.5,12.0,4.09,8.0,257,29.3,33.33647627682079,100.2,10,M,0
43.481725833794414,13.123641781948947,2.37,2.5,50,27.1,35.6,70.4,30,M,0
33.63236196100232,12.2,4.41,12.5,231,27.7,32.0,85.3,52,F,1
32.4,10.4,4.918412210027475,4.6,75,20.2,32.1,62.3,21,M,1
33.9,15.9,5.35,10.3,258,29.98280775817331,33.1,87.9,56,M,1
45.4,14.8,5.22,5.8,283,27.905706942634666,32.6,89.95424546670333,58,F,1
40.76687622194342,11.945264332425788,5.226485527614636,5.3,324,24.6,31.83601350335598,75.7,51,M,0
42.3,10.6,5.22,9.7,150,28.2300392867936,35.2,81.0,45,M,1
31.05705578020585,14.310579316061661,4.18,7.4,311,29.3,33.4,86.8,42,M,0
34.2,15.024907137028713,3.68,8.8,190,31.5,33.9,92.9,46,F,1
39.6,13.5,4.544802055001511,8.715533393774555,340,26.0,34.1,77.54429483374308,5,M,0
