age,sex,bmi,children,smoker,region,charges
53,male,24.32,0,no,northeast,24869.8368
23,male,30.66339686098655,1,yes,northeast,40904.1995
55,female,28.05752553823453,3,no,northeast,11381.3254
19,male,39.586769820898134,0,yes,southeast,39722.7462
20,male,35.86,0,no,northwest,1877.9294
29,male,35.5,2,yes,southwest,6610.1097
62,female,38.095,2,no,southeast,15230.32405
43,male,34.39512785191968,1,no,southeast,13270.422265141257
48,female,30.78,3,no,northeast,10141.1362
24,male,31.46,0,no,southeast,9447.3824
51,female,31.635,0,no,southwest,-4197.254124085222
31,male,49.06,0,no,southeast,13047.33235
21,male,28.595,0,yes,northeast,11735.87905
58,female,34.75139112781769,2,no,southeast,17020.208853559077
40,female,22.61,3,no,southeast,8059.6791
58,male,32.7,3,no,southeast,3591.48
39,male,27.7,1,yes,southwest,16297.846
39,male,36.19,1,no,southeast,36568.22242640502
57,female,34.96,5,yes,northeast,44641.1974
38,male,30.66339686098655,1,yes,northwest,30366.54294214982
59,female,27.5,3,no,southwest,12233.828
20,male,29.6,1,no,southwest,1875.344
50,female,41.69,1,no,northeast,10106.13425
18,male,33.77,1,no,northwest,13270.422265141257
18,female,30.305,0,no,northeast,2203.73595
19,male,27.93,0,yes,southeast,18838.70366
