,synth,train,val,test,synth_value,real_value,jsd,wasserstein,diff_corr,dcr_rf,nndr_rf,dcr_rr,nndr_rr,dcr_ff,nndr_ff
0,0\synth.csv,0\train.csv,0\val.csv,0\test.csv,0.43830613830613835,0.49584429115300654,0.029820956977851015,0.07781954404091809,1.107975412685424,0.0,0.0,0.0,0.0,0.0,0.0
1,1\synth.csv,1\train.csv,1\val.csv,1\test.csv,0.5238473936067604,0.5629760811578994,0.047413578956168614,0.06549656874084356,0.7831642186183044,0.0,0.0,0.0,0.0,0.0,0.0
2,2\synth.csv,2\train.csv,2\val.csv,2\test.csv,0.49124949959079167,0.4864045383411581,0.0603042346057379,0.11256361323155217,1.3930536309141714,0.0,0.0,0.0,0.0,0.0,0.0
3,3\synth.csv,3\train.csv,3\val.csv,3\test.csv,0.49198062835625533,0.45152450610540273,0.03992145013399675,0.08128196725524969,0.9369942366255906,0.0,0.0,0.12317923819397492,0.1181055293682034,0.0,0.0
4,4\synth.csv,4\train.csv,4\val.csv,4\test.csv,0.4147372417789841,0.5638491302208116,0.050370511578558055,0.09044526296434693,0.9111353570063924,0.0,0.0,0.0,0.0,0.0,0.0
