age,sex,bmi,children,smoker,region,charges
34,male,25.3,2,no,southeast,18972.495
53,male,37.715,2,no,southeast,10072.05505
41,male,35.75,1,yes,southeast,2102.2647
39,female,29.64,2,no,southwest,7749.1564
20,male,33.33,0,no,southeast,13323.474583389207
24,male,26.03,-1,no,southeast,40273.6455
45,male,36.3,2,no,southeast,8527.532
49,male,36.58197552626833,2,no,southeast,9304.7019
18,male,41.14,0,no,southwest,1146.7966
26,female,29.92,2,yes,northeast,36580.28216
59,female,26.505,1,no,southeast,12815.44495
64,male,28.39816438104776,1,yes,southwest,8206.953628716627
29,female,31.92,1,yes,northwest,2404.7338
25,female,43.12,2,no,southeast,4753.6368
32,female,17.765,2,yes,southeast,33747.289954994594
20,male,28.5,0,no,northwest,18310.742
57,male,30.66339686098655,0,no,northwest,13270.422265141257
24,male,30.66339686098655,0,no,northeast,6067.12675
22,male,37.62,1,no,southeast,37165.1638
21,female,24.629725900248364,4,no,southeast,13270.422265141257
62,male,32.015,0,no,northeast,45710.20785
39,male,27.8,0,no,southeast,4673.3922
24,female,21.652549489660398,4,no,northeast,17199.921717291494
60,male,34.105,0,yes,northeast,43254.41795
26,female,33.06,4,no,northeast,24671.66334
19,male,29.07,0,no,northeast,17352.6803
