age,sex,bmi,children,smoker,region,charges
64,female,26.03,1,yes,northwest,16450.8947
44,male,36.955,1,no,southeast,8023.13545
43,female,38.9,0,no,northwest,8310.83915
18,male,33.88,2,yes,southeast,11482.63485
29,female,30.66339686098655,4,no,southwest,5708.867
35,female,38.095,2,yes,southeast,-383.90134735012543
39,female,34.485,3,no,northeast,60021.39897
22,male,39.805,0,yes,northeast,2755.02095
29,male,27.8,0,yes,southeast,20420.60465
61,female,40.14737053441307,2,no,southeast,43896.3763
64,male,35.97,0,no,southeast,14313.8463
52,male,33.25,1,no,northeast,13270.422265141257
30,male,38.0,0,yes,southeast,13270.422265141257
54,male,27.645,1,no,northeast,4237.12655
39,male,42.148155712353514,2,yes,southeast,3756.6216
51,male,35.53,0,no,southeast,10192.055523606316
21,male,25.745,2,yes,northeast,24715.22234375892
19,male,30.618667451759915,2,no,northeast,16069.08475
24,male,29.83,0,yes,northeast,4667.60765
54,male,31.9,1,no,northeast,10928.849
30,female,28.405,1,no,northwest,4527.18295
32,male,37.335,1,no,northwest,18648.4217
36,female,30.66339686098655,2,no,southwest,5846.9176
24,male,35.518668816247455,0,no,northeast,6250.435
45,female,27.83,2,no,southeast,2752.120842465937
30,male,39.14,1,no,southeast,18804.7524
