haematocrit,haemoglobins,erythrocyte,leucocyte,thrombocyte,mch,mchc,mcv,age,sex,source
39.4,10.867456429232828,5.06,13.855687356728438,86,25.9,33.33647627682079,77.9,6,M,1
44.6,14.7,5.22,3.6245126653089725,277,28.2300392867936,33.0,85.4,42,M,0
44.9,14.4,5.64,9.8,338,25.5,32.1,73.80486484617171,37,F,0
49.2,11.2,4.837741534951634,5.0,222,29.8,34.4,84.9,46,F,0
34.6,11.2,3.76,9.9,328,28.6,32.4,92.0,64,M,1
38.01391923161584,9.223395840798815,5.29,20.5,480,29.1,33.33647627682079,84.4,51,M,1
28.505776243920792,5.0,4.544802055001511,15.3,411,29.287682795904715,34.00240460633562,80.0,22,F,0
42.5,9.583342097322035,4.05,11.132848751169872,162,28.2300392867936,29.7,84.61133272892113,14,F,0
47.0,8.4,4.777578295653939,11.601213094904523,256,29.7,33.8,87.9,56,M,1
39.7,13.8,4.75,8.715533393774555,60,29.57927968879338,34.2,71.2,25,M,0
42.7,15.1,4.98,10.8,322,30.3,35.4,85.7,22,M,0
42.4,12.749350256875191,4.464029012395884,8.8,313,29.8,34.8,87.2,26,M,0
35.5,12.1,4.13,3.9,225,29.3,34.1,86.0,54,M,1
30.8,15.2,4.43015626525668,7.9,323,29.8,33.53845758512752,83.4,45,M,0
26.8,13.189650826353297,3.27,16.1,210,24.959467841653748,31.7,84.61133272892113,47,F,0
46.3,15.7,5.72,8.2,297,27.4,33.9,98.77061956780163,21,M,0
38.22611060743427,10.6,4.83,8.6,258,21.9,31.5,69.6,53,M,0
38.22611060743427,9.1,4.544802055001511,8.715533393774555,284,29.3,33.2,88.0,30,F,1
33.883481525112636,12.749350256875191,3.61,11.9,251,30.941059002492448,34.5,85.90105472880091,54,M,0
43.3,10.3,3.98,11.9,393,25.9,33.4,77.4,24,M,0
40.5,13.5,3.11,8.9,319,29.9,34.1,87.6,52,M,1
31.9,10.5,3.5,8.6,180,30.0,32.64102247651436,69.6,58,F,1
41.0,13.5,5.27,10.0,291,31.9,32.9,77.8,30,M,0
34.9,11.4,6.96,19.6,263,16.6,32.7,84.03856446382021,45,F,0
40.92235950403683,12.7,4.23,13.8,256,21.5,30.6,70.2,33,F,0
34.3,11.6,4.53,6.6,258,25.6,32.25530917316814,75.7,46,M,1
