age,sex,bmi,children,smoker,region,charges
45,male,24.31,5,no,southeast,12495.29085
39,female,25.8,0,yes,southeast,3161.454
54,female,31.9,1,no,northeast,10928.849
48,female,32.23,1,no,southeast,30942.1918
46,female,33.66,3,no,southeast,15161.5344
39,male,34.1,5,no,southeast,2480.9791
35,male,34.105,3,yes,northeast,51717.902891022706
45,female,25.175,2,no,northeast,9095.06825
19,male,30.66339686098655,2,no,northwest,2803.69785
59,male,31.825,3,yes,northeast,13270.422265141257
37,male,39.49,4,yes,southwest,40182.246
54,male,24.89,2,no,northwest,6389.37785
61,female,27.19895205441081,1,yes,southeast,8871.1517
42,male,24.605,2,yes,northeast,21259.37795
48,male,35.91,1,no,southeast,26392.26029
29,female,14.974751440813346,1,no,southeast,10602.385
39,male,30.66339686098655,1,no,northwest,5279.773368904549
37,male,30.8,0,no,northeast,4646.759
19,female,32.11,0,no,northwest,10292.153854510718
61,female,36.955,0,no,southeast,15518.18025
21,female,34.6,1,no,southwest,2020.177
63,male,15.230172256985696,0,no,southeast,13270.422265141257
30,female,21.755,1,no,southwest,16657.71745
18,female,33.77,2,no,southeast,1725.5523
56,female,26.6,1,no,northwest,12044.342
63,female,30.010760012245935,0,no,southeast,11831.103494733157
