age,sex,bmi,children,smoker,region,charges
4,male,31.065,0,no,southwest,5227.98875
33,male,24.795,1,no,northeast,17904.52705
37,female,26.7,2,no,northeast,-5457.297357219746
43,female,30.66339686098655,1,no,southeast,14478.33015
39,female,33.99900107072466,1,no,southwest,12333.828
30,female,30.9,1,yes,northeast,13270.422265141257
48,male,31.13,0,no,southeast,8280.6227
50,male,31.6,2,no,southwest,10118.424
45,female,27.0,1,yes,northwest,39725.51805
34,male,26.73,1,no,southwest,41034.2214
24,female,27.72,3,no,northwest,-6272.281254812975
39,male,36.10442477663905,2,yes,northwest,33471.97189
48,female,30.66339686098655,5,no,northwest,9249.4952
34,male,30.495,2,no,southwest,19676.713340023376
39,male,28.975,0,yes,northeast,13270.422265141257
37,female,34.8,2,yes,southeast,39836.519
53,female,27.43290862741818,2,no,southwest,6311.952
33,male,24.941497111316796,4,no,southeast,6059.173
48,male,30.78,3,no,northeast,10141.1362
33,male,36.29,0,no,northeast,6551.7501
51,male,28.7,1,no,northeast,1253.936
61,male,36.3,1,yes,southwest,47403.88
37,male,28.5,3,no,southeast,-7513.250820847003
55,male,39.995,0,no,southeast,10214.636
33,male,24.605,2,no,northwest,1984.4533
46,male,26.8,1,no,northeast,5002.7827
