haematocrit,haemoglobins,erythrocyte,leucocyte,thrombocyte,mch,mchc,mcv,age,sex,source
32.4,10.1,3.635913566531732,4.835061268439184,407,28.2300392867936,35.145836386275825,103.9,20,F,0
44.778567372276555,12.749350256875191,4.31,7.8,284,30.062629032143985,32.9,84.52891883420783,46,F,0
42.3,13.8,5.5,12.3,341,25.1,31.5,76.9,64,F,0
38.22611060743427,12.4,4.07,3.7,153,28.2300392867936,33.5,90.9,50,F,1
35.4,15.677553849186769,4.18,8.715533393774555,145,32.833194172623415,34.7,84.7,46,F,0
42.7,14.7,5.24,7.5,258,27.3,33.5,81.5,57,M,0
34.9,10.35145481204184,3.702326030409541,10.728571005691396,333,25.9,32.6,82.1,49,F,0
44.9,14.9,4.37,6.3,167,25.0,33.2,84.61133272892113,51,M,0
48.3,16.0,6.24,10.0,332,32.9,33.1,77.4,46,F,0
36.2,13.0,4.31,9.8,380,29.2,34.8,84.0,42,M,1
44.8,10.6,3.83,7.0,303,27.7,33.0,83.8,53,M,0
46.6,15.3,4.544802055001511,5.2,281,35.7,32.8,83.1,32,M,0
44.0,13.282701784375371,4.127111535243501,7.6,110,26.1,33.536192278667826,77.5,8,M,1
34.16066738605523,12.2,4.6,23.0,262,26.5,32.9,80.7,48,F,0
42.796353123117235,10.85857180260973,5.38,5.7,235,26.1,32.7,88.4,52,F,0
42.7,12.6,4.52,13.3,460,28.8,34.0,85.7813702681677,63,M,0
38.22611060743427,10.9,3.4409468493918065,12.7,476,27.9,31.7,94.71258491016683,56,M,1
28.9,12.2,4.07,5.2,285,30.0,33.4,89.7,33,F,0
32.1,14.9,2.55,8.333397309095313,258,27.6,33.3,81.0,33,M,1
42.9,12.749350256875191,4.57,8.715533393774555,460,28.959458517960122,32.44214358018944,93.9,46,F,1
37.47572853690777,6.0,5.95,13.9,115,27.2,32.9,82.8,29,M,0
28.0,10.7,4.1,9.1,361,29.2,33.82185408663193,68.3,65,F,0
38.7,13.5,4.89,11.5,323,28.02317155626049,33.33647627682079,79.1,67,M,0
40.3,13.8,4.544802055001511,14.9,186,31.1,33.33647627682079,87.89577500803394,23,F,0
45.0,15.9,5.32,11.751921026985288,302,29.9,35.3,84.61133272892113,53,M,0
43.8,14.0,5.43,7.4,352,25.8,32.0,82.6,57,M,0
