age,sex,bmi,children,smoker,region,charges
47,male,40.26,0,no,northwest,12129.61415
28,female,33.4,0,no,southeast,-1027.890082840362
22,female,24.3,0,no,southwest,11743.9341
21,female,30.00199043211551,1,no,southeast,1534.3045
31,male,27.1,2,yes,southwest,13270.422265141257
56,male,28.146146827649737,0,no,northeast,11658.11505
26,male,34.39,1,no,northwest,2150.469
27,female,31.13,1,yes,northwest,34806.4677
26,male,27.06,3,yes,northwest,17043.3414
20,male,28.785,0,no,southeast,2457.21115
58,male,23.37,2,no,southwest,13270.422265141257
48,male,29.6,0,no,southeast,-3308.0454746715695
20,male,31.602411160151267,1,no,southeast,1980.07
37,female,47.6,2,yes,southwest,46113.511
18,male,30.03,1,yes,southeast,1720.3537
16,male,18.6,0,no,southeast,1728.897
13,male,23.7,2,no,northwest,6686.4313
22,male,30.66339686098655,0,yes,southwest,35585.576
39,male,25.555,1,no,southeast,21991.8816277754
39,female,32.5,1,no,southwest,37165.1638
50,male,25.365,2,no,northwest,30284.64294
28,female,37.43,1,no,northeast,4185.0979
49,female,30.66339686098655,3,no,northwest,10264.4421
19,male,26.03,1,yes,northwest,35160.67198172865
56,male,40.65230122225586,2,no,northwest,42760.5022
39,female,34.87,1,no,southeast,2020.5523
