age,sex,bmi,children,smoker,region,charges
29,male,21.755,1,no,northeast,10989.227881758801
55,female,30.14,2,no,southeast,-5502.393335591485
27,female,35.15,0,no,southeast,1615.7667
35,male,30.66339686098655,1,no,northeast,27022.880931710188
39,male,19.75964214977651,2,yes,northwest,6710.1919
50,male,24.605,2,no,southeast,8968.33
23,female,27.026549871260844,2,no,southeast,13887.9685
39,female,23.56,2,no,northeast,25652.549468957302
26,female,38.42341981271906,1,no,southwest,3987.926
18,female,20.1,1,no,southwest,12032.326
42,female,40.376645551393814,1,no,northwest,7443.64305
56,female,28.785,0,no,northeast,17977.10794019657
19,female,25.555,0,no,northwest,13270.422265141257
11,female,31.4,0,yes,northwest,34166.273
39,male,27.72,0,no,southeast,9855.1314
56,male,39.82,5,no,southeast,11090.7178
27,male,26.29,2,no,southwest,13270.422265141257
51,male,30.66339686098655,1,no,southeast,9386.1613
56,male,28.304801886306322,3,yes,southwest,3561.8889
18,male,40.26,0,no,southeast,-2319.3817781737935
26,female,22.61,0,yes,southwest,3176.8159
48,male,20.6,0,no,southwest,8798.593
57,female,31.16,0,yes,northwest,43578.9394
25,male,37.0,0,no,northwest,27000.98473
30,female,27.2,0,no,southwest,11073.176
51,female,21.56,0,yes,northwest,14001.1338
50,male,26.315,4,no,northeast,13536.69401904289
28,male,23.8,2,no,northeast,3847.674
18,male,29.40500823265754,0,no,northeast,19424.0217826238
55,male,31.6,2,yes,northwest,21259.37795
36,female,22.6,0,no,southeast,8601.3293
25,female,24.09,0,yes,southeast,6250.435
39,male,25.935,1,no,northeast,4239.89265
27,male,30.66339686098655,4,no,southwest,18259.216
18,female,44.745,0,no,southeast,9541.69555
42,male,30.66339686098655,1,yes,southeast,4337.7352
37,male,37.07,1,yes,southeast,2585.85065
39,male,37.1,2,no,southwest,7740.337
39,male,25.500188189286316,2,no,southeast,6455.86265
32,male,44.22,0,yes,northwest,3994.1778
41,female,29.48,1,yes,southeast,13270.422265141257
55,male,31.60245614938589,0,yes,northeast,42303.69215
38,male,19.95,0,no,southeast,15333.65063288231
27,female,35.245,1,no,northeast,16796.41194
26,male,30.66339686098655,1,no,southwest,1704.5681
28,female,26.03,1,no,northwest,9768.134296491316
20,male,48.30637533180844,0,yes,southwest,13270.422265141257
33,male,42.4,1,no,northeast,6666.243
41,female,18.794351512372735,0,no,southeast,3972.9247
42,female,30.59,1,yes,southwest,1639.5631
38,female,40.565,1,no,southeast,13270.422265141257
48,female,30.78,1,no,southeast,10141.1362
