age,sex,bmi,children,smoker,region,charges
18,male,20.425,1,no,northeast,1625.43375
56,male,33.0428877414863,1,no,northwest,26109.32905
31,male,27.242789953800475,1,no,southeast,4243.59005
23,male,32.56,-2,no,southeast,1824.2854
33,male,30.66339686098655,4,no,southwest,6059.173
45,male,47.41,2,yes,northeast,8520.026
74,male,40.48,0,no,northwest,13831.1152
55,female,31.92,2,no,northwest,21098.55405
56,female,24.32,2,no,northwest,10848.1343
56,female,28.785,-2,no,northeast,3385.39915
30,female,30.66339686098655,3,no,southwest,5693.4305
45,male,36.48,2,yes,northwest,34530.19689838671
47,male,32.0,0,no,southeast,4580.856201390283
32,female,31.35,1,no,southeast,12622.1795
39,female,33.66,3,no,southeast,13270.422265141257
56,male,33.725,0,no,northwest,13270.422265141257
36,male,27.55,1,no,northeast,12418.277594088224
33,female,28.405,0,no,northeast,6664.68595
38,male,19.95,1,no,northeast,5615.369
50,male,26.315047866371227,0,no,northeast,24004.51774926711
39,male,26.03,0,no,northwest,1149.3959
44,female,30.66339686098655,0,yes,southwest,13270.422265141257
18,male,43.01,0,no,southeast,3070.8087
19,male,22.30677850474686,-1,no,southeast,-15128.53964961788
50,male,21.5,0,no,southwest,10791.96
18,female,27.075,5,no,northeast,1631.6683
29,male,17.798634303881187,0,no,northeast,2709.24395
19,female,30.66339686098655,1,no,northwest,16138.76205
41,male,39.7,1,no,southwest,18608.262
48,male,30.66339686098655,0,no,southeast,5728.586774533691
48,male,34.4,1,yes,northeast,36197.699
38,male,28.0,1,no,southwest,7151.092
56,female,40.85105405099884,0,no,northeast,13607.36875
41,male,34.712416840052214,0,no,southeast,6289.7549
56,male,21.89,0,yes,northeast,18648.4217
25,male,40.15,0,yes,southeast,38126.2465
18,male,32.12,1,no,southeast,2801.2588
53,female,27.227728495795933,2,yes,southeast,13837.529527945442
35,male,17.86,1,no,northwest,13270.422265141257
19,female,40.5,1,no,southwest,1759.338
36,male,28.025,2,yes,southeast,20773.62775
40,male,21.8,0,yes,southwest,20167.33603
39,male,22.743503228128407,1,no,southeast,10078.853665861749
39,male,36.67,1,no,northwest,17861.125490927778
50,female,35.48064889470943,1,yes,southwest,9283.562
24,male,30.3,0,no,southwest,2632.992
36,female,42.75,2,yes,northeast,40904.1995
39,female,36.86,2,no,southwest,13270.422265141257
24,male,36.48,0,no,southeast,3130.2785013778757
19,male,37.335,0,yes,northwest,33750.2918
34,male,32.11,0,no,northwest,13555.0049
24,female,27.6,0,no,southeast,18955.22017
