age,sex,bmi,children,smoker,region,charges
18,male,26.943726378250446,0,no,southwest,13270.422265141257
80,female,31.3,1,no,southwest,23594.446588805178
25,male,27.55,0,no,northwest,2523.1695
39,male,30.66339686098655,1,no,southwest,6389.37785
25,male,30.66339686098655,3,no,southeast,11436.73815
26,male,24.035,1,no,southeast,4661.28635
25,female,30.2,0,no,northeast,33900.653
22,female,35.815,0,no,northwest,7731.85785
29,female,36.34047608712546,1,no,southwest,3366.6697
19,male,33.63,1,no,northeast,11945.1327
45,male,24.3,0,no,southwest,720.5790043799636
59,male,37.4,0,no,southwest,21797.0004
14,male,32.395,1,no,southwest,2362.22905
61,male,29.48,0,yes,southeast,7029.923427332713
46,male,38.17,1,no,southeast,8347.1643
29,male,28.05,0,no,southeast,5227.98875
27,male,38.27855651877462,-1,yes,southeast,39611.7577
62,female,34.91936339850634,0,yes,southeast,11482.63485
26,male,36.7,0,no,southeast,13270.422265141257
39,male,36.3,1,yes,southwest,23568.272
39,female,31.35,0,no,northwest,2643.2685
45,male,36.48,1,yes,southeast,42760.5022
47,male,45.91847524995961,3,no,southeast,10600.5483
60,male,31.35,3,yes,southwest,1635.73365
33,female,25.365,1,yes,northwest,43578.9394
21,male,31.4,0,no,southwest,2102.2647
33,female,22.135,1,no,northeast,5354.07465
30,male,26.03,1,no,southwest,3659.346
32,male,35.435,1,no,northeast,3268.84665
21,male,39.76162563615182,-2,no,southeast,16586.49771
22,male,30.4,0,no,southeast,13270.422265141257
39,male,30.66339686098655,1,no,southeast,8827.2099
-2,female,17.195,2,no,southeast,33750.2918
24,male,35.64,1,no,southeast,13270.422265141257
38,male,28.27,1,no,southeast,4144.8644317231265
33,male,30.66339686098655,0,yes,northwest,38282.7495
31,female,30.03441324162415,1,no,northwest,4134.08245
32,male,28.88,0,no,southeast,13270.422265141257
27,female,30.66339686098655,1,no,southwest,-9502.193482766252
56,male,27.2,3,no,northwest,11073.176
45,male,27.455,1,no,northeast,1837.237
44,male,31.16,1,no,northwest,14076.997947522656
41,female,31.635,0,no,northeast,7857.4451083140675
58,male,28.8,1,no,southwest,47403.88
62,male,39.93,0,no,southeast,1547.3472102337964
33,female,41.33264908638671,0,no,southeast,1880.07
39,male,29.6,0,no,southwest,27415.343574187253
71,male,26.41,1,no,northwest,8964.06055
61,female,45.43,2,yes,southeast,2396.0959
60,male,30.53103826251273,0,yes,southeast,52590.82939
53,male,21.4,1,no,northwest,9660.575526790008
70,male,48.023559870281176,0,no,northwest,10848.1343
