age,sex,bmi,children,smoker,region,charges
45,female,38.285,-3,no,northeast,19433.432674949916
31,male,31.5,3,yes,southeast,10609.454914066919
19,male,30.66339686098655,0,no,southwest,1256.299
53,male,29.48,0,no,southwest,15974.444859556825
52,female,38.38,1,no,southwest,3591.48
31,male,34.54574400171571,1,no,northeast,3561.8889
45,male,25.4,0,no,northwest,6455.86265
39,male,26.8,2,no,southwest,1980.07
20,female,21.8,1,yes,southwest,6414.178
39,male,30.66339686098655,0,yes,southwest,13270.422265141257
20,male,36.06163964339789,1,no,southeast,6683.153060283666
59,female,20.4,0,no,southwest,58.22769374530026
62,male,34.54489493831459,1,no,southeast,27000.98473
39,male,31.13772810647827,0,no,northwest,18838.70366
59,male,31.35,0,no,southwest,13762.337513988889
44,female,29.81,2,no,southeast,8219.2039
21,male,22.135,0,no,northeast,2585.85065
71,male,31.255,1,no,southeast,7046.7222
19,male,20.7,0,yes,southwest,13270.422265141257
38,female,32.84736667641656,1,no,southeast,10579.711
49,male,32.7,3,no,southeast,11396.9002
63,male,33.66,0,yes,southeast,15161.5344
38,male,30.66339686098655,1,no,southeast,5484.4673
39,female,16.010112355128662,1,no,northwest,3594.17085
33,male,30.8,0,yes,southeast,13390.559
67,male,25.8,0,no,southwest,7624.63
31,female,27.72,0,no,southeast,4415.1588
54,male,30.66339686098655,2,no,northwest,11013.7119
36,female,23.655,1,no,northwest,30681.274508833525
18,female,25.08,0,yes,northeast,2196.4732
18,male,30.66339686098655,0,no,southwest,4058.1161
33,male,35.75,1,no,southeast,13270.422265141257
40,male,23.465,2,yes,southwest,38415.474
26,female,19.855,0,no,northeast,5458.04645
42,male,23.705700044957375,0,no,southeast,5969.723
27,female,31.9,2,no,northwest,4058.71245
61,female,32.022598826317406,2,yes,northeast,10436.096
44,female,37.1,2,no,southwest,7740.337
24,male,26.832692674005663,3,no,northeast,17128.42608
49,female,22.895,0,yes,southeast,16138.76205
39,female,21.85,1,no,southwest,6117.4945
29,male,23.845,3,yes,northeast,11792.446159294455
50,female,26.6,0,no,southwest,8444.474
44,female,38.39,0,yes,southeast,13270.422265141257
59,male,14.219185668706887,0,no,northeast,-1710.041448054406
29,female,37.29,1,no,southeast,11073.176
61,male,35.75,2,no,southwest,14119.62
19,male,30.305,0,no,northwest,2709.24395
75,female,26.29,0,yes,southeast,27808.7251
34,male,33.155,1,no,southwest,13270.422265141257
58,male,35.2,0,no,southwest,2416.955
55,female,26.8,3,no,northwest,30852.43068784083
