haematocrit,haemoglobins,erythrocyte,leucocyte,thrombocyte,mch,mchc,mcv,age,sex,source
34.4,11.3,5.111619096898499,4.6,224,26.3,32.8,84.61133272892113,75,F,0
36.7,12.4,4.235959349942272,3.6,456,28.8,33.8,85.3,51,M,1
37.1,12.0,3.858526565881199,8.483398491024229,202,31.5,32.3,97.4,84,F,0
38.22611060743427,14.6,5.21,9.1,433,33.1268657709487,34.8,83.9,19,F,0
40.6,9.6,4.71,3.2,258,29.3,33.33647627682079,86.2,38,M,1
38.22611060743427,14.632532944787068,5.33,13.575400547361998,274,22.3,32.01544130469944,89.7,46,F,0
24.6,8.2,3.12,9.3,284,30.4,33.3,78.8,47,M,0
34.7,11.6,4.544802055001511,6.4,-50,25.4,33.33647627682079,75.9,46,F,0
23.1,14.287544631914663,4.57,9.4,100,27.6,33.65142970414245,86.33622387928838,74,F,1
28.5,13.1,3.05,16.6,97,28.4,33.0,86.1,49,F,0
47.0,13.2,4.544802055001511,10.890847123818517,42,28.0,33.0,69.4,28,F,1
30.2,12.749350256875191,3.32,6.8,181,29.8,32.8,84.61133272892113,70,M,1
38.2,12.79132281098879,3.1,8.715533393774555,192,28.2300392867936,33.2,88.0,30,F,0
43.1,16.3,2.68,2.4,216,29.1,32.96616158406613,94.3,53,M,0
28.0,8.7,3.56,8.2,234,28.91454845330878,31.1,78.7,84,M,0
25.4,8.3,2.82,10.8,197,29.4,32.7,90.1,47,M,1
42.8,14.4,4.36,6.6,491,33.0,32.1,82.4,58,M,0
31.9,14.5,5.2,15.5,284,31.3,33.4,90.2,43,M,0
37.2,12.749350256875191,4.45,5.7,301,28.8,34.02333373894015,78.48414318916008,56,M,1
57.90234341506464,15.7,5.68,2.7,148,27.6,33.8,90.1,24,M,0
32.0,9.118002830414031,4.46,7.008242408822657,88,28.2300392867936,34.4,70.92218799917781,7,M,1
37.57814038687502,13.2,6.13,7.8,258,26.063432738336303,31.1,69.2,79,M,0
36.52927117248362,12.5,4.742772965871589,6.3,302,23.3,32.4,88.75992592272912,43,F,0
39.9671213472754,15.6,5.08,7.3,291,30.7,37.8,92.9,36,M,0
46.9,5.1,3.87,9.0,27,35.384547103550524,35.1,98.2,86,F,0
39.4,13.2,4.13,8.715533393774555,205,32.0,33.5,95.4,72,M,0
