age,sex,bmi,children,smoker,region,charges
31,male,19.57,1,no,northeast,2137.6536
22,female,31.73,-1,yes,northwest,13270.422265141257
55,male,36.195,2,no,southeast,-8994.033847402607
59,female,30.66339686098655,-1,no,northeast,17155.22527548591
19,male,19.8,0,no,southwest,13270.422265141257
55,male,32.67,1,no,southeast,10807.4863
48,male,19.30432080896187,1,no,southwest,51194.55914
41,female,22.0,2,no,southeast,7371.772
57,female,22.23,1,no,northwest,11945.1327
23,male,42.9,1,no,southeast,-5751.464170323572
57,female,28.31,0,no,northeast,18033.9679
39,male,42.11588650976833,0,no,southeast,13887.204
29,male,32.11,1,no,northwest,2565.9920986797188
20,male,27.72,0,no,northeast,1242.26
8,female,30.891227126606335,0,no,southwest,6393.60345
37,male,30.66339686098655,1,no,southeast,39871.7043
39,male,42.13,1,no,northwest,11356.6609
25,male,32.9429184101777,0,no,northwest,8428.0693
39,male,26.7,1,no,northeast,11150.78
41,female,31.16,1,no,northwest,10461.9794
34,male,34.21,1,no,southeast,18030.608935260512
18,male,30.66339686098655,1,yes,southeast,48970.2476
20,male,24.605,1,no,northwest,13270.422265141257
36,female,34.1,0,no,southeast,9283.562
35,male,36.67,2,yes,southeast,39774.2763
19,male,35.15,5,no,southeast,2134.9015
46,male,28.50461436574788,-1,no,northeast,8823.98575
39,female,31.92,1,no,northwest,13270.422265141257
39,female,35.5,2,no,southwest,44585.45587
17,female,40.185,0,yes,northwest,21275.18175830607
29,male,30.4,2,no,southeast,4433.3877
58,male,30.758837961125863,1,yes,northwest,6123.5688
17,female,42.9,2,no,southeast,49577.6624
23,male,37.1,3,no,southwest,3597.596
22,male,35.6,0,yes,southwest,35585.576
61,male,22.58983137108619,0,no,northeast,13270.422265141257
27,female,30.4,3,no,northwest,18804.7524
57,male,33.63,1,no,southeast,12029.2867
31,male,39.49,1,no,southeast,16612.006455406703
54,male,24.035,3,no,southeast,8604.48365
25,female,26.781925737303467,3,no,southwest,30942.1918
22,male,21.12,2,no,southeast,3443.064
40,male,43.72372452177666,0,no,southeast,16383.988884006558
39,female,19.475,2,no,northwest,4189.1131
39,male,36.96,1,no,southwest,4536.259
39,male,24.225,5,no,northwest,8965.79575
27,male,26.03,1,yes,northwest,16450.8947
60,male,25.84,0,no,southeast,35160.13457
54,male,32.775,0,no,northwest,10435.06525
40,female,30.66339686098655,1,no,southwest,15359.1045
34,female,30.66339686098655,0,no,southeast,9620.914812782688
51,male,41.161153987217304,0,no,northeast,24327.499472768017
