age,sex,bmi,children,smoker,region,charges
27,female,30.1,3,no,northwest,18804.7524
18,male,26.9,0,no,southwest,32108.66282
18,female,35.72,2,no,northwest,19144.57652
59,male,24.225,3,no,northeast,30184.9367
39,female,30.115,0,no,northeast,8410.04685
33,female,38.38,1,no,southwest,7153.5539
21,female,29.92,2,no,southeast,-25897.128716452233
62,male,36.86,1,no,northeast,31620.00106
54,female,26.695,3,no,northwest,14382.70905
36,female,28.88,3,no,northeast,6748.5912
44,male,32.67,1,no,southeast,10807.4863
39,male,44.7,1,no,southwest,2614.677406508301
32,female,13.902948743538332,2,yes,southeast,32734.1863
42,male,37.9,0,no,southeast,6474.013
22,male,36.29752139217491,0,yes,northeast,13270.422265141257
50,female,32.3,1,yes,southeast,41919.097
55,female,30.66339686098655,3,no,southeast,2156.7518
47,male,32.56,3,yes,southeast,40941.2854
52,male,38.9,0,no,southwest,5972.378
26,male,37.82995192140842,1,no,southeast,3490.5491
42,male,31.73,0,no,southwest,8322.064032924172
20,female,31.92,1,yes,northwest,18294.635789628144
62,female,32.965,3,no,northwest,15612.19335
47,male,25.935,3,no,northeast,4239.89265
19,female,30.66339686098655,2,yes,northwest,13270.422265141257
41,male,28.465197208134512,1,yes,northwest,11396.9002
