age,sex,bmi,children,smoker,region,charges
60,male,25.74,0,no,southeast,12142.5786
39,female,30.66339686098655,1,yes,southeast,4185.0979
28,female,34.99425149400782,1,no,northeast,1759.338
34,male,27.28,2,no,northeast,12199.670495489529
18,male,39.517549178566185,1,no,southeast,1135.9407
36,male,26.41,1,no,northwest,13270.422265141257
36,male,28.55757144509214,3,no,northeast,7228.21565
19,male,28.7,0,yes,southwest,1253.936
39,male,24.32,0,no,northeast,8534.6718
50,male,25.9,0,yes,northwest,8827.2099
32,male,31.92,0,no,southeast,32276.61563160217
39,female,26.03,2,yes,northwest,16450.8947
29,female,30.66339686098655,0,no,southeast,19594.80965
46,male,30.36,1,yes,southeast,62592.87309
20,female,24.367388236205365,0,yes,southeast,2457.21115
32,male,31.255,-2,no,southeast,1909.52745
30,male,43.12,1,no,southwest,4753.6368
51,male,33.915,0,no,southwest,9866.30485
34,male,30.21,0,yes,northwest,43943.8761
26,female,29.92,1,no,southeast,10449.47349263549
49,male,47.74,5,no,southeast,7325.0482
58,female,22.77,0,no,southeast,11833.7823
47,female,26.315,2,no,southeast,13270.422265141257
31,male,26.41,3,no,northwest,19199.944
19,female,32.49,0,no,northwest,21372.99531649232
44,female,17.67,1,no,southeast,7633.7206
