age,sex,bmi,children,smoker,region,charges
46,male,30.495,2,yes,northwest,40720.55105
27,male,30.66339686098655,3,no,southeast,26140.3603
28,male,32.301315889863524,0,no,southwest,-2768.1291428613067
46,male,43.639037836341195,1,no,northeast,8334.5896
39,female,27.1,1,no,southwest,4827.90495
26,female,31.825,1,no,southwest,2719.27975
21,male,25.8,0,yes,southwest,2007.945
51,female,38.06,0,no,southeast,7144.86265
27,female,30.66339686098655,1,no,southeast,3577.999
39,male,36.541698974382705,0,no,southeast,1532.4697
25,male,27.55,1,no,northeast,16328.295144762997
62,female,32.965,3,no,northwest,24158.15673884615
57,male,27.94,1,no,southwest,23318.096502852975
18,male,27.265,1,no,northeast,2203.47185
52,male,36.7,3,no,southwest,9144.565
40,male,40.37,1,no,southeast,10982.5013
21,male,22.3,1,yes,southwest,2103.08
19,female,39.05,3,no,southeast,16085.1275
36,male,26.7,1,yes,northeast,20773.62775
57,female,32.775,3,no,northwest,40003.33225
12,male,34.4,0,no,southwest,8965.79575
22,male,25.843000679695365,0,no,southeast,2483.736
22,male,22.895,2,no,northwest,21098.55405
64,male,30.02,2,no,southwest,13270.422265141257
26,female,25.6,0,yes,northwest,13270.422265141257
24,male,33.63,4,yes,northeast,17128.42608
