age,sex,bmi,children,smoker,region,charges
60,male,28.595,0,no,southeast,13270.422265141257
21,male,23.21,0,no,southeast,10203.04690657742
41,male,23.75411249829779,0,no,southeast,6664.68595
22,female,34.8,3,no,southwest,49577.6624
39,male,30.66339686098655,1,no,northwest,2128.43105
30,female,34.06605950743099,1,no,southwest,19630.811226449303
50,female,27.83,3,yes,northwest,19749.38338
35,male,37.3,1,no,southwest,4751.07
42,male,28.9,1,yes,southwest,8277.523
48,male,34.39,0,no,northwest,3949.2855218736004
64,female,35.97,1,no,southeast,14313.8463
67,male,36.96,2,yes,northwest,3443.064
57,male,27.835,0,no,southwest,6250.435
29,male,32.11,2,no,southeast,4433.9159
23,male,24.51,1,no,northeast,2396.0959
55,male,30.5,0,no,northwest,1242.816
51,male,21.755,1,no,northwest,13270.422265141257
52,male,30.66339686098655,2,no,southeast,6500.2359
21,female,25.8,0,no,northwest,2007.945
18,female,31.2,2,yes,southeast,8116.26885
36,male,22.135,0,no,southeast,7228.21565
59,female,32.395,3,no,northeast,8613.01116726649
48,female,25.85,3,yes,southeast,24180.9335
39,female,31.431361340586115,3,no,southeast,9301.89355
35,female,36.67,0,no,northeast,39774.2763
19,male,31.105296769128337,1,yes,southwest,9861.025
