haematocrit,haemoglobins,erythrocyte,leucocyte,thrombocyte,mch,mchc,mcv,age,sex,source
25.19028898325772,12.749350256875191,4.875031774952313,8.5,207,19.8,33.5,66.2,67,F,0
38.3,12.7,4.71,11.3,330,28.2300392867936,33.0,81.3,29,M,0
41.5,13.2,4.544802055001511,4.809224722131961,292,29.2,31.8,85.7,60,M,0
38.22611060743427,9.7,4.544802055001511,19.79569738328456,320,29.0,33.01859978449614,83.7,54,F,1
36.894974736575826,11.5,5.79,8.6,292,30.6,33.33647627682079,92.3,68,F,0
36.7,12.7,4.27,10.7,258,29.7,34.6,84.61133272892113,61,F,0
41.6,11.548548520118347,4.071806950991193,6.0,225,24.0,30.3,86.9,60,M,0
44.9,12.749350256875191,5.24,17.0,253,29.8,33.33647627682079,85.7,66,M,1
33.4,11.3,5.16,6.2,242,29.5,33.8,87.8,28,M,0
37.2,12.4,4.01,7.5,267,30.547254483765165,33.3,92.8,29,F,0
31.6,11.3,4.12,12.1,235,27.2,34.60438666006469,83.97611996260073,45,M,1
42.4,14.7,4.64,6.6,156,31.202100619104982,34.7,88.8,65,F,0
36.7,12.1,3.64,9.0,391,33.5,34.6,100.8,87,F,1
30.8,9.9,4.485569356687336,7.0,211,26.6,32.1,82.8,46,M,1
38.2,13.2,4.75,9.702396575738241,67,27.8,34.6,84.61133272892113,32,M,1
39.8,16.8,4.55,8.715533393774555,250,28.4,32.4,87.5,77,F,1
43.9,14.6,4.3,6.4,77,28.2300392867936,33.3,83.5,33,F,0
28.9,9.2,4.89,6.749039947132024,150,18.8,35.1,79.6254493622848,8,M,0
39.2,13.4,4.62,10.5,230,29.0,32.49490194926492,93.06470336584962,65,M,0
33.23336290929207,14.0,4.736500266545928,6.0,276,28.3,32.03560088080913,91.94221707798724,62,M,0
42.385848283902206,9.4,3.22,8.715533393774555,51,29.2,34.2,85.4,29,M,0
34.9,11.8,4.15,7.0,258,28.6,33.8,84.7,40,M,1
38.22611060743427,14.72945250961283,5.63,8.0,299,29.3,34.0,86.1,15,M,1
48.0,13.127579542763785,5.87,11.7,282,30.10816659529678,33.2,81.8,46,M,0
37.0,19.069956770741037,4.77,9.5,150,31.0,35.5,87.4,66,M,1
41.7,12.2,4.67,9.8,130,29.36042449034158,32.7,79.2,62,M,1
