age,sex,bmi,children,smoker,region,charges
48,male,27.075,0,yes,southeast,1625.43375
36,male,17.718389034291416,1,no,northwest,26109.32905
15,male,27.442100964950928,1,no,northwest,6406.4107
23,male,23.95454226599746,1,no,northwest,16404.15561972982
42,female,33.7,2,no,southwest,6059.173
45,male,30.9,1,no,southwest,22082.75744744618
39,female,26.73,0,yes,southeast,13831.1152
34,female,30.66339686098655,0,no,southeast,5989.52365
58,female,36.67,1,no,southeast,13270.422265141257
39,male,28.785,0,no,southeast,3385.39915
30,female,9.244633997716686,3,yes,northeast,5693.4305
45,male,30.66339686098655,2,yes,southeast,24462.39767950619
56,male,36.1,3,no,southeast,12363.547
50,male,38.49899061400876,3,yes,southeast,13270.422265141257
40,male,30.875,4,no,southwest,30380.293120274055
60,female,29.83,2,no,southeast,6406.4107
18,female,53.13,0,no,southeast,1163.4627
19,male,28.7,0,no,southwest,1253.936
23,male,32.7,3,no,southwest,3591.48
38,male,29.5,2,yes,northeast,15820.699
39,female,31.35,0,no,northeast,2709.1119
35,male,28.9,3,no,southwest,5926.846
25,male,30.66339686098655,3,no,southwest,9872.701
19,male,32.3,1,no,southeast,8765.249
39,female,27.6,0,no,southwest,18955.22017
37,female,18.335,2,no,northwest,13204.28565
59,female,26.125,1,no,southeast,12622.1795
63,male,33.66,1,yes,southeast,15161.5344
56,male,32.11,1,no,northwest,10976.24575
36,male,27.55,1,no,northwest,9788.8659
41,female,28.405,1,no,southwest,25656.57526
38,female,19.95,2,no,northeast,2454.23102398622
50,female,31.255069973086567,0,no,southwest,6664.68595
27,male,26.03,0,no,northeast,3070.8087
63,male,24.520746900261326,4,no,northwest,7726.854
18,male,43.01,0,no,northwest,1149.3959
18,male,33.77,1,no,southeast,42.86224460395783
39,male,43.4,0,no,southwest,24216.439184126026
35,male,17.86,1,no,northwest,5116.5004
44,female,40.5,0,no,southwest,23219.281639376342
36,male,28.025,1,yes,northeast,20773.62775
19,female,30.66339686098655,1,yes,southwest,13270.422265141257
19,male,24.51,1,no,northwest,1708.92575
45,male,30.66339686098655,0,no,northeast,20296.86345
50,female,38.81558406020969,1,yes,southeast,20709.02034
58,female,37.0845502791162,0,no,northeast,-25099.970398517966
26,male,42.75,1,yes,northeast,13270.422265141257
62,female,36.86,1,yes,northeast,31620.00106
51,male,23.1,0,no,southeast,8548.885551124044
40,male,28.57018732591033,0,no,northwest,13270.422265141257
54,male,33.725,0,no,northeast,13555.0049
61,female,23.75,0,no,northeast,11729.6795
