age,sex,bmi,children,smoker,region,charges
40,male,25.175,0,no,northwest,13270.422265141257
29,male,42.4,1,yes,southwest,3481.8415661204926
56,male,34.43,0,no,southeast,-4258.062059955866
50,male,30.0,0,no,northeast,22144.032
64,female,22.99,0,yes,southeast,27037.9141
53,female,46.2,4,no,southwest,22090.31612921055
40,male,26.885,0,no,northwest,13346.37481203089
20,male,27.3,0,yes,southeast,16232.847
19,male,35.4,0,no,southwest,1263.249
39,female,34.751363968687194,1,no,southeast,13270.422265141257
39,female,28.05,1,yes,southeast,2789.0574
43,female,22.99,2,no,northwest,8310.83915
35,male,30.66339686098655,1,no,northwest,5630.45785
39,female,26.315,2,no,southeast,7201.70085
18,female,30.685,0,no,northeast,1704.5681
42,female,31.6,2,no,southwest,10118.424
40,male,23.37,5,no,northeast,8252.2843
40,female,39.91909488802551,1,no,southeast,6500.2359
18,female,37.29,2,no,southeast,1141.4451
61,male,23.655,0,no,northeast,24520.264
20,male,27.7345427310364,0,yes,northwest,34472.841
64,female,39.05,3,yes,northwest,16085.1275
45,male,34.033003115499774,0,no,southeast,8240.5896
32,male,32.11,1,no,southeast,25333.33284
23,male,30.66339686098655,1,no,northwest,8233.0975
35,male,25.2,0,no,southwest,11837.16
