haematocrit,haemoglobins,erythrocyte,leucocyte,thrombocyte,mch,mchc,mcv,age,sex,source
36.8,12.4,4.69,-2.8507185720151136,258,23.2,32.3,78.5,1,F,0
45.2,15.2,5.31,7.1,276,27.075200369023324,33.6,84.61133272892113,62,M,0
42.7,13.8,4.77,8.5,252,28.9,34.2882607087503,89.5,69,M,1
43.12662593738061,12.749350256875191,4.06,7.5816829890335224,265,31.3,34.4,84.5,66,M,1
27.8,9.3,3.9730759213589666,12.8,306,29.1,33.5,93.6,75,M,1
35.6,12.749350256875191,4.32,17.9,195,27.3,33.33647627682079,82.4,27,M,1
25.5,6.810441235815879,4.544802055001511,36.0,284,28.7,38.4,86.1,59,F,0
45.4,13.73110473181078,5.3,8.715533393774555,145,30.0,35.80107710586889,85.7,83,M,1
35.7,14.4,4.65,7.384496766942515,263,31.0,34.5,89.7,36,M,0
44.8,8.0,2.68,9.7,105,29.9,33.6,88.8,88,M,0
36.3,12.1,4.29,8.1,28,28.2,33.3,84.6,82,F,1
42.712540738728606,13.8,5.0,7.3,289,26.183265106054886,32.6,85.2,22,M,0
22.5,8.1,2.5161992776949544,4.6,143,28.2300392867936,36.60063295084936,82.7,70,M,0
23.8,13.13349652749764,5.48,2.7,158,27.4,33.5,68.15535206735414,36,F,0
35.0,15.6,3.717075296915345,7.3,195,31.3,33.33647627682079,94.3,66,M,1
37.696848960598274,13.3,5.44,1.0096477998300575,180,27.6,34.3,78.88524784967487,48,M,0
47.7,13.1,3.97,3.6,141,28.2300392867936,33.0,84.61133272892113,46,M,0
32.1,10.2,4.06,8.715533393774555,325,25.1,32.44345811402289,79.1,81,F,1
28.4,9.3,4.61,8.5,377,23.4,32.7,80.75316384885097,68,F,1
37.8,13.8,5.25,7.2,242,29.6,31.8,90.5,74,F,0
40.8,14.2,5.37,5.8,54,26.4,34.8,95.0,18,M,0
39.395295938890115,19.766084614141327,5.64,6.7,258,28.7,28.4,89.1,44,M,1
29.8,9.9,4.544802055001511,8.0,232,28.23133389378621,33.2,84.63765133376053,55,F,0
36.8,11.7,4.439875571704855,12.2,439,28.11417648284092,36.5,79.8,46,F,0
38.22611060743427,11.6,5.26,15.1,348,29.7,34.8,84.6,12,M,0
38.22611060743427,14.8,5.32,5.0,315,27.8,34.2,81.4,86,F,0
