haematocrit,haemoglobins,erythrocyte,leucocyte,thrombocyte,mch,mchc,mcv,age,sex,source
21.0,10.881469165397673,4.07,3.8,335,25.2,34.2,85.1,59,M,0
48.3,12.749350256875191,4.162266671234461,8.4,60,30.0,36.33114959024303,82.6,21,M,0
40.3,12.422835513252014,4.86,0.21157599639763536,440,27.8,29.0,84.61133272892113,54,F,1
37.1,13.8,4.68,7.8,238,29.5,37.2,79.3,64,F,1
24.4,8.1,3.56,14.7,157,33.23009634253659,33.2,89.48536424627781,65,F,0
33.2,9.1,3.9,6.6,150,23.9,37.0,81.6,18,F,1
33.68887523988389,11.5,4.544802055001511,12.85418218228613,383,28.2300392867936,32.74089290080671,82.2,45,M,0
45.1,14.7,5.52,10.4,320,26.6,32.6,81.7,66,M,1
35.6,11.727237398087642,3.7297498529308397,8.6,301,29.5,33.4,88.3,43,F,1
25.855089953876107,12.749350256875191,2.82,9.5,247,29.8,33.33647627682079,91.9,73,F,0
48.85141672149638,14.4,5.3,1.8,150,27.2,33.2,59.7,14,M,0
40.6,13.8,4.47,19.6,79,28.2300392867936,34.0,90.8,16,M,0
45.3,13.5,4.87,8.715533393774555,319,29.17006578152112,33.22989172504222,80.3,43,M,1
42.5,13.9,5.3,6.3,247,26.51524419189905,34.5,74.03925317173405,27,F,0
31.9,11.0,4.01,13.031006172330331,232,27.4,35.3,79.6,33,M,0
44.9,14.8,5.35,5.1,258,27.7,33.0,83.9,41,M,0
39.5,15.0,4.61,21.4,294,30.2,33.33647627682079,85.7,46,M,0
32.8,17.1,5.66,8.5,258,30.2,35.4,90.51967269541598,70,M,0
43.0,13.8,5.27,4.3,444,26.2,32.89599713356603,85.1,46,M,0
32.5,10.9,4.797363435531422,12.7,238,27.9,33.5,84.61133272892113,46,F,1
38.22611060743427,19.991741134850404,3.44,8.469437517733503,290,28.8,34.6,83.2,74,M,0
35.9,12.2,4.46,3.2,218,27.4,34.0,80.5,3,M,0
45.05426746990317,12.6,4.333123410935493,14.4,221,28.3,33.0,84.18539670172396,40,F,0
42.0,13.7,4.544802055001511,8.715533393774555,366,27.3,32.6,85.5,55,M,0
34.8,11.2,4.24,8.5,357,29.52406005078838,32.2,82.1,88,F,1
38.22611060743427,7.5,3.75,10.4,354,28.3,34.5,93.3,75,M,0
