age,sex,bmi,children,smoker,region,charges
36,male,41.895,0,no,northwest,43753.33705
39,female,29.92,0,no,southeast,4889.0368
28,female,25.8,0,no,northwest,3161.454
24,male,21.47,1,no,northwest,12609.88702
49,male,25.84,2,no,southeast,23807.2406
31,male,31.994440609791983,1,no,southeast,3875.7341
17,male,16.815,3,no,northeast,6640.54485
22,male,27.835,2,yes,northwest,-10721.868858764312
29,male,29.59,0,no,southeast,3947.4131
54,male,30.115,1,yes,northeast,2203.47185
37,female,26.4,0,yes,southeast,19539.243
55,female,39.6,1,no,northwest,26992.483557209383
42,male,35.75,1,yes,southeast,7804.1605
44,male,30.69,2,no,southeast,7731.4271
23,female,32.01,1,no,southeast,13270.422265141257
40,male,30.66339686098655,1,yes,northeast,39125.33225
37,male,31.08836013265574,3,no,southeast,7281.5056
49,male,21.55893766346673,2,no,southeast,11850.208849309767
39,female,39.49,0,no,southeast,2026.9741
54,female,30.66339686098655,1,no,southeast,10928.849
26,female,23.655,1,no,southeast,18765.87545
41,male,23.7,0,no,northeast,1631.8212
48,male,40.15,0,no,southwest,38282.7495
39,female,26.79,5,no,northeast,13270.422265141257
58,female,28.12,0,no,northeast,-4199.783655229862
19,male,38.79100034282376,0,yes,southeast,11482.63485
