age,sex,bmi,children,smoker,region,charges
41,male,34.43,0,yes,southeast,13270.422265141257
50,female,20.1,1,no,southwest,12032.326
62,male,41.895878870745165,0,no,southwest,13270.422265141257
18,male,21.565,0,yes,northeast,25382.297
18,male,29.37,1,no,southeast,1719.4363
76,female,33.8,1,yes,southwest,47928.03
52,female,35.01304905231523,1,no,southeast,11763.0009
28,male,35.435,0,yes,southwest,6600.20595
59,female,31.825,2,no,northeast,1887.740511359867
53,male,36.19,0,no,southeast,19214.70553
45,male,30.66339686098655,0,no,southeast,13063.883
62,female,32.395,0,no,southeast,13451.122
23,male,33.55851310933663,0,no,northwest,1743.214
24,male,32.01,0,yes,southeast,-34745.15462160498
21,male,31.255,0,no,northwest,4133.64165
19,male,39.425,0,yes,southeast,13270.422265141257
36,male,20.615,1,yes,southeast,46068.17039354966
58,male,23.181861440340388,0,yes,southeast,11743.299
12,male,25.84,2,yes,northwest,38472.64354201481
24,female,33.04052871906133,0,no,northeast,13270.422265141257
44,male,25.9,1,no,northwest,5472.449
35,female,20.6,2,no,southwest,6933.24225
21,male,30.66339686098655,2,no,southwest,7265.7025
39,male,24.89,1,yes,northeast,11591.306645251898
39,female,28.12,3,no,northwest,11085.5868
45,male,22.895,0,yes,northeast,35069.37452
47,male,38.94,2,yes,southeast,44202.6536
33,female,34.27592777290036,3,no,northwest,2727.3951
25,female,30.66339686098655,1,no,northwest,3392.3652
54,female,24.6,3,yes,southeast,13747.87235
39,male,40.37,0,no,southeast,14269.17752783398
33,male,39.25233699102964,1,no,southeast,18046.172596144454
18,male,40.26,0,no,southeast,13270.422265141257
38,female,40.15,0,no,southeast,5400.9805
25,male,20.8,2,no,southeast,3208.787
39,male,28.9,0,no,southwest,12146.971
34,female,31.92,1,yes,northeast,37701.8768
39,female,32.395,0,no,northeast,14590.63205
32,female,30.66339686098655,0,no,northeast,18033.9679
47,female,28.964508466853047,0,no,southwest,9414.92
51,female,19.475,0,no,southwest,36438.133918585416
44,male,27.74,0,no,northwest,11160.952752314672
48,female,27.93,0,no,northwest,2462.8141276337556
39,male,30.66339686098655,3,yes,southeast,42124.5153
28,female,25.935,4,no,northeast,1909.52745
32,male,30.8,3,no,southeast,5253.524
19,female,20.3,0,no,southwest,11272.33139
48,female,32.60919812888968,0,yes,southeast,8280.6227
41,female,34.6,0,yes,southwest,2020.177
43,male,19.95,3,no,northeast,4005.4225
40,male,22.22,2,no,southeast,19444.2658
54,male,29.235045995162345,-1,no,southwest,10450.552
