age,sex,bmi,children,smoker,region,charges
47,male,30.66339686098655,0,no,southeast,8569.8618
42,male,29.0,1,no,southwest,7050.642
18,male,41.14,0,no,southeast,7173.70572648546
62,male,29.26,0,no,southeast,11362.755
32,female,37.145,3,no,northwest,13270.422265141257
23,male,36.29,4,no,northeast,6551.7501
28,female,37.51,2,yes,southeast,5080.096
52,male,33.25,3,no,northeast,13270.422265141257
40,female,29.735,3,yes,southeast,4357.04365
39,female,16.815,0,no,northwest,9174.13565
45,male,20.35,0,no,southeast,8605.3615
20,female,31.92,0,no,northeast,-9737.204695548564
42,female,25.3,1,no,southwest,9788.8659
33,male,22.515,0,yes,southeast,13270.422265141257
39,male,30.66339686098655,1,no,northeast,13881.530645462675
39,female,31.2,1,no,northwest,20701.618046717005
44,male,36.955,1,no,northeast,1141.4451
46,female,17.8,0,yes,northeast,13747.87235
54,female,28.8,1,no,northwest,12479.70895
32,male,28.88,0,no,northwest,3866.8552
21,female,31.635,1,no,northeast,13270.422265141257
26,male,31.065,1,no,northwest,2699.56835
59,male,32.775,1,no,northwest,1694.7964
60,male,28.9,0,no,southwest,3991.194329832617
62,male,38.095,2,no,southeast,21272.585240817716
39,male,36.16382622995475,5,no,southeast,8596.8278
51,male,31.46,1,no,southeast,27000.98473
54,male,15.96,5,no,southeast,11289.10925
51,female,29.792243711788835,1,no,southwest,9377.9047
18,female,26.125,2,no,northeast,1708.92575
34,female,39.05847292061766,0,no,northwest,8604.48365
18,male,25.745,1,no,southeast,9301.89355
39,female,37.228258033663344,0,no,southeast,9866.30485
59,female,33.155,2,yes,southwest,5257.50795
39,male,25.27,1,yes,northwest,4894.7533
39,female,30.66339686098655,1,no,northwest,21677.28345
18,female,31.478970218064433,1,no,southeast,13270.422265141257
61,male,37.105183894575035,0,yes,northwest,17352.6803
43,female,31.0,1,no,southwest,16017.657316248427
60,female,38.06,0,no,northwest,12648.7034
37,male,32.8,1,no,southeast,1712.047058741422
30,male,37.43,3,no,northeast,5428.7277
32,male,30.66339686098655,0,no,southeast,4058.1161
25,female,43.84098318480957,1,no,northwest,3227.1211
31,female,35.7,1,no,southeast,4350.5144
46,male,32.12,2,no,southeast,2801.2588
51,female,14.245786387891192,1,yes,northeast,8652.733786312201
21,male,20.15434515029184,1,yes,northwest,2789.0574
18,male,37.29,0,no,southeast,8023.13545
46,male,30.2,2,no,southwest,20212.257301090387
60,male,35.51096898593483,0,no,southwest,48173.361
61,female,30.66339686098655,4,no,southeast,4133.64165
