haematocrit,haemoglobins,erythrocyte,leucocyte,thrombocyte,mch,mchc,mcv,age,sex,source
40.6,13.8,4.1620442409196645,13.1,258,28.2300392867936,31.372589507861072,90.2,56,M,1
43.5,14.7,5.81,7.3,342,25.3,33.8,74.9,38,F,0
31.0,11.617728792531718,4.544802055001511,9.634630205593801,180,28.2,34.2,79.6,51,M,1
44.3,15.09106249361265,5.5,6.8,332,29.8,33.33647627682079,84.61133272892113,34,M,0
32.9,15.6,3.57,11.3,296,28.2300392867936,33.33647627682079,92.37150067852386,50,F,0
48.192353517934045,15.9,5.67,3.8,10,28.0,34.8,80.6,11,M,0
34.4,11.3,3.72,4.6,224,30.4,32.8,92.5,58,M,1
37.22518125711828,15.7,4.544802055001511,1.267032508136503,296,28.8,34.34448586070478,85.3,51,M,0
37.1,12.056014104003577,4.45,7.5,202,22.3,32.3,97.4,9,F,0
43.7,14.6,4.1097193028496015,9.1,433,28.0,33.4,83.9,58,F,0
52.6,12.749350256875191,5.227626642871398,15.6,325,29.3,34.0,86.2,62,M,0
47.8,15.6,5.33,14.112091722749671,274,32.01488620794777,32.6,89.7,43,M,1
43.1,14.5,4.57,8.715533393774555,216,31.7,33.6,84.61133272892113,46,M,0
28.0,8.7,3.56,8.2,234,24.4,31.1,78.7,24,F,1
38.22611060743427,8.3,2.82,11.4,197,29.376664578024975,33.8,90.1,74,M,1
39.2,9.7,4.36,6.6,274,33.0,33.6,98.2,19,M,0
46.9,16.3,5.2,15.5,266,31.3,34.8,78.1,43,M,0
37.2,12.8,3.81,2.1674417258137,301,28.8,34.4,80.9,31,M,0
42.4,12.4,5.68,24.9,258,27.6,32.7,81.9,24,M,0
37.02982241571668,11.0,3.8500280842022936,8.1,88,25.241471982002917,34.4,71.7,7,M,1
46.5,13.2,6.13,8.715533393774555,227,21.5,29.0,82.48726749350513,57,M,0
35.709707043032495,12.5,5.37,6.3,461,23.3,32.4,91.77352589709187,23,M,0
47.2,15.6,5.08,12.1,291,30.7,35.7,83.29294065208589,46,M,1
38.22611060743427,12.749350256875191,3.87,9.0,262,31.453142985852764,35.983049169822735,82.4,86,M,1
39.4,13.2,4.27,10.2,205,32.0,33.5,95.4,77,M,0
38.2,10.991717928594195,4.34,7.3,89,29.3,33.546793509409895,88.0,30,F,0
