haematocrit,haemoglobins,erythrocyte,leucocyte,thrombocyte,mch,mchc,mcv,age,sex,source
40.085430487083016,14.095492380825503,5.038877229003982,8.715533393774555,236,33.5,33.33647627682079,102.57413381043298,64,F,1
29.9,13.2,5.31,10.2,-37,32.6,33.060832601863986,90.6,72,M,1
40.6,13.4,4.96,8.0,383,28.2300392867936,31.9,81.9,41,M,0
43.0,12.749350256875191,4.95,3.0,77,30.3,32.480421454944654,86.9,35,M,0
35.97781046314127,14.4,4.544802055001511,5.368174845895835,182,29.1,34.1,85.3,24,M,1
39.4,11.182164805884241,3.51,21.1,258,20.2,34.1,85.2,45,M,1
32.6,12.749350256875191,3.16,9.3,349,31.951548930362545,33.7,103.2,87,F,1
43.5,14.3,5.06,6.4,345,28.3,32.9,86.0,32,M,0
35.8874666397469,11.8,4.25,5.8,408,27.8,33.33647627682079,83.33172738944222,46,M,0
30.9,10.1,5.357389569597387,8.715533393774555,1121,30.71565986447723,32.0,81.86127159679693,46,M,1
38.3,11.4,5.43,13.4,633,21.0,29.8,70.5,53,F,0
32.4,14.3,5.463943183270698,2.2,258,29.1,32.1,62.9,12,M,1
38.2,13.3,4.78,3.2,87,27.8,34.8,79.9,48,M,1
33.2,11.2,4.27,7.2,235,32.3,33.7,84.61133272892113,93,M,0
24.6,12.3,5.14,4.9,258,23.9,32.4,73.9,3,M,0
38.6,13.4,4.53,4.3,60,29.6,34.7,85.2,44,F,1
35.1,13.08637810079175,4.544802055001511,6.7,166,31.7,33.6,94.4,75,F,1
38.22611060743427,14.1,3.7564633064354465,7.3,243,28.2300392867936,33.0,83.82598993742846,74,M,0
40.9,13.8,3.47,11.6,270,32.3,33.7,95.8,72,F,0
38.2528974926057,10.6,4.91,6.66063435412887,264,27.192340189047005,33.2,86.6,-6,M,0
38.22611060743427,11.0,5.01,7.2,168,31.1,31.91107149626622,95.4,75,M,0
31.8,10.3,3.27,15.066277922316868,109,31.5,32.4,97.2,84,M,0
31.7,11.288891003688018,3.15,15.4,174,32.4,33.4,96.8,75,F,0
36.0,11.6,3.9,11.3,262,22.08925144960171,32.4586441481625,84.61133272892113,37,F,0
33.7,10.8,3.94,10.756588067987941,238,27.4,32.0,70.5,52,F,1
38.8,13.2,4.96,6.1,319,26.6,34.5,57.0,46,F,0
