haematocrit,haemoglobins,erythrocyte,leucocyte,thrombocyte,mch,mchc,mcv,age,sex,source
37.6,10.6,3.73,13.3,272,28.4,33.0,84.62974527725775,14,M,0
43.07209693252245,15.9,5.35,10.3,235,29.7,33.8,97.1667845717578,56,M,0
38.22611060743427,7.8,3.26,10.5,258,30.4,33.33647627682079,89.6,75,M,1
45.69654896931856,14.0,4.87,5.1,285,24.68200390185724,35.2,81.7,46,M,0
32.1,12.4,5.35,8.2,318,26.0,33.0,78.8,37,F,0
34.1,11.0,3.507509802250336,0.488643345736655,78,28.75877446573862,34.4,93.2,70,M,0
42.9,15.467079351980606,3.964985558797541,11.5,179,30.4,30.2,84.05741885544563,64,M,0
28.9,9.9,3.38,11.2,26,28.2300392867936,28.9,85.5,31,F,1
24.1,13.4,4.55,8.5,434,29.5,33.6,87.7,28,M,0
43.4,15.0,5.01,6.2,423,29.9,34.6,86.6,57,M,0
34.692601832344295,12.9,3.66,0.8995742555074839,130,29.9,34.0,83.6,46,F,1
37.1,8.1,4.544802055001511,5.0,210,18.5,33.6,61.4,24,F,1
40.7,11.09888385436906,4.87,8.22183821641985,236,28.7,31.18247584283825,88.1,67,M,0
44.7,14.648372557555733,5.54,20.8,269,25.7,34.7,80.7,54,M,0
38.8,13.7,4.42,6.3,274,31.0,35.3,87.8,72,F,0
38.22611060743427,11.0,3.51,14.333676276463287,74,29.7,34.40197218992064,109.80837555831606,74,M,0
44.3,15.2,5.17,4.1,506,29.4,33.33647627682079,89.2,46,M,1
39.7,13.6,4.27,8.715533393774555,80,28.4,34.3,84.61133272892113,39,F,0
38.1,15.3,4.544802055001511,10.6,199,31.0,33.9,91.6,72,M,0
40.0,14.0,4.49,6.9,194,31.2,35.0,89.1,22,F,1
33.3,12.749350256875191,5.046487616345399,7.5,224,22.1,32.1,84.61133272892113,79,F,0
40.3,12.749350256875191,4.37,10.2,439,31.3,31.80910420805164,92.2,66,F,0
36.5,12.5,3.200466663711153,5.0,116,28.2300392867936,34.2,89.5,61,F,1
39.6,12.2,4.72,8.715533393774555,258,25.8,32.42846406397067,83.9,68,F,1
58.1,13.5,4.4,7.0,166,30.620542192291296,33.6,91.4,49,M,0
37.78753823625392,8.203703735372565,5.11,11.0,614,33.64719443881064,31.9,90.5,49,F,0
