age,sex,bmi,children,smoker,region,charges
58,female,24.605,2,no,southwest,21259.37795
36,male,29.37,1,yes,southeast,14641.124583452034
56,female,26.22,1,no,northwest,18804.7524
34,male,30.8,0,yes,southeast,13270.422265141257
39,male,27.311405358240034,1,yes,southeast,13270.422265141257
21,female,25.745,-1,no,northeast,3279.86855
19,male,20.3,0,yes,southwest,1242.26
31,female,13.340760756430845,3,no,southeast,4391.652
19,female,27.492707477124764,1,yes,southwest,16884.924
29,female,28.05,2,no,northeast,2155.6815
42,female,30.66339686098655,1,no,northeast,11944.59435
40,male,29.355,1,no,southeast,6393.60345
47,male,33.915,3,yes,southeast,10115.00885
31,male,37.36590363314288,4,no,southeast,1137.011
37,female,30.78,2,yes,southwest,39160.550431982636
18,male,22.99,1,no,northeast,1704.5681
50,male,30.66339686098655,0,no,southeast,36451.34761737022
46,female,39.9,0,no,northeast,2007.945
35,female,33.345,2,no,northeast,35147.52848
57,male,28.785,2,no,southeast,14394.39815
39,male,35.86,0,no,southeast,1986.9334
60,male,25.8,1,no,southwest,47504.40327660222
51,male,24.415,4,no,northeast,45008.9555
18,male,27.36,1,yes,northeast,17178.6824
64,female,26.98,1,no,northwest,30166.61817
24,male,28.5,0,no,northeast,10370.91255
