age,sex,bmi,children,smoker,region,charges
40,female,41.895,1,no,northwest,46200.9851
42,male,38.06,1,no,southeast,7152.6714
18,female,30.66339686098655,1,no,southeast,2219.4451
44,male,40.44464322845086,1,no,southwest,22228.28316591493
39,male,30.66339686098655,5,yes,northwest,8965.79575
19,female,27.93,3,no,northwest,18838.70366
21,female,25.745,0,no,southeast,13270.422265141257
39,female,43.89,2,yes,southeast,28476.73499
18,female,38.665,2,no,northeast,3393.35635
43,male,34.96,1,no,southwest,1631.6683
7,male,41.23,1,yes,southeast,6610.1097
54,male,29.46925332404595,1,no,southeast,10928.849
39,male,28.2,0,no,southwest,13041.921
28,female,33.4,1,no,northeast,3172.018
63,male,27.5,3,no,southwest,8615.3
37,female,28.454881608739214,1,no,northeast,3652.7218023464266
20,male,27.3,0,yes,northeast,12411.34472951233
36,male,36.52,3,yes,northwest,5377.4578
60,female,18.335,0,no,southwest,13204.28565
64,female,44.0,0,no,northwest,20417.84684248771
18,female,41.69,0,no,southeast,8522.003
37,female,32.80048279623722,1,yes,southeast,37270.1512
43,male,36.85,2,yes,northeast,3279.86855
25,male,35.625,1,no,northwest,2534.39375
61,male,26.885,0,yes,southeast,29330.98315
51,male,37.0,0,no,southeast,13270.422265141257
