age,sex,bmi,children,smoker,region,charges
62,female,29.077137092574237,0,no,southwest,13462.52
55,male,36.955,3,yes,southeast,36219.40545
31,female,32.9,2,no,southwest,4931.647
49,male,18.905,2,yes,southeast,13270.422265141257
39,male,17.317810048302935,0,no,northeast,9361.3268
46,male,35.53,-1,yes,southeast,42111.6647
35,female,39.71,4,no,northeast,4837.5823
37,male,25.84,2,no,northeast,7228.21565
59,female,36.765,0,no,northeast,24915.04626
44,female,28.982961459536536,0,yes,southwest,13270.422265141257
24,female,36.85,0,yes,southeast,5383.536
44,female,41.908808454483506,1,no,southeast,4149.736
23,female,24.225,3,no,southwest,52570.706603838225
19,female,28.9,0,no,southwest,3208.254102706327
19,female,26.315,4,no,northeast,2198.18985
25,female,32.23,1,no,southeast,18218.16139
38,male,30.97,1,no,northwest,10600.5483
39,female,33.11,2,yes,southeast,27800.35874296559
60,male,30.66339686098655,1,no,northeast,13112.6048
39,male,26.41,2,no,northeast,42932.22123359314
57,female,27.075,4,yes,southwest,13270.422265141257
27,female,25.74,0,no,southeast,25992.82104
22,male,34.555665811519624,0,no,southeast,20335.50958855384
54,male,21.01,2,no,southeast,11013.7119
30,male,30.66339686098655,2,no,southeast,4449.462
19,male,22.61,1,no,southwest,1837.237
49,male,25.175,0,no,northeast,11931.12525
25,male,32.395,0,no,southeast,2137.6536
22,female,36.15274219049104,0,no,southeast,2156.7518
36,male,30.66339686098655,0,yes,southeast,5584.3057
52,female,41.8,2,yes,southeast,47269.854
46,female,22.732060190804326,0,no,southwest,10795.93733
37,female,29.431270382542873,2,no,southwest,15828.82173
34,male,34.21,0,no,southeast,-5242.002498707078
39,female,39.49,0,no,northeast,2480.9791
38,female,27.405989021335873,5,yes,southwest,36149.4835
35,female,32.87,1,no,northeast,47896.79135
44,female,38.06,0,no,northwest,49731.22538814569
62,female,39.93,0,no,southeast,32274.731679775956
26,female,29.92,1,no,southeast,23366.008968855
19,female,30.495,0,no,southwest,2128.43105
51,male,25.365,2,no,northwest,27322.73386
18,male,39.82,0,no,southwest,1633.9618
48,male,19.784441283417543,1,no,southeast,6500.2359
39,male,30.66339686098655,1,no,northeast,3500.6123
55,female,30.66339686098655,2,no,northwest,13270.422265141257
57,female,24.53,1,yes,northeast,28605.867975162448
19,male,29.9,5,no,southeast,13270.422265141257
30,male,24.4,2,yes,southeast,18259.216
35,male,27.93,1,yes,northwest,18838.70366
21,male,27.74,0,yes,southeast,20984.0936
24,male,33.99,0,no,southeast,2473.3341
