age,sex,bmi,children,smoker,region,charges
57,male,26.315,1,yes,northwest,6940.90985
55,male,26.41,2,no,southwest,7769.679626360876
40,male,34.2028280750801,1,no,southeast,6389.37785
35,male,34.32,2,no,southeast,5266.3656
47,female,23.6,1,no,southwest,8539.671
39,male,30.78,1,no,southwest,11576.13
59,male,19.855,2,no,southeast,7526.70645
64,male,41.42,0,no,southeast,7243.8136
34,female,36.311594169917335,4,no,southeast,14319.031
40,male,39.7,1,no,northwest,28476.73499
53,male,38.94,1,no,southwest,3471.4096
24,male,23.655,0,no,northwest,-7721.616695242807
45,male,31.79,2,no,southeast,17929.30337
43,male,27.8,1,yes,southwest,37829.7242
50,male,26.6,0,no,southwest,8444.474
56,female,36.251072078870294,0,no,northwest,12643.3778
45,male,30.495,2,no,northwest,3021.80915
19,female,27.93,3,no,northwest,18838.70366
58,female,28.215,0,no,northwest,13270.422265141257
36,male,30.66339686098655,0,no,northeast,4219.23332071
39,female,27.74,0,yes,northwest,29523.1656
35,female,36.48,3,no,southeast,6414.178
37,male,34.1,4,no,southwest,40182.246
42,male,30.66339686098655,2,no,southeast,11042.40548732749
54,female,31.9,1,no,southwest,13270.422265141257
31,male,27.909584431780576,1,no,southeast,16085.1275
