haematocrit,haemoglobins,erythrocyte,leucocyte,thrombocyte,mch,mchc,mcv,age,sex,source
32.37763619367702,10.7,3.62,8.715533393774555,185,29.6,35.2,79.76891688212024,75,M,0
23.4,13.2,4.261050438755799,16.706381233478893,284,29.5,33.33647627682079,85.7,51,F,1
36.5,12.7,3.82,7.6,241,33.2,33.33647627682079,95.5,59,M,1
43.3,14.4,4.95,6.1,299,28.49620098602049,33.3,87.5,51,M,0
53.2,17.0,4.394139657167486,6.1,12,32.1,33.63887433860935,72.4,7,M,1
46.0,10.8,5.468143288597195,6.3,309,29.7,33.9,87.6,15,M,0
45.6,12.749350256875191,5.44,9.6,434,26.3,36.4,83.8,28,F,0
33.5,15.6,4.544802055001511,3.2,144,29.06605367238512,31.092529640278364,94.4,79,M,0
38.4,16.7,3.93,18.8,258,28.9,34.4,87.9,54,F,0
38.22611060743427,13.3,4.4,8.715533393774555,238,30.2,32.9,84.61133272892113,19,M,1
39.7,13.2,5.01,13.9,436,30.5,33.2,79.2,52,M,1
44.8,14.9,5.35,10.2,441,27.9,33.3,84.72315962606676,13,M,1
36.6,13.173717389595407,4.78,6.1,258,27.612882207591134,34.2,85.6,21,M,0
23.3,8.7,2.88,-1.2703513111012033,113,30.2,37.3,84.61133272892113,46,M,0
38.22611060743427,12.6,4.29,8.2,308,29.4,28.4,88.0,75,M,1
43.5,13.610965567115263,2.66,16.9,500,30.8,36.0,97.0,63,M,1
43.41613398365432,13.5,4.66,16.4,324,30.1,29.4,82.8,21,F,0
40.2,13.4,3.76,6.0,64,28.2300392867936,33.3,76.6,46,M,1
40.268802626396,13.5,4.797068307954544,6.9,115,28.2300392867936,32.6,82.8,16,M,1
46.0,12.749350256875191,5.64,4.4,153,27.3,33.86502084044925,76.91771151976396,33,M,1
25.472253964569102,11.958114299306873,3.44,14.3,63,31.1,33.3,93.3,22,F,1
35.8,13.443710465312265,6.62,10.2,185,16.6,33.71915024204472,54.1,23,M,0
45.1,14.7,5.52,9.223152482787805,313,28.5993740237156,32.6,81.7,66,F,0
51.1,16.8,4.544802055001511,0.8710372622800175,258,27.4,32.9,61.4,22,M,0
37.9,12.4,4.79,2.9,361,25.9,32.7,79.1,32,F,1
36.5,10.9,4.8,10.1,510,22.7,29.9,72.31935896206151,47,M,0
