haematocrit,haemoglobins,erythrocyte,leucocyte,thrombocyte,mch,mchc,mcv,age,sex,source
56.83998334613658,12.749350256875191,5.21,6.054081548443213,258,29.0,30.803716525114552,84.5,67,F,0
40.2,18.03654691139222,5.84,9.1,36,29.5,34.1,86.7,53,M,0
45.7,15.2,5.5,5.1,275,27.6,34.3,83.1,55,M,0
46.42266665278961,14.7,4.544802055001511,11.6,285,23.8,33.9,97.2,59,M,1
45.5,13.0,5.42,8.7,678,24.18830045811567,29.921141286728716,83.9,29,M,0
41.5,13.5,5.058870488236829,11.3,470,24.9,32.5,90.77061450161243,20,F,0
44.3,13.3,4.33,6.5,354,30.7,33.8390398365501,92.8,58,F,0
26.0,9.4,5.06,7.0,275,22.8,31.6,85.8,75,M,0
38.0,7.706919893969825,5.29,10.345159762656913,472,22.5,31.3,73.9739525556573,42,M,0
36.345424551701704,12.749350256875191,4.95,6.8,265,28.7,33.3,59.9,48,M,0
43.6,15.797174433506603,4.9,14.3,212,26.9,30.3,89.0,46,M,0
43.0,14.2,4.544802055001511,10.6,258,27.6,33.33647627682079,84.61133272892113,67,F,1
33.6,10.0,4.53,10.9,673,29.122380527092165,29.8,74.2,21,F,0
31.1,8.7,3.586687839574285,14.418514003892076,416,18.671831642097594,30.9,61.5,1,F,0
33.2,11.6,3.87,14.1,252,30.0,34.9,71.9,99,F,1
39.4,13.2,4.085340579149004,9.5,216,28.2300392867936,33.5,88.1,15,F,0
34.5,11.3,3.71,13.8,274,30.5,32.8,93.0,64,M,1
38.22611060743427,16.0,5.5,11.1,387,27.9,31.5,65.49473790003194,88,F,0
37.4,12.0,5.58,14.6,274,21.5,32.1,67.0,68,F,0
29.373358835728045,14.7,4.38,31.6,145,29.7,34.1,87.0,46,M,1
33.2,11.2,2.360529781647503,7.2,235,28.2300392867936,33.7,95.7,93,M,1
46.6,11.80410522933469,2.66,8.715533393774555,325,26.6,32.69329616440023,84.61133272892113,23,F,0
32.4,10.7,3.84,13.9,409,21.8,33.33647627682079,84.4,46,F,0
35.2,15.5,5.14,7.1,335,27.223220345511812,33.8,89.1,-10,M,0
38.22611060743427,16.9,4.13,8.715533393774555,196,30.0,34.2,87.7,53,F,1
47.7,16.4,5.4,12.834884255475917,219,30.4,34.4,83.00804120571063,68,M,0
