age,sex,bmi,children,smoker,region,charges
43,male,30.66339686098655,0,no,northeast,2721.3208
26,female,31.590317012019177,1,no,southeast,6500.2359
38,male,22.6,0,no,northeast,2457.502
57,male,33.63,1,no,southwest,14639.513811033024
39,male,21.85,2,no,northwest,30406.327124432002
39,male,27.03106851587997,1,no,southeast,8310.83915
27,male,28.0,1,no,southeast,7742.1098
25,male,34.865,0,yes,southeast,7371.772
28,female,36.4,1,yes,northwest,51194.55914
54,male,32.775,1,yes,northeast,13270.422265141257
24,male,32.01,1,no,southeast,1981.5819
18,female,38.28,-1,no,southeast,35798.02745226769
32,female,37.335,1,no,northwest,1391.5287
45,female,33.44,0,yes,southeast,13270.422265141257
40,male,29.9,2,no,southwest,14931.42461133772
48,male,30.66339686098655,1,no,southeast,8978.1851
8,female,17.48,0,no,northwest,7782.412185616626
34,male,37.1,2,no,southwest,11944.59435
61,female,20.006328427922533,0,yes,northeast,13616.3586
62,female,32.965,0,no,northwest,15612.19335
39,male,47.41,0,yes,southeast,63770.42801
24,male,29.26,2,no,southwest,6457.8434
51,male,38.17,2,no,southwest,9182.17
39,male,27.83,0,no,southwest,1261.859
22,male,30.66339686098655,0,no,southeast,9672.798287496084
18,female,33.155,0,no,northeast,2498.4144
35,female,19.95,1,no,northwest,5630.45785
52,male,31.8655026091044,1,no,northwest,2485.768028761291
21,male,34.84950601513016,0,no,northwest,-2463.852061157135
28,female,27.74,0,no,southeast,12124.9924
39,male,30.8,2,no,southeast,41999.52
64,male,37.1,1,no,northwest,10713.644
53,male,28.6,3,no,southwest,11253.421
46,male,32.68,1,no,southwest,7147.105
37,male,37.145,3,yes,northeast,6334.34355
21,female,30.66339686098655,0,no,northeast,7469.880413413799
61,male,24.68909143431157,2,no,southeast,14119.62
60,female,38.38,-1,no,northwest,12950.0712
37,male,30.2,0,no,southeast,2457.502
28,female,34.4,0,yes,southwest,23065.4207
59,male,37.31784775275765,0,no,northwest,5469.0066
39,female,31.68,0,yes,northeast,34672.1472
32,male,36.005,0,no,northwest,3866.8552
36,male,37.1,1,no,southwest,3277.161
22,female,26.072204542878175,0,no,northeast,13270.422265141257
34,male,14.902774516454247,2,yes,northeast,4500.33925
51,male,30.05706500916953,2,no,southeast,23967.38305
44,female,27.5,1,no,southeast,7626.993
46,male,30.66339686098655,0,no,northwest,8026.6666
46,male,31.2,0,no,southwest,7623.514134832518
54,female,22.3,0,no,northeast,13270.422265141257
50,male,32.3,0,no,northwest,13270.422265141257
