age,sex,bmi,children,smoker,region,charges
31,male,22.895,0,yes,northeast,35069.37452
18,male,30.115,0,no,northeast,14254.6082
44,male,28.69,1,no,northwest,9249.4952
39,male,34.43,0,no,southeast,3176.2877
41,male,30.66339686098655,4,no,southwest,7371.772
39,female,32.93558173875141,2,yes,southwest,39836.519
27,male,30.5,-1,no,southwest,2494.022
32,male,19.831487308061405,1,no,northwest,4454.40265
42,male,28.31,1,no,northwest,32787.45859
63,male,41.47,0,no,southeast,13405.3903
34,female,35.7,1,no,northwest,10264.4421
19,male,37.79231862545914,0,no,southeast,13118.12049651731
19,female,33.11,0,yes,southwest,34439.8559
57,male,32.6,2,no,southeast,13270.422265141257
55,male,29.735,1,no,northwest,10807.4863
48,male,28.975,0,no,southeast,4415.1588
51,female,30.66339686098655,1,no,southeast,9877.6077
43,male,34.96,1,no,northeast,13270.422265141257
22,male,39.805,0,no,northeast,2755.02095
34,male,35.815,0,no,northwest,-4295.499624435501
22,male,34.34809128180293,1,no,northwest,-19102.93438413043
24,female,23.4,5,yes,southwest,24668.283654320585
75,female,25.6,0,no,southeast,8932.084
44,male,32.67,2,no,northwest,32108.66282
18,female,33.535,0,yes,northeast,34617.84065
21,female,36.48,0,yes,northwest,12797.20962
