haematocrit,haemoglobins,erythrocyte,leucocyte,thrombocyte,mch,mchc,mcv,age,sex,source
50.5,14.7,6.47,3.8564983859317827,248,30.2,33.7,89.9,37,M,0
41.0,14.1,4.52,3.4,273,31.2,32.88026909702374,90.7,63,F,0
26.856194219152812,11.1,4.78,11.4,322,31.1,33.33647627682079,103.7,43,M,0
28.976599933832684,12.7,3.810953121578895,12.8,296,29.9,33.33647627682079,74.8,31,M,1
52.2,12.6,4.22,5.1,244,25.0,32.9,90.8,80,F,0
38.22611060743427,12.9,5.62,4.4,227,30.94019081773626,34.13338959488895,99.6,68,M,0
29.7,13.6,5.972378972623467,11.8,258,27.7,32.8,103.53852989856804,33,F,1
29.7,17.6,4.544802055001511,12.9,407,29.078540121369752,35.4,82.5,61,M,1
34.29809711393323,12.810247250843958,5.01,2.9,89,26.7,33.8,88.0,88,M,0
38.22611060743427,15.9,5.4,15.7,153,29.4,28.4,88.1,68,F,1
24.4,7.4,3.06,7.3,247,28.2300392867936,31.7,79.7,37,F,1
43.6,13.6,4.928041931862214,10.7,295,29.4,33.42136993193815,94.2,62,M,0
24.4,8.1,2.82,19.8,350,25.8644245317867,33.2,84.61133272892113,65,F,1
40.8,13.1,5.66,6.011273130539294,258,23.1,36.5,65.17317519300403,29,F,1
42.038800483639136,15.8,4.080175798331547,19.2,257,29.9,34.226423406774245,83.3,39,M,0
39.0,13.297137869160247,4.28,5.8,337,26.1,33.3,72.38145896220232,52,F,0
33.9,12.749350256875191,3.72,8.7,-28,30.083195012937722,33.3,91.1,79,F,0
47.3,12.566193406767145,5.97,8.715533393774555,216,26.5,33.4,80.96092318201906,81,M,1
29.7,12.749350256875191,4.23,16.81376599163164,315,21.5,30.6,70.2,46,F,0
30.5,14.7,7.86,6.1,192,18.7,31.0,60.3,49,F,0
33.1,10.5,3.24,5.5,236,23.1,30.3,72.9,52,F,0
44.5,14.6,5.8,-2.846395852099646,215,25.2,32.8,76.7,36,M,0
43.7,14.6,5.21,8.715533393774555,345,28.0,33.4,83.9,19,F,0
43.1,17.0,4.544802055001511,8.9,286,28.7,34.1,84.2,46,M,1
47.4,12.058513039534635,3.5,15.4,241,28.2300392867936,32.5,87.1,65,M,0
39.1,13.0,4.49,6.1,160,29.0,35.4,84.61133272892113,2,F,0
