age,sex,bmi,children,smoker,region,charges
21,female,27.835,1,no,northeast,3167.45585
72,male,38.6,1,no,northwest,10325.206
39,female,37.29,0,no,northeast,1141.4451
52,male,32.205,0,yes,southeast,16232.847
54,female,26.22,1,no,northwest,8615.3
23,male,50.38,1,no,southeast,13012.20865
48,male,31.97464763424594,3,yes,southeast,7804.1605
48,female,33.33,0,no,southeast,24915.22085
32,male,23.75,0,no,northeast,12430.95335
32,female,45.9,0,yes,southwest,33307.5508
63,male,26.2,5,no,northeast,3099.738158397881
27,female,30.66339686098655,1,yes,northwest,7209.4918
30,female,32.56,2,no,southeast,40941.2854
58,male,30.305,2,yes,northeast,11938.25595
40,male,24.07535676606331,1,yes,southeast,1632.03625
64,male,26.41,0,no,northeast,14394.5579
58,male,30.66339686098655,0,no,northwest,10601.63225
43,male,30.66339686098655,1,no,southwest,13270.422265141257
53,male,34.105,0,yes,northeast,64770.48541554607
51,male,41.91,3,no,southeast,8283.6807
38,male,25.74,1,no,southeast,2031.4161080089052
19,female,35.9284825081001,1,no,southwest,1980.07
55,female,29.7,2,no,southwest,4618.131539618991
23,male,28.215,0,no,southeast,1837.2819
46,female,42.4,0,no,northwest,3410.324
25,male,30.8,3,no,southeast,5253.524
58,female,32.13315866982415,0,no,northeast,1705.6245
63,female,35.2,1,no,southeast,14474.675
42,female,26.315,0,no,southeast,6940.90985
24,female,28.560502283201686,0,no,northeast,28868.6639
39,female,18.010676590326277,0,no,northwest,12094.478
39,male,22.895,3,no,northeast,6725.51865835401
57,female,26.35772933474295,1,no,southeast,13224.05705
42,female,38.78173922506606,5,no,southeast,13270.422265141257
30,male,32.4,1,no,southwest,-5944.774419144026
51,male,34.9,1,no,northeast,10797.3362
57,male,19.57,1,no,southwest,5852.422558803703
41,female,36.08,1,no,southeast,6781.3542
21,female,30.66339686098655,0,no,northwest,1534.3045
59,female,31.35,0,no,northwest,12622.1795
47,male,24.1,1,no,northwest,26236.57997
19,male,28.4,1,no,southeast,-1268.003506718096
33,male,45.32,3,no,northwest,13270.422265141257
35,female,26.4,0,yes,southeast,19539.243
20,female,20.6,0,no,northwest,1731.677
46,female,26.52224817264738,3,no,southwest,6548.19505
62,female,31.73,0,no,southeast,13270.422265141257
66,male,27.265,0,no,southeast,26968.462065496813
23,male,37.1,3,no,southwest,-9263.885104099882
39,female,30.66339686098655,0,no,northwest,13270.422265141257
39,male,28.054225817826524,0,yes,northeast,1967.0227
36,female,27.74,1,no,northeast,5469.0066
