age,sex,bmi,children,smoker,region,charges
18,male,21.78,2,no,southeast,16506.410619979444
46,male,27.398961801465376,0,yes,southeast,1632.03625
22,male,31.02,0,yes,northeast,35595.5898
43,female,21.89,4,yes,southeast,21771.3423
50,female,30.66339686098655,1,yes,southeast,13270.422265141257
43,male,30.66339686098655,3,no,northeast,7325.0482
49,male,38.113522919258706,0,no,southeast,8116.68
46,female,28.05,3,no,northeast,8233.0975
48,male,27.265,1,no,northeast,-14365.73916765754
38,male,40.565,0,no,northwest,6373.55735
23,female,37.539745171279534,2,no,southwest,13270.422265141257
24,male,28.9,3,no,southwest,27724.28875
56,male,35.75,2,no,southwest,4889.9995
36,male,27.55,3,no,northeast,44423.803
64,male,27.1,0,no,northeast,9498.5830648577
33,male,35.75,1,yes,southeast,38282.7495
57,male,23.7,3,no,southwest,10959.33
39,female,38.330772597937745,0,no,southeast,1727.785
21,female,32.68,2,no,northwest,26018.95052
35,male,39.49,1,no,southeast,3875.7341
22,female,23.18,0,no,northeast,2731.9122
64,female,17.8,1,no,southwest,13880.949
39,female,30.59,-1,no,northeast,2459.7201
39,female,30.115,0,no,northeast,2203.47185
19,female,31.8,0,no,southwest,25656.57526
31,male,17.86,1,no,northwest,-2107.692934591347
