haematocrit,haemoglobins,erythrocyte,leucocyte,thrombocyte,mch,mchc,mcv,age,sex,source
40.3,12.128410905259269,5.360532281881231,7.6,278,28.2300392867936,33.5,89.0,67,M,1
30.9,10.0,3.44,8.0,443,26.415199946847228,32.47365184651306,63.9,56,M,1
27.0,8.8,5.392500043341087,76.6,300,27.2,29.8,83.3,69,M,1
39.7,9.5,4.544802055001511,6.8,325,22.5,32.6,75.4,52,F,1
42.4,13.5,5.07,1.5869854749462933,265,26.6,33.1701564859121,83.6,27,F,1
33.24957571324633,13.2,4.45,4.0,50,23.9,33.8,87.6,45,M,0
32.882833400061,11.9,5.03,7.9,150,29.9,33.9,87.49439411669745,46,F,0
35.1,11.4,4.02,8.8,258,28.4,33.33647627682079,87.3,36,F,0
39.6,13.0,5.5,7.3,246,21.6,30.1,72.0,55,M,0
51.6033065130771,13.5,2.66,8.5,296,28.572508182878128,33.81481463447585,89.7,30,M,0
43.6,15.8,5.67,7.480655081809507,50,28.2300392867936,33.7,78.10698997286798,22,F,1
33.8,11.0,5.1656063473825755,19.9,734,27.4,32.5,95.88126307923292,81,F,1
44.3,10.6,5.05,15.1,292,27.432352481220335,33.9,87.7,33,M,0
38.22611060743427,13.3,4.36,9.7,257,30.5,34.7,94.4,46,M,0
19.107641126941846,12.749350256875191,4.98,8.3,258,19.3,28.6,62.2,16,F,1
36.6,12.0,4.75,9.5,23,25.3,32.8,84.61133272892113,52,M,0
41.3,14.2,3.0,13.5,303,27.8,34.4,80.8,30,M,0
33.1,11.2,3.76,14.147540695684986,342,29.8,33.899804216738154,88.0,82,F,1
43.0,15.0,5.22,8.715533393774555,213,29.454448150715518,34.9,82.4,58,M,0
44.9,13.889799755516856,5.0,5.4,328,29.4,32.7,89.8,43,M,0
38.3,12.749350256875191,4.4,6.5,324,30.5,31.9,84.61133272892113,34,F,0
35.3,16.943095725264833,4.67,9.7,131,30.5,33.33647627682079,87.8,67,F,0
41.6,13.8,4.52,13.3,627,28.9,33.2,92.0,58,M,0
38.22611060743427,10.4,4.801577041189451,3.9,374,28.8,32.8,87.8,70,F,0
31.2,17.5,3.51,9.616488764310777,324,30.2,34.0,96.60283046530742,39,M,1
31.9,13.517602481659395,4.544802055001511,8.715533393774555,290,29.4,32.7,72.0,63,M,0
