age,sex,bmi,children,smoker,region,charges
49,female,30.495,4,yes,northeast,39725.51805
39,female,44.22,1,yes,southwest,8264.888964299123
62,male,30.66339686098655,0,yes,northwest,13352.0998
59,female,29.6,1,no,southeast,11353.2276
18,male,25.08,0,no,northeast,2196.4732
44,male,30.2,2,no,southeast,11363.423850058778
8,male,27.93,2,yes,southeast,18972.495
19,female,20.045,2,yes,northwest,10156.7832
43,male,25.745,1,no,northeast,8531.0242382024
64,female,27.861573868373917,1,no,southeast,2166.732
64,female,39.05,3,no,southeast,16085.1275
39,male,30.66339686098655,0,no,southeast,8413.46305
60,male,25.46,1,no,northeast,12913.9924
33,male,42.46,1,no,southwest,11326.71487
29,male,25.518109434733,0,no,northwest,5209.57885
58,male,30.66339686098655,0,no,southwest,13270.422265141257
38,female,31.35,2,no,northeast,1622.1885
51,male,39.5,1,no,southwest,9880.068
58,female,30.78,1,no,northeast,10797.3362
49,male,41.14,1,no,southwest,-9008.438006021333
33,female,29.60484080610312,2,no,northeast,16776.30405
54,male,24.035,-1,no,northeast,10422.91665
46,female,37.713095732124415,0,no,southeast,13270.422265141257
38,female,27.835,1,no,southeast,16740.74032883844
58,male,32.4,0,no,southeast,13270.422265141257
39,male,32.56,1,no,southeast,1824.2854
24,male,40.15,1,yes,northwest,2566.4707
61,female,21.09,0,no,northwest,46200.9851
30,female,25.3,0,yes,northeast,39727.614
16,female,35.15,1,yes,southeast,44260.7499
39,female,40.15,0,no,northeast,5400.9805
36,male,40.719583204924774,4,yes,southeast,49564.54864482037
55,male,32.775,0,no,southeast,10601.63225
64,male,36.96,1,yes,southeast,73199.57641433785
43,male,20.13,2,yes,northwest,14563.447288766412
66,male,23.491618923229815,1,yes,northwest,13270.422265141257
63,female,26.22,0,no,northwest,14256.1928
25,male,30.66339686098655,1,no,southeast,6079.6715
45,female,23.18,2,no,southeast,19798.05455
57,female,28.7,0,no,southwest,9355.817888759715
39,male,37.1173279025835,3,no,northeast,22192.43711
59,female,30.66339686098655,1,no,southeast,13270.422265141257
41,female,31.6,0,yes,southeast,9946.795545139088
44,female,43.89,2,yes,southeast,13415.0381
47,male,25.65,3,yes,southwest,1261.442
22,female,39.49299079073104,2,no,southeast,58571.07448
38,female,31.065,0,no,northwest,4347.02335
39,male,27.392320129826945,0,yes,southeast,5699.8375
46,male,24.795,2,no,southeast,9500.57305
64,female,36.52,1,no,southwest,21232.18226
48,female,41.23,4,no,northwest,11033.6617
60,female,30.927353460803253,2,no,southeast,13919.8229
