age,sex,bmi,children,smoker,region,charges
51,female,36.385,2,no,northwest,4237.12655
57,female,28.69,1,no,southeast,11534.87265
39,female,33.0,0,no,southwest,1263.249
55,female,37.715,3,no,northwest,30063.58055
19,female,28.88,2,yes,northwest,17748.5062
32,female,29.8,2,no,northwest,5152.134
52,male,31.2,1,no,southwest,13270.422265141257
39,female,31.92,0,no,southeast,17518.876777593745
41,female,29.925,0,no,southwest,12348.268720581598
24,male,37.05,2,no,southeast,7265.7025
37,male,29.8,0,no,southwest,20420.60465
38,male,25.08,0,no,southeast,24513.09126
32,male,33.82,1,yes,northwest,4462.7218
31,male,34.336301424368514,1,no,northwest,13270.422265141257
30,male,27.645,3,yes,northeast,11436.73815
25,male,42.13,1,no,southeast,48675.5177
41,male,30.66339686098655,3,no,northwest,7682.67
47,female,23.6,1,no,southeast,2731.9122
39,female,30.66339686098655,3,no,southwest,5209.57885
24,male,18.335,1,no,northwest,12509.414310102662
41,female,21.755,1,no,northeast,37484.4493
19,female,40.06791584023359,0,no,northwest,1639.5631
57,male,27.375245533879077,1,no,southwest,26140.3603
39,male,26.79,0,no,northwest,12609.88702
19,male,25.365,0,yes,southwest,21109.657024688942
35,male,19.92799834244557,1,no,southeast,5116.5004
