haematocrit,haemoglobins,erythrocyte,leucocyte,thrombocyte,mch,mchc,mcv,age,sex,source
40.9,14.8,4.89,7.950760913773017,258,27.00813685450958,32.4,84.61133272892113,31,F,0
48.2,16.1,4.759129484623467,7.153143859356171,28,31.2,33.4,93.4,77,M,0
40.1,13.1,3.5494535873462034,5.3,249,30.5,32.7,96.57304397133328,62,M,1
36.9,12.7,4.54,6.4,272,28.0,34.4,86.3,34,M,0
40.8,13.3,4.9,8.9,261,27.1,33.33647627682079,85.9,75,F,0
37.7,12.4,4.31,9.8,284,28.8,32.9,87.5,46,F,0
25.263840850503158,13.709068268851752,4.33,7.9,258,29.2,32.6,89.5,60,M,1
33.514251930604864,9.301010254937417,5.51,8.715533393774555,268,29.2,35.2,82.8,86,M,0
38.5,13.5,4.49,9.9,419,33.0,34.7,94.9,46,M,0
28.0,12.749350256875191,3.26,12.5,125,26.7,31.1,83.3,45,F,0
36.62959500922284,12.7,4.544802055001511,26.8,729,32.3,34.1,94.8,64,M,1
35.2,12.1,4.05,6.2,240,17.2,34.4,86.9,15,F,1
38.22611060743427,14.123044617507889,3.81,8.715533393774555,116,25.945145268755258,35.4,82.4,21,F,1
33.4,10.8,4.544802055001511,6.857904428845433,275,30.4,33.33647627682079,78.97485913712826,17,F,1
27.3,12.749350256875191,4.6333581167551845,10.3,344,31.6,33.7,93.8,75,F,1
37.0,11.5,5.65,7.4,191,20.4,32.4,66.0,-13,F,0
34.3,11.5,4.06,10.0,265,29.1,34.26960394350277,84.5,66,F,0
46.1,10.5200044281377,5.29,52.8,-29,26.934988029295873,31.3,71.8,42,M,0
38.3,12.7,4.71,11.3,330,27.0,33.86143628501957,84.61133272892113,29,F,0
38.22611060743427,13.0,4.27,7.9,150,23.1,33.847810147573675,96.33108461034982,55,F,1
36.8,13.3,3.52,-1.7559501825016417,252,37.8,36.1,104.5,47,M,0
42.6,12.5,4.64,9.2,403,26.9,32.5,85.2,39,F,0
36.8,12.4,4.88,8.4,175,28.2300392867936,34.0,85.0756760811106,62,M,0
43.36287925165731,12.0,4.11,1.1,344,29.005399864892624,32.186547562430675,90.0,46,F,0
48.0,16.3,3.43,3.5,55,28.2300392867936,34.0,87.1,25,M,0
39.8,12.9,5.542167230953365,6.1,268,24.3,33.0,87.5,85,F,1
