age,sex,bmi,children,smoker,region,charges
35,female,31.35,0,no,southeast,13270.422265141257
18,female,31.825,0,no,southeast,2211.13075
42,female,34.485,3,yes,northwest,2709.24395
54,female,27.5,0,no,southwest,7153.5539
53,female,39.6,1,no,southeast,13270.422265141257
28,female,24.32,1,no,northeast,889.4532575111589
27,female,24.75,0,yes,southeast,16577.7795
32,male,28.88,0,no,northwest,32116.912786913377
39,male,30.875,0,no,northeast,3062.50825
39,female,27.361810077814027,1,no,southeast,9058.7303
19,male,34.5,0,no,southeast,1625.43375
39,female,34.58,1,no,northwest,12233.828
56,female,33.972238340679965,0,no,northeast,11658.37915
55,male,30.66339686098655,1,no,northwest,10601.63225
23,male,32.4,0,no,southwest,21831.33868604983
40,male,19.00726504779294,1,no,northwest,24393.6224
51,male,20.6,1,no,southeast,9264.797
34,female,24.512117076983625,3,no,southwest,5012.471
62,male,32.3,5,yes,southeast,13270.422265141257
59,female,36.52,1,yes,southeast,28287.89766
60,male,25.935,0,no,southeast,11165.41765
26,male,58.03300532173108,1,no,southwest,13270.422265141257
19,male,35.5,0,no,southwest,5385.3379
39,female,34.32,1,no,southeast,8596.8278
47,female,27.004955548491335,2,no,northwest,40103.89
61,female,22.135,1,no,northeast,21659.9301
35,female,32.3,1,no,southwest,8062.764
54,female,33.11,3,no,southwest,25382.297
42,female,30.66339686098655,2,no,northeast,7639.41745
44,male,31.35,1,yes,northeast,39556.4945
44,male,34.32,1,no,southeast,7147.4728
1,male,18.0189961451428,1,no,southeast,7133.9025
59,male,25.65,3,no,northwest,13270.422265141257
50,male,30.02,0,no,northwest,13352.0998
48,male,25.1,3,yes,southwest,40974.1649
55,male,30.66339686098655,2,yes,northwest,20974.967569122804
40,female,34.96,2,yes,southeast,60419.657531549914
39,male,30.512243846248918,1,no,southeast,6282.235
39,male,36.88711826680978,1,no,southwest,16052.96056140673
20,male,22.42,-1,no,northwest,33038.66788508704
48,male,44.77,1,no,southeast,5312.16985
30,female,23.655,0,yes,northwest,5088.575055909809
39,male,23.75,2,no,northeast,11729.6795
35,female,30.66339686098655,3,no,northeast,9433.117433077805
56,female,30.66339686098655,3,no,northeast,13430.265
47,female,24.42,3,no,southeast,19361.9988
32,male,44.22,0,no,northwest,17193.377271067067
61,male,31.76087579371884,2,no,northeast,13143.86485
38,female,40.565,1,no,northwest,6373.55735
55,female,30.14,2,no,southeast,11881.9696
32,male,28.93,0,yes,southeast,19719.6947
58,male,37.18,2,yes,southeast,7162.0122
