age,sex,bmi,children,smoker,region,charges
32,male,28.12,4,no,southwest,21472.4788
56,female,26.6,1,no,northeast,12044.342
18,female,20.6,0,no,southwest,9264.797
57,female,18.05,2,no,southeast,12029.2867
51,female,38.06,0,no,southeast,44400.4064
46,female,30.66339686098655,1,no,southeast,1766.073983086888
24,female,26.6,0,yes,southeast,3046.062
32,female,28.93,0,yes,southeast,3972.9247
64,female,31.825,2,no,southeast,3500.6123
61,male,22.61,0,no,southeast,9566.9909
24,male,32.25191025555977,0,no,southeast,2352.96845
18,male,40.56623900859988,4,no,southeast,4894.7533
39,female,36.005,1,no,northeast,13270.422265141257
27,male,24.29087522334995,1,no,southeast,14133.03775
34,male,33.25,1,no,northeast,5594.8455
53,male,34.2,2,yes,southwest,26121.15157186291
54,female,36.86,3,no,northwest,46661.4424
39,male,24.31,1,no,northwest,3591.48
19,male,32.68,1,no,northeast,23082.95533
40,female,36.55025165031867,4,no,southwest,13270.422265141257
56,female,28.785,0,no,northeast,11658.37915
51,female,38.665,2,no,northwest,3393.35635
33,female,33.82,0,no,southeast,4185.0979
23,male,32.7,3,no,southeast,5377.4578
50,female,41.91,1,no,southeast,18063.006949948103
34,male,30.66339686098655,2,yes,southeast,21029.63773404591
