haematocrit,haemoglobins,erythrocyte,leucocyte,thrombocyte,mch,mchc,mcv,age,sex,source
39.5,13.1,4.51,4.0,223,33.2404649340826,33.33647627682079,87.6,46,F,1
36.55013190747453,13.4,4.111415277894681,6.9,386,27.3,35.5,86.7,11,F,1
39.2,12.749350256875191,4.52,4.3,227,32.10796646845793,33.33647627682079,88.03745486945465,52,M,0
38.22611060743427,16.7,4.544802055001511,6.6,435,20.4,32.431368636799675,86.9,63,M,0
47.9,12.6,4.55,6.7,414,27.7,32.9,90.97958061991228,34,F,0
27.6,9.8,3.93,31.6,258,28.2300392867936,33.5,84.61133272892113,58,M,1
37.22888580069285,12.2,4.17,3.9,130,29.3,35.43953075240765,88.5,56,M,1
34.20347018978306,14.9,5.28,7.3,194,28.2,33.0,84.61133272892113,24,M,0
36.0,12.0,3.69,8.715533393774555,334,27.1,34.41779902595339,97.6,76,M,1
44.3,11.1,5.11,9.1,258,29.446335865448024,34.1,81.5,53,M,0
35.4,11.311505646067308,4.8,2.6,183,23.8,31.296256025372166,73.8,81,M,0
44.7,16.0,4.517583360499244,7.5,289,32.5,35.8,88.7,57,M,1
38.4,12.7,4.69,7.5,303,27.1,33.1,81.9,26,M,0
39.0,14.959499182997533,6.4,6.3,321,19.4,31.2,82.6,59,M,0
38.9,13.902889105829503,4.864769165013268,3.7691693250876703,185,29.5,33.9,87.0,59,M,0
35.5,12.0,4.544802055001511,7.375819302584407,193,29.1,33.8,86.0,46,M,0
48.0,16.3,5.74,13.69010054909365,200,28.2300392867936,30.1,83.6,81,M,0
38.22611060743427,10.1,3.94,76.6,276,27.800854961437903,34.5,84.29530105306247,46,F,1
39.1,12.7,4.38,8.715533393774555,109,30.3,32.5,93.3,58,M,1
18.6,13.1,2.25,8.6,22,32.5,32.8,81.34431221057483,68,M,1
33.9,16.3,3.56,18.1,386,28.4,33.7,84.3,69,F,1
31.169843845485122,12.749350256875191,5.3,3.3,157,25.7,32.1,80.0,14,M,1
39.8,12.9,4.19,7.8,300,29.5,33.1,89.0,31,F,0
36.3,12.637326056089705,4.11,4.6,253,28.7,32.5,88.3,38,F,0
39.1,13.7,3.7587855907121046,10.910138795703197,206,29.8,35.0,85.2,44,M,1
35.6,12.4,4.82,6.2,66,30.7,31.5,88.1,56,F,0
