age,sex,bmi,children,smoker,region,charges
39,female,30.2,2,no,southeast,8825.086
30,female,22.895,0,no,northeast,4719.52405
50,male,32.68011006840134,1,no,southeast,9048.0273
20,male,31.13,2,no,southeast,2566.4707
51,female,27.59602174221663,0,yes,southwest,6104.221164645444
54,male,30.66339686098655,1,no,northwest,21978.6769
29,male,23.1,0,no,southwest,2483.736
54,male,35.815,0,no,northwest,4661.28635
56,female,38.43884575129372,1,no,southeast,54364.23193547566
57,male,28.1,0,no,southwest,26520.705853159983
47,female,29.92,0,yes,southeast,4889.0368
26,male,17.195,2,yes,northeast,13270.422265141257
57,male,34.01,0,no,northwest,11356.6609
4,female,30.66339686098655,0,yes,northeast,3044.2133
39,male,29.8,0,no,southeast,34204.2981892282
47,male,35.8,1,no,southeast,13270.422265141257
21,female,27.36,0,no,northeast,2104.1134
24,female,23.21,0,no,southeast,25081.76784
39,male,31.92,2,yes,southeast,3208.787
47,male,32.81793637620996,1,yes,northwest,12224.35085
33,male,30.1,1,no,southeast,32295.898777720347
39,male,26.22,0,no,northeast,13270.422265141257
26,male,28.88,1,no,southeast,41999.52
19,male,30.59,3,no,northeast,1639.5631
39,female,37.39547102622203,4,no,northeast,13270.422265141257
11,male,19.83999724530342,3,no,northeast,17517.091576107847
53,female,22.705,3,yes,northeast,44641.1974
27,male,42.13,0,no,northwest,1242.816
42,male,33.1,1,no,southwest,7345.084
52,male,23.7,3,yes,northwest,40932.4295
25,male,25.935,2,no,southwest,18791.721818988284
60,male,27.55,0,no,northeast,29841.619908274475
48,female,38.74783614876445,1,no,southwest,-22245.353924930787
36,male,30.02,0,no,northwest,13270.422265141257
32,female,24.620287071843542,1,no,northwest,4462.7218
39,male,29.81,0,yes,southeast,36950.2567
33,female,35.75,2,no,southeast,4889.9995
27,female,32.395,1,yes,northeast,18903.49141
17,female,20.8,1,no,southwest,7209.4918
53,female,36.6,3,no,southwest,11264.541
59,female,31.35,0,no,northwest,29026.757772935394
18,male,21.7,0,no,southwest,1705.6245
23,male,30.66339686098655,3,no,southwest,3597.596
51,male,37.73880068820335,1,yes,northwest,12485.8009
36,male,30.66339686098655,3,no,southeast,6748.5912
37,male,29.45975669638215,2,no,southeast,6198.7518
54,female,32.3,2,no,southeast,11512.405
35,male,30.66339686098655,3,no,southwest,5926.846
58,male,27.265,1,no,northwest,5934.3798
19,male,20.7,0,no,southeast,39611.7577
44,female,28.0,3,no,southwest,16657.71745
39,female,32.23,3,no,southeast,2438.0552
