haematocrit,haemoglobins,erythrocyte,leucocyte,thrombocyte,mch,mchc,mcv,age,sex,source
27.5115662922991,11.4,5.28,7.4,258,28.76865541608656,32.8,98.3,79,F,0
42.2,14.9,4.544802055001511,7.4,334,30.2,34.4,87.9,66,M,0
42.6,14.4,5.36,13.8,346,26.9,33.8,79.5,43,M,0
40.7,13.9,4.544802055001511,4.191641741717219,-35,29.7,34.2,84.6,36,M,1
38.22611060743427,14.9,5.67,4.357884003899638,260,22.1,32.4427572676859,92.13121294364457,24,M,0
38.22611060743427,14.3,5.253135609520627,9.1,374,24.92218185966223,33.1,85.9,30,M,0
40.4,14.772671612151912,5.74220034854086,9.3,326,23.1,32.08035969866256,86.6,36,M,1
39.8,11.4,4.08,6.5,286,27.9,33.6,83.1,33,F,0
47.565734360069754,15.1,5.11,10.477950132811516,20,36.56610047890714,34.1,86.7,32,M,0
43.4,15.2,5.29,10.1,158,28.7,35.0,82.0,33,M,0
24.4,13.129351786710304,3.55,2.5,103,20.6,29.9,68.7,36,F,1
40.5,14.3,4.11,2.5,50,28.605376292428957,35.3,81.8,57,M,0
27.5,12.749350256875191,3.22,19.0,282,29.2,34.2,85.4,38,F,0
37.92939277796505,12.0,4.13,8.715533393774555,193,28.2300392867936,32.2,93.04802405400825,46,M,0
46.2,15.8,5.15,6.2,362,30.7,34.2,84.61133272892113,26,M,1
30.6,13.364256368373173,6.159161002591375,19.7,248,23.9,26.1,84.61133272892113,77,M,1
33.9,12.9,4.33,8.715533393774555,215,29.8,32.4,83.11500383199866,59,M,0
23.7,12.6,4.22,5.1,244,29.9,33.37017795211692,96.8,80,F,0
35.9,11.7,4.12,16.075152935077817,303,28.4,32.6,87.1,58,F,0
33.5,13.045777239229858,4.08,6.3,126,28.7,34.9,80.13494095042614,39,F,0
30.096172213615034,12.749350256875191,3.37,6.5,44,28.9,34.2,74.8,46,F,0
29.3,9.6,3.5,11.4,258,20.4,32.5,63.5,35,F,1
37.3,11.5,4.64,7.4,191,20.4,33.33647627682079,66.0,27,M,1
38.0,9.2,5.317110690208495,18.1,609,28.2300392867936,36.569856407684505,86.9,80,M,1
35.4,6.0,3.88,8.4,221,30.9,33.9,91.2,8,M,1
45.6,14.5,2.88,8.6,368,27.5,33.33647627682079,86.4,61,M,0
