haematocrit,haemoglobins,erythrocyte,leucocyte,thrombocyte,mch,mchc,mcv,age,sex,source
32.3,13.8,5.2,2.6,70,29.3,33.9,84.4,45,M,1
52.6,19.70223891165665,6.540676830897735,5.4,260,28.1,33.33647627682079,84.61133272892113,67,M,1
45.5,9.920304423688677,3.7069743920775178,8.4,359,28.8,33.33647627682079,88.6,61,F,0
37.0,10.785855415094291,4.23,8.715533393774555,480,28.8,33.03869794729659,80.99634997714801,46,F,0
34.5,11.3,3.73,6.9,207,34.98032853741245,32.8,99.6657714264818,43,F,0
38.5,12.8,4.544802055001511,7.9,90,26.3,33.4,79.2,46,F,1
45.8,14.9,7.05,7.5,140,27.5,33.331310762717905,84.5,23,M,0
33.4,11.0,4.544802055001511,12.7,536,27.8,32.9,84.6,48,M,1
40.8,13.1,4.94,6.6,120,32.19619024783969,32.1,84.61133272892113,26,M,0
45.8,15.3,5.23,8.715533393774555,121,28.7,33.4,87.6,23,M,1
29.8,10.3,3.57,30.0,258,28.2300392867936,35.2,62.5,51,M,0
27.3,13.5,5.17,4.8,270,26.1,34.8,75.0,5,M,0
41.09289119234866,12.749350256875191,4.781131978057393,10.643132893732963,236,28.1,37.2,85.2,33,M,0
38.22611060743427,11.9,4.06,5.784198792383174,217,29.3,32.3,88.5,85,M,0
32.4,11.2,3.81,24.3,278,29.4,31.321250083462534,79.33054761432263,62,M,1
34.9,11.5,4.01,17.840032161954568,262,29.8,33.0,90.4,60,M,1
41.23838913737195,10.1,3.59,3.9,164,35.7,34.0,104.7,78,M,0
33.5,12.327990483542777,4.4,19.3,315,25.2,33.1,76.1,2,F,0
48.7,12.749350256875191,5.6,2.2,128,37.8,33.1,87.0,29,M,1
42.8,14.2,5.66,17.3,281,28.7,33.975373924200525,89.3,46,M,0
38.22611060743427,14.5,4.85,7.1,356,17.1,33.8,90.6,44,M,1
44.82807547077243,10.5,3.37,6.0,258,26.811457871711294,33.8,90.5,39,M,0
43.9,12.0,3.99,16.4,453,28.567409346293985,33.0,82.38191860519554,86,M,0
24.091138344139758,10.3,4.05,12.4,354,28.2300392867936,35.7,78.0,42,M,1
42.9,14.6,4.340247447880124,7.6,308,29.4,34.0,86.3,57,M,1
38.2,12.7,4.34,7.251836348302006,284,29.3,33.2,88.0,30,M,0
