age,sex,bmi,children,smoker,region,charges
29,male,29.735,2,no,northwest,18157.876
62,female,30.66339686098655,0,no,southeast,13204.28565
19,female,21.375,1,no,southeast,11879.10405
23,female,33.5,0,yes,northeast,3159.013388668879
32,female,28.111231693548206,2,no,northwest,-14083.018552139916
53,male,37.29,0,no,northwest,1141.4451
18,female,42.24,0,yes,northeast,13270.422265141257
18,male,33.535,0,yes,northeast,13270.422265141257
50,female,26.22,4,no,southeast,10796.35025
33,female,30.66339686098655,3,no,northeast,6551.7501
46,female,22.895,2,yes,southeast,19798.05455
45,male,23.56,0,no,northeast,8603.8234
39,male,13.431822314690718,0,no,northwest,2680.9493
35,female,41.33543340606461,0,no,southwest,-5484.190810978008
59,male,28.975,1,yes,northeast,10493.9458
33,female,30.66339686098655,1,yes,northwest,7077.1894
49,male,25.6,2,yes,northeast,13270.422265141257
20,female,26.695,3,no,northwest,14382.70905
39,female,20.045,0,yes,northeast,21911.618658172418
33,male,26.660823678810353,1,yes,southwest,35595.5898
42,male,26.9,1,no,northwest,5969.723
50,female,46.09,1,no,northeast,9549.5651
39,male,33.90385133045603,2,no,southwest,12646.207
64,female,26.505,0,no,northwest,16069.08475
51,male,22.42,0,no,northeast,13270.422265141257
62,male,31.73,0,no,southwest,14043.4767
28,female,28.31,1,no,southeast,7153.5539
33,male,25.1,2,no,southeast,3704.3545
61,female,25.27,1,no,southwest,5472.449
44,male,34.32195251760047,1,no,northeast,38998.546
28,female,26.315,1,no,northwest,3353.4703
25,female,30.2,0,no,southwest,22367.87473896022
53,male,35.81737971358373,4,yes,northeast,14007.222
39,male,30.8,3,yes,southwest,9414.92
34,male,27.93,2,no,northeast,35178.90410627261
44,female,21.28,4,no,southeast,31609.61353146463
55,male,30.543662378982866,0,yes,northwest,10594.50155
60,male,36.005,0,yes,northeast,13228.84695
44,male,30.66339686098655,0,no,northwest,7518.02535
42,female,34.1,-1,no,southwest,5979.731
34,female,28.785,0,yes,southeast,4738.388943556185
39,male,31.35,2,no,northwest,39556.4945
34,male,25.9,1,no,southeast,4894.7533
51,female,38.950307855007104,1,no,northwest,9866.30485
41,male,22.515,0,no,northeast,4428.88785
25,female,34.485,-1,no,northwest,16176.764004616478
55,male,24.7,0,no,southwest,1737.376
60,male,25.08,0,no,southeast,12819.5272903564
41,female,34.7,2,yes,southwest,36397.576
44,male,23.438913388391633,1,yes,southeast,7147.4728
57,female,33.77,4,no,southeast,7144.86265
28,female,30.66339686098655,4,no,northwest,13270.422265141257
