haematocrit,haemoglobins,erythrocyte,leucocyte,thrombocyte,mch,mchc,mcv,age,sex,source
38.22611060743427,10.986218075923366,4.27,8.7,337,29.5,32.985841985861015,90.9,24,F,0
30.6,9.8,3.7161509841671343,19.7,242,23.9,32.0,74.6,26,F,1
28.6,17.0,3.36,3.8,212,28.6,33.1,86.3,24,F,1
30.5,10.0,3.17,9.8,162,26.416827261133907,32.8,96.2,26,F,0
37.2,12.5,4.53,7.1,17,18.266129332971985,31.9,82.1,66,M,1
38.6,12.8,5.185978967823061,4.7,236,29.0,33.2,94.75510833228499,82,F,1
27.0,16.9,4.31,10.4,216,28.7,33.2,86.4,31,F,1
38.22611060743427,13.0,3.93,12.5,164,30.9,33.58493048585015,93.51666450216399,76,M,1
38.7,11.486902886131327,4.23,5.2,270,29.152728041289997,33.9,91.5,76,M,0
40.9,12.749350256875191,4.67,15.899040791941658,402,30.583502653638078,35.0,87.6,62,M,0
38.4,12.7,4.69,21.57464564402103,258,28.2300392867936,33.1,81.9,26,M,1
38.47099396232275,12.749350256875191,5.65,17.7,307,27.3,32.4,90.2,46,M,0
20.7,18.8,3.34,17.3,378,29.3,31.777978224670314,88.0,46,M,0
44.2,14.8,4.88,7.2,324,30.3,33.5,84.61133272892113,27,M,0
37.1,12.1,4.98,8.715533393774555,323,21.9,32.123566848736864,84.61133272892113,17,F,1
25.898986547234422,9.1,4.544802055001511,6.5,258,30.8,33.7,81.0,58,M,0
40.1,12.5,4.37,6.5,280,21.1,31.2,67.6,79,F,0
40.0,13.7,3.8643302403960083,1.3499754419595842,189,30.2,33.33647627682079,77.00180578473436,81,F,1
37.1,12.2,4.544802055001511,11.2,472,26.7,38.1,79.1,8,M,0
47.7,15.8,5.56,8.2,278,28.4,31.5,90.5,26,M,0
39.6,12.6,5.93,8.715533393774555,219,28.8,31.8,90.6,67,M,0
41.844891400985404,13.7,5.01,7.3,417,27.3,32.4,84.4,84,F,0
45.3,13.11598653335009,3.974364587051441,13.650133991918691,278,28.4,34.0,99.7,46,M,1
30.404985338842646,16.00804436446828,5.63,10.0,390,28.2300392867936,33.33647627682079,83.55491508745433,18,M,0
29.0,10.0,4.77,10.2,156,31.6,35.0,85.8,51,M,1
40.7,13.8,4.6,6.3,208,30.0,33.9,88.5,68,F,0
