age,sex,bmi,children,smoker,region,charges
34,male,25.3,2,yes,southeast,18972.495
53,female,30.66339686098655,0,no,northeast,10072.05505
41,male,35.75,1,yes,southeast,40273.6455
41,female,16.965770129251112,2,no,northwest,7749.1564
21,male,37.525,0,no,southeast,17352.6803
20,male,26.03,0,yes,northeast,2102.2647
56,male,33.82,2,no,northwest,13270.422265141257
22,male,31.6,5,no,northwest,9850.432
39,male,26.22,5,no,northwest,6123.5688
22,male,31.73,1,no,southeast,2254.7967
23,male,8.514491652473904,0,no,northeast,25500.191643667436
36,male,31.13,1,yes,southeast,13270.422265141257
39,female,43.12,0,no,southeast,4753.6368
62,female,17.765,2,yes,northwest,30158.853731044954
27,male,29.95562037739692,0,yes,northwest,18310.742
57,male,23.7,0,no,southwest,40904.1995
38,male,30.66339686098655,1,no,northeast,6067.12675
22,male,29.07,4,no,southeast,37165.1638
29,male,33.155,0,yes,southeast,2867.1196
39,male,32.015,0,yes,northeast,45710.20785
43,male,27.8,0,no,southwest,6272.4772
32,male,33.63,4,no,northwest,10675.131972961835
53,male,34.105,1,yes,southeast,21088.156648774522
26,female,29.64,1,no,northeast,24671.66334
19,male,37.62,0,no,northwest,1391.5287
59,female,24.643265942533894,0,no,northwest,2404.7338
