age,sex,bmi,children,smoker,region,charges
30,female,28.405,1,no,southwest,4527.18295
26,female,29.48,1,no,southeast,13270.422265141257
39,male,28.025,1,no,southeast,20773.62775
40,female,26.18,1,no,southeast,2196.4732
25,male,21.66,0,no,southeast,14283.4594
56,female,32.10422325653769,0,no,northwest,11658.37915
40,female,32.436475855445494,0,yes,southwest,13270.422265141257
46,female,33.4,2,no,southeast,9193.8385
65,male,28.975,0,yes,southwest,10796.35025
18,female,37.1,4,no,northeast,13270.422265141257
43,female,24.477576275400295,2,yes,southwest,30259.99556
27,male,30.66339686098655,3,no,southwest,4846.92015
58,male,28.595,0,no,northwest,11735.87905
28,male,23.98,1,no,northwest,42112.2356
56,female,46.69204934959347,1,no,northeast,12044.342
39,male,23.4,2,no,northeast,2913.569
62,male,33.2,2,no,northwest,13462.52
38,female,30.66339686098655,1,no,southeast,5262.934075017914
54,male,30.8,0,no,southwest,6548.19505
18,male,21.78,2,no,southeast,-3142.3847035050094
44,female,35.9,2,no,southeast,16301.11091724733
39,male,37.62,2,yes,southeast,37165.1638
35,female,30.1,0,no,northwest,7526.70645
70,male,28.47764820320834,1,no,southwest,24729.117664545316
39,male,30.685,0,no,northeast,42303.69215
59,female,28.708156220149974,0,yes,northwest,5636.135076745006
26,male,30.0,5,no,southwest,2904.088
18,male,21.47,1,no,northeast,1702.4553
39,female,40.5,0,no,southeast,1759.338
43,female,25.27,1,no,northeast,21771.3423
25,female,22.515,1,no,northwest,3594.17085
43,female,25.636020921024347,2,yes,northeast,19798.05455
64,male,37.145,0,no,southwest,5979.731
42,male,26.505,5,no,northeast,13270.422265141257
58,male,30.66339686098655,1,yes,southwest,37270.1512
23,male,26.22,1,no,northeast,2438.0552
60,male,29.207975347233727,1,no,southeast,38245.59327
25,male,45.54,2,no,southeast,37465.34375
59,male,30.66339686098655,4,no,southeast,14007.222
46,male,35.53,0,no,northeast,24398.883699666505
44,male,44.06335762532363,3,no,southwest,15170.069
25,male,34.1,1,no,southeast,-8906.368883678293
64,male,37.905,0,no,southeast,8534.6718
26,female,30.685,2,no,northwest,8310.83915
35,male,30.5,1,no,southeast,10124.935540393808
22,female,31.02,2,yes,southeast,13270.422265141257
40,male,29.81,0,no,southeast,6500.2359
37,female,24.32,2,no,southeast,-4501.993869128193
35,male,37.13692591191846,0,yes,northeast,10065.413
39,male,50.38,1,no,southeast,4349.462
54,female,30.66339686098655,3,yes,northwest,84830.92820568272
24,female,19.855,3,no,southwest,4234.927
