age,sex,bmi,children,smoker,region,charges
57,male,28.1,0,no,southwest,10965.446
19,male,30.59,0,no,southwest,38415.474
50,female,30.2,1,no,southwest,7860.864095826133
36,male,25.8,2,yes,southwest,1639.5631
12,female,26.8,3,no,southwest,19780.14286938176
58,female,27.17,3,no,northwest,12222.8983
45,male,24.31,3,no,southeast,11931.12525
39,male,30.4,5,no,southwest,1256.299
36,male,34.60973607092234,0,no,northwest,5267.81815
56,male,39.6,1,yes,southeast,10601.412
44,female,36.955,1,yes,southeast,15594.760300408252
64,male,23.7,2,no,northwest,3484.331
51,female,29.26,3,no,southeast,4350.5144
24,female,33.4,0,no,southwest,13270.422265141257
39,female,19.0,0,yes,northwest,42983.4585
48,female,36.28260402564309,1,no,southwest,8765.249
37,male,27.36,0,no,southeast,25656.57526
27,male,30.66339686098655,0,yes,southeast,18246.4955
23,male,30.66339686098655,2,no,northwest,14426.07385
59,male,25.926066229265995,1,no,northeast,6146.794495044116
63,female,31.8,0,yes,southwest,5709.1644
31,male,28.595,1,no,northwest,4243.59005
36,female,39.05,1,no,southeast,13270.422265141257
63,female,25.08268673461468,0,no,northwest,13887.204
17,male,25.175,0,yes,southwest,15518.18025
30,male,34.3,3,no,southeast,6748.5912
