haematocrit,haemoglobins,erythrocyte,leucocyte,thrombocyte,mch,mchc,mcv,age,sex,source
29.4,8.034938685512001,4.544802055001511,12.4,261,29.0,31.99559125183831,91.33013698366804,43,F,0
47.7,15.5,4.81,5.6,239,26.9,34.9,82.7,49,M,0
46.4805761469368,15.6,4.86,4.6,340,27.2,33.4,92.8,55,M,0
24.4,12.749350256875191,3.06,7.3,247,20.688008587055833,30.3,85.3,37,M,1
31.3,10.3,3.45,8.422368243369355,258,29.9,32.9,71.8,46,M,0
32.7,10.6,3.56,9.5,247,29.8,31.50021727539038,91.9,73,F,1
36.6,6.2,4.97,8.1,290,27.4,31.678963743089554,84.61133272892113,56,M,1
40.9,17.8,4.89226031223042,13.0,80,28.3,33.3,84.21008584077606,39,F,1
32.0,9.414572259011067,3.69,16.7,329,29.0,33.4,86.7,66,M,0
33.5,11.1,4.4,22.2,333,25.2,34.84814748487113,76.1,2,F,0
36.773826848199974,12.749350256875191,5.77,16.1,372,26.6,32.3,84.61133272892113,68,F,1
36.4,15.0,5.14,9.5,341,27.7,34.2,80.8,66,M,1
32.5,10.9,3.81,32.3,314,28.2300392867936,33.5,79.7,59,M,0
43.2,14.4,5.1,7.5,19,28.2,33.3,81.46618758336241,51,M,1
46.3,15.3,6.03,8.715533393774555,147,25.4,33.0,76.8,31,F,1
38.22611060743427,14.9,5.67,6.0,282,26.3,30.1,81.1,24,M,0
42.950344344667215,13.2,4.800556943481591,5.1,247,36.90365198874535,33.8,97.3,76,M,1
39.7,12.2,3.66782781672189,2.2,386,26.0,33.2,73.0,1,F,0
50.0,15.7,5.29,10.716956525774735,258,16.9,36.5,81.3,34,M,0
42.2,14.3,4.222910570595956,4.2,307,28.8,33.9,93.34371302769745,19,M,0
41.0,14.0,4.75,9.116348068078903,276,29.5,34.1,86.3,46,M,0
41.6,13.9,4.544802055001511,8.2,284,29.1,34.6,88.7,64,M,1
41.0,11.7,4.32,6.7,379,27.312021397877416,33.33647627682079,84.7,32,F,0
38.7,14.942455450180407,4.22,4.4,204,28.2300392867936,33.1,91.7,64,M,0
38.22611060743427,7.284742066236725,1.93,8.715533393774555,320,29.020568948025197,33.33647627682079,97.4,41,M,0
43.57787365955742,15.2,5.28,13.404737650134848,264,29.6,34.0,85.5,40,M,0
