age,sex,bmi,children,smoker,region,charges
39,male,35.52088242703024,2,no,southeast,32108.66282
64,male,38.19,0,yes,northwest,46889.2612
31,female,24.972801182137086,0,no,southeast,2464.6188
32,female,46.53,2,yes,southeast,13393.756
41,female,31.6,0,no,southwest,6186.127
53,male,32.3,1,no,southwest,1815.8759
48,female,32.34,1,no,northeast,10043.249
23,female,32.78,2,no,southeast,36021.0112
61,male,33.787245815383535,1,no,southeast,46599.1084
21,female,20.4,0,no,southwest,3260.199
52,male,23.0,1,no,northeast,16776.30405
61,male,28.31,1,no,northwest,28868.6639
64,male,33.88,0,no,northwest,10594.50155
19,male,35.815,0,no,southeast,13270.422265141257
60,male,39.640883858470815,0,no,southeast,2096.363179955906
37,male,22.705,3,no,southeast,-4720.922696762232
30,female,43.12,1,no,southwest,12023.740449389528
39,male,33.88,0,no,southeast,13270.422265141257
40,male,41.23,1,no,southeast,6610.1097
19,male,25.175,2,no,northwest,1632.03625
31,male,26.885,4,no,southwest,10656.233125843402
44,male,27.5,1,no,southwest,7626.993
35,male,30.66339686098655,1,no,northwest,5116.5004
28,male,29.355,2,no,southeast,6393.60345
59,male,30.66339686098655,1,no,southeast,28287.89766
55,male,27.645,0,no,northwest,14410.9321
