age,sex,bmi,children,smoker,region,charges
59,female,30.66339686098655,0,no,northeast,2074.5158727771886
32,male,25.6,1,no,northwest,13270.422265141257
39,male,22.895,2,no,northwest,21098.55405
55,female,22.135,3,no,southeast,4238.521822627635
44,male,30.2,3,no,southwest,38998.546
62,male,30.495,2,no,southwest,1639.5631
25,male,30.66339686098655,0,no,northwest,15817.9857
52,female,31.445,5,yes,northeast,12629.1656
23,female,33.82,0,no,southwest,8932.084
56,female,39.05,3,no,southwest,34166.273
32,female,20.52,0,no,northeast,4544.2348
41,male,29.64,5,no,southeast,9222.4026
46,male,30.59,1,no,northwest,15019.76005
50,female,28.49,1,yes,southeast,18328.2381
56,male,35.567224369846784,0,no,northwest,1252.407
58,male,37.24434673339874,0,no,southeast,11381.3254
23,male,34.865,3,no,southeast,4399.731
39,female,39.82,1,no,southeast,4795.6568
26,male,31.57333013705426,0,no,northeast,22331.5668
46,male,27.72,2,no,southeast,-7715.219987126477
18,female,20.79,0,no,southeast,1607.5101
18,female,30.115,1,no,northeast,2203.47185
25,female,37.4,0,yes,southwest,21797.0004
44,male,27.5,3,yes,southeast,13270.422265141257
53,female,22.491843409476488,3,yes,northeast,24873.3849
50,female,27.83,0,no,southeast,28120.55195643868
