haematocrit,haemoglobins,erythrocyte,leucocyte,thrombocyte,mch,mchc,mcv,age,sex,source
25.0,11.659799077634617,3.02,11.7,382,31.0,36.1,82.8,69,F,0
43.4,15.1,4.83,6.9,258,31.3,34.8,89.9,62,M,0
41.3,14.7,4.76,4.0,338,26.295360006380104,32.4,86.8,24,F,1
39.7,12.8,4.39,21.4,284,29.2,33.4,94.4,36,F,0
32.8,10.9,4.544802055001511,11.003413146958627,476,27.9,33.2,83.9,53,M,0
36.4,12.0,6.14,8.715533393774555,209,31.9,34.4,84.61133272892113,44,M,0
48.99884726578477,11.342757196273688,5.21,7.1,168,30.7,32.832077536732065,86.6,64,M,0
48.4,16.3,5.43,5.528004975254511,349,23.1,33.7,89.72450024459233,49,M,0
35.4,12.0,4.48,10.1,258,28.2300392867936,33.5,79.0,32,F,0
43.9,16.2,5.07,8.715533393774555,258,30.2,33.33647627682079,84.61133272892113,35,M,0
34.9,12.6,4.806168548328912,2.7,300,28.2300392867936,36.1,76.3,63,M,1
38.22611060743427,15.1,4.7819370096702745,8.051128995229062,210,28.2,33.0,85.35010263556356,12,M,0
48.35209997075091,17.98149005965058,5.56,7.0,277,29.7,34.4,86.3,19,M,0
28.7,10.5,4.3989005103454435,6.8,79,21.7085473406102,33.36805139919326,90.4,45,M,0
38.6,10.5,3.6,12.9,407,29.2,35.4,86.35233504822408,61,F,1
38.22611060743427,12.959354490739546,4.21,5.1,213,23.709779922596177,34.0,89.5,46,F,1
34.9,12.0,4.24,15.9,273,30.2,33.0,80.5,67,F,0
44.3,15.0,5.3,5.6,427,29.7,33.9,87.7,33,M,1
45.4,15.9,5.05,18.5,145,30.0,33.33647627682079,85.7,23,M,1
30.4,10.0,4.544802055001511,13.6,213,27.6,32.9,84.0,69,M,0
44.50049673331908,15.3,4.483899387855105,8.7,521,31.3,36.403689043855024,90.2,17,M,0
40.3,13.9,4.61,7.555547295636769,232,28.3,36.138917533517095,77.70639831707764,46,F,0
33.72051288552013,12.749350256875191,3.09,17.1,212,29.8,36.7,81.2,74,F,0
38.0,12.6,3.72,7.3,214,30.573260697883075,33.2,87.8,70,F,0
34.0,11.6,4.3,11.6,317,27.0,34.1,79.1,46,M,0
38.1,12.749350256875191,5.2,6.7,347,28.5,32.2,85.2,26,M,0
