age,sex,bmi,children,smoker,region,charges
19,male,36.89064528631076,0,no,northeast,44260.7499
63,female,36.3,0,no,northeast,-185.6340805026084
65,male,46.921530840160756,0,yes,southeast,12981.3457
42,female,34.1,3,no,northwest,10355.641
39,female,26.722891398045626,3,no,northeast,-3641.2867612583177
58,female,41.8,0,no,southeast,24227.33724
18,male,30.115,1,yes,northeast,2203.47185
62,female,32.6,0,yes,southeast,27808.7251
19,male,33.44347256346223,0,no,southwest,8556.907
52,male,30.97,3,no,northwest,10600.5483
21,female,35.2,1,no,southeast,14474.675
87,male,39.2,0,no,southeast,13270.422265141257
31,male,28.595,1,no,southeast,4243.59005
36,male,20.13,2,yes,northeast,897.7754355697525
18,female,20.5347275722702,0,no,northeast,13270.422265141257
50,female,30.59,5,no,southeast,-19515.838933628846
31,female,18.335,3,no,southwest,560.1900447841508
39,female,27.759666020162367,1,no,southeast,7626.993
56,male,30.66339686098655,1,no,southwest,1149.3959
62,male,38.38,0,no,southeast,12979.358
16,male,33.99,0,no,southeast,2473.3341
37,male,17.86,1,no,southwest,5116.5004
34,male,27.49978980129203,0,no,southeast,-2366.0417041385244
18,female,37.89999396177768,0,no,southeast,7959.807958736874
61,male,30.66339686098655,1,no,northeast,19594.80965
46,male,30.685,5,no,southwest,7173.35995
18,male,25.08,0,no,southeast,2196.4732
39,female,41.311005597026295,2,no,northwest,7201.70085
38,male,21.12,1,no,southwest,13270.422265141257
39,male,33.63,0,no,northwest,10825.2537
19,male,32.49,0,yes,northwest,6338.0756
27,male,27.645,1,no,northeast,5031.26955
20,female,24.42,1,yes,southeast,4337.7352
41,male,30.66339686098655,0,no,southeast,13270.422265141257
64,male,40.48,0,no,southeast,23045.628378962887
38,male,28.025,0,no,northwest,6067.12675
26,male,31.68,0,yes,northwest,34672.1472
36,male,30.66339686098655,1,no,northwest,8428.0693
43,male,26.29,2,no,southeast,7441.501
37,male,37.4,0,no,northwest,11299.343
50,male,35.53,3,yes,northwest,55135.40209
44,female,32.34,1,no,southwest,7633.7206
49,female,20.960023429460986,3,no,northwest,10269.46
39,male,35.7,0,no,southwest,11362.755
67,male,37.7,0,no,southwest,48824.45
58,male,38.0,1,no,southwest,6196.448
32,male,30.66339686098655,0,no,northwest,13270.422265141257
39,male,32.34,0,no,southeast,36898.73308
39,male,34.21,2,no,southeast,33750.2918
56,female,39.82,0,no,southeast,10638.746009342656
35,female,26.505,0,no,southeast,18890.899655832178
35,male,29.64,1,yes,northwest,5028.1466
