haematocrit,haemoglobins,erythrocyte,leucocyte,thrombocyte,mch,mchc,mcv,age,sex,source
38.8,13.2,5.07,8.715533393774555,258,26.0,30.9,76.5,37,M,0
45.1,13.6,4.67,7.1,365,31.6,34.9,76.30073745097404,45,F,0
40.7,13.4,4.98,3.1,198,26.189269151959916,32.9,81.7,26,F,0
40.7,10.3,5.29,9.98198177765021,291,28.2300392867936,33.9,92.1,27,M,0
36.5,14.124873824575683,3.2673936817159763,10.1,510,22.7,29.9,76.0,46,M,0
38.22611060743427,13.4,5.2,15.6,-70,25.8,33.79860912822822,79.8,6,M,0
37.9,12.114236054327401,4.96,9.4,387,26.7,33.8,87.57888116662299,66,M,1
33.5,13.4,3.42,8.0,347,26.5365408269455,33.33647627682079,85.2,70,M,0
36.93655699435858,11.5,4.34,-1.0274781417632202,176,29.927538658020957,32.6,81.3,80,F,1
42.7,13.8,5.21,8.8,268,31.855024848429426,33.7,82.0,27,F,1
41.6,13.9,4.69,4.4,335,23.0,33.4,67.2,26,M,0
27.3,9.2,2.91,10.3,344,29.1,33.7,93.8,65,F,1
33.6,11.7,3.51,7.3,173,33.3,32.13838015169031,95.7,28,F,1
39.2,12.477762524764046,4.54,7.4,424,28.2,33.33647627682079,86.3,39,F,1
41.0,14.6,3.4872167828966587,6.1,160,31.5,35.6,88.4,48,M,1
35.18940269707778,12.749350256875191,4.01,9.4,50,31.2,33.9,84.61133272892113,40,F,0
39.0,15.4,5.35,8.6,202,28.8,32.007536787145405,84.3,49,M,0
35.6,5.1,4.544802055001511,11.561310110162207,315,28.8,32.3,96.9,46,F,0
44.6,15.5,5.35,20.142885282403384,341,29.0,34.8,64.04739415486321,90,M,0
35.809629701484404,11.5,4.48,5.9,258,25.7,31.8,80.8,41,F,0
39.2,13.4,2.400942956558073,3.9,153,28.8,34.2,84.61133272892113,69,F,0
38.22611060743427,16.5,5.468050429797865,24.3,62,27.8,33.48186259520081,80.2,24,M,0
38.4,12.749350256875191,4.544802055001511,8.715533393774555,150,28.8,33.3,86.5,65,M,0
39.0,12.9,4.85,8.3,229,28.2300392867936,35.4,87.8,63,M,0
22.590587758179538,13.8,5.27,16.2,572,19.5,30.3,64.5,1,M,0
37.1,11.191590697368156,4.48,7.7,220,22.0,27.8,78.93079356021589,21,M,1
