haematocrit,haemoglobins,erythrocyte,leucocyte,thrombocyte,mch,mchc,mcv,age,sex,source
37.8,12.4,4.35,7.3,280,28.8,32.8,87.5,39,F,0
35.0,9.3,3.93,15.6,338,29.8,32.9,89.1,36,M,0
39.1,13.8,3.8015373104103944,3.1825235433732377,276,28.2300392867936,35.23300267098898,98.0,33,M,0
45.2,12.749350256875191,5.26,11.8,343,29.8,34.7,85.9,52,M,0
37.2,11.7,4.544802055001511,16.6,336,18.9,31.5,86.6,33,M,1
42.1,14.0,4.126193980219676,7.3,377,27.5,33.3,82.5,16,F,0
43.0,14.797723829281223,5.13,8.715533393774555,258,28.25840510941434,33.33647627682079,83.6198137108477,67,M,0
43.1,14.303419236998094,5.21,6.5,150,27.6,33.4,82.7,33,F,0
38.22611060743427,12.3,5.534513196620959,7.1,325,27.1,32.4,84.61133272892113,46,F,1
25.0,8.1,3.02,11.7,382,26.8,32.4,82.8,72,F,1
36.8,12.407376247107653,4.35,9.6,438,27.6,31.4,84.6,46,M,0
41.3,13.5,4.68,29.639698965275898,457,28.5,32.7,88.2,37,M,0
34.5,16.3,4.544802055001511,12.355570389241624,284,31.2,34.8,90.2,21,M,0
37.0,12.2,4.23,4.0,148,28.8,33.0,86.9,46,F,0
38.22611060743427,10.5,3.55,20.8,192,23.95786412739292,33.7,87.9,57,F,0
19.732642065091103,11.7,4.62,14.1,265,28.2300392867936,32.1,97.13478873043908,43,M,0
47.2,15.6,4.5,5.5,258,30.7,35.64398269271444,92.9,36,M,0
45.3,15.3,5.33,4.7,167,24.930844433526325,33.8,85.0,24,M,0
41.9,14.3,5.28,13.047183482463094,193,21.2,30.2,79.4,9,M,1
27.1,18.16771046246535,4.87,5.9,263,30.986768790338285,32.18564335915057,90.1,38,F,1
41.0,14.0,4.7,4.5,68,29.8,34.9,85.3,41,M,1
39.08721937917399,16.6,5.61,7.4,178,29.6,34.9,84.7,24,M,0
39.6,11.9,6.113761519030345,6.5,246,21.6,33.447408300512464,72.0,65,F,1
44.50015039468661,6.8,5.01,8.715533393774555,240,28.5,33.33647627682079,84.61133272892113,54,M,1
41.15549047373025,12.6,5.08,6.8,398,28.0,33.4,79.02009189405905,32,F,0
40.1,12.749350256875191,5.82,14.3,150,25.1,35.6,72.44553914164986,67,M,0
