haematocrit,haemoglobins,erythrocyte,leucocyte,thrombocyte,mch,mchc,mcv,age,sex,source
40.9,13.070039507291126,4.89,13.8,285,27.6,33.54256964357843,83.6,16,F,0
48.2,9.3,5.16,1.9,275,31.2,33.33647627682079,93.4,77,M,0
38.22611060743427,13.1,4.3,5.3,249,30.5,32.7,93.3,34,M,0
32.37544843206654,12.217901525872023,4.54,6.4,246,28.900294473488948,34.4,73.59291132445702,60,M,0
40.8,13.3,3.9517919671657804,8.9,261,20.4,32.6,83.3,62,M,0
37.7,12.4,4.31,-4.319226590039397,284,25.25275431489026,31.158769918957166,87.5,46,M,0
37.475485679280574,14.6,5.284258531110047,5.0,254,27.2,34.4,84.61133272892113,68,M,0
35.8,13.1,4.48,5.6,258,29.9,33.33647627682079,89.3185307511552,56,M,0
36.5,12.4,4.32,10.0,111,28.7,34.0,94.2,25,F,0
26.9,14.8,4.544802055001511,5.1,264,30.4,34.0,84.61133272892113,46,F,1
28.4,12.7,4.28,8.715533393774555,180,29.7,34.98329986660563,83.30992736682545,113,M,0
40.1,13.1,4.85,7.8,321,27.0,32.7,82.7,6,F,0
35.0899446550146,14.4,4.55,7.9,298,29.2,32.6,82.4,64,M,1
38.4,10.0,3.43,14.402297258919912,268,28.2300392867936,35.2,97.70521991552609,86,M,0
42.6,12.8,4.49,9.9,548,16.6,34.7,94.9,59,M,0
28.0,12.749350256875191,3.26,1.1,210,26.7,31.1,85.9,45,F,0
40.5,13.8,5.081636488902602,8.4,729,29.103747903709863,34.1,94.8,32,M,0
35.2,12.1,4.05,6.2,215,29.2,33.5,86.9,15,F,0
31.4,11.1,3.81,12.429662721510908,116,29.1,35.4,89.5,52,F,1
33.4,12.749350256875191,5.99288606150449,7.0,125,23.1,32.3,67.9,4,F,0
38.22611060743427,9.2,2.91,10.3,77,28.2300392867936,33.7,93.8,75,M,1
37.3,13.511093857257437,4.544802055001511,8.715533393774555,60,20.4,29.3,66.0,46,F,0
46.624434146719445,11.8,4.43,4.8,476,29.1,35.51810964581115,84.5,25,M,0
38.0,11.9,5.29,5.0,472,22.5,31.3,71.8,42,M,0
38.3,12.7,4.0,15.754773091095423,330,27.0,33.2,81.3,29,F,0
39.8,12.608352749752118,4.11,1.1,258,23.881883914250338,37.4,87.5,49,F,0
