age,sex,bmi,children,smoker,region,charges
34,female,30.66339686098655,1,no,northeast,5989.52365
39,female,30.66339686098655,0,no,southwest,7345.084
40,male,29.9,2,no,southwest,6600.361
39,male,38.17,2,no,southeast,20546.947892544595
32,female,27.066675726180968,0,no,southeast,4237.12655
26,female,32.68,2,no,southeast,7371.772
61,female,22.04,0,no,northeast,4402.233
62,female,32.965,3,no,northwest,13270.422265141257
54,male,45.315327945178,0,yes,southeast,63770.42801
38,female,29.26,2,no,northwest,7626.993
39,male,37.29,2,yes,southeast,27941.28758
19,male,34.4,0,no,southeast,20462.99766
42,male,43.664449269755885,0,no,southeast,13270.422265141257
18,male,30.501853076767173,0,yes,northeast,26660.752370005564
42,male,29.702631538531058,1,no,northwest,5630.45785
30,female,29.37,2,no,southeast,1719.4363
21,male,42.13,0,no,southwest,-16535.21666687623
36,female,28.953633801916066,5,no,northeast,14119.62
29,male,30.8,1,yes,southwest,41999.52
39,female,34.73349107204677,0,no,southwest,13270.422265141257
53,male,30.66339686098655,3,no,southwest,3484.331
46,male,22.3,1,no,southwest,7147.105
32,female,39.01274091526424,3,no,southeast,6334.34355
36,male,30.66339686098655,0,no,northeast,3167.45585
61,male,34.8,0,no,southeast,5469.0066
61,male,38.38,0,no,southwest,5847.510845300697
45,male,20.425,1,no,northwest,7441.053
34,male,29.325064348979613,0,no,southeast,23065.4207
19,male,25.46,0,no,northwest,13270.422265141257
28,male,31.68,1,yes,southeast,25211.557425989595
49,male,28.88,0,no,northwest,3866.8552
28,male,37.1,1,no,southwest,23135.932829058125
22,female,33.915,0,no,southwest,2731.9122
34,female,21.375,1,yes,northeast,20737.905468185254
51,male,24.795,2,no,southeast,13270.422265141257
63,female,27.5,1,no,southwest,6457.8434
46,female,27.74,0,no,southeast,8026.6666
39,female,33.345,1,no,northeast,8334.45755
54,female,37.1,1,no,northeast,10923.9332
49,female,21.3,1,no,southwest,-2410.8715125042345
61,male,33.535,0,yes,southeast,23661.717230372546
58,male,43.7,0,no,northeast,2102.2647
26,male,36.63,2,no,southeast,4949.7587
21,male,30.66339686098655,0,no,northeast,11931.12525
33,female,31.7059527283373,1,yes,southwest,24520.264
49,male,25.8,3,no,northwest,10096.97
54,female,21.755,2,no,southeast,14545.9930996246
55,male,33.88,3,no,southeast,11987.1682
33,female,33.44,1,no,southeast,6653.7886
15,male,36.85,1,no,southeast,1534.3045
47,male,33.535,0,yes,northeast,34617.84065
50,male,32.3,1,no,northeast,41919.097
