age,sex,bmi,children,smoker,region,charges
30,male,31.57,1,no,northwest,4837.5823
48,male,22.050710484936225,0,yes,southeast,24671.66334
38,female,27.6,0,no,northwest,13270.422265141257
35,female,24.422378647644504,0,no,northeast,11566.30055
53,female,29.9,3,no,southeast,11881.9696
57,female,22.8,5,no,southeast,12646.207
45,male,39.995,5,no,southeast,9704.66805
52,female,29.92,1,yes,northwest,30942.1918
39,male,41.325,1,no,northeast,17878.90068
19,female,36.575,2,no,southeast,8671.19125
21,male,30.66339686098655,3,no,northeast,3861.20965
62,male,33.72830793137627,0,no,northwest,9174.312186845174
48,female,30.78,3,no,northeast,12947.665063761182
54,male,38.38,0,no,southeast,13270.422265141257
64,male,22.23,0,no,southwest,44260.7499
45,male,32.87,2,no,northeast,11944.59435
56,male,39.49,0,no,southwest,7914.4488441092935
39,male,30.03,1,no,northwest,13270.422265141257
52,male,41.23,0,no,southwest,23967.38305
41,male,32.2,1,no,southwest,6775.961
19,female,39.615,1,no,southeast,28689.767191193245
41,female,26.4,0,no,southeast,19539.243
70,male,29.8,0,no,southeast,7050.0213
44,female,43.89,2,no,southeast,13270.422265141257
26,female,30.66339686098655,0,no,southeast,3981.9768
19,female,34.865,1,no,southwest,1744.465
39,male,30.66339686098655,3,yes,southwest,12601.686648533036
47,male,47.52,1,yes,southeast,15136.125047838861
45,male,39.27,2,no,southeast,3500.6123
50,female,30.59,2,no,northeast,7144.86265
51,male,33.88,0,no,southeast,46889.2612
39,male,32.775,3,yes,southeast,3176.8159
31,male,26.885,1,no,northeast,4441.21315
44,male,21.85,3,no,northeast,8891.1395
24,male,25.27,5,no,northeast,3044.2133
62,female,30.66339686098655,2,no,northwest,6986.697
51,female,20.6,4,no,southwest,9264.797
6,male,39.04905694306312,3,no,northeast,13270.422265141257
54,female,32.68,0,no,northwest,10923.9332
39,female,33.496071076380865,1,no,northeast,5757.41345
43,male,35.13958283307289,0,yes,southwest,37829.7242
68,male,32.2,0,yes,southeast,-3746.2386526812625
61,male,32.87663184894824,1,yes,southeast,14319.031
62,male,29.4,4,no,southwest,6059.173
54,female,27.549107405629876,0,no,northwest,10231.4999
39,female,40.41613338395334,2,no,southeast,8978.1851
10,male,30.66339686098655,1,no,northwest,11884.04858
55,female,29.7,1,yes,southwest,11881.358
39,female,28.05,1,yes,northeast,12030.169318932496
19,female,47.661310771918615,0,no,southwest,11847.033953364438
48,female,25.6,0,no,southeast,10511.404353841343
63,female,41.47,0,no,southeast,5227.98875
