haematocrit,haemoglobins,erythrocyte,leucocyte,thrombocyte,mch,mchc,mcv,age,sex,source
38.22611060743427,12.7,4.843008967796432,2.8,150,22.6,32.2,70.1,5,F,0
31.8,10.1,3.62,2.9,330,27.9,30.36448498139079,87.8,69,M,0
33.7,12.749350256875191,5.124436034155199,12.0,265,19.3,30.9,92.5,2,F,0
29.4,9.1,4.17,8.715533393774555,217,28.2300392867936,31.0,70.5,25,F,1
47.8,12.7,5.77,9.7,182,27.2,32.8,82.8,71,M,0
41.49785370802785,14.6,4.7,8.3,278,32.135763046286776,34.5,90.0,54,M,0
39.6,12.2,4.72,11.1,303,22.5,30.8,84.61133272892113,46,F,0
39.9,12.197945512833158,5.09,7.8765980663439,128,29.7,32.6,102.1335647005827,73,F,0
31.2,11.0,3.35,3.9,236,32.8,33.33647627682079,93.1,77,F,0
35.9,11.7,4.12,6.970588173420516,445,28.4,32.6,87.1,20,F,0
43.9,12.1,4.42,5.0,90,27.4,34.2,94.5,48,M,1
24.986391596319667,12.5,4.44,6.2,258,30.27151170870113,26.0,84.7,15,F,0
46.6,13.28284438918402,7.61,7.4,260,28.1,33.8,83.3,20,M,0
38.22611060743427,12.0,4.01,7.0,258,28.2300392867936,32.3,62.6,46,F,0
34.4,13.613243394971722,2.72,8.715533393774555,377,27.4,36.23076802999363,84.1,6,M,0
42.4,14.3,4.37,6.3,60,28.1,33.7,83.3,39,F,1
40.9,12.749350256875191,6.226637378762004,17.7,362,28.8,33.33647627682079,89.1,74,F,1
37.7,12.8,4.3,11.6,303,29.8,34.0,82.80668496540225,86,M,0
38.8086411928337,14.0,4.81,6.1,299,29.1,33.9,84.61133272892113,48,M,1
42.2,15.0,6.03,12.848190266356076,265,31.036543892569036,31.0,79.7,21,M,0
42.6,13.9,5.01,12.0,240,26.1,31.602629441501737,78.57025286754785,45,F,0
35.3,14.1,4.544802055001511,9.469102055741503,90,32.0,31.309649808137525,99.8,79,M,0
38.5,15.77475621734121,4.544802055001511,16.1,347,27.7,32.7,81.08785945221283,2,F,0
39.498716566534064,9.9,4.04,7.1,219,31.4,34.0,92.3,68,M,0
42.8,13.1,4.95,3.1,100,27.244467108059762,35.0,86.5,52,M,0
42.7,14.4,5.792035395215116,8.2,200,26.3,33.7,81.2,58,F,0
