age,sex,bmi,children,smoker,region,charges
35,male,21.12,1,no,southeast,6652.5288
51,male,22.42,5,no,southwest,9361.3268
39,male,32.12,2,no,northwest,3935.1799
51,male,34.8,1,yes,southwest,3577.999
39,male,27.265,3,no,northeast,-16962.140488696437
1,female,39.16,2,yes,northwest,13270.422265141257
22,male,28.31,1,no,southeast,22484.113822002913
50,male,44.745,0,no,northeast,9541.69555
30,male,25.0,1,no,northeast,7623.518
44,female,30.66339686098655,2,no,southwest,8023.13545
49,female,30.66339686098655,1,no,northwest,8703.456
56,male,28.91676358054847,0,no,northeast,1364.0260755586787
67,female,30.66339686098655,1,no,northwest,8263.638225361236
39,female,24.605,5,no,southeast,31062.627720075066
25,male,33.33,2,yes,southeast,4391.652
20,male,44.745,0,no,southeast,1391.5287
50,female,25.555,1,yes,northeast,17361.7661
34,male,34.32,-1,no,southwest,5385.3379
39,female,43.12,0,no,southwest,45863.205
38,female,34.21,1,no,southeast,5245.2269
37,female,27.076930258603532,2,no,northwest,6837.3687
52,female,31.2,0,no,southwest,9625.92
42,male,26.07,1,yes,southeast,3906.127
21,male,21.755,1,yes,northeast,13725.47184
30,male,25.83689282189003,0,yes,southeast,20296.86345
31,female,39.7,2,no,southwest,14319.031
25,male,26.8,3,no,southeast,38245.59327
10,male,29.7,0,no,southeast,4399.731
18,male,23.939769796443738,2,no,southeast,2304.0022
37,male,30.66339686098655,3,no,southwest,13270.422265141257
18,male,28.595,1,no,northwest,10982.5013
24,male,28.7,0,no,southeast,2473.3341
45,male,33.0,5,no,southwest,1980.07
58,male,23.026554956399355,1,no,southeast,11931.12525
47,female,40.185,2,no,southeast,44202.6536
27,male,30.5,0,no,northeast,2494.022
29,male,28.436207264359243,2,no,southeast,4058.1161
45,female,27.787428742912688,2,no,southeast,-5054.141839743346
38,male,16.815,2,no,southeast,13270.422265141257
50,female,27.36,0,no,southwest,22602.36345679441
19,female,24.288986990456237,1,yes,southeast,13270.422265141257
44,female,17.585705167167877,0,no,southeast,7419.4779
22,female,24.3,0,no,southeast,2150.469
52,female,21.755,3,no,northeast,23401.30575
57,female,37.05,1,yes,northeast,46255.1125
39,female,28.5,0,no,southeast,18310.742
34,male,17.003309423487295,3,no,northeast,13270.422265141257
39,male,46.2,2,no,southeast,-19221.958838186092
26,female,45.43,4,no,southeast,24905.29730263145
60,male,40.3,2,no,southeast,13919.8229
35,male,33.99,1,no,southwest,8027.968
60,male,30.66339686098655,1,no,southeast,65284.52564260786
