age,sex,bmi,children,smoker,region,charges
54,male,21.01,2,no,southeast,7518.02535
41,male,34.77,2,no,northeast,6858.4796
61,female,29.92,3,no,southeast,5253.524
45,male,30.66339686098655,0,no,northeast,25576.47764984789
29,male,27.2,0,no,southwest,2866.091
63,male,36.23053508364125,0,no,southwest,13390.559
54,female,37.37978417114134,1,yes,southeast,23288.9284
57,male,43.4,0,no,southwest,13270.422265141257
54,male,27.24260195144633,1,no,southwest,10436.096
37,female,29.6,1,no,southwest,14582.48533022777
57,female,31.46,0,no,southeast,4889.9995
18,female,33.155,0,no,northeast,-17034.50745604588
39,male,29.48,2,no,southeast,12957.118
64,male,30.66339686098655,2,yes,northeast,47291.055
28,male,23.6,1,no,southeast,25667.58201934035
26,male,26.315,1,no,northwest,13270.422265141257
39,male,29.7,3,yes,southwest,19933.458
26,male,24.866288800024428,3,no,northeast,4661.28635
25,female,30.2,0,yes,northwest,20275.882200411477
45,female,20.55973931232389,0,no,northwest,7731.85785
39,male,30.66339686098655,0,no,southeast,13270.422265141257
39,male,37.76708543684434,1,no,southwest,11945.1327
32,female,28.0,0,no,southwest,29221.971084253433
72,male,37.4,4,no,southeast,21797.0004
20,female,32.395,1,no,northwest,2362.22905
53,male,21.4,0,no,southeast,9487.6442
46,male,38.17,2,no,southeast,16248.558156743873
35,female,26.125,0,no,northeast,7045.499
27,male,42.13,1,yes,southeast,39611.7577
33,female,33.88,1,no,southeast,13270.422265141257
39,male,29.704375966983946,0,yes,southwest,17043.3414
61,male,36.3,1,no,northwest,47403.88
51,male,31.35,1,no,northwest,2643.2685
48,male,24.96586007819704,1,no,southeast,42760.5022
50,male,30.97,3,no,northeast,12180.072242881146
60,male,31.35,3,no,northeast,46130.5265
57,female,30.337324117839422,2,yes,southwest,43578.9394
21,male,26.03,0,no,northwest,8162.71625
39,female,27.2,0,yes,southeast,21771.3423
50,female,25.370909726942998,1,no,northeast,13270.422265141257
44,male,25.365,1,yes,southwest,11013.7119
41,female,31.635,1,no,northeast,7358.17565
48,male,24.3,1,yes,southeast,34779.615
35,male,30.66339686098655,0,no,southeast,3577.999
32,female,33.0,0,no,southeast,1880.07
61,male,29.6,2,no,southwest,-6092.148376915826
50,male,33.3,0,no,northwest,8827.2099
57,male,40.565,2,no,southeast,6734.793325276384
60,male,32.8,1,yes,southwest,52590.82939
53,male,30.66339686098655,1,no,southwest,10065.413
22,male,36.67,2,no,northwest,10848.1343
43,female,34.8,0,no,southeast,12982.8747
