age,sex,bmi,children,smoker,region,charges
25,male,30.66339686098655,1,no,northeast,2721.3208
23,female,28.12,1,yes,northwest,2690.1138
48,male,47.74,0,no,southeast,40974.1649
50,female,31.825,0,yes,northeast,41097.16175
19,male,23.75,2,no,northeast,1705.6245
54,male,31.635,0,no,northeast,10338.9316
62,female,38.095,2,no,northeast,15230.32405
27,male,27.94,1,no,southeast,6775.961
35,male,37.89044500265155,3,no,southeast,13270.422265141257
24,male,35.86,0,no,northeast,1986.9334
51,male,31.24,0,no,southeast,9174.13565
50,male,22.752121446999432,0,yes,southeast,-15501.753349421093
39,male,29.06032396434975,1,no,southwest,11735.87905
21,male,33.63,2,no,northwest,1875.344
60,female,30.66339686098655,3,no,southeast,8059.6791
23,male,32.7,3,no,southwest,3591.48
19,male,27.7,0,no,southwest,-3622.380443348462
37,male,24.7,0,no,southeast,13270.422265141257
51,female,34.96,2,no,southeast,1639.5631
20,female,38.895610463589875,1,yes,northwest,33499.23779028355
59,female,27.5,0,no,southeast,12233.828
20,female,29.6,1,no,southwest,3579.8287
60,female,27.075,0,no,northwest,10106.13425
39,female,33.77,1,no,southeast,-2909.659026647627
29,female,30.305,1,no,southeast,2203.73595
18,female,27.93,3,no,northwest,18838.70366
