haematocrit,haemoglobins,erythrocyte,leucocyte,thrombocyte,mch,mchc,mcv,age,sex,source
45.8,14.5,4.69,8.715533393774555,168,30.9,33.20474471125548,97.7,74,M,1
38.22611060743427,11.8,4.544802055001511,10.2,205,32.0,32.043952534745166,82.4590397153049,46,M,0
40.6,13.4,4.96,11.3,383,27.0,33.33647627682079,95.8,41,F,1
42.50775901157773,15.0,4.95,3.0,67,30.3,34.9,86.9,85,M,1
42.2,12.7,4.95,11.1,207,23.6,33.33647627682079,85.3,24,M,0
29.9,10.2,3.51,21.1,319,29.1,34.1,85.2,93,M,1
37.893891645894435,6.4,1.98,52.8,388,22.243108333206628,32.67020749554175,104.5,7,F,0
44.1,12.749350256875191,4.67,5.1,101,31.5,33.3,94.4,64,M,1
30.2,10.5,5.330547752869946,13.0,360,27.6,34.8,79.3,98,M,1
41.1,13.4,4.62,8.3,377,27.5,34.8,94.66646513238517,46,M,0
23.3,10.86667980415605,2.2902249816572295,6.846997564715391,156,33.8,34.3,98.3,72,M,1
38.8,14.1,4.544802055001511,9.9,213,30.6,35.5,83.1,46,F,0
48.0,12.749350256875191,3.47,8.715533393774555,235,32.3,33.7,95.7,117,F,0
38.0,12.3,5.14,4.9,232,23.9,32.4,73.9,7,M,0
38.6,13.4,5.47,9.238696863584357,60,27.881859007541905,34.7,85.2,44,F,1
35.1,13.2,4.2428015351067865,12.404984545127087,196,28.2300392867936,33.6,94.4,80,F,0
33.2,9.071505010343632,3.46,6.90877121262501,258,29.5,33.05803848421792,96.0,74,M,1
32.25967986567397,13.8,4.27,11.6,270,34.01078555064108,33.7,81.9,72,M,0
42.5,10.7,4.91,14.8,264,28.7,33.2,88.4,23,M,0
38.22611060743427,15.6,5.01,40.9,236,31.1,33.2,73.4020044781538,75,M,1
31.8,10.3,2.4389777890097792,4.3,109,31.5,32.4,87.1378076870306,84,M,0
30.5,10.2,5.74,13.0,231,28.2300392867936,33.4,84.61133272892113,75,F,1
36.0,13.31513158651254,4.53,8.0,262,21.2,29.9,84.61133272892113,79,F,0
37.676904496877945,8.96702994821689,3.94,10.4,337,27.4,32.0,85.5,36,F,0
39.7,13.2,1.93,6.1,170,23.667536896155077,34.0,78.2,70,M,1
44.7,13.3,4.78,3.2,258,27.8,32.6,83.6,48,M,1
