haematocrit,haemoglobins,erythrocyte,leucocyte,thrombocyte,mch,mchc,mcv,age,sex,source
38.22611060743427,12.749350256875191,5.13,8.6,445,33.1,33.4,86.5,28,M,0
40.7,13.4,4.44,5.2,295,30.2,34.07455999586326,91.7,7,F,0
47.3,12.749350256875191,3.5053284793437065,20.5,276,30.3,34.5,84.61133272892113,38,M,0
51.11875400117931,16.6,5.106821780077487,6.2,214,28.8,34.4,83.9,47,M,0
33.6,13.9,5.278638464936872,8.715533393774555,234,30.3,34.98814227803608,88.9,52,F,0
37.0,9.381735141572166,5.18,18.3,479,21.6,30.3,71.4,25,M,0
49.2,11.4,3.94,29.8,258,31.782236032473055,33.3,86.8,59,F,1
40.8,11.4,3.69,8.0732212853044,260,33.75176386149186,33.9,91.1,46,M,0
46.9,16.3,4.544802055001511,15.5,284,31.3,34.8,90.2,43,M,1
37.2,12.0,3.25417049627402,8.5,186,28.4,32.3,88.2,52,F,1
29.7,3.8,2.31,5.2,403,16.5,26.0,63.2,67,F,0
38.6,12.7,4.55,6.5,53,28.635970255706336,32.9,84.61133272892113,49,F,1
37.172232592421885,12.445971664687583,5.69,10.6,334,23.8,32.6,81.2,37,M,0
34.89698416299214,11.967557307299069,4.3,8.724928436067717,264,29.5,34.2,86.3,55,M,1
38.5,13.1,5.21,6.4,288,25.1,35.4,73.9,6,F,0
39.2,12.5,5.62,5.2,312,28.2300392867936,34.544310356553645,68.12786236302694,51,M,0
38.22611060743427,6.8,3.87,12.2,191,29.5,33.6,98.3,26,M,1
30.5,10.2,4.51,5.1,284,29.1,34.7,103.46975656585778,55,M,1
37.2,5.8,4.58,9.578368248345043,240,27.1,33.33647627682079,82.4,62,F,0
33.3,13.4,4.2,11.03334505279818,154,23.5,35.9,79.9,68,M,1
38.472675688672076,12.701502453154871,4.544802055001511,5.1,258,24.647642198472646,33.33647627682079,81.75107493280588,46,M,0
53.2,17.0,7.35,8.715533393774555,12,23.1,32.0,72.4,25,M,0
38.5,11.1,3.84,10.8,272,28.2300392867936,34.8,84.1,60,F,0
33.5,11.3,4.74,13.2,100,26.9,31.92883038736991,70.7,1,F,0
34.6,11.7,3.75,6.2,96,31.2,33.8,92.3,58,M,0
38.2,12.2,4.24,10.5,358,29.0,31.9,80.61282840079934,58,M,1
