haematocrit,haemoglobins,erythrocyte,leucocyte,thrombocyte,mch,mchc,mcv,age,sex,source
30.0,14.0,4.66174831080687,11.0,338,27.2,32.8,82.9,67,F,0
36.2,12.0,4.09,4.1,-19,29.3,33.25327409218824,87.0232717363625,67,M,1
29.4,11.1,4.17,7.6,90,20.4,33.03720570534143,77.02909461905026,25,F,1
32.2,10.5,3.82,19.1,152,27.5,32.6,84.3,69,M,1
36.3,11.8,4.44,6.2,316,26.6,32.7,81.8,24,F,0
38.22611060743427,16.2,4.582774957735869,10.0,246,29.0,33.33647627682079,84.2,43,M,0
39.5,13.4,4.28,3.6,158,24.08311965958968,35.9,92.3,74,F,0
44.0,14.1,5.56,11.946058323338466,252,25.4,32.0,79.1,33,F,0
42.8,9.818630026904138,3.95,5.7,232,27.6,33.33647627682079,88.2,6,M,0
34.5,11.0,3.66,8.715533393774555,614,30.1,31.9,94.3,36,F,0
45.1,11.247655051755027,4.16,7.6,237,28.4,33.4,91.3,56,M,1
41.5,13.4,4.98,10.9,350,26.480379833400985,32.3,84.61133272892113,74,M,1
42.0,12.749350256875191,4.544802055001511,6.4,288,30.278626381278137,34.5,83.7,31,M,0
40.6,13.3,4.25,6.8,221,29.6,32.8,94.4,46,M,1
37.63711849364841,9.8,4.422856550115445,8.715533393774555,403,29.6,31.536882557959736,84.61133272892113,63,M,0
37.95751862710513,14.1,4.144258040280887,5.1,394,28.2300392867936,33.2,65.2,46,M,1
27.8,9.3,3.17,14.774104008043292,258,28.2300392867936,33.5,87.7,77,M,0
43.22988831511343,13.1,4.39,9.0,397,29.8,34.7,84.7,44,F,0
26.218874359980042,12.6,4.3,10.4,301,30.9,33.7,88.0,62,M,0
38.1,12.749350256875191,4.69,8.83124963781881,157,25.6,31.5,81.2,25,F,0
28.2,13.076221630814889,3.3,21.5,339,30.9,32.1590501986574,85.5,53,F,0
32.7,14.2,4.17,9.4,258,21.91910343038704,33.2,86.6,29,M,0
36.3,12.654884111105414,3.29,16.03726332508319,321,27.4,32.8,83.4,34,F,0
32.9,9.1,3.33,8.0,192,33.3,33.7,87.04870149760835,87,F,1
38.22611060743427,15.6,4.544802055001511,7.4,255,30.2,35.6,86.1,26,M,0
42.2,15.8,4.91,6.0,252,28.1,32.5,76.22525937074877,21,F,0
