age,sex,bmi,children,smoker,region,charges
60,female,39.39356750666999,0,no,northeast,23422.49905324522
18,male,30.66339686098655,1,no,southeast,9408.283758380325
37,female,29.83,2,no,southeast,16115.3045
40,female,25.237839224139343,1,no,southeast,17179.522
39,male,34.2,1,yes,northeast,43412.00838618919
35,male,34.8,1,no,southwest,14455.64405
34,male,35.815,0,no,southeast,4320.41085
64,male,38.691512968107816,1,no,southeast,7243.8136
58,female,32.965,0,no,northeast,12430.95335
57,female,32.01,2,no,northeast,42909.015334756885
53,female,16.408426767282954,2,no,northwest,11729.6795
49,female,45.9,3,no,southeast,13270.422265141257
38,male,34.7,2,no,northwest,6082.405
45,female,38.38,1,no,southeast,27688.522506293564
18,female,20.79,0,no,southeast,1607.5101
50,female,36.67,2,yes,northeast,13270.422265141257
30,male,35.09,1,yes,northwest,23568.272
18,male,24.07551473143054,0,no,northeast,1702.4553
26,female,39.82,1,no,southeast,21284.3764961275
47,male,19.57,1,no,northwest,8428.0693
39,male,21.74934078829573,0,yes,southeast,11367.39384006193
38,female,30.21,0,no,northwest,7537.1639
49,male,34.5,1,yes,northeast,9282.4806
39,male,31.92,2,no,southwest,7209.4918
55,male,30.66339686098655,0,no,northeast,42303.69215
29,male,30.66339686098655,1,no,southeast,3925.7582
61,male,37.905,0,no,southwest,8800.740893138889
54,male,46.7,3,no,southwest,11538.421
88,male,28.0,0,no,southeast,70961.32293965033
46,female,31.03839428577776,-1,no,northwest,13270.422265141257
23,female,41.91,1,no,southeast,1837.2819
35,male,38.6,1,no,southwest,4762.329
28,male,22.329771504230486,1,no,southwest,5969.723
35,female,27.791264379433287,1,no,southeast,13937.6665
24,male,34.58,1,no,southeast,19107.7796
48,female,30.66339686098655,4,no,northwest,11015.1747
50,male,31.1,1,no,northwest,13270.422265141257
55,male,25.365,1,no,northwest,7518.02535
37,female,29.83,2,no,northeast,6406.4107
36,male,29.04,3,no,southeast,14418.2804
55,male,46.53,4,no,southeast,6435.6237
43,female,30.66339686098655,1,no,northeast,2710.82855
39,male,30.875,1,no,northwest,5373.36425
56,female,35.848836456362775,1,no,southeast,14254.6082
61,female,25.08,1,no,southwest,12646.207
33,male,22.135,2,no,northeast,8302.53565
34,female,26.73,1,no,northeast,5002.7827
22,male,32.3,3,no,southwest,3443.064
26,male,27.36,0,no,northwest,1708.92575
51,male,36.67,2,no,northwest,13270.422265141257
55,male,37.51,2,no,southeast,9304.7019
39,male,27.7,0,no,southeast,18031.57271688814
