haematocrit,haemoglobins,erythrocyte,leucocyte,thrombocyte,mch,mchc,mcv,age,sex,source
53.0,16.3,7.54,4.3,311,21.6,28.5,63.0,17,M,0
42.7,14.2,4.78,8.715533393774555,248,29.7,33.3,89.3,50,M,1
27.8,12.2,4.69,14.851963714929095,333,26.0,34.2672517135413,79.7,2,F,1
36.2,9.0,4.7,8.3,299,31.1,30.357103850990114,90.0,61,M,0
37.4,8.9,3.18,-1.1110620405460656,345,28.0,32.0,84.61133272892113,45,M,0
41.8,14.0,3.2790236784510984,12.1,289,27.2,33.5,81.2,30,M,1
38.22611060743427,8.4,2.88,27.6,182,28.2300392867936,33.33647627682079,89.1,53,F,0
42.4,14.0,5.01,6.9,295,24.5,33.84852652875357,78.98318648430148,52,F,1
42.2,14.8,5.21,3.9,10,27.5,33.33647627682079,81.0,80,M,1
48.0,13.78341540809506,3.14,7.0,51,28.3,34.6,94.42515346554401,34,F,1
39.1,12.720492491908047,4.98,10.5,366,28.4,31.79013601206184,74.37260579112777,1,F,0
42.0,11.123185087982293,4.67,18.6,143,29.3,32.6,89.9,55,F,0
40.7,13.5,3.536749546204497,11.545349335399877,282,29.444947316900382,33.2,85.3,57,M,0
27.8,12.749350256875191,5.87,5.5,167,28.7,32.4,88.5,28,F,0
50.1,16.7,4.24,5.7,33,28.269541911575,36.4,81.2,18,M,1
37.8,12.7,3.95,6.7,284,32.2,33.6,95.7,61,M,1
39.22094791280491,13.8,6.300302334377371,6.3,208,30.0,32.4,88.5,60,F,1
34.3,11.4,3.88,19.8,225,27.9422487128662,33.2,88.4,56,M,0
37.490968425328916,12.8,4.22,5.0,314,32.4,34.0,89.6,46,M,1
38.22611060743427,10.670499595061278,5.62,11.3,258,22.6,32.2,65.09389640700692,5,F,0
41.1,10.3,4.544802055001511,8.715533393774555,423,29.2,33.9,90.3,55,M,1
28.83471688705405,12.749350256875191,4.544802055001511,10.641201163462593,415,21.9,31.5,69.6,3,F,0
52.0,13.1,5.29,7.7,265,21.7,31.0,84.61133272892113,21,F,1
41.3,14.5,4.38,6.2,110,33.1,35.1,94.3,40,M,1
49.823705301300116,13.1,3.5612330553085974,7.1,258,29.624966316023173,33.8,88.5,46,M,0
39.0,14.5,4.65,2.8,352,28.2300392867936,33.6,103.9,22,F,0
