age,sex,bmi,children,smoker,region,charges
43,male,24.264848579555213,2,yes,southeast,13270.422265141257
54,female,25.32903065927488,1,no,southeast,10493.9458
31,male,38.39,1,no,southeast,4463.2051
37,female,24.6,0,no,southwest,17496.306
19,female,21.78,2,no,southeast,25999.40061288819
50,female,28.16,3,no,southeast,10702.6424
39,male,30.66339686098655,0,no,northwest,36580.28216
33,female,23.65,5,yes,northwest,20234.85475
39,female,31.92,0,no,northwest,2261.5688
18,female,27.28,0,yes,southeast,18223.4512
54,female,31.6,0,no,southeast,9850.432
30,male,31.57,3,no,southeast,4837.5823
18,male,29.37,1,no,southeast,26926.5144
19,male,27.265,2,no,northwest,22493.65964
25,male,26.695,4,yes,northwest,4877.98105
11,female,28.025,1,no,southeast,25074.333203760994
34,female,38.0,1,no,southwest,6196.448
52,male,36.18846186770946,1,yes,southwest,9724.53
27,male,24.3,0,no,southeast,9715.841
47,male,26.6,2,no,northeast,37133.8982
35,male,25.935,0,no,northwest,13483.540021897154
28,female,37.1,1,no,southwest,13270.422265141257
43,male,25.745,3,no,northwest,9301.89355
26,female,24.3,5,no,southwest,-13895.91543771826
27,female,33.66409578548884,1,no,northwest,3956.07145
46,female,30.66339686098655,1,no,southwest,22478.6
