haematocrit,haemoglobins,erythrocyte,leucocyte,thrombocyte,mch,mchc,mcv,age,sex,source
39.2,12.9,4.544802055001511,17.6,379,28.7,30.586367742075055,87.3,81,F,1
43.503247710363794,12.749350256875191,3.19,8.715533393774555,270,31.09225517037622,32.6,85.85730220206395,70,F,0
29.6,12.749350256875191,3.56,12.5,309,29.09667203807731,33.8,83.1,33,M,1
25.6,4.4,4.33,6.5,321,30.7,33.1,83.7,73,F,0
38.7,9.6,4.09,10.5,353,21.6,31.4,74.8,54,F,0
30.6,13.5,4.59,8.9,236,34.1,32.0,84.3,73,F,0
42.2,14.783621612531794,4.76,13.148894838784393,225,29.8,33.6,96.50072184477438,32,M,0
34.9,11.4,4.17,5.0,279,28.2300392867936,32.7,92.8,45,M,0
38.22611060743427,11.947908843968394,5.26926983652553,5.9,448,26.0,32.4,80.5,54,M,0
47.4,16.4,4.52,11.0858493880975,259,27.6,35.4,79.8,67,M,1
34.057581618179334,12.2,4.25,18.7,292,28.2300392867936,32.7,84.61133272892113,32,M,0
38.22611060743427,14.9,5.28,7.7,337,28.2,33.7,83.7,16,M,0
35.73914771799813,12.441050668544436,5.12,1.4765996649340742,249,29.3,33.8,86.6,25,M,0
34.1,11.6,4.88,7.2,263,23.8,34.0,94.8,10,M,0
38.5,12.8,4.86,7.9,164,26.3,33.2,82.7956286979438,30,M,0
39.1,12.0,3.674113974226648,0.5429378560565272,258,21.8,30.7,58.78565772466615,46,M,1
23.7,12.4,4.544802055001511,11.5,399,30.1,34.979689513249774,77.0,46,M,1
47.5,16.2,5.82,10.4,307,27.8,33.25419878330899,81.6,33,M,1
34.2,13.255966453453151,5.94,4.1,423,23.2,35.3,75.7,37,F,0
32.7,10.6,3.56,9.5,329,29.8,32.4,91.9,73,F,1
36.8,12.6,5.71,6.9,224,33.407845937199234,33.33647627682079,82.9,23,M,0
39.1,12.4,5.73,4.8,382,23.5,31.7,68.2,29,M,0
32.7,10.7,3.65,8.715533393774555,308,29.3,34.4,89.6,54,F,0
43.6,14.4,5.269078638738516,2.0,53,26.97027384435254,34.37066790791506,88.8,45,F,1
37.100447241732844,11.6,5.47,8.0,258,21.2,32.2,65.8,79,M,1
35.5,9.7,3.9493320431463665,20.8,362,28.3,33.33647627682079,84.61133272892113,63,M,1
