age,sex,bmi,children,smoker,region,charges
32,male,27.835,1,no,southeast,4454.40265
31,female,36.63,1,no,southeast,4949.7587
41,female,28.05,1,no,southeast,13270.422265141257
60,female,30.66339686098655,1,no,southeast,12644.589
50,female,44.77,1,no,southeast,9058.7303
58,male,36.955,2,no,northwest,47496.49445
28,male,35.3,3,no,southwest,7196.867
21,female,25.745,1,yes,northwest,2710.82855
40,male,25.46,1,no,southeast,7077.1894
39,male,28.136983864732567,3,no,northwest,32787.45859
24,male,23.655,2,no,northwest,2352.96845
29,female,32.11,2,yes,northwest,6457.8434
39,female,30.47601309742073,0,no,southeast,5662.225
19,female,52.027464446986286,0,yes,southeast,16582.58897036627
46,male,37.73,1,no,northwest,20652.71187982081
59,female,36.765,1,no,northwest,47896.79135
27,male,30.3,0,no,southwest,16919.67311520585
27,female,29.64,4,no,northeast,5478.0368
26,male,35.42,0,no,northeast,2322.6218
56,male,25.9,4,yes,southeast,29153.91351671613
58,female,30.66339686098655,0,no,northwest,24671.66334
51,male,40.48,1,no,southwest,9377.9047
39,male,20.4,0,no,southwest,3260.199
49,female,30.4,4,no,southeast,13429.0354
58,female,30.495,0,no,northwest,13270.422265141257
19,male,39.94453878233247,1,no,southeast,2585.269
