age,sex,bmi,children,smoker,region,charges
48,male,40.565,2,no,northwest,45702.02235
35,female,40.375,0,no,southeast,13270.422265141257
21,male,36.19,5,no,southeast,19214.70553
47,female,30.66339686098655,2,yes,northeast,8823.279
27,female,18.559564747988297,0,yes,southeast,1646.4297
55,female,31.693216591097606,3,yes,southeast,11881.9696
19,female,25.08,0,yes,southeast,14449.8544
62,female,25.0,0,yes,northeast,11848.141
39,male,26.18,1,no,southeast,7046.7222
34,female,29.26,1,no,southeast,13270.422265141257
58,female,28.215,0,yes,northwest,31365.98664921258
39,female,30.4,0,no,southeast,28287.89766
27,female,31.255,1,no,northwest,2757.8897379849386
63,male,23.56,0,yes,southwest,23680.936644810565
39,male,32.205,2,no,southeast,8835.26495
19,male,33.1,1,yes,southwest,1632.56445
37,male,18.335,0,yes,southeast,13204.28565
55,male,26.8,1,no,southeast,27688.655309973714
33,female,25.3,0,no,northwest,11070.535
35,male,33.1,1,no,southwest,13451.122
24,female,29.925,0,no,northeast,2850.68375
48,male,30.66339686098655,2,no,northwest,8835.26495
41,male,37.201400207039086,1,no,southwest,5152.134
44,male,20.235,0,yes,southwest,19594.80965
32,male,30.03,1,no,southeast,4074.4537
57,male,30.66339686098655,0,no,southwest,7147.105
33,female,44.745,2,no,southwest,28209.148650111078
47,female,32.6,3,yes,southwest,7954.517
23,male,30.66339686098655,3,yes,southwest,13270.422265141257
56,male,29.775374732720547,1,no,northwest,10976.24575
31,male,27.645,2,yes,northeast,11398.749792737786
37,male,20.425,0,no,southeast,13270.422265141257
36,female,25.08,0,no,southeast,23401.847366677033
64,female,30.66339686098655,1,no,southeast,21098.55405
12,male,26.41,0,no,southeast,8827.2099
39,male,31.184663507834884,-1,yes,southwest,2055.3249
31,female,32.68,0,no,southeast,3756.6216
62,female,25.74,0,no,northwest,13844.7972
19,male,35.53,0,no,northwest,16577.7795
39,male,29.906923848299453,0,yes,northwest,10231.4999
54,female,23.0,3,no,southwest,12094.478
41,male,30.802197708256617,0,no,northwest,5699.8375
64,female,28.1,5,no,southwest,9715.841
28,male,37.773192363917985,1,no,southwest,3277.161
34,female,33.36494272430263,0,no,northwest,29399.51098309154
57,male,26.6,0,no,southwest,4327.547693027966
23,male,23.845,0,no,northeast,2395.17155
46,male,29.42008455433921,3,no,southwest,10600.5483
30,male,27.93,2,no,northeast,13270.422265141257
42,male,28.5,0,no,southeast,7160.3303
32,male,24.6,0,no,northwest,17496.306
61,female,34.8,0,yes,southeast,10614.35434272559
