haematocrit,haemoglobins,erythrocyte,leucocyte,thrombocyte,mch,mchc,mcv,age,sex,source
40.9,12.7,4.89,13.8,438,28.388973070660548,33.0,83.6,16,F,0
38.22611060743427,16.1,5.16,5.5,22,19.7,33.4,84.61133272892113,77,F,0
40.1,13.1,4.3,4.511592720650153,249,30.5,26.0,93.3,48,F,1
45.664915914318364,12.749350256875191,4.236859080235584,6.4,227,28.0,34.4,81.3,81,F,0
40.8,13.3,3.644492000965593,8.715533393774555,337,27.1,33.33647627682079,83.3,62,M,0
25.5,12.4,4.31,6.3,284,28.7,32.9,83.0,46,M,0
34.33023833221487,14.6,6.04,8.715533393774555,254,30.170642646297154,33.5,81.3,46,M,0
39.1,13.1,4.48,5.6,230,29.2,34.0,87.3,56,M,0
22.708574947981806,12.326937913640402,6.5598569829778,4.8,111,28.8,34.67835707195457,89.36671232077691,25,M,1
42.930198283440156,12.8,4.21,5.1,257,30.4,34.0,88.62376781585598,28,F,0
38.4,13.5,4.28,11.4,180,29.7,33.33647627682079,77.2,77,F,0
38.22611060743427,13.1,5.65,7.8,321,27.0,32.7,82.7,22,M,0
33.4,10.8,4.68,7.0,275,28.2300392867936,34.675792591535085,84.61133272892113,17,F,1
27.3,10.8,2.91,10.3,258,31.6,31.3,98.7,75,F,0
37.3,11.5,4.85,7.4,191,20.4,30.8,80.82962146638128,33,M,0
34.3,12.144547601750906,4.544802055001511,10.0,265,29.1,34.4,84.5,46,M,0
38.0,11.9,5.29,2.9350266716267717,472,28.969010396685228,31.3,71.8,42,F,1
36.8,12.7,3.895941774142796,11.3,258,27.0,33.2,81.3,33,F,0
38.3,13.0,4.27,7.9,175,33.32532723931209,34.59055847839205,83.45740980368956,55,F,0
38.3,13.3,3.52,4.9,252,37.8,36.1,104.5,47,M,0
38.5,12.5,4.64,1.9,403,28.2300392867936,32.5,87.5,53,M,1
36.8,12.4,4.21,8.4,150,31.4,33.7,93.2,75,M,0
37.0,12.749350256875191,4.11,18.28556720364236,469,24.0,32.06503277021328,90.0,48,F,1
48.0,11.591674178851582,4.544802055001511,3.5,213,29.6,33.5,87.1,54,M,1
43.2,15.8,4.55,4.46206195867234,268,28.4,32.4,87.5,49,F,0
31.4,12.200516665138629,3.81,9.8,116,29.1,35.4,82.4,25,F,0
