age,sex,bmi,children,smoker,region,charges
37,female,42.758582620811026,0,yes,southeast,15147.613534180839
28,female,23.845,2,no,northeast,4719.73655
63,female,36.765,5,yes,northeast,13981.85035
38,female,27.835,2,no,southeast,7144.86265
39,male,35.3,2,yes,southwest,40103.89
30,male,23.655,3,no,southwest,18765.87545
31,male,27.645,2,no,northeast,5031.26955
45,male,22.895,2,yes,northeast,11840.77505
42,male,35.815,0,yes,northwest,18838.70366
39,male,29.355,2,no,northwest,19798.05455
48,male,32.3,1,no,northeast,13270.422265141257
25,male,31.243724125623984,1,yes,southeast,2137.6536
27,male,35.75,-1,yes,southeast,38282.7495
42,male,28.025,2,no,northwest,6940.90985
32,male,30.66339686098655,1,yes,southeast,19719.6947
16,female,31.255,1,yes,northwest,21214.970071537435
51,female,37.8,0,no,northwest,4239.89265
33,female,24.795,2,no,northeast,17904.52705
19,female,27.93,3,no,northwest,21348.706
32,male,30.66339686098655,0,yes,northeast,13635.6379
54,male,28.31,1,yes,northwest,7153.5539
41,male,26.6,3,no,northwest,12495.29085
39,female,27.709861474617327,2,no,southwest,11150.78
14,male,37.715,3,no,northwest,22254.354110550932
53,male,25.01252959101425,0,no,southeast,13270.422265141257
54,female,25.9,5,no,southwest,-11611.718165681108
