age,sex,bmi,children,smoker,region,charges
47,female,35.3,0,no,southeast,8534.6718
24,male,33.63,4,no,southeast,2990.5852520316166
21,male,25.745,2,no,northeast,3279.86855
35,female,35.86,2,no,southwest,9458.546037368182
56,male,24.107629274575483,3,no,southwest,12928.7911
51,female,18.6,3,no,southeast,12363.547
54,female,25.1,1,no,southwest,25382.297
62,male,37.29,0,no,southwest,8294.370541754042
12,female,39.49,0,no,southeast,2480.9791
20,male,33.33,0,no,southeast,1391.5287
54,female,15.737464367639008,3,no,northwest,12479.70895
44,male,36.955,2,no,southwest,8023.13545
39,female,25.175,1,no,southeast,13270.422265141257
42,female,30.66339686098655,5,no,northeast,10461.9794
25,female,41.325,0,no,northeast,17878.90068
39,male,12.332776442892,0,no,southeast,47595.113187582574
61,male,30.66339686098655,0,no,northeast,13270.422265141257
48,female,42.32805373372352,1,no,northeast,26392.26029
34,female,29.26,3,yes,northeast,6184.2994
39,female,35.3,0,no,northwest,7348.142
45,male,23.845,3,no,northeast,8891.1395
48,male,33.2,1,no,southeast,17178.6824
49,male,27.5,3,no,northeast,8615.3
45,female,33.5,0,no,southwest,37079.372
24,male,33.345,1,no,northwest,2855.43755
46,female,27.74,0,yes,southeast,8026.6666
