age,sex,bmi,children,smoker,region,charges
49,male,41.47,4,no,southeast,10977.2063
43,female,26.03,0,no,northwest,1842.519
32,male,39.640079577072626,5,no,southeast,11090.7178
24,female,40.15,0,no,southeast,47554.9448343477
61,female,36.385,1,yes,northwest,48517.56315
47,male,30.305,0,no,northwest,11938.25595
44,male,30.66339686098655,1,no,southwest,37829.7242
34,female,26.41,1,no,northeast,5385.3379
56,male,37.335,1,yes,southeast,4667.60765
19,male,33.93695939914304,1,yes,southwest,34828.654
37,female,28.64754620558087,2,no,southeast,6686.4313
63,male,32.2,1,yes,southeast,6988.382652853138
51,male,26.07,1,no,southwest,2304.0022
31,male,32.68,3,no,northwest,-8435.634293740946
30,male,20.6,0,yes,southwest,36837.467
22,female,24.3,0,no,southwest,2150.469
50,female,30.97,3,no,northwest,13270.422265141257
19,male,28.4,1,yes,southwest,6837.3687
40,female,21.47,1,yes,northwest,15230.32405
44,male,20.235,0,yes,southeast,19594.80965
29,male,29.64,1,no,northeast,20277.80751
25,female,33.99,0,yes,southeast,2473.3341
25,male,25.718601892951988,3,no,southwest,19933.458
39,female,35.3,0,no,northeast,18033.9679
62,male,20.235,1,yes,southeast,19347.55799553163
39,female,30.66339686098655,3,no,southwest,13270.422265141257
