age,sex,bmi,children,smoker,region,charges
43,male,28.9,4,no,northeast,8277.523
25,male,27.645,1,no,northeast,9288.0267
48,male,24.42,5,yes,southwest,21223.6758
18,male,27.36,1,yes,southeast,17178.6824
29,male,32.395,0,no,southwest,3737.609808464702
32,female,20.52,0,no,southwest,8782.469
56,female,28.7,1,no,southwest,13224.693
51,male,29.64,0,yes,northwest,13270.422265141257
39,male,22.1,0,no,southwest,13270.422265141257
60,female,40.92,0,no,southeast,48673.5588
41,female,33.55,0,no,southeast,5699.8375
18,male,30.66339686098655,0,yes,northeast,34617.84065
51,male,28.31,1,no,northeast,11272.33139
63,female,27.74,0,yes,southeast,29523.1656
23,female,30.66339686098655,0,yes,southwest,34166.273
54,female,18.6,3,no,southwest,1728.897
47,male,21.66,0,yes,southeast,14283.4594
19,male,30.02,0,no,northwest,33307.5508
39,male,20.35,0,no,southeast,47908.93880458324
28,male,30.66339686098655,1,no,northeast,16377.726232736339
24,female,29.925,2,no,southwest,13270.422265141257
18,male,13.371698699340447,1,yes,northwest,13747.87235
49,male,27.17,3,no,southeast,8601.3293
49,female,31.9,0,yes,southwest,7152.6714
33,male,33.57178201140436,2,no,northeast,11552.904
42,male,28.31,1,yes,northwest,9013.824096093838
50,female,28.12,3,no,northeast,9778.3472
52,male,27.19559253110355,3,no,southwest,11411.685
39,female,30.66339686098655,3,no,southeast,3906.127
39,female,54.540812919009014,2,no,southeast,6985.50695
39,male,22.515,0,no,northeast,16055.694646859658
49,female,36.63,3,no,southeast,10381.4787
35,male,28.7289531950863,1,yes,southeast,13270.422265141257
24,male,28.5,1,no,northeast,3537.703
21,male,35.86,0,no,southeast,1986.9334
29,female,44.63176927705002,0,no,northeast,1127.2088761505834
52,male,28.2,1,no,northeast,9722.7695
45,female,19.477975157374374,0,no,southeast,17929.30337
51,female,37.38241493306748,3,yes,northwest,-17441.109822406757
49,female,36.1,1,no,southwest,11085.5868
19,female,32.68,1,no,northwest,35001.99196288223
42,female,32.87,0,no,southeast,7050.0213
26,male,30.66339686098655,2,yes,southeast,44202.6536
30,male,27.46783395696572,5,no,southwest,23283.65198265745
24,male,35.53,0,yes,southwest,13270.422265141257
65,male,27.645,1,no,northwest,3736.4647
47,female,33.25,3,no,southwest,19798.05455
17,female,34.45948619881054,1,no,southeast,2045.68525
45,male,28.7,2,no,southeast,8027.968
58,male,39.6,1,yes,southeast,26393.93588677023
34,male,33.7,0,no,northwest,5012.471
39,male,35.2,2,no,southeast,40103.89
