age,sex,bmi,children,smoker,region,charges
42,male,30.66339686098655,0,yes,southeast,18972.495
63,male,27.4,0,no,southwest,24012.798140870982
18,male,31.92,3,yes,northeast,2205.9808
45,female,27.0,2,yes,northeast,8604.48365
18,male,26.06512945826852,0,no,southwest,13270.422265141257
35,male,34.32,3,no,southeast,5934.3798
24,male,17.791803117588312,1,yes,southeast,5976.8311
28,male,35.435,0,no,northeast,17215.37616966932
60,female,19.80552382279316,1,no,northeast,8539.671
45,female,25.27,2,no,southeast,8516.829
25,male,25.84,1,no,northeast,22098.980882528744
38,female,28.93,0,yes,southeast,5974.3847
20,male,29.735,0,no,northwest,1769.53165
21,female,23.766786550884774,1,no,southeast,9095.06825
39,male,30.66339686098655,4,no,southeast,6600.20595
34,male,22.42,1,no,northeast,27375.90478
39,male,33.77,1,no,southeast,1725.5523
46,male,32.68,3,yes,northwest,40720.55105
39,male,30.66339686098655,1,no,northwest,6117.4945
38,female,27.868306029755885,3,no,northwest,10156.7832
49,female,23.845,3,yes,southeast,2457.502
64,female,27.83,3,no,southeast,14001.2867
32,female,29.8,3,no,southwest,4783.725283577128
57,male,31.54,0,no,northeast,2166.732
48,female,30.66339686098655,1,no,southeast,13270.422265141257
19,female,37.667774173167516,1,yes,northwest,2730.10785
18,female,32.585,2,no,southeast,12932.280572395017
28,female,33.0,2,no,southeast,4349.462
28,male,23.98,3,yes,southeast,9634.538
29,male,22.895,0,yes,northeast,-1680.4192079273234
24,male,23.75,0,no,southeast,17663.1442
33,male,24.605,1,no,southeast,5257.50795
24,female,25.2,1,no,southwest,5242.75403345981
20,male,32.809110335197204,0,no,southeast,1391.5287
39,female,30.66339686098655,0,no,southwest,13270.422265141257
22,male,38.97741264132641,0,no,northeast,5428.7277
58,male,35.7,0,no,southwest,4878.247974619356
24,male,21.76617247316934,0,no,northwest,14484.431738600673
52,male,29.7,0,no,southeast,4747.0529
62,female,27.645,1,no,northwest,11305.93455
32,female,32.67838222741581,2,no,southeast,32734.1863
49,male,35.86,0,no,southeast,13270.422265141257
24,female,28.6,0,yes,northwest,3044.2133
47,male,25.46,4,no,northeast,3176.2877
82,female,29.92,0,no,northwest,13457.9608
39,male,28.16,3,no,northeast,10702.6424
31,female,30.495,1,no,northwest,24987.790488340324
27,male,17.86,1,no,northwest,13270.422265141257
39,female,22.6,0,no,southwest,24106.91255
26,male,35.42,3,no,southeast,2322.6218
54,female,31.68,1,yes,southeast,34303.1672
30,male,31.02,3,no,southeast,35595.5898
