age,sex,bmi,children,smoker,region,charges
21,female,34.6,1,yes,southwest,2020.177
35,male,43.34,2,no,southeast,5846.9176
39,female,41.8,-1,no,southeast,10018.839169018085
20,female,24.42,1,no,southeast,13712.589144503783
25,male,33.66,4,no,northeast,13270.422265141257
26,male,22.61,0,no,northwest,3176.8159
63,male,33.7,1,no,southwest,8551.347
47,female,32.0,1,no,southwest,7445.918
50,male,30.66339686098655,0,no,southeast,8442.667
39,male,25.84,0,no,southeast,9282.4806
58,female,36.385,2,no,northwest,11436.73815
20,male,30.66339686098655,1,no,southwest,4076.497
48,male,28.595,1,no,northwest,1731.677
38,female,32.67,2,no,southeast,6933.24225
35,male,39.71,4,no,southeast,19496.71917
57,female,26.9,0,no,southwest,15555.18875
32,female,30.685,1,no,northwest,2257.47525
41,male,29.64,1,yes,northeast,13270.422265141257
18,male,32.6636054369988,1,no,northeast,2207.69745
36,male,34.43,1,yes,southeast,37742.5757
9,female,32.053257118901946,3,no,northwest,11289.10925
18,male,21.565,0,no,southeast,13747.87235
56,male,39.6,0,no,northwest,3936.284853784641
36,male,31.075424634097494,3,no,southeast,18220.557873143665
39,female,29.03050662067689,4,no,northwest,13429.0354
55,male,28.975,0,yes,southwest,42303.69215
