,synth,train,val,test,synth_value,real_value,jsd,wasserstein,diff_corr,dcr_rf,nndr_rf,dcr_rr,nndr_rr,dcr_ff,nndr_ff
0,0\synth.csv,0\train.csv,0\val.csv,0\test.csv,-0.20290720070295865,0.13398266962982563,0.3318633619489308,0.11035330596728551,2.1479518907413246,0.45442079620588144,0.6066646982853865,0.09130767063792977,0.24633357080973978,2.7137586683608122e-05,0.03768827619784976
1,1\synth.csv,1\train.csv,1\val.csv,1\test.csv,-0.06684185771040085,0.14154374891637833,0.12371351311953815,0.09259408898320597,1.5562570316517503,0.3626800733580202,0.5034324947204574,0.08166376557959076,0.22431853633651205,1.2994776836509729e-05,0.01914104624149901
2,2\synth.csv,2\train.csv,2\val.csv,2\test.csv,-0.07484036681393924,0.142860043225167,0.2332751411578237,0.1364805156700089,2.106173825819742,0.4757040820628199,0.5788820847624139,0.08570482848700434,0.2175863521008934,3.603944307783297e-05,0.019486686425079898
3,3\synth.csv,3\train.csv,3\val.csv,3\test.csv,-0.006735025494891911,0.14403738191764737,0.18797021477851458,0.09596520234165543,1.4533042293794567,0.4454188869728877,0.7288003262275643,0.08949106528440576,0.2628329164779755,7.093128456814333e-08,0.03060562279912192
4,4\synth.csv,4\train.csv,4\val.csv,4\test.csv,-0.08233182190515675,0.13051409269684777,0.2801207686088438,0.08660729366875045,1.377086307486198,0.3084044155865079,0.5356989886183059,0.09075478109033544,0.2358448385203547,2.954306525034654e-05,0.024097856016457107
