age,sex,bmi,children,smoker,region,charges
33,male,39.9,0,no,southwest,1256.299
49,male,35.86,1,no,northwest,5699.8375
19,male,24.605,0,no,northwest,19673.33573
24,male,34.84459594916304,0,no,northeast,12928.7911
47,female,26.185506041484224,5,no,southeast,13270.422265141257
26,female,30.66339686098655,2,no,southeast,3981.9768
28,male,29.70490251518425,0,no,northeast,10602.385
18,male,37.29,1,no,southeast,13270.422265141257
25,female,31.3,0,no,southeast,4189.1131
24,female,29.83,0,yes,northeast,9910.35985
34,female,28.537455129811434,1,no,southeast,5385.3379
17,female,34.6,1,yes,southwest,41661.602
21,male,22.515,0,no,southwest,4428.88785
26,male,40.15,2,no,southwest,1621.8827
48,male,41.91,2,yes,southwest,20070.543906432104
59,male,42.46,3,yes,southeast,11326.71487
39,male,42.4,0,no,northwest,7789.635
19,male,29.925,0,yes,southeast,22462.04375
36,male,18.986578897532425,1,no,southwest,-40.795493062380956
47,female,33.68227047385401,1,no,southwest,8551.347
39,male,25.8,1,no,southwest,9925.432023461504
40,male,24.97,2,yes,southeast,13270.422265141257
46,male,27.50839168453889,0,no,southeast,13270.422265141257
39,female,33.82,1,yes,southeast,12643.3778
37,female,34.8,2,yes,southwest,23134.05589420454
66,female,30.66339686098655,0,no,southeast,8688.85885
64,male,30.8,1,yes,southeast,41999.52
39,male,36.955,0,no,southeast,5148.5526
51,female,31.635,0,no,southwest,45863.205
18,female,26.71478936268929,2,no,southeast,3378.91
48,female,22.8,2,no,southwest,4848.546215254839
64,female,26.79,0,no,southwest,47291.055
20,male,31.13,2,no,southeast,2566.4707
13,male,30.66339686098655,2,no,southeast,2855.43755
27,female,20.235,2,no,southeast,4906.40965
47,male,36.63,1,yes,southeast,42969.8527
44,female,25.0,1,no,southwest,17179.522
32,female,30.66339686098655,4,no,northeast,4562.8421
34,female,23.56,0,no,northeast,-533.5624561925706
39,female,31.400210862816515,0,no,southeast,6307.056579645194
36,male,30.66339686098655,3,no,northeast,-14216.041553320192
54,male,23.76,0,no,southeast,47305.305
37,male,30.875,3,no,northwest,6796.86325
24,male,30.21,2,yes,northwest,4914.3279021840135
21,female,36.47607204878397,0,no,southeast,2302.3
38,female,20.8,0,no,southeast,13270.422265141257
35,female,34.105,2,yes,northwest,39983.42595
28,male,33.345,2,no,southeast,19442.3535
50,female,28.12,2,no,northwest,11085.5868
52,male,30.875,0,no,northeast,23045.56616
25,male,31.445,1,no,northeast,6701.943082969004
55,male,33.0,0,no,southwest,20781.48892
