age,sex,bmi,children,smoker,region,charges
41,female,22.895,1,no,northeast,13725.47184
39,female,22.8,3,no,northeast,13270.422265141257
50,male,21.755,0,no,northwest,8233.0975
21,male,30.66339686098655,0,yes,northeast,4830.63
34,female,37.335,0,no,northwest,5989.52365
39,female,20.765149602577594,3,no,southeast,2741.948
27,male,17.955,1,no,northeast,15006.57945
39,female,41.23,0,no,southeast,2347.2162601427003
39,female,34.865,4,yes,southeast,2585.85065
59,female,35.2,0,no,northwest,12244.531
59,female,35.53,0,no,southeast,12925.886
63,male,37.67731482409758,0,no,southwest,13270.422265141257
28,female,30.66339686098655,0,no,northwest,3556.9223
51,male,25.575337317148684,0,no,northwest,8782.469
19,male,35.4,3,no,southeast,1263.249
42,male,22.60289294592186,2,no,northwest,7729.64575
19,female,34.8,1,no,southeast,3577.999
54,female,25.670398370656525,1,no,northwest,13270.422265141257
12,male,31.57,4,no,southeast,4837.5823
60,male,26.720309294726363,0,no,southeast,8601.3293
48,female,37.363141105097505,2,no,northeast,10043.249
28,female,34.650900111894565,0,no,southeast,12244.242058099031
29,female,26.03,0,no,northwest,-12063.99591017837
58,male,30.66339686098655,1,yes,southeast,11946.6259
60,male,36.955,5,no,northeast,-23249.739670950934
87,male,33.44,3,no,northwest,12412.832178821935
56,male,30.66339686098655,2,yes,southeast,44202.6536
60,female,28.905434965691676,0,no,southeast,13270.422265141257
18,male,25.46,0,yes,southeast,1708.0014
26,female,24.985,1,no,southwest,6600.20595
39,female,31.825,1,no,northeast,13270.422265141257
60,female,36.52,1,no,northwest,28287.89766
49,female,22.61,2,no,northwest,5709.1644
62,female,25.0,0,no,southeast,13451.122
39,male,37.07,1,no,northwest,2211.13075
30,male,24.13,1,no,northwest,4032.2407
56,female,26.885,1,no,northwest,2721.3208
25,male,35.09,0,no,northeast,11033.6617
40,male,30.1,0,no,northeast,11491.74127111642
31,female,30.495,3,no,northeast,6113.23105
34,male,30.66339686098655,0,no,northeast,14474.675
47,female,29.92,0,no,southeast,9231.950544673506
22,male,37.62,1,no,southeast,37165.1638
51,female,38.06,1,yes,southeast,5815.6343867756
38,male,36.86,1,no,southwest,31620.00106
39,female,24.795,1,no,southeast,15865.525475124483
39,female,29.121425478049783,1,no,northwest,3016.4033183387755
56,male,36.1,3,no,southwest,12363.547
36,male,29.6,4,no,southwest,7512.267
20,male,40.47,0,no,northeast,1984.4533
59,male,28.7,1,no,southwest,13224.693
33,female,34.21,1,no,southeast,6289.7549
