haematocrit,haemoglobins,erythrocyte,leucocyte,thrombocyte,mch,mchc,mcv,age,sex,source
39.7,13.1,4.56,5.5,328,28.7,33.0,84.61133272892113,27,F,0
25.0,8.1,3.1,5.3,256,26.1,32.4,74.64390203173176,47,M,0
26.4,12.749350256875191,3.442087891669214,31.2,268,23.6,33.7,85.4,46,F,1
40.8,13.4,4.03,12.2,196,33.3,32.8,101.2,36,M,1
40.8,14.5,5.84,15.3,73,32.3,32.9,66.05106271938536,7,M,1
38.22611060743427,13.5,4.72,4.6,258,28.6,34.0,84.1,67,M,0
33.7,11.0,2.86,8.715533393774555,260,23.5,34.67675056721643,71.9,1,F,1
31.8,10.5,4.544802055001511,6.8,53,27.6,33.0,83.5,41,M,0
28.3,9.4,2.117178759745509,10.9,248,28.8,33.2,80.6,53,M,1
43.3,7.7,5.37,14.217564092395843,211,30.425897150687824,32.3,86.8,17,M,1
34.0,10.9,3.48,13.0,258,31.3,36.4,102.18676911618647,14,F,0
43.3,10.1,3.93,6.6,399,25.7,32.2,79.9,54,M,0
37.83445693239256,12.5,4.03,9.7,218,28.2300392867936,33.33647627682079,93.8,3,F,1
34.4,11.3,4.13,10.199412025136198,515,27.120611960533154,35.66610560384859,83.1,29,F,1
38.22611060743427,11.8,3.06,8.715533393774555,235,30.0,32.7,91.9,39,F,0
37.8,14.5,5.97,12.048994047419407,330,28.3,33.1,85.7,62,F,1
54.44390180177375,13.533400390591984,5.4111677388611525,6.4,167,34.8,35.660829329687424,87.5,47,M,0
34.3,12.023381799897741,5.704704437085493,15.740741331334847,125,32.3,32.6,99.1,63,F,0
19.88035837313103,10.448928765772639,3.16,9.3,150,28.7,33.7,105.9,87,F,1
42.2,12.5,4.8,7.4,334,30.2,34.4,87.9,39,F,0
40.7,13.8,4.42,9.8,291,31.2,32.7,92.1,27,F,0
21.9,7.230047987249239,3.93,22.6,37,23.933319298207774,33.33647627682079,87.58212625625912,46,M,0
37.1,12.1,4.58,7.9,331,28.2300392867936,33.904671131328634,84.61133272892113,61,M,0
33.334442828331674,12.749350256875191,5.63,2.9,159,27.9,35.5,84.7,66,M,1
50.3,18.3,5.8,12.7,308,28.14704315928713,33.7,67.1,11,M,0
28.1,9.4,4.544802055001511,12.2,205,28.3,33.5,84.6,79,M,0
