age,sex,bmi,children,smoker,region,charges
48,male,28.215,2,no,northwest,13270.422265141257
6,female,39.82,0,no,southeast,-12292.616591779893
62,male,34.03038311304054,1,no,southeast,19214.70553
64,female,30.66339686098655,0,yes,southwest,47291.055
52,female,24.75,0,yes,southeast,16577.7795
55,female,32.540654549872514,2,no,southeast,13270.422265141257
39,female,25.08,0,yes,southeast,2395.17155
29,female,25.0,0,no,southwest,5699.8375
39,male,30.66339686098655,1,no,southeast,17318.767173243898
34,female,29.26,3,no,southeast,6184.2994
58,female,40.565,1,no,northwest,39160.626484913904
22,female,45.57980753648378,4,yes,southeast,33907.548
39,male,33.7,2,yes,northeast,10437.8947462592
34,female,22.895,1,yes,southwest,5012.471
54,female,30.66339686098655,3,yes,southwest,12105.32
30,male,32.395,1,no,northeast,19608.490827394733
59,female,32.395,3,no,northeast,14590.63205
39,male,35.3,2,no,southeast,40103.89
60,male,26.73,0,no,northwest,12523.6048
61,female,35.91,1,no,northeast,4561.1885
32,male,26.73,0,no,northwest,13270.422265141257
37,female,21.565,1,no,southwest,13270.422265141257
25,male,33.66,0,no,southeast,5846.9176
44,male,38.06,1,no,southeast,7152.6714
19,male,34.8,0,yes,southwest,44049.2737934239
27,female,31.255,1,no,northwest,3956.07145
63,male,33.1,0,no,southwest,12759.999632793397
53,male,32.205,0,no,southeast,8835.26495
19,female,38.28588112143486,0,no,southwest,9715.841
60,female,35.48746813709632,0,no,northeast,13270.422265141257
39,female,30.0,4,no,southwest,35160.13457
56,female,25.3,0,yes,southwest,11070.535
43,male,33.1,3,no,southwest,11848.141
24,female,29.925,0,no,southeast,5969.723
46,male,34.87,2,no,southwest,8823.279
32,female,29.69878266718127,2,no,southwest,5152.134
44,male,10.051636123354742,2,yes,southeast,19594.80965
39,male,30.03,0,no,southeast,3268.4531970150074
52,male,35.53,0,no,southeast,1646.4297
39,male,33.75256471619194,1,no,northwest,10231.4999
27,female,30.66339686098655,3,yes,northeast,-4427.9829942709
41,male,33.55,1,no,northeast,5699.8375
20,female,18.41646582677881,2,no,southeast,1632.56445
41,male,37.1,0,no,southwest,3277.161
18,male,32.49,1,yes,northwest,36898.73308
57,male,28.1,0,no,northwest,10965.446
29,male,23.845,1,no,northwest,24513.09126
50,male,30.66339686098655,0,no,southeast,10600.5483
32,female,27.93,0,no,southeast,19667.918649528598
51,female,35.97,2,no,southeast,7160.3303
30,female,27.480732931669557,0,yes,southwest,3736.4647
62,male,32.68,5,no,northwest,13844.7972
