age,sex,bmi,children,smoker,region,charges
39,male,41.895,3,no,northeast,43753.33705
21,female,30.66339686098655,1,no,southeast,4889.0368
9,female,25.8,5,no,southwest,3161.454
39,male,26.79,1,no,southeast,12609.88702
49,male,25.84,2,yes,northwest,23807.2406
31,male,39.49,0,no,southeast,3875.7341
50,male,16.815,1,no,southwest,27000.98473
22,female,21.7,1,yes,northeast,2755.02095
29,female,29.59,1,no,southeast,29141.3603
32,female,30.66339686098655,0,no,northeast,2203.47185
37,female,40.40315774721418,0,yes,southeast,24240.736376848385
55,male,37.715,3,no,northwest,30063.58055
39,female,36.08682127769069,5,yes,southwest,19023.26
30,male,38.83,1,no,northwest,18963.17192
19,male,20.7,0,no,southeast,13270.422265141257
48,female,38.810807187617286,0,no,southeast,20993.92807975022
61,male,29.07,-1,no,northwest,3947.4131
21,male,39.805,0,yes,southwest,13844.506
54,female,31.9,1,yes,southeast,10928.849
30,female,23.655,3,yes,northeast,4402.233
34,female,23.7,1,no,northeast,10959.33
48,male,38.64792099461542,0,no,southeast,7804.1605
54,female,37.73,0,no,northwest,12475.3513
16,female,36.7,0,no,southeast,13270.422265141257
19,male,27.7,0,yes,southwest,-325.6976149205839
36,female,39.49,0,no,southeast,14226.1417991712
