haematocrit,haemoglobins,erythrocyte,leucocyte,thrombocyte,mch,mchc,mcv,age,sex,source
52.0,14.7,4.34,5.5,234,30.9,34.4,89.9,-3,M,0
38.22611060743427,15.64244850923181,5.12,9.1,79,29.1,33.3,84.61133272892113,30,M,0
40.3,13.3,4.68,9.4,316,27.4,31.8,86.1,45,M,0
28.29784966530618,10.47409547832999,3.19,9.0,184,32.9,32.20563828051386,95.3,78,F,1
40.4,12.5,4.03,8.715533393774555,50,29.56810479921191,33.1,93.8,46,F,0
42.7,14.3,4.544802055001511,6.3,261,29.6,33.5,88.4,1,M,0
28.59635697841568,13.4,4.29,8.4,222,31.2,35.5,87.9,18,M,1
36.5,12.2,4.56,12.7,311,25.1,33.33647627682079,89.4,2,F,1
35.0,11.416168497282873,5.3468084133106055,9.18482098221084,446,28.2,33.28064401501788,80.8,59,M,1
31.9,11.9,4.28949227931309,9.681437604283303,413,24.4,33.33647627682079,97.3,3,M,0
38.22611060743427,12.4,4.97,8.715533393774555,175,31.4,33.7,93.2,76,M,0
34.8,10.815125749875788,3.87,4.4,274,29.1,35.1,82.4,70,M,1
40.91967800036119,12.749350256875191,2.02,18.1,527,30.7,32.7,86.19574109324012,42,M,1
37.21324511350002,14.5,4.38,6.2,110,24.70675835858728,35.1,94.3,40,F,1
35.5,12.0,4.13,3.9,422,22.9,37.0,86.0,70,F,0
40.4,13.2,5.47,9.3,194,24.075491975043835,35.0,65.32523411491711,26,F,0
44.9,14.8,5.35,8.5,344,28.2300392867936,33.0,84.61133272892113,41,M,0
31.4,11.1,3.81,5.817352648253894,116,28.9,35.9515182776149,82.4,46,F,1
32.6,11.2,4.634211388370761,19.6,284,28.6,34.4,83.4,76,F,0
24.7,12.749350256875191,4.57,4.7,434,33.3,35.8,96.9,14,F,1
29.9,6.9,4.544802055001511,13.2,130,28.7,35.1,84.8,51,F,0
43.7,14.5,4.942819748566486,10.0,351,21.0,33.2,82.93655214331145,57,M,0
36.8,12.0,4.35,10.422839995019235,280,24.58542422908661,32.6,81.82592397915414,77,M,0
36.0,11.5,5.36,7.0,256,21.5,31.9,67.2,28,F,0
44.6,13.4,4.99,7.0,258,29.5,33.12659098519528,74.9,56,M,1
37.8,12.3,2.55,6.5,258,28.2300392867936,32.5,82.7,63,F,0
