age,sex,bmi,children,smoker,region,charges
36,female,26.73,1,no,southeast,10984.375178852828
56,male,28.31,1,no,northwest,13451.122
51,female,30.03,1,no,southeast,9377.9047
48,male,17.83819805798705,0,yes,southeast,15940.711675596795
31,female,34.39,1,no,southeast,34779.615
44,female,30.66339686098655,2,no,northwest,22218.1149
33,male,35.44568661090078,2,no,southeast,5261.46945
23,male,39.9,0,no,southwest,1815.8759
48,female,35.625,4,no,northeast,10736.87075
29,male,25.9,0,no,southeast,3353.284
39,female,18.335,0,no,southwest,9991.03765
48,male,26.62,3,yes,northwest,13270.422265141257
31,female,36.49447968861188,0,no,southeast,21913.609462668395
18,female,30.115,0,no,northeast,2203.47185
40,male,30.8,2,yes,northeast,7173.35995
31,male,39.49,1,no,southeast,3875.7341
39,male,36.3,2,no,southwest,38711.0
39,female,18.3,4,no,northeast,19023.26
53,female,22.88,1,yes,southeast,23244.7902
49,female,23.845,1,yes,southeast,24106.91255
30,male,33.0,0,no,southeast,10214.636
54,male,31.24,0,no,southeast,10338.9316
23,male,17.385,1,no,northwest,8614.469816195611
40,male,30.66339686098655,2,yes,southwest,13270.422265141257
64,female,35.97,0,no,southeast,14313.8463
55,male,36.42121537326174,0,no,southwest,20781.48892
