age,sex,bmi,children,smoker,region,charges
57,male,38.06,2,yes,southeast,42560.4304
18,female,36.85,0,no,southeast,1629.8335
52,male,34.1,0,no,southeast,6571.544
49,male,44.67986917543369,0,no,southwest,8124.4084
23,male,36.4,0,no,northeast,2055.3249
64,male,27.5,0,no,southeast,-10399.485018396
18,female,32.12,2,no,southeast,13270.422265141257
33,female,36.29,2,no,northeast,13270.422265141257
12,male,32.7,0,no,southeast,28923.13692
19,male,29.7,2,no,southeast,11881.358
39,male,32.11,0,no,northwest,2104.1134
50,male,24.225,1,no,southeast,13405.3903
47,male,21.93481267024978,1,no,southwest,22282.733079599548
22,female,22.898598567228884,0,yes,southeast,33907.548
37,male,33.88,3,no,northwest,11987.1682
18,female,35.625,1,no,northwest,2211.13075
19,male,19.8,1,no,southeast,1241.565
55,female,30.66339686098655,2,no,southeast,13270.422265141257
28,male,27.36,1,yes,southwest,51194.55914
41,female,37.1,1,no,northwest,7371.772
57,male,22.23,5,no,southwest,13270.422265141257
52,male,50.38,1,no,southeast,20708.697871467903
23,female,28.31,0,no,northwest,18033.9679
63,female,36.3,0,no,southeast,13887.204
19,male,32.11,3,no,northeast,4433.9159
46,female,33.725,3,yes,northeast,8823.98575
39,female,35.42,1,no,northwest,7209.4918
29,male,35.5,2,no,northeast,12913.9924
39,female,41.30905087183306,0,no,southeast,5048.011425023613
39,male,41.42,2,yes,southeast,6268.21657566481
39,male,29.48,1,no,southeast,1909.52745
44,female,36.96,2,yes,southeast,7613.648600913983
21,male,41.80436982212213,2,no,southeast,13270.422265141257
39,male,28.786713816768554,0,yes,southwest,33711.03509243271
45,male,27.68200249598131,0,yes,northeast,13520.613025383514
27,female,39.99430821206123,0,no,northeast,18804.7524
57,male,33.63,1,no,northwest,11945.1327
31,male,39.49,1,no,southeast,3875.7341
40,male,24.035,0,no,northeast,8604.48365
49,female,28.27522568790344,4,yes,southwest,30942.1918
22,female,34.8,3,no,southwest,10420.427133649846
67,male,30.66339686098655,0,no,northwest,9863.4718
40,female,19.475,2,no,northwest,4441.21315
18,male,36.195,2,no,southeast,24853.69728503804
45,male,24.225,5,no,northwest,8965.79575
59,male,30.66339686098655,1,yes,northwest,16450.8947
60,female,25.84,0,no,northwest,34472.841
54,male,30.66339686098655,2,no,northwest,10435.06525
40,female,31.73,1,yes,northwest,28476.73499
34,female,34.1,2,no,southeast,4415.1588
36,female,30.66339686098655,0,no,northeast,4883.866
39,female,35.122026357041136,1,no,northwest,2134.9015
