age,sex,bmi,children,smoker,region,charges
62,male,36.19094420284062,0,no,southeast,12981.3457
31,male,30.685,0,yes,southeast,16884.924
26,male,32.49,1,no,northeast,3490.5491
62,male,28.215,0,no,southwest,19337.135773706785
53,female,30.119676931847767,0,no,northwest,2404.7338
27,male,31.846563446244538,1,no,southeast,12982.8747
39,male,33.33,0,no,southeast,8283.6807
39,female,32.20468384375598,0,yes,southeast,38344.566
24,male,26.79,1,yes,southwest,12609.88702
45,male,21.375,1,no,northwest,12385.296351767694
55,male,30.875,1,no,northwest,5373.36425
60,male,33.11,3,no,southeast,13919.8229
19,female,20.6,0,no,southwest,1731.677
36,male,47.74,3,no,northeast,13270.422265141257
-2,male,27.9,0,no,southwest,42303.69215
37,female,34.8,0,no,southeast,39836.519
42,male,30.66339686098655,2,no,southeast,4828.53683528603
20,female,31.79,2,no,northeast,3056.3881
57,female,44.7,3,no,southeast,11411.685
32,female,30.66339686098655,0,no,southwest,17496.306
19,male,25.555,2,no,northwest,13270.422265141257
48,male,35.625,4,no,southeast,12557.6053
55,female,29.1,2,no,southwest,3761.292
38,female,29.48,0,no,southwest,5383.536
63,female,39.16,1,no,southeast,-3044.8283497601005
31,male,38.17,0,no,southeast,1631.6683
