age,sex,bmi,children,smoker,region,charges
59,female,26.505,0,yes,southeast,12815.44495
32,male,36.76738246424462,1,no,northeast,-6462.135152146025
45,male,22.895,2,yes,northwest,21098.55405
33,male,19.091702246179,1,no,southwest,6113.23105
54,male,30.2,0,no,southeast,38998.546
62,female,30.42377073441898,2,no,northwest,15019.76005
19,male,29.1,0,no,southeast,1639.5631
39,female,28.49,1,yes,southeast,18328.2381
19,male,27.6,0,no,southwest,10407.08585
48,male,49.06,2,no,southeast,11381.3254
23,female,30.66339686098655,1,no,northeast,2899.48935
36,male,24.31,0,no,southeast,-2427.246597086041
39,female,28.12,3,yes,northeast,22331.5668
24,male,27.72,1,no,southwest,8232.6388
18,female,22.01086293114962,0,no,southeast,7497.738360248561
18,female,30.115,0,no,southeast,2203.47185
59,male,37.4,1,no,southwest,21797.0004
44,female,27.5,1,yes,southwest,7526.70645
53,female,22.61,3,yes,northeast,24873.3849
28,male,40.5,0,no,southwest,13270.422265141257
40,female,30.495,3,no,southeast,7228.21565
36,male,45.32,0,no,northwest,13270.422265141257
45,male,39.82,0,no,northeast,9788.8659
58,male,30.66339686098655,0,yes,northwest,11743.9341
64,female,22.99,3,yes,northeast,27037.9141
50,male,27.83,3,no,southeast,13465.933289881621
