age,sex,bmi,children,smoker,region,charges
62,male,38.83,0,no,southwest,12981.3457
55,male,30.685,-2,yes,southeast,29711.393242210812
26,female,32.49,1,yes,northeast,3490.5491
62,female,35.72,0,no,southeast,13470.8044
20,female,39.16,0,no,northwest,7144.86265
56,male,30.5,1,no,southeast,13270.422265141257
42,male,24.985,-1,no,northwest,8017.06115
27,female,28.31,1,no,northeast,1631.6683
51,female,30.66339686098655,3,yes,northeast,46255.1125
18,male,33.66,0,no,southeast,13270.422265141257
22,female,30.95752116396366,0,no,southeast,7243.8136
40,male,32.775,1,yes,northeast,39125.33225
45,female,29.15,0,no,northwest,8641.163942212639
52,male,45.5591694775925,0,no,southwest,22956.187456524953
24,male,30.66339686098655,1,yes,northwest,12609.88702
45,male,21.375,0,no,northeast,7222.78625
36,male,34.21,1,no,southeast,20797.567050032656
21,male,33.11,3,no,southeast,26125.67477
19,female,20.6,0,no,northwest,1731.677
39,female,29.15270178998518,2,yes,southwest,17496.306
19,male,25.555,1,no,northeast,2221.56445
48,male,35.625,4,no,northwest,10736.87075
39,female,29.65614311222609,0,no,southwest,3761.292
38,female,27.6,0,no,northeast,5383.536
58,female,28.215,0,no,southwest,12224.35085
18,male,38.17,0,no,southeast,11272.33139
