age,sex,bmi,children,smoker,region,charges
63,male,32.3,1,no,northeast,9964.06
51,female,18.05,0,no,northwest,13270.422265141257
39,female,22.8,0,no,southeast,13270.422265141257
39,male,22.346216514234406,4,no,southeast,13270.422265141257
49,female,31.6,0,no,southwest,1137.4697
18,male,34.32,0,no,northeast,18050.2461994815
42,male,30.66339686098655,1,yes,southwest,6334.34355
18,female,25.08,1,no,southeast,7325.0482
18,female,30.66339686098655,0,no,southeast,45008.9555
24,male,26.07,1,no,northeast,12829.4551
28,female,30.4,0,no,northeast,11323.315824300244
26,male,29.355,2,no,northwest,4564.19145
39,female,41.8,0,no,southeast,5662.225
35,female,23.465,2,no,southeast,13270.422265141257
43,female,38.28,5,no,southeast,9379.114393673257
51,male,24.847286123191097,4,no,northwest,11520.09985
29,male,38.94,1,no,southeast,13270.422265141257
39,female,27.768696733958805,2,no,southeast,5472.449
68,male,32.11,2,yes,northeast,25333.33284
21,female,34.96,4,no,northwest,4466.6214
54,male,25.506927678409863,1,yes,southeast,41999.52
39,female,22.04,1,no,northeast,7985.815
24,female,25.27,1,no,northeast,27036.11950901762
50,male,25.08,0,no,northeast,5415.6612
18,male,23.32,0,no,southeast,1711.0268
51,male,21.56,3,no,southeast,5899.15945245598
49,female,23.18,2,no,northeast,10156.7832
59,male,28.88,1,no,northwest,5191.8419504520425
20,female,30.66339686098655,0,yes,northeast,33475.81715
19,male,30.59,0,no,southwest,6621.244268643061
18,female,30.427992542022906,1,no,northeast,2692.902930988663
56,female,24.6,4,no,southwest,4529.477
32,female,24.268133267843087,3,yes,northeast,10214.636
35,female,15.720459481678668,0,yes,northwest,12124.9924
39,female,41.47,1,no,southwest,10461.9794
54,female,36.48,1,no,northwest,12235.8392
34,female,23.56,0,no,southeast,11394.06555
62,female,28.143982317764802,0,no,southwest,3693.428
60,male,25.74,0,no,southeast,3756.6216
31,male,30.66339686098655,2,yes,southwest,58571.07448
18,male,34.43,0,no,southeast,6186.127
20,male,29.35118289689741,0,no,southeast,2362.22905
61,male,30.66339686098655,0,no,southeast,7727.174736425681
61,male,35.86,1,yes,southeast,46599.1084
52,female,18.511527655501197,3,no,southeast,16420.49455
35,male,29.26,1,no,northeast,4438.2634
39,male,32.0,1,no,northeast,1720.3537
54,female,32.68,2,no,northeast,13739.517675400044
31,female,40.66,2,no,northwest,5327.40025
63,male,31.4,0,yes,southeast,13405.3903
47,female,23.6,1,no,southwest,8539.671
50,female,34.1,3,no,southeast,7418.522
