age,sex,bmi,children,smoker,region,charges
64,male,32.2,2,yes,southwest,47305.305
65,male,24.7,2,yes,northwest,5253.524
34,female,30.66339686098655,0,no,northeast,3046.062
51,male,34.2,2,no,southwest,42856.838
50,female,36.67,1,no,northwest,13270.422265141257
36,female,36.85,0,yes,southeast,36149.4835
51,female,36.385,3,no,northwest,13270.422265141257
59,male,32.395,1,yes,northeast,14590.63205
46,female,48.07,2,no,southwest,2867.1196
35,male,35.701721247912836,1,no,southwest,520.6471884236707
61,male,29.45,0,no,northeast,29203.55490354058
52,male,30.66339686098655,0,no,southeast,-7640.471763896492
56,male,28.785,0,no,southeast,11658.37915
50,male,27.455,3,yes,northeast,9617.66245
26,male,30.66339686098655,0,no,southeast,2699.56835
19,male,20.615,2,yes,northwest,-8354.786730381467
41,male,27.94,0,no,northeast,9432.9253
52,female,21.7,1,no,northeast,11566.30055
39,male,24.75,2,no,southwest,16033.270207744627
55,female,37.02562358142162,2,yes,northeast,11881.358
32,male,30.8,3,no,southwest,21880.82
45,male,33.1,0,no,southwest,7345.084
49,male,31.35,1,no,southeast,9290.1395
58,male,33.78301216747056,0,yes,southeast,11363.2832
48,female,29.0,2,no,northwest,7209.4918
56,male,27.2,4,no,southwest,11073.176
44,female,30.66339686098655,0,yes,southeast,6474.013
50,female,47.6,2,yes,southwest,46113.511
29,male,29.64,2,yes,northwest,13270.422265141257
24,male,46.7,2,no,southwest,11538.421
33,male,24.795,0,yes,southeast,17904.52705
41,male,28.05,2,no,southeast,7256.7231
41,male,21.78,1,no,northeast,13270.422265141257
49,female,15.96,1,no,southwest,19933.458
39,female,32.36952010390732,1,no,southeast,20824.151567192814
21,female,30.077049481479975,0,yes,southeast,17731.070999015665
39,male,23.84536870647422,0,no,northwest,5377.4578
51,male,33.64750801514483,1,no,northeast,9872.701
37,female,29.0,4,no,northeast,9487.6442
29,male,27.265,5,no,southeast,4661.28635
34,male,38.447168762776236,1,no,southeast,13270.422265141257
26,female,31.68,4,no,northeast,24671.66334
25,female,33.99,3,no,southeast,1136.3994
39,female,31.514844929514318,3,yes,southeast,39597.4072
18,female,30.305,1,no,northeast,12372.023342082079
64,male,30.66339686098655,2,no,southwest,14988.432
39,female,31.92,0,no,southwest,11842.442
18,female,25.08,0,no,northeast,7319.546794982534
50,male,32.987050521407255,1,no,southwest,41919.097
20,female,26.84,1,yes,southwest,12104.326387009405
49,male,30.9,1,no,southwest,3756.6216
38,female,28.0,4,yes,southeast,8601.3293
