age,sex,bmi,children,smoker,region,charges
49,male,28.62230188882058,1,no,southwest,-14284.395885449954
39,male,21.4,0,no,southwest,11599.568215412264
39,male,27.55,1,no,southeast,16657.71745
63,male,38.05996693518776,0,no,northwest,27172.74932272269
28,male,21.28,3,no,northeast,1632.56445
51,male,21.755,3,no,northeast,10702.6424
42,male,31.255,1,no,southwest,6358.77645
42,male,40.37,3,no,southeast,13270.422265141257
30,female,29.447841689088275,1,yes,southeast,19521.9682
46,male,26.62,1,yes,southeast,7742.1098
30,male,35.53,4,yes,southeast,36950.2567
56,female,29.948207404827645,0,yes,northwest,11073.176
22,female,20.79,0,no,southeast,13270.422265141257
62,male,26.03,0,no,northwest,13352.0998
39,male,25.74,1,no,northeast,5757.41345
27,female,28.5,2,yes,northwest,13270.422265141257
43,male,27.36,3,no,southeast,8606.2174
35,male,30.66339686098655,2,no,southeast,5836.5204
22,male,21.888495177728192,3,yes,southeast,335.5060319705335
32,male,36.005,1,no,southeast,18838.70366
39,male,33.44,5,no,northwest,11594.115360333668
32,female,35.91,0,no,southeast,13635.6379
37,male,28.025,2,yes,northwest,6203.90175
58,male,34.295,2,no,southeast,13224.05705
51,female,33.915,0,no,northeast,15151.698345421199
44,male,30.66339686098655,1,no,northwest,44202.6536
44,male,30.66339686098655,2,no,northeast,39556.4945
59,female,24.7,1,yes,northeast,12323.936
48,male,34.3,0,no,southwest,8605.3615
58,male,33.44,0,no,northwest,12231.6136
19,female,30.148307404613863,0,no,southwest,5177.352655556032
33,female,38.95,0,yes,northwest,42983.4585
39,female,24.741690193649266,2,no,southwest,4934.705
19,male,28.4,1,no,southwest,1842.519
39,male,25.306473793594805,0,yes,northeast,18648.4217
58,female,25.175,0,no,northeast,13270.422265141257
19,female,25.65,0,no,northwest,1632.03625
61,female,35.6,0,no,northeast,13616.3586
61,male,25.555,0,no,northwest,4296.2712
27,male,32.01,0,no,southeast,11946.6259
21,female,30.66339686098655,1,no,southeast,-22850.150316217976
56,male,33.725,3,no,northwest,7359.434479383275
33,female,48.06412616803283,0,no,southeast,2138.0707
22,male,31.68,1,no,southeast,13270.422265141257
38,male,31.5,0,yes,southeast,4402.233
61,female,25.935,0,no,southeast,3756.6216
37,male,30.66339686098655,3,no,southwest,4561.1885
23,female,23.845,0,no,northeast,-9598.705534950175
46,female,27.74,0,no,northwest,8026.6666
46,male,31.27228469193869,1,no,northeast,8342.90875
62,male,36.86,1,no,northeast,31620.00106
31,female,42.655,0,no,northwest,13415.0381
