haematocrit,haemoglobins,erythrocyte,leucocyte,thrombocyte,mch,mchc,mcv,age,sex,source
53.0,16.0,3.9,7.1,345,28.2300392867936,30.5,86.6,64,F,0
48.4,5.1,6.07,18.5,349,33.81491969780411,33.7,89.1,49,M,0
34.9,12.0,4.48,9.15147655146786,299,29.2,33.9,84.09805637423543,59,F,0
35.69763413512927,15.3,5.07,21.5,258,32.1,37.2,86.6,93,F,1
35.4,12.6,3.6,7.1,400,30.7,33.33647627682079,85.1,46,M,0
40.333927785041915,15.1,5.36,5.4,210,30.4,35.27834286008879,85.4,28,M,0
48.0,12.981219589212275,5.56,8.715533393774555,258,29.7,34.4,66.8,42,M,0
38.22611060743427,11.260381762940964,3.931259636257057,56.7,265,31.3,33.1,94.4,45,M,1
29.7,12.749350256875191,4.1,12.9,287,26.8,34.7,82.5,61,M,1
37.7,15.0,4.143656392515988,5.458614131477268,66,30.4,34.0,89.5,28,M,0
36.4,12.0,4.24,15.9,273,28.3,33.0,85.8,41,F,0
44.3,12.8,5.05,11.022744467321697,292,29.7,33.15330433264287,92.1936411191656,42,M,0
45.4,8.99207601375916,5.3,8.715533393774555,145,30.0,35.0,88.0,23,F,1
40.8,10.0,3.62,13.6,162,27.6,32.9,84.0,74,F,1
46.7,16.2,5.548965042171352,8.7,258,26.371795480249197,35.4,90.2,71,F,0
40.3,13.9,3.8735263849729025,8.0,155,32.11112476032429,34.5,87.4,46,F,0
25.1,9.2,3.09,-1.3731190394523178,212,29.8,36.7,81.2,69,F,0
38.0,12.6,4.33,7.3,407,29.1,33.2,87.8,70,F,0
38.22611060743427,11.6,4.3,11.6,240,27.0,35.00804453368331,80.2265680529308,46,M,0
38.9,12.8,4.28,6.9,229,29.9,32.9,88.39017993703352,58,M,1
37.2,10.2,4.42,8.7,328,28.3,33.6,84.61133272892113,37,F,0
44.6,12.749350256875191,4.544802055001511,3.4,182,20.6,33.33647627682079,65.3,36,M,1
47.72890852211268,12.6,4.29,6.0,322,32.99637330515769,32.9,89.3,27,M,0
35.3,13.841341454877789,4.544802055001511,8.2,380,29.3,33.4,84.61133272892113,47,M,1
31.66692392593093,10.4,4.43,5.5,383,28.2300392867936,31.6,85.2,4,M,0
44.3,14.8,5.2,6.7,347,28.5,33.78907199912997,74.3,26,M,0
