age,sex,bmi,children,smoker,region,charges
57,female,30.78,0,no,southwest,7740.337
39,female,39.93,1,no,southeast,3537.703
55,male,30.59,1,no,southeast,10796.35025
25,female,25.63605420518439,1,no,southeast,13777.14208605926
58,male,25.46,3,no,northeast,25517.11363
60,female,24.32,1,no,northwest,24520.264
22,female,27.265,1,no,northeast,9447.25035
22,female,34.29470116717674,0,no,southwest,8757.827317652796
18,male,33.66,0,no,southeast,1136.3994
52,female,31.73,2,no,northwest,11187.6567
18,male,28.215,1,no,northeast,2200.83085
39,female,18.18344450033109,0,no,southwest,22478.6
39,male,24.86,1,no,southeast,38746.3551
46,female,30.66339686098655,1,no,northeast,13270.422265141257
20,female,28.7,0,no,northeast,11454.0215
27,male,24.649619771887124,3,no,northwest,3070.8087
48,male,32.32186223076733,0,no,southwest,7804.1605
39,male,24.225,5,no,northwest,7624.63
41,male,22.300625425885244,1,no,southwest,2632.992
24,male,31.065,0,no,northeast,34254.05335
49,female,36.63,2,no,southeast,10381.4787
52,male,27.36,0,yes,northwest,24393.6224
44,male,25.8,1,yes,southwest,8965.79575
33,male,25.7,1,no,southeast,-7938.118880071315
5,male,28.975,0,no,northeast,24059.68019
52,female,30.66339686098655,0,no,northwest,23045.56616
22,male,31.445,1,no,southeast,1664.9996
21,female,26.58223434299462,0,yes,southeast,34166.273
59,male,40.01385453697886,1,no,southeast,9386.1613
52,female,28.05,2,no,southeast,13270.422265141257
38,male,30.66339686098655,3,no,southwest,7196.867
51,male,39.7,1,no,southwest,20741.583443585623
63,male,39.8,1,no,southwest,15170.069
25,female,46.7,3,no,southeast,8871.1517
42,male,30.66339686098655,1,yes,southeast,41543.573272898655
39,male,32.23,2,no,southwest,13270.422265141257
55,male,39.9,0,yes,northwest,48173.361
39,male,32.316307877838035,0,no,northeast,13270.422265141257
47,male,36.19,0,yes,southeast,41676.0811
20,female,19.855,0,no,southwest,14281.264777613891
48,female,32.3,2,no,northeast,10043.249
61,male,29.83,1,no,northeast,26402.430595576134
43,male,31.9,1,no,southeast,13270.422265141257
50,female,34.98735950361187,1,no,northeast,6402.29135
22,male,36.195,1,no,northwest,12048.715867335812
63,male,27.74,0,no,northwest,47340.249132029174
19,female,30.66339686098655,1,no,northwest,37270.1512
48,female,41.325,0,no,southeast,2326.9307108314606
36,male,28.025,1,no,northeast,11013.7119
59,female,32.1,0,no,southeast,14007.222
54,female,31.5,2,no,southeast,20773.62775
40,male,19.3,0,yes,southwest,15820.699
