age,sex,bmi,children,smoker,region,charges
21,male,23.6,0,no,northeast,37742.5757
38,female,40.565,1,no,southeast,6373.55735
44,male,31.635,-1,no,northwest,9174.13565
56,female,34.52588924441066,0,no,northeast,13270.422265141257
42,male,25.623376455853244,5,yes,southwest,5979.731
62,female,30.875,0,no,northeast,23045.56616
50,male,30.115,1,no,northwest,9910.35985
39,female,25.46,0,yes,northeast,7077.1894
46,male,28.05,1,no,southeast,8233.0975
63,male,36.0,0,no,northwest,13770.0979
46,female,30.8,3,no,southwest,-13681.39692719636
38,male,19.95,1,no,southeast,5855.9025
26,male,30.66339686098655,4,no,southeast,40700.41312059866
20,male,28.31,1,no,southwest,8556.907
39,male,40.565,2,yes,northwest,2154.361
30,male,32.533925346589754,1,no,northwest,9253.409420514607
14,male,30.66339686098655,4,no,southeast,4877.98105
19,male,35.4,0,yes,southwest,-9804.642239569004
33,female,28.595,2,no,northeast,14254.6082
62,male,32.68,1,no,northwest,3279.86855
36,female,29.92,4,no,southeast,5478.0368
34,male,22.1,0,no,northeast,13270.422265141257
30,male,38.6,0,no,southwest,13270.422265141257
19,female,27.9,0,no,southwest,10670.341121723377
35,male,31.57,1,no,southeast,5116.5004
24,male,32.01,1,no,southeast,1981.5819
54,male,21.375,0,no,southeast,7222.78625
39,female,30.66339686098655,1,no,southeast,4753.6368
38,female,40.15,2,no,southeast,5400.9805
71,male,32.11,0,no,southwest,23146.746190827813
24,female,25.85,0,no,southeast,-4212.57691042761
39,male,32.6,2,no,southeast,10258.136587432924
44,female,37.43,1,no,northwest,13270.422265141257
35,female,30.0,1,no,southeast,17085.2676
42,male,28.02281160743518,1,no,southeast,7639.41745
18,female,30.8,1,no,southwest,1634.5734
43,female,38.66530874941173,4,no,southeast,44811.209713441254
24,female,23.21,0,no,southeast,25081.76784
38,male,30.66339686098655,0,no,southeast,5397.6167
47,female,31.616448333245454,1,yes,southeast,2904.088
24,male,33.33,1,no,southeast,4766.022
31,male,40.713548245920435,2,yes,southwest,35238.68021698607
42,female,26.589364651869367,-2,no,southeast,13270.422265141257
39,male,45.32,-1,no,southeast,8569.8618
40,male,25.745,2,yes,northeast,13844.7972
25,female,36.85,1,no,southeast,1629.8335
37,female,40.26,2,yes,southwest,6313.759
53,female,35.35202463266011,5,no,southwest,11264.541
24,male,31.825,0,no,northwest,11842.62375
60,female,18.335,0,no,northeast,13204.28565
27,male,21.60846977934311,0,no,northwest,6940.90985
21,female,30.66339686098655,1,no,southeast,7046.7222
