age,sex,bmi,children,smoker,region,charges
39,female,33.33,4,no,southwest,13270.422265141257
48,male,30.66339686098655,3,no,southeast,7162.0122
53,male,27.6,1,yes,southeast,10928.849
62,female,36.86,1,no,southeast,31620.00106
32,female,33.63,1,yes,northeast,37607.5277
69,male,35.64,0,yes,southwest,11345.519
39,male,35.43843927810388,1,no,southeast,19719.6947
28,female,30.66339686098655,0,no,northeast,3171.6149
38,male,30.02,0,no,southeast,10231.4999
28,male,24.3,5,no,southeast,6737.493486721866
63,male,17.341467511453487,1,no,northwest,9566.9909
39,female,23.275,3,no,northeast,7986.47525
31,female,39.27,0,yes,northwest,13635.178981085055
33,female,30.66339686098655,1,no,southeast,5354.07465
39,male,27.48964981541943,3,no,southeast,19361.9988
54,male,30.21,1,no,southeast,11244.3769
23,female,24.09,1,no,southeast,4686.3887
36,male,28.31,0,no,northwest,18177.600233140765
50,male,35.97,1,no,southeast,10355.641
55,male,40.433867319981594,0,no,southeast,19428.819735510653
56,female,22.99,0,no,southwest,11070.535
45,male,28.7,0,no,southwest,13228.84695
19,male,35.15,1,no,northwest,51194.55914
35,male,29.37764951841805,2,yes,northeast,24859.071881010244
62,male,31.9,1,no,southwest,5383.536
18,male,36.4,1,no,southwest,2134.9015
29,female,24.6,2,no,southwest,13270.422265141257
19,female,30.66339686098655,0,yes,southeast,8535.860507372847
19,female,20.9,0,no,southwest,13270.422265141257
41,female,35.08581776671631,1,yes,southeast,6289.7549
20,female,37.0,5,yes,southwest,4830.63
20,male,20.52,1,yes,southeast,17560.37975
57,male,26.070046788317942,1,no,southeast,11554.2236
46,male,30.2,2,no,southwest,40273.6455
39,female,32.8,0,no,southeast,5649.715
18,female,21.66,0,yes,southeast,14283.4594
42,female,27.455,1,no,northeast,6859.6493475799225
16,male,32.34,2,no,northwest,47496.49445
18,male,36.8197367217516,0,no,northeast,21344.8467
67,male,35.245,0,no,southwest,12404.8791
42,male,30.66339686098655,-1,no,southwest,13270.422265141257
49,male,31.825,0,no,northeast,7394.856898739141
38,male,30.875,2,no,northeast,5373.36425
64,female,41.23,2,no,northeast,16069.08475
25,male,22.515,5,no,northwest,3594.17085
39,male,29.7,0,no,southeast,7789.635
45,male,30.065643380613768,1,no,southeast,9788.8659
46,female,26.6,0,no,northwest,10355.641
21,male,36.85,0,no,southeast,12429.41378496025
48,female,33.09968081566819,2,yes,southeast,13270.422265141257
32,male,37.145,2,no,northeast,12033.435197958743
34,male,26.41,1,no,southeast,10231.4999
