age,sex,bmi,children,smoker,region,charges
47,female,37.29,0,no,northeast,8534.6718
54,male,33.63,4,no,southeast,17128.42608
21,male,25.745,2,no,northeast,3076.091545310139
35,female,35.86,2,no,northeast,5836.5204
56,male,30.66339686098655,3,no,southwest,-24599.885856907196
44,female,31.79,1,no,southeast,12928.7911
38,female,28.975,0,no,southeast,5383.536
30,female,35.815,0,no,southeast,13270.422265141257
52,male,36.48,0,yes,northwest,44585.45587
35,male,27.61,4,no,southeast,4747.0529
29,male,35.5,2,no,southwest,60021.39897
27,male,32.67,0,no,southeast,2497.0383
53,male,31.16,0,no,southwest,10461.9794
25,female,30.66339686098655,0,no,northeast,27589.938922738143
50,male,25.3,0,no,southeast,11111.592010858898
73,male,33.535,0,no,southwest,3994.1778
48,female,34.53037117606354,1,no,northeast,26392.26029
34,female,39.210420972422085,3,no,southeast,6184.2994
45,female,35.3,0,no,northeast,7348.142
39,female,23.845,3,yes,northeast,24106.91255
48,male,24.32,2,no,southeast,8978.1851
39,male,28.308014112006454,3,no,southeast,5002.7827
24,male,33.5,1,no,northwest,37079.372
33,female,33.345,0,no,northwest,13270.422265141257
26,female,26.852408344628067,1,no,northwest,8026.6666
45,male,25.175,2,no,southeast,9095.06825
