haematocrit,haemoglobins,erythrocyte,leucocyte,thrombocyte,mch,mchc,mcv,age,sex,source
35.6,10.243824873028347,5.226983289579249,4.2,201,20.1,31.5,70.72107320455368,13,M,1
15.3,5.1,1.8,1.000098280744985,246,25.956251171540913,33.3,85.0,79,F,0
31.03469495072597,8.2,3.27,5.4,135,28.2300392867936,33.765874871729245,77.7,1,M,1
41.5,13.5,4.6,2.504591427578533,272,29.9,34.1,55.8,53,M,1
45.3,15.2,5.89,14.5,258,25.8,33.6,76.9,18,F,0
40.0,12.0,4.8,5.7,211,27.7,34.4,84.61133272892113,37,M,0
45.0,12.749350256875191,6.54,17.5,332,21.6,33.33647627682079,68.9,17,M,0
46.0,14.3,7.05,8.715533393774555,153,27.3,33.5,81.6,33,M,1
55.8,13.7,4.52,11.1,244,29.8,32.1,85.4,20,M,1
39.3,11.262176518578205,5.908901373536468,10.6,637,31.67638393145902,32.34883561562463,82.7,58,M,1
39.0,13.2,4.544802055001511,13.422577519996103,497,26.6,33.8,78.6,41,M,0
39.6,9.962990910760404,4.77,3.0,240,29.4,35.4,83.0,64,M,0
41.1,13.4,4.62,8.715533393774555,132,29.0,32.6,89.0,61,M,0
32.6,9.4,5.995690241497827,6.8,531,26.352507469017755,28.8,87.6,32,F,0
33.6,11.0,6.51,12.0,147,20.4,32.53876307499885,95.7,91,F,1
45.69991049939812,12.9,4.544802055001511,3.6,221,31.0,34.1,90.9,26,F,0
45.2,15.5,5.3,7.1,279,29.2,33.33647627682079,92.57705605940252,40,M,0
56.0,10.6,3.8,5.4,296,26.8,33.3931097986772,83.7,60,F,0
41.037290658754834,14.3,5.28,4.9,193,27.1,34.1,79.4,46,M,0
46.8,14.084926190356052,5.47,16.0,258,15.9,33.3,85.6,30,M,1
36.8,11.4,5.6,11.79156748814091,260,31.3,31.0,81.82969446566639,61,M,0
38.22611060743427,16.3,5.44,2.5,324,28.650029346052413,34.6,86.6,45,M,0
38.22611060743427,12.749350256875191,3.24,9.1,207,27.2,28.9,88.9,74,M,1
47.2,10.8,4.353588534425705,17.0,158,28.2300392867936,34.3,90.16143626574183,48,M,0
42.7,15.4,4.81,4.6,232,29.7,33.5,84.61133272892113,46,F,1
49.23744078529927,15.3,5.69,10.6,438,26.9,32.6,90.4,37,F,1
