age,sex,bmi,children,smoker,region,charges
21,female,25.8,0,no,southwest,13270.422265141257
51,female,38.06,0,yes,southeast,44400.4064
36,female,26.80714645426756,1,no,southwest,3577.999
47,female,35.53,0,yes,northeast,1532.4697
25,female,36.21858429326768,0,no,northwest,2523.1695
62,female,32.965,3,no,southeast,15612.19335
57,male,27.94,1,no,southwest,11554.2236
18,male,30.66339686098655,0,no,northeast,2203.47185
52,male,36.7,0,no,southwest,1261.859
57,male,40.37,0,no,southeast,13270.422265141257
21,male,22.3,2,no,southwest,2103.08
39,female,41.8,3,no,southeast,27858.037202174797
48,female,32.775,1,no,northwest,20773.62775
41,female,38.19,3,no,southeast,7749.1564
35,male,29.925,1,yes,northeast,1629.8335
45,female,38.285,1,no,southeast,7038.230760987158
61,male,33.535,0,no,northeast,-14623.630207574932
19,female,20.6,1,no,southwest,9264.797
39,male,27.645,2,no,southeast,19040.876
53,male,28.025,1,yes,southeast,21885.103463575193
19,male,31.05402506971046,0,no,southwest,9144.565
47,male,23.1,1,no,southeast,2483.736
45,male,27.70092348462073,2,yes,northeast,21098.55405
64,female,25.6,2,no,southeast,14988.432
51,female,30.02,0,yes,northwest,33307.5508
24,male,30.66339686098655,4,no,northeast,17128.42608
