haematocrit,haemoglobins,erythrocyte,leucocyte,thrombocyte,mch,mchc,mcv,age,sex,source
42.6,13.881087272442683,5.1,7.3,188,28.260994604123653,33.4,83.5,18,M,0
47.33675619459859,14.794983746412004,4.544802055001511,5.1,235,28.2300392867936,32.9,92.2,59,F,0
42.4,12.749350256875191,2.65,2.8,255,30.7,33.3,101.10041288532338,25,M,1
23.1,10.3,2.596413496084261,6.0,241,28.91244421318841,33.16595281714855,85.1,59,F,1
45.6,18.3,3.65,7.2,176,32.8,33.6,84.0,55,M,0
38.22611060743427,11.9,4.3,2.1,488,31.3,32.3,95.8,88,M,0
40.0,10.1,3.8,6.352798211644675,272,23.5,34.97234348126746,70.5,24,M,1
49.80749636397749,16.5,5.94,9.4,331,30.2,34.8,79.8,24,M,0
38.9,13.0,4.29,10.7,280,30.3,33.4,80.4348689462168,24,M,0
32.5,10.9,3.93,25.232835023744926,198,27.7,33.5,82.7,67,F,1
44.1,10.856243932945143,4.544802055001511,16.8,261,31.1,30.5,84.61133272892113,62,M,0
43.1,14.1,4.85,11.790811779909523,150,29.1,32.7,88.9,43,M,0
37.56344636508828,9.8,3.26,8.2,413,30.1,33.4,89.9,92,F,1
48.1,14.33282188142001,4.6790634862581175,4.8,257,30.1,34.3,87.8,54,M,1
38.4,12.2,4.99,10.9,258,24.4,31.8,79.8,6,M,1
42.4,14.1,4.97,4.3,124,28.2300392867936,33.33647627682079,63.4,20,F,0
42.6,14.3,4.71,3.8,261,30.4,36.347081303986705,90.4,56,F,0
43.9,8.2,4.87,8.715533393774555,263,30.4,33.3,90.98528648916309,33,M,0
38.5,13.4,4.58,8.715533393774555,187,29.3,33.33647627682079,84.1,60,F,0
41.2,13.1,4.803296698410223,7.1,289,28.2,31.8,88.8,39,M,1
29.8,14.6,3.22,13.949635901059727,76,25.5,31.7,84.61133272892113,46,F,1
37.105806449140054,14.5,7.001348387628886,10.8,370,25.8,33.8,76.3,36,M,0
47.3,12.749350256875191,5.48,7.9,397,26.801368198255044,33.0,99.03151221227358,36,M,0
42.7,14.1,5.04,8.1,300,28.619616847673825,33.0,86.2,46,F,0
30.2,15.3,2.68,9.4,100,27.6,31.347134374968117,84.7,47,F,1
38.22611060743427,13.5,4.44,4.4,258,30.0,35.2,91.0,35,F,0
