age,sex,bmi,children,smoker,region,charges
56,female,39.82,0,no,northeast,11090.7178
34,female,30.66339686098655,3,no,southeast,13270.422265141257
21,female,27.6,-1,no,southwest,5383.536
21,male,37.22283893609501,2,no,northwest,6406.4107
54,male,29.2,1,no,southwest,10436.096
64,male,27.265,3,no,southeast,26752.86654996741
46,male,27.864884079898864,1,no,southeast,4462.7218
46,male,24.795,1,no,northeast,3392.3652
23,male,23.18,1,no,northwest,13585.94989883032
25,male,34.463922185537996,2,no,northeast,3309.7926
76,female,36.48,0,no,southeast,12797.20962
39,female,37.05,2,yes,southeast,7265.7025
50,male,32.45,0,no,southeast,28923.13692
18,female,28.31,0,no,southeast,8266.231974702012
27,female,29.83,1,no,northeast,11286.5387
40,female,19.8,5,yes,southeast,17179.522
45,male,34.2,1,yes,northeast,3386.7924846565784
50,female,32.3,1,no,northeast,-3847.11018515304
34,male,26.601967069973533,5,no,northwest,8782.469
65,male,30.66339686098655,1,no,southwest,14418.2804
58,female,32.965,0,no,northeast,2985.66294700827
57,female,34.295,2,no,northeast,13224.05705
53,female,23.75,1,no,northeast,13270.422265141257
49,female,36.5409961353591,2,no,northwest,10156.7832
38,male,30.66339686098655,0,no,southwest,6082.405
37,female,30.66339686098655,1,no,southeast,28340.18885
39,male,20.79,1,no,southeast,2304.0022
35,male,30.97,1,yes,southwest,53289.57586847514
48,female,28.0,4,no,southwest,23568.272
12,male,21.47,0,no,northeast,16106.61607701018
39,female,26.62,1,no,southeast,3392.9768
45,male,19.57,1,no,northwest,1842.519
19,male,27.93,2,no,northwest,1627.28245
38,male,37.9,1,no,northwest,7537.1639
49,male,30.802647085689124,1,no,northeast,1748.774
39,female,31.92,2,no,southwest,7209.4918
9,male,30.685,0,yes,northeast,13270.422265141257
33,female,27.94,1,no,southeast,13270.422265141257
60,male,28.3,0,no,northeast,14210.53595
54,male,46.7,2,no,southwest,11538.421
63,male,31.343332916842357,1,no,southwest,47055.5321
23,male,28.595,0,no,northwest,8377.302863110883
58,male,41.91,1,no,southwest,1526.312
35,male,38.6,0,yes,southeast,13270.422265141257
42,male,21.943520569303736,0,no,southeast,5969.723
39,male,25.365,2,no,southeast,28287.89766
22,female,30.66339686098655,2,no,southwest,3925.7582
48,male,21.755,1,no,southeast,11015.1747
38,female,31.1,0,yes,southwest,1837.2819
44,male,36.52,1,no,northwest,1108.5058601884211
39,male,26.71637294162053,2,no,northwest,8733.22925
45,male,25.38583504807545,0,yes,southeast,16297.846
