age,sex,bmi,children,smoker,region,charges
27,male,23.655,3,no,northeast,18765.87545
59,female,26.315,3,no,southeast,17409.31038473105
30,male,30.66339686098655,1,no,southeast,18246.4955
81,male,33.11,3,no,southeast,13919.8229
25,male,27.55,0,no,northwest,2523.1695
31,female,27.645,1,no,northwest,28340.18885
31,female,33.881409887957524,3,no,southeast,3756.6216
19,male,34.3,0,no,northwest,9563.029
50,female,30.66339686098655,2,no,northeast,11150.78
39,female,22.99,0,no,northwest,1704.5681
43,female,26.949563166814478,3,no,northwest,349.3454460020439
45,female,48.07,2,no,southeast,9095.06825
46,female,21.7,1,no,northwest,21677.28345
62,male,30.02,0,yes,southeast,13352.0998
56,female,38.02837789427906,3,no,southwest,5594.8455
63,female,23.7,5,no,southwest,13270.422265141257
18,male,23.32,1,no,southeast,1711.0268
51,female,37.05,3,yes,northeast,38282.7495
-1,female,33.345,0,no,northwest,2855.43755
52,male,31.2,2,no,southwest,9625.92
59,male,25.82840917855043,0,yes,northeast,11657.7189
53,female,26.7,2,no,southwest,10107.2206
51,male,22.42,0,no,southeast,5163.772032315357
37,male,30.8,1,no,southeast,13270.422265141257
34,female,33.25,1,no,northeast,20462.99766
39,male,24.64,1,yes,southeast,15382.35366303519
58,male,30.305,0,no,northwest,13270.422265141257
39,male,42.13,0,no,southeast,2432.5034574120673
48,male,17.67,0,no,southwest,15109.11078688126
28,female,38.095,0,no,northeast,11363.2832
39,female,30.66339686098655,0,no,southeast,10965.446
36,female,17.385,1,no,northwest,15006.57945
53,male,34.86734553902938,0,yes,southeast,9869.8102
39,female,28.9,2,no,southeast,24915.04626
59,female,27.5,1,no,southwest,12333.828
20,female,29.26,0,no,southwest,2020.177
39,male,26.2530877808897,0,no,southwest,106.58800046832584
47,male,29.83,4,no,northwest,13270.422265141257
22,male,37.07,1,yes,southeast,37484.4493
32,male,30.66339686098655,1,no,northwest,18102.962084512874
52,female,42.56553607507679,0,yes,southeast,4837.5823
23,female,26.885,1,no,southwest,5695.126671522641
18,male,48.77298022883334,0,yes,southeast,1141.4451
19,male,30.59,2,no,southeast,22689.130326435326
39,female,34.4,0,no,southwest,1826.843
29,male,37.29,2,no,southeast,4058.1161
18,female,30.66529512659211,1,no,northeast,3227.1211
46,male,30.66339686098655,-3,yes,northwest,9174.13565
53,male,29.503795210977533,2,no,northeast,13270.422265141257
28,female,37.62,1,no,southeast,3766.8838
35,male,35.86,2,no,southeast,5836.5204
19,male,37.43,0,no,northwest,3659.346
