age,sex,bmi,children,smoker,region,charges
10,male,21.09,1,yes,northeast,13270.422265141257
56,female,31.558694887744444,1,no,southwest,1832.094
39,male,38.94,1,no,southeast,38511.6283
34,female,27.5,1,yes,northeast,5003.853
59,female,32.1,3,no,northeast,14007.222
39,female,30.66339686098655,1,yes,southwest,49735.33001898399
19,male,35.9,4,no,southeast,11163.568
27,male,30.5,4,no,southwest,2494.022
49,female,26.4,1,no,southwest,2597.779
48,female,30.66339686098655,1,no,southeast,6112.35295
61,male,36.1,3,no,southwest,27941.28758
54,male,23.0,3,no,southeast,13270.422265141257
29,male,27.2,0,no,northwest,24915.22085
28,male,36.32721883856564,0,no,southeast,2689.4954
39,female,32.34,0,no,southeast,28284.962506228127
28,male,31.68,3,yes,southeast,48675.5177
26,male,29.15,2,no,southeast,2902.9065
55,male,27.34402198512791,0,no,southeast,9140.951
24,male,31.106558017785048,0,no,southeast,1981.5819
56,female,26.6,1,no,northwest,9193.8385
30,female,33.72774251347899,2,yes,southwest,23306.547
73,male,29.7,2,no,southeast,13270.422265141257
61,female,38.52492627136854,1,no,southeast,13270.422265141257
43,female,28.9,0,no,northeast,-422.28788077928493
27,female,38.665,1,no,southeast,7640.3092
18,male,31.10870456442887,0,no,southeast,1634.5734
45,male,31.79,0,no,southwest,17929.30337
40,male,32.62710788062979,1,no,southeast,10577.087
45,male,20.3,1,no,northwest,33001.38520952901
35,female,27.74,1,no,southeast,7281.5056
30,male,36.955,1,no,southwest,44462.397704442425
67,female,28.6,4,no,southeast,-20132.478533033984
33,female,39.16,1,no,southwest,13270.422265141257
54,male,39.6,1,no,southwest,35816.44186418159
58,female,22.77,0,no,southeast,-23061.43389988663
46,female,23.655,0,no,southeast,2719.27975
24,male,30.66339686098655,1,no,southeast,10695.368287129508
21,female,23.18,1,no,northwest,10156.7832
19,male,24.13,0,no,northwest,1242.26
39,male,34.32,1,no,southeast,5934.3798
19,male,30.66339686098655,5,no,southeast,14478.33015
39,female,30.66339686098655,6,no,southeast,4762.329
41,male,28.8,0,no,southeast,6282.235
28,male,26.98,2,no,southwest,4435.0942
23,male,27.36,1,yes,southeast,2789.0574
47,male,31.027679105034373,1,no,southwest,3757.8448
18,female,36.85,0,no,southwest,36433.468506474754
42,female,32.67,0,no,southwest,2497.0383
21,female,36.86,2,no,northwest,1917.3184
34,male,45.51481833956211,0,no,southwest,4536.259
35,male,38.6,1,yes,southeast,8582.3023
