age,sex,bmi,children,smoker,region,charges
41,male,42.13,0,yes,southeast,13270.422265141257
34,male,31.46,0,no,northeast,1708.92575
21,male,20.921098802178136,2,no,northwest,4038.9288349202507
51,male,30.66339686098655,3,no,southeast,-5930.504868440028
27,female,33.06,2,no,northwest,12479.70895
50,female,30.66339686098655,3,yes,southwest,13270.422265141257
27,male,24.1,0,no,northeast,2128.43105
39,female,22.669380400366627,0,no,southeast,-402.80089229831174
39,male,30.66339686098655,0,no,southeast,3704.3545
33,female,24.31,0,yes,southeast,4185.0979
39,male,28.405,1,no,northwest,-4019.544498448705
23,male,33.155,2,no,southwest,3591.48
18,male,31.35,4,yes,southeast,1875.344
60,female,31.54,0,no,northeast,5148.5526
56,male,39.6,0,no,southwest,10601.412
49,female,32.1,3,no,southeast,40941.2854
64,male,37.258513034189306,1,no,southeast,14418.2804
45,female,38.08539936063982,0,no,southeast,13270.422265141257
61,female,23.465,0,no,southeast,13270.422265141257
27,female,33.88034768100887,1,no,southeast,13270.422265141257
25,male,30.66339686098655,0,no,northwest,-13623.181601970166
44,female,30.66339686098655,3,yes,southeast,46200.9851
8,male,39.26871772496788,0,yes,southeast,18246.4955
39,male,35.927707658053805,1,yes,southeast,5245.2269
26,female,40.185,4,no,northwest,3201.24515
27,female,32.585,0,yes,northwest,2974.126
38,female,30.69,1,no,southeast,5976.8311
48,male,23.21,0,no,southeast,1515.3449
39,female,28.595,0,no,northeast,30259.99556
19,male,25.555,1,no,northwest,2221.56445
32,male,29.64,0,no,northeast,4260.744
32,male,46.53,0,no,northeast,4686.3887
36,male,12.815820243222092,3,yes,southwest,-2443.1902428785615
46,male,19.855,0,no,southwest,7526.70645
34,female,42.9364158918075,1,yes,northwest,29338.812797599334
54,female,46.7,1,no,southeast,9866.30485
61,male,20.52,1,yes,northeast,48517.56315
48,male,31.736174025725568,1,no,southeast,5966.8874
44,male,22.135,2,no,northeast,8302.53565
39,male,30.25,0,yes,southeast,49902.74849795365
47,male,35.42,1,no,northeast,9630.397
41,male,40.37,2,yes,southeast,43896.3763
50,female,32.3,0,no,northeast,23401.30575
56,male,34.43,0,no,southeast,-6641.2812865169035
62,male,26.125,0,no,southeast,2322.6218
21,female,29.59,1,no,southeast,4562.8421
-13,male,29.6,-1,no,southwest,4561.1885
61,female,24.1,1,no,southwest,22316.569890864594
19,female,27.9,0,yes,northeast,16884.924
44,female,29.81,2,no,southeast,8219.2039
32,female,36.4,1,no,northwest,3176.8159
54,male,28.88,4,yes,southeast,12096.6512
