haematocrit,haemoglobins,erythrocyte,leucocyte,thrombocyte,mch,mchc,mcv,age,sex,source
35.6,11.2,5.29,4.2,63,20.1,31.5,85.3,13,M,0
15.3,12.749350256875191,1.3004603485881627,11.7,365,28.2300392867936,33.3,80.47516522167919,79,M,1
25.4,8.2,4.16,5.4,258,35.4,32.3,77.7,1,F,1
39.6,17.5,4.544802055001511,8.9,389,29.2,34.1,87.6,52,F,1
47.094274660074255,12.749350256875191,5.89,7.7,237,28.2300392867936,33.6,76.9,18,M,0
33.6,13.3,4.8,10.56185573298841,211,27.7,33.3,83.3,31,M,0
46.2,16.5,4.544802055001511,8.715533393774555,258,29.3,33.33647627682079,82.1,7,M,0
34.6,16.11286195039694,3.89,6.6,164,28.3,34.1,102.6,65,M,0
43.1,14.7,5.12,8.9,286,28.7,34.1,72.04211995930048,67,M,0
43.1,14.255758939011226,5.14,10.6,393,31.352070821937275,34.1,89.41132319722173,20,F,1
49.857549339568706,14.2,4.96,8.715533393774555,290,31.807052017840633,33.33647627682079,87.9,69,F,0
39.7,13.6,4.254110046700256,2.3,80,28.4,33.588948637207345,82.9,61,F,0
32.6,9.76726681717131,5.84,6.8,224,16.1,28.8,55.8,46,F,0
40.0,16.1,3.51,12.5390958849218,147,31.3,32.7,95.7,74,M,1
37.8,12.846385514495122,3.27,3.6,221,31.0,31.8,90.9,63,F,0
45.2,15.5,5.3,7.1,132,29.9,34.3,63.9,46,F,0
38.22611060743427,10.6,3.8,11.022565568889878,383,27.9,30.7,83.7,91,F,0
48.72353968063728,14.3,5.28,12.945808459682109,193,26.255191727538573,31.31265378744124,79.4,79,M,0
46.8,11.0,6.61,4.0,55,26.491746061251217,28.5,84.61133272892113,31,M,1
36.8,11.4,4.80091933484387,6.4,260,20.4,31.0,65.7,61,F,0
40.2,6.5,5.44,2.5,279,30.0,34.6,94.4,20,M,0
34.42794735789257,8.8,3.24,9.1,14,27.2,32.29235848406892,82.7,92,M,1
52.6,16.2,5.52,17.0,275,29.3,34.3,85.5,36,M,0
42.7,14.3,4.81,4.6,232,29.7,33.5,88.8,68,F,0
46.9,15.3,5.69,10.6,521,26.9,33.89561417079778,96.74387508543751,37,M,0
38.22611060743427,13.4,4.191608504766203,31.2,324,18.1,32.6,84.61133272892113,39,M,1
