haematocrit,haemoglobins,erythrocyte,leucocyte,thrombocyte,mch,mchc,mcv,age,sex,source
40.2,13.4,4.92,8.2,326,28.9,33.3,86.6,46,M,1
54.0,11.7,4.26,4.9,258,31.9879361455927,33.26461732118324,81.5,4,M,0
47.2,16.0,5.928974272713929,7.7,517,29.3,33.9,67.9,46,M,0
38.74375209244237,8.5,3.65,8.5,308,23.3,31.8,73.2,3,F,1
28.9,17.8,3.39,8.715533393774555,138,28.0,32.9,85.3,26,M,1
28.4,14.8,4.38,12.652268884087075,300,29.5,33.880976666033,81.99602202571768,61,F,0
39.0,10.38538701391967,4.544802055001511,8.715533393774555,358,25.8,32.1,68.26542315665633,47,F,0
45.4,15.6,5.774810074452146,7.2,236,31.3,35.48484259677248,75.4,155,M,0
33.4,10.221642554287403,4.38,5.0,80,27.102303032657208,30.8,90.55952889497043,70,M,1
42.4327755931169,12.749350256875191,4.71,9.4,356,29.7,33.7,85.4,40,F,1
37.5,12.3,3.92,4.8,315,34.0,32.4,95.7,56,M,0
28.7,9.5,3.04,33.3,79,31.1,33.33647627682079,94.4,45,M,1
40.9,12.5,4.65,9.9,296,28.2300392867936,33.8,79.6,48,M,0
38.22611060743427,12.749350256875191,4.88,4.9,228,26.711601989360577,35.2,84.61133272892113,46,M,0
41.7,14.1,4.75,4.6,256,29.7,32.20161999938895,87.8,67,M,0
37.3,11.1,4.05,6.5,360,28.4,33.2,88.3,30,F,0
33.689151971245735,13.065288911470997,4.72,9.2,456,30.5,35.7,84.38454455531897,35,M,1
35.5,11.5,3.79,12.69726766891958,538,26.6,32.8,81.4,45,F,0
38.22611060743427,13.3,4.284185982108733,0.3363702485555873,72,26.9,34.0,79.0,-2,M,0
37.0,13.6,4.95,5.1,65,27.5,33.3,82.6,22,M,0
29.8,9.8,5.714402991411141,16.2,258,24.3,32.9,73.9,67,F,0
37.40237972378987,12.4,4.544802055001511,1.2,387,31.1,34.8,84.61133272892113,58,F,1
43.9,14.7,4.64,4.5,321,29.118251635382197,33.5,89.2,15,M,0
37.4,12.7,4.58,2.5,145,27.7,34.0,81.7,98,F,0
33.7,11.0,4.44,12.0,337,28.2300392867936,32.6,75.9,42,F,0
37.0,12.242912039327818,4.34,1.7488440621476355,98,29.5,33.33647627682079,85.3,56,F,1
