haematocrit,haemoglobins,erythrocyte,leucocyte,thrombocyte,mch,mchc,mcv,age,sex,source
45.9,18.660466660912387,4.81,6.7,189,29.3,34.2,95.4,25,M,0
42.6,13.4,4.43,4.6,258,28.324713890634428,33.40007092122641,90.7,82,F,0
37.4,10.6,4.544802055001511,1.1,339,29.3,34.2,79.44491491979898,44,F,1
33.6,12.8,3.67,6.9,368,28.2300392867936,30.992299466335435,91.6,61,F,0
40.48489198323239,10.915489682582454,4.370239902919597,5.247915824444791,331,30.3,35.062119269301334,84.61133272892113,74,M,0
41.5,14.0,4.6,14.6,358,29.2,33.7,87.7,19,M,0
41.7,12.749350256875191,5.29,4.1,126,25.0,33.3,78.8,-8,M,1
36.0,12.1,4.32,8.3,461,28.0,33.33647627682079,83.3,64,M,0
38.4,12.7,4.84,7.5,265,28.2300392867936,33.1,81.9,20,M,0
38.22611060743427,12.8,4.3,7.7941762185620345,199,29.8,34.0,86.6,62,M,0
35.770032749565424,13.4,4.314523287007788,8.715533393774555,372,30.6,33.4,91.6,52,F,1
38.22611060743427,10.807118405719367,4.95,3.6,322,24.0,31.5,76.4,35,F,0
34.1,11.4,3.90509903239164,7.9,463,30.2,33.4,87.33977273775155,32,F,0
22.8,12.2,4.15,8.715533393774555,385,29.4,32.6,79.1,46,F,1
30.0,8.9,3.95,5.860048319012954,382,22.5,32.04042393364767,71.0,47,M,1
35.9,12.5,4.34,8.9,227,28.8,34.8,85.64214614083635,28,F,0
42.0,17.1,4.85,5.6,282,31.647989359390717,33.6,86.6,71,M,0
42.2,13.6,4.58,6.6,151,32.6,36.0,81.2,34,M,0
38.1,13.3,4.43,1.5,209,30.0,34.9,86.0,60,M,1
38.2,12.749350256875191,4.42,5.8,218,35.21647670105993,32.7,86.4,69,M,1
32.8,10.6,3.86,15.921127543899967,195,25.37850986665244,33.33647627682079,85.0,68,M,0
20.78594398327199,9.4,2.77,8.5,38,26.5,31.9,83.1,61,F,0
38.99979545830752,16.100479029600667,4.79,18.8,258,28.7,33.7,82.6,46,F,0
46.2,15.8,5.964230852560353,11.9,86,28.1,34.4,82.2,48,M,0
37.2,14.3,4.75,6.2,411,27.3,33.9,82.15966850523736,85,M,0
29.7,10.0,4.544802055001511,12.0,261,18.1,34.7,84.61133272892113,13,M,0
