haematocrit,haemoglobins,erythrocyte,leucocyte,thrombocyte,mch,mchc,mcv,age,sex,source
27.5,9.1,3.24,2.1,148,29.1,35.83713337744508,84.61133272892113,68,F,0
38.1,12.9,5.62,7.447689976257166,258,25.1,32.37910484050278,92.5,76,M,0
35.2,10.785999363144859,4.544802055001511,11.5,208,30.4,33.8,82.13687618494315,85,M,1
43.0,15.0,4.95,5.1,274,27.5,33.33647627682079,86.9,35,M,1
36.5,12.749350256875191,4.8,8.4654347642551,403,26.0,32.5,79.48672234271766,46,F,1
42.8,14.1,5.35,6.8,302,26.4,32.9,84.61133272892113,32,F,0
39.3,13.9,5.752695443953172,9.2,212,26.9,35.4,76.0,2,M,0
40.5,12.3,4.66,7.1,333,28.5,30.106927153899054,84.2,40,F,0
47.028839889076835,11.1,5.11,8.715533393774555,329,31.098231029515656,33.3,87.6,81,M,1
50.5,17.0,5.14,10.502599346863594,296,30.2,33.7,89.9,56,M,0
37.7,12.3,4.23,3.0,196,28.1,32.6,89.1,69,M,0
36.2,13.3,4.35,8.715533393774555,300,28.3,34.0,83.2,37,M,0
33.6,11.0,3.99,13.2,408,27.6,28.0,86.9,92,M,1
52.0,17.659969703843277,5.64,9.8,234,31.2,33.8,89.41765512475052,36,M,0
31.379198884611316,9.650086434238277,2.3059555263416014,4.1,258,29.1,31.1,81.1,46,F,1
38.22611060743427,9.6,4.13,12.7,488,23.2,33.0,70.5,75,F,1
38.8,12.6,4.272122834021118,8.7,332,29.5,32.5,90.9,27,F,0
40.89239563238592,12.749350256875191,5.29,6.7,291,29.9,33.8,88.3,20,M,1
38.5,8.9,4.07,5.2,262,30.84100719160947,33.4,89.7,33,F,1
38.22611060743427,12.0,3.67,8.9,128,32.7,33.33647627682079,96.5,6,F,1
47.6,15.4,4.29,7.3,307,28.2300392867936,32.4,84.2,46,F,0
42.0,9.1,3.84,8.9,264,32.8,33.0,99.5,65,F,1
47.4,15.7,5.71,7.2,231,28.2300392867936,33.1,79.98703313230897,40,M,0
34.0,11.2,4.725981564132023,8.4,140,34.628106155422984,32.745907060620745,96.9,79,F,0
27.4,11.7,4.544802055001511,9.796758682903494,81,27.5,33.7,84.7,4,M,0
32.62257969068163,11.56143382827513,5.22,21.8,135,26.212814875939056,33.3,79.5,14,M,1
