age,sex,bmi,children,smoker,region,charges
25,female,26.41,0,no,northwest,7419.4779
80,female,32.965,0,no,northwest,13270.422265141257
61,male,33.915,0,yes,southeast,15161.5344
39,male,31.28508372013492,1,yes,southwest,5375.038
39,male,37.4,0,no,northeast,9634.538
42,female,35.97,2,no,southeast,7160.3303
31,male,38.0,5,no,southwest,12731.022815115512
25,male,27.93,0,yes,northwest,15817.9857
19,female,25.175,0,no,northwest,1632.03625
38,male,33.617546886269636,2,no,northeast,12404.8791
40,male,22.705,3,no,northeast,7173.35995
33,female,35.245,1,no,northeast,15230.32405
20,female,30.389883901024078,0,no,northwest,2689.4954
56,female,22.53729071319185,0,no,southeast,11454.0215
36,male,30.66339686098655,1,no,southeast,4399.731
40,female,29.3,4,no,southeast,15828.82173
51,female,23.6,3,no,southwest,8539.671
27,female,31.4,3,yes,northeast,14920.913072980044
59,male,37.4,0,no,southeast,21797.0004
59,female,36.52,1,no,southeast,28287.89766
46,male,32.49,0,no,northwest,3490.5491
24,female,30.66339686098655,0,yes,southwest,14571.8908
19,female,24.13,3,no,southeast,13270.422265141257
33,male,32.67,1,no,southwest,3260.199
49,male,31.35,2,no,northeast,15954.279292111598
37,male,30.03,5,no,southeast,8843.354102521253
