haematocrit,haemoglobins,erythrocyte,leucocyte,thrombocyte,mch,mchc,mcv,age,sex,source
38.22611060743427,15.9,5.49,10.3,318,28.7,33.3,86.1,28,M,0
39.7,12.8,4.39,9.3,284,28.2300392867936,31.84634499921958,68.4,46,F,0
43.3,15.2,6.17,4.242058217568946,380,32.01050255132457,33.0,83.5,23,M,0
23.6,14.5,4.89,8.715533393774555,341,29.7,32.751154811352485,85.34184070509534,41,F,0
36.3,12.1,4.544802055001511,1.4,53,28.2,33.3,84.6,25,F,1
47.759899732417736,10.3,5.979433786846551,-1.5734350267387598,100,28.2300392867936,32.9,79.5,7,F,0
38.22611060743427,12.7,4.51,5.9,232,28.2,32.8,85.8,35,M,0
38.2,13.2,4.75,2.1,67,27.8,33.33647627682079,80.4,46,M,1
33.5,11.5,4.544802055001511,10.4,230,29.8,34.3,72.4,12,M,0
46.0,14.4,4.95,8.715533393774555,299,29.1,33.747944415575134,87.3,51,M,0
30.8,15.9,3.98,11.9,265,21.20859024106168,33.4,77.4,24,F,0
46.6,12.749350256875191,5.53,5.6,209,27.804720019360555,35.4,91.74755645577217,49,F,0
31.2,14.25543980260589,3.4,7.38600961174475,208,31.5,34.3,91.8,55,F,1
30.6,12.749350256875191,6.132639295951196,6.0,94,16.5,33.3,77.5,52,F,1
36.4,12.8,4.17,6.9,202,25.928664738692756,33.6,87.5,30,M,0
47.0,13.4,5.51,15.3,265,29.5,31.5,69.0,17,M,0
47.1,14.272325487826539,5.39,1.4,335,29.3,33.33647627682079,87.4,68,M,0
43.8,11.699023690078375,5.27,7.3,225,25.9,35.2,77.1,18,F,1
45.6,15.0,4.430798695615844,23.4,175,21.7,33.23097138529755,82.73971352419225,81,M,0
31.772046963076654,15.8,5.28,6.098355186019013,434,29.9,33.3,88.70669869586621,20,M,0
29.5,10.1,2.5902512006621325,11.6,317,30.6,34.2,89.4,75,F,0
47.5,8.0,5.82,6.7,307,27.8,34.1,81.6,33,M,1
46.2,15.532855301220877,5.4,5.2,182,28.9,33.8,84.61133272892113,77,F,0
37.82228154919193,8.8,4.47,10.8,258,27.5,33.6,84.61133272892113,29,M,1
53.983031770493895,14.1,4.91,5.1,258,28.7,33.2,86.6,25,M,1
40.7,13.1,4.99,7.7,359,26.3,30.0,86.0,24,M,0
