haematocrit,haemoglobins,erythrocyte,leucocyte,thrombocyte,mch,mchc,mcv,age,sex,source
27.64134148920369,12.749350256875191,6.86,16.1,126,25.2,33.21033595621178,84.61133272892113,36,M,0
39.8,15.0,5.381576170332427,27.5,394,29.8,32.4,80.46085299304183,93,M,0
29.8,9.227621622564492,3.73,7.8,232,27.2,31.5,79.9,46,F,0
54.0,11.1,3.55,13.2,330,31.3,34.8,89.9,52,F,1
38.8,7.7,4.48,15.0,150,21.786766510419664,31.757262377707242,83.17248485505127,55,M,1
30.5,10.5,5.32,17.0,272,31.4,33.33647627682079,93.05828295453084,83,M,1
50.5,13.8,3.7720956555678695,13.3,627,30.5,33.2,92.0,58,M,1
38.22611060743427,14.7,4.91,8.715533393774555,301,29.9,33.93523164104825,86.2,47,M,1
47.9,12.6,4.37,14.7,219,28.210709629641666,33.1,90.6,67,M,0
41.2,13.071139876288516,4.54,5.5,414,30.0,33.0,90.7,60,M,0
49.28850012576619,14.6,4.37,9.3,500,15.8,26.4,84.6,71,M,1
42.3,13.8,4.544802055001511,8.715533393774555,341,30.7,32.6,76.9,25,F,0
43.9,14.1,4.4,5.805683876943176,97,32.0,32.1,84.61133272892113,79,F,0
41.2,12.749350256875191,6.676779543799375,7.1,510,26.0,32.8,79.2,46,F,0
41.4,14.4,4.72,9.2,247,19.4,34.8,87.7,35,M,1
35.8,11.8,4.12,8.2,272,28.6,33.0,95.4276946025077,60,M,1
39.6,11.565899868966612,5.97,5.8,258,28.2300392867936,31.7,80.2,29,F,0
42.5,6.9,3.34,13.85159056133141,277,32.03547740933612,34.4,87.8,60,F,1
38.22611060743427,13.4,3.83,6.7,230,30.5,26.1,92.0,80,M,0
42.7,14.5,5.05,5.8,163,28.7,34.0,59.7,54,M,0
26.8,8.8,2.98,16.72313895590571,292,29.5,32.8,90.7,44,M,1
39.0,12.9,4.703691136422635,9.4,258,25.3,33.7,76.6,13,M,0
43.9,15.0,5.05,6.5,112,29.7,33.33647627682079,86.9,41,M,1
41.6,14.0,4.71,14.110587588856498,273,29.7,33.1,88.3,68,F,0
46.28957850821248,12.22389883494304,4.544802055001511,11.7,474,29.129761022620112,31.6,84.7,58,F,1
37.69371724880723,14.6,4.79,6.2,258,28.2300392867936,31.678293286952538,91.0,45,F,0
