haematocrit,haemoglobins,erythrocyte,leucocyte,thrombocyte,mch,mchc,mcv,age,sex,source
27.6,13.4,4.56,10.3,211,29.4,35.9,81.8,69,M,0
44.8,11.1,4.544802055001511,11.004032743357092,226,28.626146907873846,32.0,84.61133272892113,12,F,0
31.4,10.5,3.81,18.4,153,27.6,33.4,82.4,59,F,1
33.6,12.0,4.08,5.0,123,29.4,35.7,71.2,54,F,0
28.3,9.2,2.88,7.4,258,20.6,32.5,98.3,79,F,0
35.8,11.7,4.4,7.3,340,20.2,32.7,81.4,16,F,0
42.8,12.5,4.722404773755492,3.8,459,28.2300392867936,33.3,82.1,8,M,1
29.9,14.595936818042214,3.61,14.0,167,27.1,32.43830929328545,90.2,47,M,1
35.9,18.9,4.95,8.715533393774555,296,23.6,33.33647627682079,72.5,46,F,1
39.1,13.8,5.1927924469410085,12.511138232652375,276,30.3,33.08872393068378,88.1111133398039,33,F,0
50.765447462928506,13.8,4.544802055001511,2.3,64,27.3,33.33647627682079,92.83573349470768,30,M,1
43.6,12.749350256875191,5.18,6.5,150,28.2,30.6,93.790773886565,91,M,0
32.5,10.9,3.99,7.8,86,28.4,33.5,81.5,46,M,1
51.3,14.276228307895922,3.62,4.8,129,21.7,33.5,83.3,1,F,0
33.8,13.2,4.18,3.1,361,26.6,32.8,80.9,26,F,0
29.9,8.9,3.3806379864968807,5.8,397,27.575652951611318,34.211041772075205,74.1870744370949,41,F,0
26.0,8.6,2.8,4.4,336,32.78068715210631,34.26548962298397,92.9,74,F,1
38.22611060743427,11.2,3.574156888138833,4.671657779916835,258,30.1,28.4,105.9,86,F,0
38.22611060743427,11.5,4.08,4.3,204,28.2,32.2,84.61133272892113,14,F,0
37.8,12.3,4.57,17.6,86,26.9,32.5,82.7,32,F,0
35.24618717234085,11.4,4.45,15.4,290,28.2300392867936,33.6,80.9,58,M,1
37.5,15.0,3.26,4.6,192,28.047938970126115,35.0,86.5,41,M,1
24.23626075534122,10.143882066742789,4.46,10.8,316,29.0,31.5,86.4,60,M,0
30.937895578168604,12.749350256875191,4.95,8.715533393774555,673,30.7,34.0,82.8,67,F,1
46.6,17.237470513488084,5.52,7.8,325,28.3,33.5,84.4,23,F,0
29.3,10.0,3.91,2.9062119240782422,267,25.6,30.9,74.9,32,F,1
