haematocrit,haemoglobins,erythrocyte,leucocyte,thrombocyte,mch,mchc,mcv,age,sex,source
34.2,10.5,5.32,4.1,314,26.807738160398234,30.7,84.61133272892113,37,M,0
46.2,15.4,5.2,33.4,223,29.6,30.67001406600697,88.8,83,F,0
31.3,11.466324941290495,3.05,6.9,155,34.1,31.2,102.6,46,F,0
37.2,14.179605998814115,5.319110622120906,15.9,286,30.0,34.33072165255867,90.1,49,M,1
38.1,12.0,4.69,8.715533393774555,157,25.6,36.0,84.61133272892113,25,F,1
44.0,15.3,4.52,14.780720748755009,720,31.0,34.8,82.7,35,M,0
41.73773753617979,16.0,4.544802055001511,15.8,258,28.2300392867936,30.1,83.8,42,M,1
42.3,13.7,5.16,10.085246634172504,203,26.93092754497128,33.3,82.0,29,M,1
27.426954241983182,12.3,4.53,11.67607089273196,349,27.710012301082198,33.0,82.3,83,F,0
36.6,12.2,4.544802055001511,2.1,150,28.9,33.3,86.7,58,M,0
42.7,14.3,4.41137849945595,8.715533393774555,282,27.3,33.5,81.5,63,M,1
43.79223906458593,15.0,5.047527614711105,5.6,292,28.2300392867936,33.9,90.9,33,M,0
41.5,9.4,4.67,14.6,301,29.3,33.33647627682079,88.9,59,F,0
30.8,10.5,3.39,6.0,140,28.8,33.67684778856566,87.7,60,F,0
35.96164555787334,13.477682827723301,4.38,5.0,356,24.2,31.7,76.3,46,M,0
38.22611060743427,12.749350256875191,5.28,8.6,396,27.5,30.47635822558405,89.08218411195077,66,M,0
38.6,14.2,5.05,7.3,297,28.0,34.8,80.5,22,F,1
43.2,8.6,2.59,5.8,62,33.2,33.3,91.2185261751346,79,F,0
25.6,8.5,2.95,6.966030345509247,258,28.8,33.33647627682079,86.1,43,M,0
21.9,7.3,3.06,22.6,429,23.9,32.4,71.6,53,M,0
33.6,13.2,4.7,6.5,403,28.1,34.2,82.1,30,F,0
29.0,13.7,3.54,14.4,236,24.6,32.4,93.19771506353285,28,F,1
35.5,11.5,3.4934508152317507,9.4,265,26.784802920011202,32.4,72.7,44,M,1
38.22611060743427,10.460485051379377,4.24,6.3,273,28.3,33.0,85.8,67,F,0
34.1,12.749350256875191,4.88,7.1,138,23.8,34.0,77.51276937980317,25,F,0
41.0,13.5,5.26,10.0,291,25.6,32.9,77.8,34,F,0
