age,sex,bmi,children,smoker,region,charges
48,male,27.36,1,no,southeast,4661.28635
39,male,24.32,5,yes,southwest,5855.9025
43,female,25.98415754640122,2,no,northwest,6389.37785
68,female,30.66339686098655,1,no,southeast,20781.48892
30,male,38.83,1,no,southeast,18963.17192
59,male,26.098166641152446,1,no,southeast,36910.60803
53,female,30.66339686098655,1,yes,southeast,13270.422265141257
44,male,36.29,1,no,southeast,7152.6714
26,male,27.265,1,no,southeast,9447.3824
37,male,30.66339686098655,0,yes,southeast,20623.99033028004
35,female,39.08768690631554,1,no,northeast,6112.35295
20,male,28.963526183038944,0,yes,southeast,1769.53165
37,male,25.284984724201294,1,no,northeast,6985.50695
35,male,24.13,1,no,northeast,5125.2157
26,female,32.9,1,yes,southwest,38277.88574867922
68,female,36.63,3,no,northeast,10381.4787
50,male,30.3,1,no,northeast,13937.6665
44,male,30.66339686098655,1,no,southeast,38998.546
39,male,17.765,1,yes,northwest,12020.693728481874
28,male,31.68,0,yes,southeast,51285.28313796139
25,male,34.21,0,no,southeast,11949.069826165456
37,male,44.22,2,no,southeast,4266.1658
53,female,25.555,2,yes,northwest,20296.86345
28,female,26.315,3,no,northwest,23396.38910661678
50,male,27.455,1,no,southeast,9617.66245
24,male,22.6,1,no,southwest,2457.502
28,female,29.735,1,no,southeast,32954.02998403556
27,male,31.9,1,no,southeast,2033.8184780563188
39,male,35.6,-1,yes,southwest,21595.38229
28,female,40.908818503395935,2,no,northeast,13270.422265141257
55,male,28.7,1,no,southwest,10141.1362
19,female,29.27561544559651,3,no,northeast,11488.31695
52,male,24.86,0,no,southeast,5209.57885
51,male,35.97,2,no,southeast,9386.1613
52,female,30.91449121199685,1,no,northwest,2730.10785
45,male,21.66,1,no,northwest,14349.8544
43,male,22.135,2,no,northeast,8302.53565
10,female,39.14,0,yes,southwest,34166.273
34,female,22.515,1,no,northwest,13270.422265141257
39,female,33.725,2,no,southeast,10074.805410435933
58,male,25.2,0,no,southwest,13270.422265141257
39,female,33.82,1,no,northeast,5377.4578
59,male,25.46,1,no,northwest,12124.9924
47,female,30.66339686098655,0,no,southwest,8539.671
20,female,33.725,2,no,southwest,9566.9909
58,male,22.77,1,no,southeast,11946.6259
19,female,24.7,0,no,southwest,1737.376
63,male,25.716936842517526,1,no,northeast,13270.422265141257
52,female,25.3,2,no,southeast,24667.419
39,female,41.8,0,no,southeast,5173.001396411385
27,female,27.55,1,yes,southeast,4260.744
49,female,39.500632203793955,1,no,northwest,3056.3881
