age,sex,bmi,children,smoker,region,charges
27,female,24.1,0,no,southeast,7548.937398090435
55,male,37.715,3,no,northwest,30063.58055
24,male,28.0,0,no,northwest,1977.815
24,male,40.185,0,no,northeast,2217.46915
58,male,30.66339686098655,0,yes,southeast,9725.528095954187
47,male,34.73732024450961,1,yes,southeast,42211.1382
23,male,31.255,1,no,northeast,6858.4796
39,female,23.87,5,no,southeast,12629.1656
34,male,35.815,0,no,northwest,4320.41085
61,female,36.67,0,no,northwest,28468.91901
42,male,30.66339686098655,0,no,southwest,28923.13692
30,female,43.12,2,no,southeast,4753.6368
27,male,33.155,2,no,northwest,4058.71245
19,male,41.298455009253956,2,yes,southwest,21259.37795
39,female,27.265,1,no,southeast,25598.50029197021
60,female,28.7,3,no,southwest,13224.693
34,male,26.41,1,no,southeast,13270.422265141257
42,male,30.307183271781955,3,no,southeast,6770.1925
39,male,30.59,0,no,southeast,1639.5631
64,female,24.7,1,yes,southwest,8007.419932622861
24,female,22.350862743026685,0,no,southeast,13270.422265141257
25,male,26.79,1,no,northwest,4189.1131
27,female,24.75,0,yes,southwest,16577.7795
53,male,32.4,3,no,southwest,27941.28758
62,male,23.94,0,no,northwest,6358.77645
61,male,36.1,0,no,southeast,11253.421
