age,sex,bmi,children,smoker,region,charges
18,male,33.16074700916955,1,no,southeast,18223.4512
64,female,35.3,4,no,northwest,13270.422265141257
43,male,25.08,2,no,southwest,5492.77028724754
56,male,23.18,0,no,southeast,11070.535
53,male,29.4,1,no,northwest,3481.868
50,male,32.3,1,no,southwest,9630.397
21,male,35.53,0,no,southeast,1532.4697
34,female,12.812599286000253,2,no,southeast,6753.038
58,female,37.36121706664785,0,no,southeast,3741.053251124664
55,female,30.66339686098655,5,no,southwest,8413.46305
20,female,36.955,2,no,southeast,4877.98105
21,female,35.72,0,no,southeast,2404.7338
61,female,34.21,3,no,southeast,5245.2269
25,female,32.934638824248395,2,no,southeast,2913.569
39,female,30.21,3,no,northwest,7537.1639
32,female,33.345,1,no,southeast,31620.00106
21,female,40.3,2,no,southwest,2585.269
48,female,30.66339686098655,0,no,southwest,18147.30021253904
61,male,43.4,0,yes,southwest,12574.049
39,male,40.375,2,no,northeast,9140.951
41,male,27.645,1,no,northwest,28340.18885
29,female,21.755,1,yes,northeast,16657.71745
30,male,35.3,0,no,southwest,36837.467
34,male,25.3,1,no,southeast,18972.495
28,male,32.05451693877556,0,yes,southeast,4399.731
39,male,31.79,0,no,southeast,13270.422265141257
47,female,36.86,0,no,northwest,20878.78443
37,male,31.68,0,yes,southeast,34672.1472
47,female,36.63,4,no,southeast,40720.55105
19,female,26.03,1,yes,southeast,16450.8947
28,male,30.66339686098655,0,no,southeast,13270.422265141257
52,male,32.3,2,no,northeast,7050.0213
52,male,20.782742569179497,2,no,southwest,4906.40965
39,male,30.36,0,yes,northwest,62352.46375222351
32,female,33.63,1,yes,northeast,-166.43643468428127
30,male,41.88208945882886,2,no,southeast,25872.057055336558
60,female,32.56,1,no,northwest,13012.20865
54,male,21.47,1,no,northwest,2607.5044272088053
33,female,37.3,4,no,northwest,19365.53998475174
19,female,40.5,2,no,southwest,14210.53595
58,female,30.66339686098655,5,yes,southeast,8582.3023
18,male,30.4,3,no,northwest,10942.13205
42,female,42.29621394827322,0,no,northeast,14119.62
26,male,36.19013047354707,2,yes,southwest,3987.926
28,female,35.471448973410595,0,no,southwest,37169.06141886995
14,male,38.17,0,no,southwest,8347.1643
35,female,28.31,1,no,southwest,18033.9679
46,male,39.425,3,no,northwest,8342.90875
39,male,35.815,1,no,northwest,7731.85785
35,male,28.2,0,no,southwest,2961.5164605644622
47,male,30.66339686098655,1,no,southwest,13270.422265141257
56,male,23.3,0,yes,southwest,13270.422265141257
