age,sex,bmi,children,smoker,region,charges
27,female,28.5,0,yes,northeast,18310.742
29,female,30.66339686098655,0,no,northwest,5138.2567
48,female,36.575,0,yes,southeast,13270.422265141257
39,male,26.03,5,yes,northwest,19023.26
39,male,42.24,2,yes,southwest,16232.847
39,female,30.66339686098655,1,no,southeast,-1629.7670205916365
24,female,26.034271940760853,0,no,northeast,13880.949
18,female,29.165,0,no,northeast,7323.734819
41,female,31.635,1,no,northwest,7358.17565
10,female,29.92,0,yes,southeast,13457.9608
18,male,40.185,0,no,northeast,16420.49455
29,female,18.3,0,yes,southeast,3736.4647
61,male,33.915,0,no,southeast,13143.86485
26,male,33.949708327041684,3,no,northeast,4564.19145
31,male,37.07,1,no,southeast,9048.0273
18,male,27.6,0,no,southwest,19751.26785832846
39,male,21.85,1,no,southeast,6117.4945
45,male,25.1,1,no,northwest,11436.73815
32,male,28.93,1,yes,southeast,13270.422265141257
54,male,36.47544536147926,1,no,northwest,11305.93455
36,female,29.04,4,no,southeast,7243.8136
59,male,36.765,1,yes,northeast,42738.005364383986
62,female,28.785,1,no,northeast,14394.39815
24,female,37.29,1,no,southeast,4343.353320360964
20,male,41.895,3,yes,northeast,43753.33705
34,male,31.1161034336911,3,no,northwest,8413.46305
