haematocrit,haemoglobins,erythrocyte,leucocyte,thrombocyte,mch,mchc,mcv,age,sex,source
32.0,10.911469918869974,5.21,5.9,279,29.0,34.3,84.5,26,M,0
38.22611060743427,15.1,5.11,1.3,36,29.5,34.1,100.6,40,M,1
38.22611060743427,15.2,4.38,7.962409019982298,275,26.29809409346044,34.1,83.1,55,M,1
43.4,11.3,4.946733027691147,6.294438861774838,285,32.2,33.9,95.0,59,M,1
45.5,12.749350256875191,4.544802055001511,8.7,318,27.1,38.1,83.9,46,M,0
32.25206938606438,13.5,5.42,4.8,338,24.9,32.5,95.11991234696595,22,M,0
33.6,10.0,4.53,12.6,834,22.1,29.8,74.2,40,M,0
31.1,8.7,5.06,11.1,416,17.2,28.0,61.5,-8,F,0
33.2,8.49738329329236,3.87,14.3,196,25.728555369880567,34.9,79.7,32,F,0
37.8,13.3,4.47,11.667980688293712,387,31.33189016952373,33.5,81.30024114571097,15,F,0
34.5,14.7,3.71,13.8,274,30.5,31.354731916113522,93.0,64,M,0
39.4,16.3,5.5,11.1,387,26.1,30.676412110989535,68.7,74,M,1
41.40500830778307,12.0,5.58,14.6,230,21.5,32.1,67.0,68,F,0
38.1,13.0,5.5,11.9,145,29.7,33.3,95.4242058853417,46,M,1
33.2,12.749350256875191,3.47,8.715533393774555,287,32.3,33.7,84.61133272892113,93,F,0
42.7,15.6,4.542510591686563,7.8,325,27.7,33.5,84.4,46,M,0
32.4,10.7,4.544802055001511,14.439647954042407,409,28.2300392867936,33.33647627682079,84.4,67,F,1
45.8,15.5,5.14,7.1,258,26.7,33.73283926701187,89.1,32,F,0
57.21911383330646,15.2,4.31,7.6,346,30.0,32.567928293282414,79.20571912835625,53,M,1
27.5,8.9,3.41,11.2,74,21.8,32.4,80.6,53,F,1
39.796918709337525,14.25870684676648,5.94,3.1,173,29.9,34.6,86.6,83,M,0
42.8,15.7,5.37,4.7,25,29.2,36.7,85.8,34,M,1
34.6,12.018007263439287,4.16,8.715533393774555,85,26.146902264106053,33.8,76.9,115,F,0
43.2,14.7,5.023301408096267,6.1,320,28.9,34.0,84.9,18,F,0
42.3,14.4,4.352232581874789,11.3,258,27.1,34.0,79.5,12,F,0
47.7,16.4,5.4,5.8,304,28.2300392867936,33.33647627682079,84.61133272892113,55,M,0
