age,sex,bmi,children,smoker,region,charges
29,male,22.515,3,no,northeast,-14702.85362934138
29,male,27.94,1,no,southeast,12574.219338900528
29,male,35.53,0,no,southeast,13270.422265141257
56,male,22.135,0,yes,northeast,17864.786469657804
44,male,38.17,1,no,southwest,9144.565
36,male,36.29,1,yes,northeast,38709.176
25,male,42.13,1,no,southeast,-3383.574515012644
61,male,30.493104265594003,0,yes,northeast,46599.1084
38,male,28.025,1,no,southeast,30284.64294
57,male,37.3974463253502,0,no,southeast,11534.87265
57,female,30.5,1,yes,southeast,10704.47
58,male,27.17,3,no,northwest,12222.8983
53,female,28.19222758628777,1,no,southwest,13270.422265141257
39,male,47.52,1,no,southwest,15518.18025
39,female,31.793806896157047,3,no,northwest,13270.422265141257
34,female,38.17,0,no,southeast,2203.47185
20,male,27.3,0,yes,southwest,9880.068
19,female,38.285,0,no,northeast,29523.1656
56,male,40.48,2,yes,southwest,8027.968
56,male,40.3,0,no,southwest,10602.385
29,male,28.975,1,no,southeast,4040.55825
19,male,28.6,5,yes,southwest,8782.469
59,female,27.36,0,yes,northeast,13270.422265141257
19,female,28.88,0,yes,northeast,17748.5062
59,male,30.66339686098655,1,no,northwest,11743.299
20,female,30.9,2,no,southwest,8520.026
22,female,31.92,2,no,northwest,7209.4918
37,male,32.02413735892707,2,no,southeast,39871.7043
48,male,35.625,4,no,southeast,10736.87075
58,female,19.95,3,no,northeast,11835.995601220176
30,male,29.45,2,no,southeast,4906.354960061806
23,male,23.845,0,no,northeast,13270.422265141257
46,male,25.4,0,no,southwest,4687.797
39,male,33.2,0,no,southwest,13462.52
45,female,30.421865560256993,2,no,southeast,42760.5022
49,female,30.58599500399836,2,yes,southwest,47291.055
18,male,30.66339686098655,0,no,southeast,11482.63485
46,female,33.44,1,no,northeast,8334.5896
39,female,26.315,0,no,northwest,6940.90985
45,male,39.39283742588825,1,no,northwest,1628.4709
47,female,18.5,3,no,southeast,15849.468510642984
24,female,26.04639311485185,0,no,southeast,29291.871739641487
37,female,30.66339686098655,3,yes,southeast,19539.243
40,female,32.775,2,no,northwest,40003.33225
5,female,25.8,2,no,northwest,4934.705
59,male,41.14,0,no,northwest,1146.7966
34,male,30.66339686098655,2,yes,northwest,11763.0009
33,male,38.34692901896966,5,no,southeast,11326.71487
53,female,39.6,1,no,southeast,44124.11359092517
73,male,30.66339686098655,0,no,southwest,17634.254121791026
39,male,31.79,2,no,southeast,12928.7911
22,female,39.805,1,no,southeast,37079.372
