age,sex,bmi,children,smoker,region,charges
18,male,28.215,0,no,southeast,46255.1125
45,female,36.3,0,no,southeast,13270.422265141257
26,male,33.33,1,no,southeast,4151.0287
39,female,43.1882040481234,1,no,southeast,4747.0529
27,male,41.5587315140385,2,no,southwest,-2640.6426970789917
50,male,44.745,0,no,northeast,9541.69555
23,male,15.82601246740109,3,yes,northeast,40904.1995
39,male,24.719710835491167,1,no,northwest,6393.60345
21,male,31.1,1,no,southwest,1526.312
59,male,31.4,0,no,southwest,12815.44495
20,female,22.0,1,no,southeast,1964.78
22,female,30.66339686098655,1,no,southwest,16938.5665746654
45,male,33.7,1,yes,southwest,3375.076910982253
19,female,20.6,0,no,southwest,41661.602
23,female,41.1,0,no,southwest,3989.841
50,male,30.66339686098655,0,no,northwest,8835.26495
26,female,34.6,1,no,southwest,1731.677
47,male,27.645,2,no,southeast,24535.69855
58,male,27.645,0,yes,northwest,11305.93455
34,male,30.8,0,no,southwest,35491.64
27,female,26.505,0,yes,northwest,13270.422265141257
39,female,41.8,0,yes,southeast,5662.225
24,male,29.64,0,no,northwest,5028.1466
30,male,30.685,0,no,southwest,21535.509755118364
56,male,34.43,0,yes,southwest,2585.269
37,male,28.975,0,no,southeast,2464.6188
