age,sex,bmi,children,smoker,region,charges
46,male,23.655,1,no,northwest,13270.422265141257
39,female,27.645,2,no,northwest,11743.9341
32,female,25.85,0,no,southwest,-16998.01938285163
59,female,30.875,0,no,northwest,46718.16325
39,female,27.2,1,no,northwest,10959.6947
27,male,33.915,-1,no,southeast,8015.258242356288
48,female,28.595,0,no,southeast,30259.99556
21,male,30.66339686098655,0,no,southeast,1515.3449
41,male,24.655503091934726,2,no,northeast,6664.68595
22,male,34.8,3,no,southwest,3443.064
19,female,30.495,0,no,northwest,2128.43105
30,male,28.405,1,no,southwest,4527.18295
30,female,27.83,3,no,southeast,24749.67131387483
35,male,34.823903621551686,1,no,southwest,22413.57113054434
48,female,28.9,1,no,southwest,8277.523
58,male,34.39,1,no,northwest,24535.69855
64,female,31.176162060868236,0,yes,southeast,35595.5898
64,male,36.96,2,yes,southeast,49577.6624
57,male,19.07875624057296,1,no,southwest,13270.422265141257
44,male,32.015,2,yes,northwest,8116.26885
36,male,22.135,3,no,northwest,10848.1343
62,male,32.395,4,no,southeast,14590.63205
48,female,27.7,3,no,southeast,24180.9335
46,male,25.745,3,no,northeast,9301.89355
54,male,40.37,1,yes,northeast,39774.2763
51,male,30.66339686098655,0,no,southwest,9861.025
