haematocrit,haemoglobins,erythrocyte,leucocyte,thrombocyte,mch,mchc,mcv,age,sex,source
43.6,11.1,5.36,5.0,162,24.534899591185926,33.5,81.3,27,M,0
36.5,11.979852473343307,4.48,5.6,230,29.2,33.5,87.3,56,M,0
39.1,12.4,4.32,11.699298564144762,343,28.2300392867936,33.286873786608844,84.5,25,F,1
37.7,12.8,4.420933312086152,5.1,258,30.4,34.0,89.5,46,F,1
38.4,15.8,5.209027152560772,11.4,331,28.2300392867936,32.6,89.7,6,M,0
43.15519198453645,13.1,4.255626706865846,8.715533393774555,321,30.79443576954665,32.7,86.70690501231059,77,M,0
36.8,10.093063356080453,4.11,7.9,605,31.4,32.6,60.8,64,F,1
28.4,10.0,3.43,52.8,191,29.2,33.33647627682079,82.8,86,F,1
42.6,14.8,2.71,9.9,330,28.9,34.7,85.29346800532865,56,M,1
31.518345480010726,8.7,3.26,2.9053523663398946,28,26.7,31.1,87.94450252350528,45,F,0
38.47902912296936,13.8,4.544802055001511,8.4,277,32.3,34.1,94.8,64,M,1
35.2,12.1,3.56,6.2,215,29.9,34.4,87.1,15,F,0
31.4,14.6,3.81,6.3,116,25.11619127011912,33.89609078366813,82.4,54,M,0
49.3,14.3,4.68,7.0,275,23.1,32.3,84.61133272892113,17,M,1
27.3,9.2,2.91,10.3,344,31.6,33.7,70.56468350864843,80,F,1
38.22611060743427,12.749350256875191,5.65,7.4,268,20.4,31.3,66.0,33,M,0
34.3,11.8,4.06,5.0,265,29.1,34.4,84.5,66,M,1
14.6,11.9,4.544802055001511,10.0,472,22.5,30.8,71.8,42,F,1
38.3,12.7,5.51,11.3,330,27.0,33.2,81.3,16,F,0
38.22611060743427,12.749350256875191,4.27,7.9,150,31.27944914148407,36.51236380652521,89.7,55,F,0
36.8,12.387540495878149,3.52,8.715533393774555,252,31.6,34.0591264123794,104.5,49,M,0
38.5,11.507874091268299,4.64,9.2,258,26.9,33.33647627682079,84.61133272892113,39,M,1
36.8,12.4,3.95,9.99275125792317,412,29.2,34.5,70.8,72,M,1
27.04578934139766,12.0,4.11,4.3,469,29.2,32.4,90.0,55,M,0
48.0,16.3,4.71,4.68731821845024,120,29.6,34.0,86.9,46,M,0
39.8,12.9,4.715625401295447,6.1,268,28.4,32.4,87.5,49,F,0
