haematocrit,haemoglobins,erythrocyte,leucocyte,thrombocyte,mch,mchc,mcv,age,sex,source
30.155954108483456,12.749350256875191,5.44,8.715533393774555,369,30.2,36.4,83.8,21,M,0
33.5,14.709120287665119,4.544802055001511,18.8,144,16.8,32.2,76.8,79,F,0
33.30440604629096,7.7,4.79,3.2,290,18.4,33.33647627682079,88.0,81,M,1
38.7,13.3,4.4,4.0,113,30.5,34.4,84.61133272892113,56,M,1
40.46562860979739,13.2,5.01,13.9,436,26.3,33.2,79.2,14,M,1
44.8,13.062102420704003,5.35,10.2,441,27.9,33.03684357704413,83.7,46,M,1
37.09176326019897,9.3,5.961415883611798,8.715533393774555,258,29.3,29.3,91.36077745262767,34,M,0
23.3,8.7,2.88,17.7,63,30.2,37.3,80.9,74,M,1
32.2,12.6,4.29,8.2,276,28.2300392867936,33.4,87.9,75,M,0
33.6,13.1,3.93,16.9,414,30.8,32.95094540794534,85.5,46,M,0
38.6,14.1,5.09,6.310826627456132,324,29.0,35.0,82.8,28,F,0
40.2,13.4,4.544802055001511,6.0,283,25.5,33.3,84.61133272892113,38,M,1
38.0,12.4,4.59,6.9,122,31.1774698742444,32.32400837692819,80.46005566900723,16,M,0
32.1,14.0,2.87,24.2,152,29.673771004334125,33.10459428402498,85.7,58,M,0
38.22611060743427,17.72393584044112,5.273515226340643,2.5,161,27.2,34.0,80.2,52,F,1
42.8,13.7,5.32,14.6,14,25.8,32.0,75.43417616639314,64,F,0
24.6,10.8,3.85,18.063833210947372,354,28.2300392867936,32.7,92.7,59,M,1
43.3,14.5,4.67,9.5,307,31.0,33.5,83.4,62,F,0
44.5,15.1,5.12,10.7,353,29.5,33.33647627682079,76.28951577712135,41,M,0
24.2,15.4,5.04315793578372,13.6,258,28.38092292099175,33.5,81.6,43,M,1
37.8,12.6,5.29,14.3,382,31.1,33.3,93.3,55,M,1
35.8,11.0,4.328876566261632,7.6,185,16.6,30.7,54.1,23,M,0
45.1,12.715762229816695,5.52,10.4,238,26.6,32.6,82.1,66,F,1
51.1,16.8,6.14,-1.1052939167534515,291,25.76535132613365,36.9,83.2,22,F,0
38.22611060743427,12.749350256875191,2.66,-2.10956257039674,232,25.9,33.6,79.1,29,F,1
36.5,10.9,4.8,10.1,510,22.7,29.9,76.0,47,F,0
