haematocrit,haemoglobins,erythrocyte,leucocyte,thrombocyte,mch,mchc,mcv,age,sex,source
40.7,13.6,4.544802055001511,8.2,303,28.2300392867936,33.4,83.0,46,F,0
36.8,12.7,4.83,8.715533393774555,301,26.3,31.2,98.1,61,F,1
35.4,12.0,4.48,5.7542045085659765,418,28.120270773081458,36.5,75.64808693638672,27,M,0
40.8,12.749350256875191,4.38,9.5,200,32.6,33.33647627682079,93.2,67,M,0
46.0,15.6,4.86,17.8,248,18.3,33.9,94.7,47,M,0
28.7,12.4,3.56,5.8,366,28.9,32.84219144883209,90.2,83,F,0
38.22611060743427,12.254153647822644,4.37,3.8319029309011583,134,28.6,33.33647627682079,85.4,30,F,0
44.4,14.5,3.51,9.525670616279946,268,32.65178987476741,32.7,87.4,35,F,0
41.4,13.7,4.86,6.0,258,28.2300392867936,33.1,85.2,39,F,0
42.8,13.0,5.35,6.8,302,30.4,32.9,93.40197495170328,32,F,0
37.9,20.061559847637483,3.76,9.0,200,28.4,34.0,83.6,35,F,0
42.2,12.020622110282396,4.69,7.1,480,30.7,31.2,90.0,25,M,0
39.8,12.2,4.544802055001511,9.5,258,26.4,30.7,90.1,27,M,0
23.9,7.9,2.65,7.9,203,29.8,33.1,90.2,77,M,0
39.7,13.4,4.65,5.1,276,28.8,31.888303279502683,85.4,61,F,1
33.7,13.7,4.91,7.0,366,27.9,32.6,87.8004548547503,56,M,0
37.4,10.3,2.3967967371825876,6.1,263,29.9,33.2,99.3,32,F,1
40.6,13.2,3.644600594624448,6.8,413,26.7,33.07450653963864,89.4,74,F,0
32.99050948579224,10.8,3.76,7.750072454002301,230,26.27874670960569,34.3,83.8,85,M,1
27.6,8.9,4.54,16.5,484,24.8,32.2,83.41853329743039,81,M,1
42.060764992171066,13.77446223448252,4.926732817349887,5.2,376,22.2,31.9,84.61133272892113,51,M,1
29.6,14.9,5.08,8.715533393774555,246,27.4,31.742093386361127,84.3,74,M,0
30.350480926960913,11.0,4.46,56.7,88,21.986730397097514,34.4,71.7,21,M,1
38.22611060743427,12.749350256875191,4.62,9.1,359,25.5,34.6,84.61133272892113,13,F,1
48.0,11.9,5.46,11.6,359,21.8,31.4,69.4,46,M,0
32.356545901477304,12.5,4.279243411658888,6.5,316,21.1,34.1,67.6,79,M,0
