age,sex,bmi,children,smoker,region,charges
32,male,28.997881785350312,2,no,northwest,3866.8552
30,female,26.6,3,yes,southwest,12523.6048
62,male,20.60857870409849,1,no,southwest,10436.096
46,male,30.78,1,no,northeast,10797.3362
52,female,38.6,2,no,northeast,10325.206
63,female,32.2,2,yes,southeast,2680.9493
25,male,27.55,0,no,northwest,13270.422265141257
32,female,30.66339686098655,0,no,northeast,16304.23679942447
50,male,30.495,2,no,northwest,3972.9247
39,female,31.68,0,no,northwest,39964.14751998608
49,female,34.77,1,yes,northwest,9583.8933
47,female,30.9,2,no,southwest,9715.841
39,male,24.32,0,no,northwest,5325.651
51,male,42.9,2,yes,southeast,32643.482945121898
35,female,25.52,5,no,northeast,13270.422265141257
18,male,36.72226120687815,0,no,southeast,1141.4451
63,female,26.22,0,no,southwest,14256.1928
27,male,30.66339686098655,1,no,southeast,34806.4677
24,male,23.085,1,no,northeast,1704.70015
44,female,26.41,0,no,northwest,15528.528352289
33,male,33.44,5,no,southeast,6653.7886
42,male,24.605,1,yes,southeast,21259.37795
19,female,31.825,0,no,northwest,2138.0707
58,female,49.06,0,no,southeast,11381.3254
52,female,38.54776217032114,4,no,southwest,8240.5896
35,female,28.215,0,no,southeast,2200.83085
