haematocrit,haemoglobins,erythrocyte,leucocyte,thrombocyte,mch,mchc,mcv,age,sex,source
38.2,13.4,4.27,4.7,150,31.4,33.458230832124215,59.9,76,M,0
32.0,12.247809266718296,3.534293773051635,5.1,152,28.6,33.5,85.4,30,F,1
38.22611060743427,10.8,3.86,21.1,346,29.1,31.2,89.6,53,M,1
49.6,16.5,6.03,2.1,460,27.4,33.33647627682079,85.5,36,M,1
38.22611060743427,14.995281527132933,4.51,8.715533393774555,23,26.6,33.3,80.7,44,M,0
41.7,10.1,3.72,5.1,208,25.9,32.31292177846054,84.61133272892113,22,F,0
37.5,14.6,3.2825864320287175,4.9,145,25.3,31.5,80.3,25,F,1
26.4,7.4,5.16,20.000995198658792,250,15.9,28.0,89.3261582608664,22,F,0
39.6,12.2,4.544802055001511,0.2003392967271882,303,25.8,30.8,88.18643113850241,68,M,0
26.6,8.764179175697157,3.21,7.0,221,26.8,32.3,84.61133272892113,56,M,0
36.90341221666574,8.7,5.435870275581266,0.750926685257352,228,30.26255629782682,33.3,91.9,23,M,0
36.8,12.3,4.18,-2.0992210060374052,31,29.90771577446459,33.4,80.38266654675112,46,F,0
48.3,16.8,5.62,8.715533393774555,308,19.7,34.8,85.9,15,M,0
34.63161677521165,15.0,4.62,29.8,422,25.842878303822438,33.60036844972839,82.1,65,M,0
33.9,11.7,4.18,9.0,195,28.0,33.33647627682079,81.1,46,M,0
30.8,9.9,5.17,11.7,211,26.6,32.1,82.8,65,F,1
29.1,9.545969071300533,3.04,13.8,161,31.3,33.12792908588891,88.09951299050762,83,M,0
30.3,9.1,4.423604418005408,7.6,217,28.2300392867936,31.0,70.5,25,F,1
38.1,12.4,4.29,5.4,259,28.9,32.5,88.8,49,F,0
46.5,12.749350256875191,5.44,1.8,144,29.5457876780097,33.3,82.3,36,M,0
39.6,12.5,4.544802055001511,5.0,222,29.9,31.6,62.5,26,F,0
45.5,15.1,5.55,8.2,258,27.2,33.2,82.0,28,F,1
28.722453921905135,12.749350256875191,3.3,21.5,252,28.5,34.6,85.5,67,F,1
29.4,13.4,4.3,29.3,382,23.5,33.3,98.3,24,M,1
35.74876277109114,13.4,4.23,19.3,258,28.2300392867936,30.9,86.3,45,M,1
42.2,12.8,4.37,11.1,479,33.5,34.1,85.8,44,M,0
