age,sex,bmi,children,smoker,region,charges
45,male,30.9,2,no,southwest,8520.026
23,female,29.1,0,no,southwest,5938.399649667818
49,female,36.85,0,no,northwest,8125.7845
39,female,30.66339686098655,0,yes,northeast,4137.5227
21,male,28.975,0,yes,northwest,7298.862922190948
61,female,27.93,1,no,northwest,11015.1747
48,male,30.78,3,no,southwest,13270.422265141257
55,male,37.29,1,no,northwest,10807.4863
38,female,42.24,1,yes,northeast,7144.86265
35,male,36.67,1,no,southeast,8978.1851
64,male,16.80728537157316,5,no,northeast,16085.1275
29,female,18.905,-1,no,southeast,19107.7796
8,male,32.997998921610986,0,no,southeast,1627.28245
49,male,32.49241450735655,0,yes,northwest,13270.422265141257
51,female,32.67,1,no,southeast,2219.4451
38,male,28.025,0,yes,northeast,24513.09126
31,male,32.56,1,no,southeast,1824.2854
62,male,18.3,5,yes,southwest,19023.26
91,female,23.18,0,no,northwest,11830.6072
39,male,35.9,2,no,northeast,7641.575242610312
26,male,20.4016373916434,1,no,southeast,39774.2763
24,female,26.6,0,no,northeast,31016.591381367765
24,female,30.66339686098655,0,no,southeast,34254.05335
56,female,26.6,1,no,northwest,12044.342
30,female,24.13,2,no,northwest,4032.2407
25,male,25.84,0,no,northeast,10096.97
