age,sex,bmi,children,smoker,region,charges
23,male,37.65859125997931,0,no,northwest,15820.699
30,male,30.66339686098655,0,no,southeast,11743.9341
25,female,22.515,1,yes,southeast,13270.422265141257
47,male,30.9,1,yes,northeast,13736.703208337112
39,female,29.058096415780813,0,no,southeast,15828.82173
28,male,26.98,2,no,southwest,4435.0942
39,female,22.135,3,no,southeast,34069.40511965143
19,male,30.66339686098655,0,no,southeast,9866.30485
47,female,22.77,0,no,northeast,-10500.398163373407
50,male,26.41,1,no,southeast,4428.88785
19,male,31.92,0,no,northwest,33750.2918
19,male,23.87,1,yes,northwest,16450.8947
40,male,37.29,1,no,southeast,4185.0979
45,male,30.36,0,yes,southeast,62592.87309
20,male,28.785,0,no,northeast,13270.422265141257
58,male,31.255,0,no,northwest,-536.6067184861313
30,female,43.12,2,yes,southeast,4753.6368
51,female,33.915,0,yes,northeast,1253.936
34,female,30.21,1,no,northwest,43943.8761
26,female,42.25668963456623,2,no,northwest,3981.9768
52,male,47.74,1,no,northwest,9748.9106
21,female,24.32,1,no,southeast,11833.7823
39,male,26.315,2,no,southeast,7201.70085
31,female,21.68994789786507,2,yes,southwest,19199.944
53,female,32.49,0,yes,northwest,36898.73308
37,female,32.34,1,no,northeast,7633.7206
