age,sex,bmi,children,smoker,region,charges
59,male,29.7,2,no,southeast,12925.886
39,female,30.25,4,yes,southwest,38709.176
60,male,30.66339686098655,0,no,southwest,12638.195
27,male,33.345,1,no,southeast,8334.45755
36,male,28.025,1,no,southwest,5194.828141106675
22,female,33.7,1,no,southwest,2203.47185
43,female,21.694749414112067,2,no,southwest,8310.83915
54,female,40.33501565480408,2,no,northwest,11013.7119
39,male,37.51,1,no,northwest,6117.4945
57,female,29.81,0,yes,southwest,13270.422265141257
42,male,28.595,-1,no,southeast,30259.99556
23,male,25.27,3,no,northwest,4894.7533
62,male,23.3,0,no,southwest,8891.1395
50,female,30.4,0,yes,northwest,19687.32242313318
45,female,26.29,0,yes,southeast,13270.422265141257
31,male,31.92,2,no,southeast,2261.5688
40,female,30.875,2,no,northwest,8162.71625
48,male,55.34889982661227,2,no,southwest,45702.02235
39,male,32.40264790435787,0,yes,northwest,14256.1928
33,female,24.295770837998862,1,no,southwest,10923.9332
42,male,30.0,0,yes,northeast,22144.032
32,male,39.16,0,no,southwest,-2285.7943334512183
27,male,29.6,0,no,southeast,21232.18226
40,male,22.8,1,no,southwest,10090.3875452789
20,male,41.69,0,no,northwest,8703.456
39,female,36.1,1,no,southwest,27941.28758
45,male,24.035,0,no,southeast,8604.48365
47,male,29.83,2,no,northwest,13270.422265141257
63,male,30.66339686098655,0,yes,northwest,12523.6048
23,female,30.66339686098655,3,no,northwest,-18162.75128240504
60,female,36.0,-2,no,northeast,13217.0945
57,male,36.073455925818905,1,no,southwest,11842.62375
62,male,30.66339686098655,3,no,southwest,8615.3
39,female,20.235,1,yes,northeast,19594.80965
49,male,28.7,1,no,northeast,5438.7491
39,male,27.316121009588386,1,no,northwest,6393.60345
49,male,31.35,1,yes,northeast,13270.422265141257
60,male,31.13,0,no,northeast,11833.7823
64,female,33.8,1,no,southwest,47928.03
44,male,30.66339686098655,2,no,southeast,8891.1395
41,male,33.09901645712455,1,no,southeast,13270.422265141257
49,female,31.0,5,no,southeast,11552.904
24,male,30.21,3,no,northwest,8410.04685
40,male,32.56,1,no,southeast,15641.93476686411
68,male,26.41,3,no,northeast,27536.312291621478
54,male,44.721440504314856,3,yes,southeast,48549.17835
52,female,21.85,2,no,southeast,12265.5069
37,male,30.875,1,no,southeast,6796.86325
18,male,33.77,1,no,northwest,10565.952056673052
22,female,25.27,0,no,northeast,18479.012154028154
43,male,31.62370278514513,3,no,northwest,4618.0799
47,male,18.335,4,no,southeast,-6594.492451588056
