age,sex,bmi,children,smoker,region,charges
40,female,26.505,5,no,southeast,12815.44495
32,male,33.82,1,no,northwest,4462.7218
44,male,22.895,2,yes,northwest,-5007.867259843351
36,female,22.135,3,no,southeast,-3582.837176214045
44,male,30.66339686098655,2,yes,northwest,38998.546
62,male,30.495,2,no,southeast,15019.76005
39,male,25.08,1,yes,northwest,15817.9857
57,female,25.74,5,no,northwest,12629.1656
57,male,36.60364522584632,0,no,southwest,2523.1695
31,female,28.49,3,no,southeast,13430.265
32,male,20.52,1,no,northeast,4544.2348
41,male,30.66339686098655,5,no,northeast,9222.4026
19,male,30.59,0,no,northwest,8596.8278
23,female,32.3,1,no,southeast,18328.2381
19,male,27.6,1,no,southwest,21423.198095972464
19,male,49.06,0,no,southeast,-3693.5300547306324
29,female,42.251635832069844,0,no,southeast,13270.422265141257
33,female,39.82,1,no,southeast,4795.6568
30,female,28.12,0,yes,southeast,22331.5668
58,female,40.5,3,no,southwest,1759.338
31,male,41.42,0,no,northeast,13270.422265141257
25,female,30.951494627602813,0,no,northwest,8932.084
45,male,25.14232694746819,5,no,northeast,9788.8659
39,male,34.39,0,yes,northeast,11743.9341
64,female,22.99,0,yes,southeast,27037.9141
50,female,27.83,3,no,southeast,8413.46305
