age,sex,bmi,children,smoker,region,charges
19,male,37.1,3,no,southwest,3597.596
60,female,28.0,0,no,northeast,13270.422265141257
57,male,40.39590153104398,0,no,southeast,20709.02034
18,female,25.84,0,no,northwest,5926.846
39,male,31.5,1,no,southwest,4337.7352
25,male,30.66339686098655,2,yes,northeast,9630.397
41,female,31.6,0,yes,southwest,6186.127
44,male,37.1,2,no,southwest,7740.337
42,female,26.18,2,no,southeast,7046.7222
21,female,23.2,0,no,southwest,11436.73815
54,male,35.815,3,no,southeast,27322.73386
30,male,30.66339686098655,3,no,northwest,-1357.545020311769
61,male,33.535,0,no,northeast,13143.33665
41,male,30.78,3,yes,southeast,39597.4072
51,female,36.385,3,no,southeast,6250.435
39,male,26.41,0,no,southeast,20149.3229
46,male,40.375,2,no,northwest,8733.22925
36,female,37.43,1,no,northeast,13270.422265141257
42,female,18.674730468016712,1,no,northwest,8207.794473167964
47,male,19.19,1,no,southeast,8627.5411
69,male,34.78754104096645,0,yes,northeast,22412.6485
39,male,27.74,0,yes,northwest,2138.0707
18,male,43.01,1,no,southeast,-9201.564864284472
36,male,30.875,1,no,northeast,5373.36425
40,male,35.3,-1,no,southwest,7196.867
39,male,29.22775647141589,1,no,northwest,3437.062605057182
