age,sex,bmi,children,smoker,region,charges
35,female,29.32280103316239,1,no,northwest,24915.04626
36,male,35.2,1,yes,southeast,38709.176
13,male,29.7,3,no,southwest,19933.458
60,male,28.9,0,no,southwest,23244.7902
54,male,35.815,3,no,northwest,9434.353275431655
20,female,23.72411963169136,2,no,southeast,3056.3881
22,female,34.28710201599591,-1,no,northeast,3309.7926
63,male,25.8,1,no,southeast,9283.562
26,male,34.2,1,no,southwest,3987.926
19,female,35.2,4,no,northwest,-7497.3943623726955
18,male,25.175,1,no,southwest,15518.18025
32,male,24.6,0,yes,southwest,13270.422265141257
34,male,27.835,1,yes,northwest,13370.840368562698
39,male,28.5,2,no,southeast,11793.269634892504
18,female,31.13,0,no,southeast,1621.8827
18,female,30.66339686098655,1,no,southeast,1720.3537
17,female,25.095793780424817,0,no,northeast,10436.096
29,female,49.06,4,no,southwest,9386.1613
39,male,31.87158714699756,0,no,southeast,37742.5757
30,male,24.13,1,yes,northeast,4032.2407
23,male,28.31,0,yes,northwest,18033.9679
52,female,46.557289657210745,5,no,southeast,13270.422265141257
42,female,30.66339686098655,0,yes,northwest,21348.706
39,female,34.6142572860695,1,no,northwest,8401.999337271449
20,female,33.0,0,no,southeast,15650.73857295412
64,male,32.35387737622315,1,yes,southeast,9872.701
32,male,31.54,1,no,southwest,1146.7966
59,male,24.32,0,no,southeast,16590.292655777255
46,male,41.14,0,no,northeast,5148.5526
39,female,17.8,0,no,southwest,1727.785
31,male,30.66339686098655,1,no,northeast,14358.36437
70,female,24.035,0,no,northwest,13270.422265141257
30,male,28.4,1,no,northeast,1980.07
53,female,23.845,0,no,northeast,4719.73655
39,male,32.205,0,yes,northwest,18873.009864343163
37,male,42.9,0,yes,southeast,-18694.392223024275
51,female,30.66339686098655,4,no,northeast,2196.4732
53,female,21.56,3,yes,southeast,12668.277459960773
19,male,33.0,1,no,southwest,1842.519
36,female,26.2,0,no,southwest,4883.866
56,male,28.1,1,no,southeast,9855.1314
18,male,43.60158039141879,2,no,southeast,13270.422265141257
39,female,18.3,5,no,northeast,19023.26
60,female,32.573814629481625,1,no,southwest,22144.032
56,male,34.1,0,no,southeast,9140.951
51,male,35.97,1,yes,southeast,5708.867
26,male,21.375,1,no,northwest,13270.422265141257
49,female,39.49,0,no,northwest,47305.305
43,male,36.955,0,no,southwest,12741.16745
52,female,35.8,1,yes,northeast,11674.13
62,male,38.83,0,yes,southeast,12981.3457
60,female,30.66339686098655,1,no,southeast,6849.026
