haematocrit,haemoglobins,erythrocyte,leucocyte,thrombocyte,mch,mchc,mcv,age,sex,source
26.90474592985926,7.011162742415941,4.544802055001511,7.8,195,29.4,35.9,83.5558289325728,2,F,0
38.22611060743427,12.749350256875191,5.0862737590982485,3.1,226,25.1,32.0,78.5,46,F,1
31.4,15.7,3.81,19.688614814624867,258,26.6,33.73957049589728,82.4,35,F,1
38.764363026160005,12.0,4.08,18.4,123,29.4,33.9,82.4,54,F,0
28.3,10.5,2.88,7.4,240,31.9,32.5,91.5,74,F,0
35.8,11.7,5.7,9.474698581020787,423,27.6,28.4,81.4,43,M,0
35.5,12.0,4.09,4.5,257,29.3,33.8,97.78092364353986,51,M,0
44.5,14.554551186677418,5.8,10.70033589891149,267,28.2300392867936,32.49960874800177,84.61133272892113,36,M,0
35.0,11.2,3.92,8.1,410,28.6,33.33647627682079,84.43462715119212,52,M,0
40.3,14.9,4.77,7.9,332,27.3,31.7,83.86970290328769,77,M,1
47.5,15.5,4.4,9.4,245,27.2,32.6,83.3,64,M,0
40.5,13.6,4.56,3.9,90,29.8,33.6,88.8,55,F,0
29.3,10.0,2.98,13.0,267,25.6,34.1,74.9,61,F,1
32.5,10.241658982846399,3.99,7.8,219,34.4,33.5,81.5,57,F,1
45.0,10.5,3.7226337097042164,4.8,129,21.7,30.6,82.7,1,F,0
33.8,11.1,6.79,4.6,150,28.2300392867936,32.8,80.9,33,F,1
29.060590608304906,8.9,4.43,5.8,397,24.035135716737273,29.8,67.5,19,F,0
35.7,8.6,2.8,4.4,258,30.7,33.1,84.61133272892113,86,F,0
38.22611060743427,11.2,3.72,8.8,185,24.94973930264168,32.7,105.9,79,F,0
26.0,12.749350256875191,4.08,4.3,432,28.2,32.2,87.5,-11,F,1
37.8,12.3,4.57,-0.8151360763552233,270,26.9,32.37174752560628,70.9,32,M,0
36.0,12.1,5.299974998416572,8.715533393774555,290,27.2,33.6,76.9,9,M,0
42.8,10.620520743082912,4.544802055001511,3.1,97,29.22815536046791,35.0,86.5,41,M,1
29.8,10.0,3.45,8.715533393774555,316,29.0,33.6,86.4,46,M,1
29.4,10.0,3.26,7.8,85,30.240088212479154,34.24701627025512,90.2,67,F,0
25.885430220261554,15.6,4.588435357414781,10.3,325,31.5,33.33647627682079,84.4,23,M,0
