age,sex,bmi,children,smoker,region,charges
23,male,30.66339686098655,1,no,northeast,13270.422265141257
53,male,20.9,-2,no,southeast,21195.818
55,female,32.775,0,no,northwest,12268.63225
49,male,30.66339686098655,1,no,southwest,2974.126
31,male,38.095,1,no,northeast,58571.07448
64,male,27.4,2,no,southeast,7726.854
39,female,24.591870047936027,0,no,southwest,19314.813857295492
19,female,30.495,0,no,northwest,2128.43105
27,male,32.585,1,no,southeast,4846.92015
55,female,29.7,2,no,southwest,11881.358
53,female,28.1,3,yes,southwest,11741.726
43,female,20.045,1,yes,northeast,14988.432
24,male,31.94578786725266,3,no,southeast,25656.57526
36,male,30.59,2,no,southeast,4402.233
26,male,46.53,1,no,northeast,2927.0647
39,male,33.915,2,yes,northeast,15006.57945
72,male,37.1,1,no,southeast,6799.458
31,female,26.62,1,no,southeast,3757.8448
36,female,35.53,0,no,northeast,43508.753552392925
39,female,29.032011012333232,5,no,northeast,18218.16139
22,male,35.435,0,no,northeast,8173.013739820707
57,female,29.92,3,yes,southeast,30942.1918
37,male,30.03,1,yes,northeast,12320.697257660235
39,male,28.540103851500636,2,yes,southwest,14040.588678348257
43,male,43.01,2,no,southeast,1149.3959
42,male,22.895,0,no,northwest,23118.8913097858
56,male,15.195786903522253,2,yes,southeast,27000.98473
43,male,25.52,5,no,southeast,33831.03624078256
35,male,30.66339686098655,5,no,southeast,5245.2269
53,female,25.0,0,no,southwest,5649.715
39,female,31.5,2,no,northwest,13270.422265141257
61,female,39.1,2,yes,southwest,14235.072
30,male,20.887530319457888,2,no,northwest,3161.454
31,male,13.231758822598312,2,no,northwest,15710.68213763137
48,female,42.123524950584,1,yes,southwest,4243.59005
19,female,27.6,1,no,southeast,1252.407
41,male,33.55,1,yes,northeast,13270.422265141257
64,female,26.885,1,no,southeast,29330.98315
18,male,34.4,3,yes,northeast,8522.003
33,male,35.75,1,yes,southeast,23427.924973414665
64,male,17.955,1,no,northwest,13143.86485
33,male,28.05,4,no,northeast,11432.609029309415
57,male,23.347570667310674,0,no,northwest,3736.4647
61,male,39.05,0,yes,northeast,16085.1275
48,male,35.625,1,no,southeast,10736.87075
21,male,37.39577038455442,0,no,northwest,1909.52745
48,male,30.66339686098655,3,no,northwest,13270.422265141257
52,male,30.2,1,no,northeast,9724.53
64,male,30.66339686098655,2,no,southeast,19798.05455
59,male,41.895,1,no,southeast,12333.828
46,male,30.59,0,no,southeast,3410.324
53,male,52.58,1,yes,southeast,13270.422265141257
