age,sex,bmi,children,smoker,region,charges
25,female,26.22,3,no,northeast,2721.3208
23,female,28.12,0,no,northwest,2690.1138
48,male,33.264068436293925,1,yes,northeast,23829.292350528984
67,male,31.825,0,no,southeast,13270.422265141257
18,male,23.75,0,no,southeast,1705.6245
54,male,31.24,0,no,southeast,25333.33284
23,male,24.32,3,yes,northeast,44641.1974
23,male,42.75,0,yes,northeast,40904.1995
55,male,27.7,3,no,northeast,13047.33235
12,male,44.88,1,yes,southwest,13270.422265141257
55,male,31.46,1,no,southeast,1877.9294
29,male,26.18,2,yes,southwest,44585.45587
21,female,33.63,2,no,northeast,2938.4764410165335
40,female,28.69,3,no,northwest,8059.6791
52,male,32.7,1,no,southeast,3591.48
19,female,25.365,0,yes,southwest,16297.846
39,male,38.59667525947681,0,no,southeast,19214.70553
51,male,34.96,1,yes,southeast,24869.8368
20,male,30.66339686098655,1,yes,northwest,17560.37975
59,male,34.587983488437466,0,yes,southwest,17549.523408124078
20,male,30.66339686098655,0,no,southwest,1875.344
39,male,27.075,1,no,northeast,4795.6568
61,male,36.346612168956895,1,no,southeast,1725.5523
48,female,32.56,0,no,northeast,2203.73595
21,female,27.93,3,yes,northwest,24064.19849736126
58,male,28.595,5,no,southeast,11735.87905
