age,sex,bmi,children,smoker,region,charges
30,female,20.52,1,no,northwest,5693.4305
19,female,23.4,2,no,southwest,2913.569
35,male,34.32,1,no,southeast,8236.577114301275
27,male,33.7,2,no,northeast,12741.16745
64,female,32.965,-1,no,northwest,14692.66935
29,male,28.27,1,no,northwest,5484.4673
39,male,33.82,-1,no,northeast,4518.82625
54,female,38.217529348150855,2,yes,northeast,-1152.1761124071709
51,male,39.7,1,yes,southeast,9391.346
36,female,30.66339686098655,3,no,northeast,9095.06825
19,female,30.66339686098655,5,yes,northeast,18838.70366
39,male,35.936477477402924,0,no,northwest,10115.00885
32,male,31.5,2,no,southeast,4076.497
30,male,30.66339686098655,3,no,northeast,13270.422265141257
61,male,34.675,0,no,northwest,12950.0712
41,female,33.06,2,no,northwest,12592.5345
35,male,32.585,3,no,southwest,13452.751438643576
18,male,26.18,2,no,northwest,17475.64684370345
30,female,18.081620122191506,1,no,southeast,13012.20865
39,female,33.33,1,no,southeast,1135.9407
81,male,31.35,2,yes,northwest,46130.5265
23,female,26.874286872511156,5,no,northeast,2899.48935
40,female,19.406715333059864,4,no,southwest,15828.82173
36,male,42.17010218151849,5,no,northwest,10197.7722
19,male,20.425,0,no,northwest,2355.281482618464
68,female,30.66339686098655,1,no,southeast,12244.531
46,female,35.53,0,no,northwest,42111.6647
43,female,23.2,-1,no,southeast,6250.435
58,male,36.63,3,no,northwest,5428.7277
52,male,35.2,1,no,southeast,38709.176
25,male,26.695,4,no,southeast,4877.98105
38,male,33.345,2,no,northeast,30928.61473821106
58,male,32.775,1,no,northwest,2254.7967
15,male,23.1,0,no,southeast,12235.8392
39,male,36.03114536532613,0,no,northwest,11779.806763947703
27,female,33.120561493979906,2,no,southwest,-22668.5911096508
39,female,30.495,2,no,northwest,13270.422265141257
40,male,32.30347882715212,2,no,northwest,13270.422265141257
29,male,30.66339686098655,0,yes,northeast,3176.8159
41,male,30.59,1,no,northwest,7256.7231
41,male,32.2,2,no,southeast,10976.298381235145
43,male,24.7,2,no,northwest,38156.49409807365
59,male,27.7,0,yes,southwest,16297.846
56,male,26.73,2,no,southeast,13270.422265141257
45,female,35.815,0,no,southeast,13270.422265141257
39,male,38.38,0,no,northeast,4462.7218
63,female,37.43,0,no,southeast,3176.8159
18,female,34.7,2,yes,southwest,14418.2804
19,male,21.755,0,no,southeast,1627.28245
40,male,38.38,1,no,northeast,6610.1097
46,female,25.23830404241583,0,no,southeast,8026.6666
39,female,30.495,3,no,northwest,6113.23105
