haematocrit,haemoglobins,erythrocyte,leucocyte,thrombocyte,mch,mchc,mcv,age,sex,source
39.8,12.9,4.33,7.1,215,29.8,32.4,91.9,61,F,1
31.7,10.8,3.87,9.1,292,32.0,34.1,104.7,71,M,0
41.7,13.0,4.37,7.0,314,29.7,36.5,84.61133272892113,77,F,0
42.2,14.5,4.544802055001511,12.2,334,28.2300392867936,33.1,59.1,46,M,0
32.1,10.4,3.67,14.0,190,32.84815860614261,32.4,87.5,74,M,0
36.6,13.6,4.56,20.1,316,29.8,37.2,80.3,75,M,0
29.0,9.6,3.11,22.6,258,29.677233265773545,33.1,84.61133272892113,70,F,1
36.46477986141305,10.0,4.92,4.5,304,29.9,32.97619449228118,89.2,24,M,1
38.017304349019376,12.749350256875191,4.376008714230572,19.2,403,26.0,32.5,80.2,40,F,1
47.7,16.4,5.42,12.8,338,29.1,34.4,84.7,31,M,1
45.0,16.644021295730866,4.71,7.4,326,32.1,33.33647627682079,95.5,45,F,0
49.0,15.3,6.38,5.8,318,24.0,33.5,86.8,24,M,0
31.6,10.5,3.36,7.027668690709014,107,31.3,35.92669986654133,86.50891785181449,45,M,0
38.0,18.1,4.45,10.7,262,28.154257414984542,33.2,85.4,65,F,0
30.7,10.1,3.48,5.9,78,29.0,32.9,88.2,52,M,0
47.1,16.4,4.544802055001511,7.4,279,31.5,34.8,84.3,26,M,0
37.4,12.972626618578513,4.61,7.6,258,27.1,34.47462343092208,96.53709164937621,35,F,1
29.678956043382456,14.2,4.57,8.715533393774555,311,31.1,34.3,92.37401760367351,28,F,0
39.2,12.749350256875191,4.47,8.496189542583753,241,28.2300392867936,33.7,87.7,60,M,0
40.1,8.4,5.439428826003725,6.0,438,26.799750103626817,31.8770543244042,77.1,9,M,1
49.197163379531816,15.0,5.63,6.825225475953787,341,27.7,34.2,80.8,46,M,1
45.0,15.596919845043423,5.523136164758771,8.715533393774555,261,29.5,33.3,88.37178859312024,34,M,0
30.6,14.7,3.84,4.6,132,22.2,29.9,74.4,21,M,1
38.22611060743427,13.2,4.607320721596379,9.7,251,28.5,32.8,71.6,62,F,1
39.5,13.273980248288636,4.63,1.9665336256283834,258,28.7,34.2,85.3,-5,M,0
38.22611060743427,9.6,6.28,9.7,392,29.3,33.33647627682079,95.1,64,M,0
