age,sex,bmi,children,smoker,region,charges
39,male,23.465,0,no,southeast,1824.2854
27,female,22.096981238346387,0,no,southeast,3561.8889
24,female,21.92481644225955,0,yes,northeast,14571.8908
65,male,33.3495793484455,0,yes,northeast,12485.8009
55,female,40.81,3,yes,southeast,2897.3235
19,male,44.88,4,yes,southeast,13270.422265141257
30,female,45.32,1,no,southeast,23967.934813742126
73,male,30.66339686098655,1,no,southwest,8068.185
57,male,32.57927629396794,0,no,southeast,24603.04837
40,male,25.08,0,no,southeast,5415.6612
62,female,39.16,0,no,northeast,13470.8044
60,male,30.5,0,yes,southwest,13270.422265141257
55,male,26.125,2,no,southeast,13270.422265141257
28,male,29.64,1,no,northwest,21026.7559753631
18,male,30.66339686098655,1,yes,southeast,38792.6856
29,male,31.0,2,no,southwest,44585.45587
22,female,35.535413043663596,0,no,southwest,2166.732
55,male,31.13,2,no,southeast,5836.5204
49,female,36.85,0,no,southeast,8125.7845
43,male,32.395,1,no,northwest,13430.265
62,male,32.2055008436433,1,no,southeast,36580.28216
39,female,23.275,1,no,northwest,6775.961
55,male,26.98,0,yes,southwest,10713.644
23,male,43.7,0,no,southeast,2899.48935
64,female,21.56,1,no,southeast,33059.3257405458
19,female,36.575,-1,no,southwest,5889.902920175025
13,male,30.3,1,no,southeast,4260.744
27,male,30.66339686098655,0,yes,southeast,11083.785891001258
19,female,26.86980043611221,0,no,northwest,4058.71245
27,male,31.942345184025765,0,yes,southeast,18185.91208784115
34,male,30.21,1,yes,southeast,13270.422265141257
55,female,37.1,0,no,northwest,11082.5772
60,male,24.32,1,no,northwest,13270.422265141257
57,male,23.89728377245894,0,no,northeast,11566.30055
15,male,25.46,1,no,southwest,12913.9924
35,female,35.86,2,no,northeast,2566.4707
51,female,25.8,1,no,southeast,13602.332741436898
42,female,33.55,0,no,southeast,10704.47
45,male,30.66339686098655,1,no,northwest,7831.358130911546
23,male,32.7,3,no,southwest,21716.727382252713
39,male,50.38,3,no,southeast,2438.0552
18,male,38.04081794580158,2,yes,northwest,11881.9696
39,female,24.795,1,no,northwest,16698.152918409844
50,male,41.47,0,no,northeast,37701.8768
39,female,30.66339686098655,5,no,southeast,1875.344
20,male,41.8,1,yes,southeast,47269.854
22,male,35.72,0,yes,southeast,37484.4493
30,female,28.38,1,yes,northwest,19521.9682
55,male,21.565,2,no,northeast,13747.87235
58,male,26.51,0,no,northwest,1815.8759
29,male,37.07,0,no,northwest,2404.7338
48,male,35.91,0,no,northeast,26392.26029
