haematocrit,haemoglobins,erythrocyte,leucocyte,thrombocyte,mch,mchc,mcv,age,sex,source
35.2,12.749350256875191,3.93,12.0,193,28.8,32.1,89.6,35,F,0
23.7,12.8,5.61,2.0,461,30.9,33.3,92.0,46,F,1
45.6,6.4,5.46,8.2,390,27.5,32.9,83.5,92,M,0
30.8,16.0,4.276688423577463,7.7,386,24.233145368067216,33.5,88.8,46,F,0
42.8,10.729371526218351,5.35,6.8,302,20.0,32.9,80.0,32,F,0
34.24634002826207,10.9,3.8,22.3,234,28.7,33.6,68.4,64,M,0
38.2,13.4,4.27,4.7,150,31.4,35.1,89.5,46,M,0
38.22611060743427,10.4,3.4,9.2,319,23.81207978633267,35.6,86.8,81,M,1
40.4,11.627992866138007,4.39,6.7,230,29.6,33.2,92.0,80,F,0
34.52890040351802,9.9,4.18,6.3,95,30.8,33.1,96.39188103380937,45,F,0
48.6,16.1103398380511,5.71,8.459743245738098,258,23.43742049623357,33.33647627682079,84.61133272892113,44,M,0
40.8,11.7,4.73,7.2,84,24.7,31.58440208187271,84.61133272892113,77,M,1
44.6,15.3,5.34,8.715533393774555,435,28.7,33.92409397707746,83.5,47,M,0
34.8,11.5,3.683004746086942,6.6,237,28.5,33.0,84.3,88,M,1
38.470653020365404,13.0,4.58,7.48456460172482,408,28.2300392867936,33.7,86.4,62,M,0
39.9,13.744246547561048,4.34,5.7,316,30.9,35.0,91.9,36,F,0
30.8,10.5,4.64278318157253,16.3,285,27.23798598558937,33.8,90.6,49,F,1
38.22611060743427,16.5,5.66,12.073586330637351,255,29.2,34.7,84.1,16,M,0
47.5,12.749350256875191,4.14,8.715533393774555,279,28.2,33.3,88.16183720215159,15,M,0
36.0,13.9,4.59,6.3,368,30.3,31.3,88.9,26,M,0
38.6,13.6,5.84,3.0,172,28.8,33.33647627682079,81.6,42,M,0
35.3,11.4,3.92,10.2,264,29.1,32.3,90.1,69,M,1
43.42237737232621,10.8,4.544802055001511,0.1723635229156386,258,28.2300392867936,33.76139542945487,84.78631081606656,60,F,0
38.3,12.4,4.799805512292356,3.9,320,37.8,32.4,90.1,83,M,0
38.2,12.2,4.544802055001511,9.2,492,28.0,31.609824014578816,89.15799238529675,65,M,0
48.0,16.3,5.51,3.5,120,30.5,34.0,65.7,25,F,0
