haematocrit,haemoglobins,erythrocyte,leucocyte,thrombocyte,mch,mchc,mcv,age,sex,source
38.22611060743427,13.2,3.97,5.5,293,28.1,33.33647627682079,86.7,36,F,0
38.876841672102394,15.7,5.5,5.3,258,28.5,34.1,76.27903447025375,58,M,1
34.7,11.7,3.87,8.715533393774555,253,30.2,33.7,89.7,36,M,0
42.2,14.4,4.544802055001511,6.3,338,35.551745667147735,34.1,87.3,30,M,1
32.3,9.3,4.544802055001511,8.5,377,23.4,26.0,71.5,42,M,0
22.668477748740493,11.236117942295422,4.5,8.4,426,30.0,36.3,84.61133272892113,71,M,1
29.6,14.123306029834414,3.73,14.0,233,21.7,33.1,64.8,45,F,1
24.6,8.4,2.94,23.8,296,28.6,34.1,83.7,82,M,1
35.9,12.0,3.92,10.6,298,25.708628164643404,33.4,91.6,58,M,0
38.4,13.587043028284185,4.15,10.1,178,27.577319288608308,34.1,92.5,48,M,0
44.3,12.749350256875191,5.24,4.1,156,29.3,33.330734345473104,84.5,-8,F,0
33.3,11.4,3.849585959688795,15.9,150,31.8,31.51564203787057,92.8,57,M,1
47.0,16.0,5.31,18.013286341917752,238,30.1,34.0,88.5,46,F,0
32.8,10.2,3.9388561751223086,6.6,175,18.6,33.33647627682079,77.64658001515579,52,F,0
38.3,12.749350256875191,4.22,5.1,258,29.9,32.9,80.41959299299296,80,F,0
25.2,13.8,4.64,4.2,186,29.7,34.8,85.6,30,M,1
32.56544816959227,14.5,4.81,5.9,220,30.1,34.4,87.7,38,F,0
33.6,10.6,6.173090751651044,8.715533393774555,363,21.9,32.5,69.6,3,M,0
39.7,8.6,2.75,6.617488586262745,202,31.321967775412222,35.225331243905345,91.6,79,F,0
39.4,12.8,4.8,14.9,391,26.7,31.5,82.1,68,F,0
43.7,11.6,3.31,8.0,192,27.7,34.098677807560044,98.8,86,F,0
42.7,14.2,4.99,9.7,357,28.2300392867936,33.3,85.6,43,M,0
35.8,10.7,4.4,4.1,188,28.2300392867936,33.2,92.23737317710837,33,F,0
27.9,9.980727374977121,2.86,8.248865375174269,78,33.2,34.1,97.6,71,F,0
38.22611060743427,11.7,3.6291164810646657,5.3,111,28.9,35.2,68.7,46,M,0
36.620735929001974,11.9,2.77,17.911133818165506,202,30.7,32.0,84.61133272892113,84,M,1
