haematocrit,haemoglobins,erythrocyte,leucocyte,thrombocyte,mch,mchc,mcv,age,sex,source
38.22611060743427,12.0,2.66,12.2,271,24.6,32.93084016785197,79.4,14,M,0
40.5,13.5,4.51,9.9,115,29.9,33.3,89.8,61,M,0
48.7,8.8,4.45,20.0332868238577,237,28.3,33.2,103.0,65,M,0
37.2,12.4,4.58,16.5,254,27.1,33.3,81.2,12,F,0
32.6,11.5,4.16,6.2,397,27.6,33.9,78.4,89,F,0
28.174688033549813,9.6,5.33,5.0,211,28.5,33.9,84.1,34,F,1
38.3,13.779627464592519,4.27,8.715533393774555,150,30.461975547467866,35.3,82.12906284754618,55,M,0
35.1,11.4,4.544802055001511,8.8,317,28.4,32.5,87.3,36,F,1
34.33511634505556,11.9,5.5,12.289625734794885,246,21.6,30.1,87.0,55,M,1
41.9,13.5,4.544802055001511,8.5,296,28.2300392867936,31.70375231121391,89.7,46,M,1
46.9,15.8,5.67,5.5,50,25.3,33.7,79.68743698003335,22,M,0
38.3,11.0,4.01,15.0,734,27.074435005725324,32.5,84.3,81,M,1
39.6018283689327,15.0,5.05,5.6,292,29.7,33.9,75.87075619935933,35,F,0
33.8,13.0726224250044,4.36,5.101024511964978,257,30.5,34.7,87.8,23,M,0
31.0,12.7,4.98,8.715533393774555,251,23.0,33.33647627682079,62.2,9,M,1
36.6,12.0,4.75,9.5,342,27.9,34.3,77.1,62,M,0
37.596485558059456,14.209149501841678,5.11,13.5,310,27.8,33.33647627682079,80.8,30,M,0
38.22611060743427,12.749350256875191,3.76,6.8,-19,29.8,33.8,88.0,82,F,1
27.0,15.0,2.65,5.2,262,28.7,34.9,84.61133272892113,2,M,0
44.9,12.749350256875191,5.9735780322728775,30.0,328,26.00724612732555,32.7,89.8,46,M,0
38.3,12.7,4.849826077768944,7.3,60,28.9,33.2,72.0,34,F,0
25.1,16.1,4.85,5.9,151,30.5,33.136304361213575,94.4,67,F,0
41.6,13.8,4.52,13.3,258,29.500153720168896,33.2,87.38768625195489,58,F,0
31.7,10.4,4.611701412101513,3.9,321,28.2300392867936,36.54392593899119,84.61133272892113,70,F,0
31.2,10.6,3.51,4.5,258,30.2,34.0,88.9,43,F,0
39.7,14.547788274911365,4.346317919840571,14.05050485775049,290,29.4,28.9,89.8,63,F,0
