age,sex,bmi,children,smoker,region,charges
26,female,29.92,2,no,southeast,3981.9768
62,male,36.86,1,yes,northeast,31620.00106
59,female,41.257470458228994,3,no,northeast,14382.70905
36,male,30.66339686098655,3,no,northeast,12032.326
55,female,32.67,1,no,southeast,44423.803
52,male,31.92,3,no,southwest,11411.685
57,male,43.7,1,no,southwest,11576.13
24,female,33.345,1,no,northwest,2855.43755
40,female,24.51,0,no,southeast,-2851.0216574456595
19,male,15.90432007899814,0,no,southeast,-5105.668396258839
42,male,33.4,0,no,southwest,3172.018
39,male,23.21,0,no,northeast,7490.407220049563
41,female,28.31,1,no,northwest,7153.5539
33,female,17.765,2,yes,southeast,3591.48
39,male,37.9,0,no,southeast,6474.013
22,male,35.6,1,yes,southeast,13270.422265141257
50,male,32.3,1,yes,southwest,41919.097
55,female,27.645,0,no,southeast,10807.4863
61,female,26.2,3,no,northeast,40941.2854
32,female,38.9,0,no,southwest,5972.378
43,male,32.49,1,no,northeast,3490.5491
49,male,23.784966221441014,1,no,southwest,5969.723
20,female,44.7,0,no,northwest,2261.5688
72,female,30.66339686098655,3,no,northwest,13270.422265141257
31,male,25.935,1,no,northwest,4239.89265
19,male,15.657626280053943,5,no,southwest,24010.133691508756
