age,sex,bmi,children,smoker,region,charges
40,male,24.605,1,no,southeast,5257.50795
39,male,38.0,2,no,southwest,12646.207
39,female,13.254935162665868,-1,yes,northwest,18765.87545
71,female,24.42,0,no,southeast,12029.2867
61,male,33.535,0,no,southeast,13143.33665
49,male,44.37291466508869,1,no,northwest,9566.9909
41,male,31.445,2,no,northwest,7256.7231
40,female,29.6,4,yes,southwest,5910.944
49,female,27.17,0,no,southeast,34672.1472
33,female,32.775,3,no,northwest,40003.33225
62,male,32.68,0,no,northeast,21985.599992629115
50,male,37.07,1,no,southeast,9048.0273
20,female,33.3,0,no,southwest,1880.487
29,male,22.515,2,no,northeast,5209.57885
34,male,34.3,3,no,southwest,9563.029
40,female,32.3,2,no,northeast,6986.697
38,male,16.815,2,yes,northwest,14730.945148867988
63,male,30.59,0,no,northwest,3471.4096
49,male,21.3,1,no,southeast,-3531.765875152021
76,male,21.85,1,no,southwest,-6093.990043276903
31,male,30.66339686098655,6,no,southwest,9715.841
24,male,30.66339686098655,2,yes,northwest,13270.422265141257
29,male,28.893073967204106,1,no,northeast,13974.45555
56,male,40.862110107687904,0,yes,southwest,13270.422265141257
32,female,28.93,1,yes,southeast,19719.6947
61,male,24.225,5,no,northwest,8965.79575
