age,sex,bmi,children,smoker,region,charges
44,male,29.735,2,no,northwest,13270.422265141257
52,male,33.88,0,yes,southeast,36950.2567
32,female,27.72,0,no,southeast,2464.6188
24,female,46.53,2,no,southeast,4686.3887
41,female,31.6,0,no,southwest,6186.127
55,male,29.355,1,no,southwest,14063.829226261814
64,male,30.66339686098655,0,no,northeast,14410.9321
44,male,35.815,0,no,northwest,4320.41085
60,male,30.5,2,no,northeast,12638.195
42,male,22.705,5,no,southeast,24042.90389990097
30,female,43.12,1,no,southeast,4753.6368
18,male,28.840938500555055,0,no,southeast,7603.458805389639
55,male,35.53,1,no,northeast,6610.1097
19,male,25.175,0,no,northwest,1632.03625
31,male,26.36328549647697,1,no,southeast,4441.21315
44,male,31.122695261217913,1,no,southeast,14651.557050072151
35,male,17.86,1,no,northeast,5116.5004
40,male,32.3,1,no,northwest,5699.8375
39,female,36.52,1,no,northeast,9541.69555
28,female,33.0,2,no,southeast,4349.462
52,male,26.4,3,no,northeast,25992.82104
41,male,36.96,0,no,southeast,6393.60345
56,female,25.9,0,yes,southeast,5472.449
43,female,22.93260807873756,1,no,southeast,7345.7266
39,male,36.1,3,no,southwest,13270.422265141257
55,male,30.66339686098655,1,no,northwest,10594.50155
