age,sex,bmi,children,smoker,region,charges
47,female,25.27,1,no,southeast,-5099.407947448821
42,male,30.66339686098655,1,yes,southwest,-251.53082020855345
18,male,41.14,1,no,southeast,1146.7966
58,male,35.7,0,yes,southwest,11362.755
37,female,37.145,0,no,northeast,6334.34355
39,female,24.605,1,no,northeast,8833.878289936143
56,female,37.51,2,yes,southeast,9500.57305
39,female,33.25,2,no,southeast,9722.7695
32,male,29.735,0,no,southeast,4357.04365
51,male,31.635,2,no,northwest,13270.422265141257
18,male,14.904438035688257,1,yes,northeast,34166.273
42,female,24.89990484162144,0,no,northwest,-1256.558867754109
41,male,25.745,1,no,northwest,13112.6048
39,female,23.18,3,no,southeast,10197.7722
35,male,48.67199107811005,0,no,southwest,8277.523
27,male,27.7,0,no,southeast,2498.4144
42,male,30.66339686098655,1,no,southwest,1964.78
25,male,45.54,2,no,southeast,42112.2356
19,female,32.9,0,no,northwest,11089.940587477686
30,female,31.4,1,no,northeast,5594.8455
23,male,24.51,0,no,southwest,8733.22925
24,male,32.395,1,no,northwest,2362.22905
32,female,30.66339686098655,2,yes,northeast,12362.059927869406
28,male,32.386623757435395,3,no,southwest,13270.422265141257
61,male,31.30517084995018,1,no,southeast,13270.422265141257
64,female,25.3,1,yes,southwest,7045.499
27,female,24.75,5,no,southeast,9301.89355
26,male,23.275,3,no,northeast,7986.47525
23,female,34.865,1,no,northeast,2899.48935
44,female,36.955,2,no,southwest,-17939.134350025783
45,male,21.565,0,no,northeast,1880.487
80,male,36.29,3,no,northeast,12479.70895
32,male,30.66339686098655,1,no,southeast,3866.8552
34,female,18.3,1,no,northeast,13270.422265141257
26,female,34.8,0,no,southeast,2699.56835
52,male,37.7,2,no,northwest,11289.10925
39,male,28.9,0,no,southwest,12146.971
62,male,33.12198024096969,0,no,northeast,15230.32405
22,male,34.32,5,no,northeast,8596.8278
39,male,30.66339686098655,1,no,southeast,27000.98473
18,male,32.50911376218338,0,no,southeast,13270.422265141257
39,male,30.03,1,no,northeast,2266.745378947442
18,male,26.125,0,no,northwest,1708.92575
34,female,24.285155931483096,1,yes,southeast,3659.346
46,male,25.745,3,no,northwest,16577.7795
51,male,36.87385149912405,0,no,northeast,-485.50258894702165
35,male,24.605,2,no,northwest,5257.50795
21,male,45.32,1,no,northwest,4894.7533
60,male,28.65744645584952,1,no,southwest,21677.28345
46,female,33.44,2,no,southeast,47858.26805947881
19,male,29.07,0,no,northwest,17352.6803
60,male,39.9,0,yes,northeast,48173.361
