age,sex,bmi,children,smoker,region,charges
59,male,28.785,0,yes,southeast,12129.61415
48,male,33.4,0,no,southwest,3172.018
22,female,30.66339686098655,0,no,southwest,2150.469
21,male,36.85,0,no,southeast,11082.5772
39,male,19.154947870801234,1,yes,southeast,13270.422265141257
56,female,28.69,0,no,northeast,10959.6947
26,male,31.54,1,no,northwest,15202.309693145035
21,male,28.975,0,no,southeast,861.9550519092845
79,male,33.11,3,no,southeast,2045.68525
28,male,28.595,0,no,northeast,13270.422265141257
39,male,30.66339686098655,1,no,southwest,19040.876
37,male,21.095179074384127,2,no,northwest,6203.90175
40,male,34.39,-1,no,northwest,11743.9341
27,male,31.13,1,yes,southwest,34806.4677
26,male,17.4,0,yes,southeast,2647.9894474552657
54,male,28.785,-1,no,southeast,2457.21115
26,male,23.7,2,no,southeast,3484.331
48,male,33.251643377599706,1,no,southeast,21232.18226
53,male,33.0,5,no,southwest,1980.07
39,female,32.5,0,no,southeast,16241.384975459881
50,male,25.288181948738366,2,no,northwest,30284.64294
20,female,37.43,0,no,northwest,11658.11505
49,male,28.595,3,no,northwest,10264.4421
19,male,26.03,1,yes,northwest,16450.8947
63,male,36.48,2,no,northwest,42760.5022
21,female,34.87,0,yes,southeast,2020.5523
