age,sex,bmi,children,smoker,region,charges
54,male,19.95,1,yes,southeast,4005.4225
20,female,21.50619951036583,1,no,northwest,6319.473162182185
39,male,30.66339686098655,0,no,southwest,11743.9341
27,male,32.585,3,no,northeast,14810.172024813102
49,male,27.455,2,no,southwest,18608.262
25,male,33.33,2,no,southeast,36124.5737
52,male,30.78,3,no,northeast,22771.686591479982
62,male,34.8,0,no,northeast,9060.913175707912
37,male,23.87,5,no,southeast,8582.3023
54,male,40.7384808908794,0,yes,southeast,13270.422265141257
63,male,36.765,1,no,southeast,13981.85035
18,male,40.15,0,yes,northeast,1136.3994
39,female,32.129301074565824,1,no,southwest,5972.378
47,male,37.335,5,no,northeast,21797.0004
40,male,32.0,1,yes,southeast,342.68973891297355
22,male,31.7640482035927,0,no,northeast,-4532.317980965599
19,female,35.31,1,no,northeast,27724.28875
30,male,22.0,1,no,southwest,13270.422265141257
41,female,26.4,2,no,southeast,5227.98875
47,female,36.0,1,no,southwest,8556.907
46,male,41.15341692899282,1,no,southeast,4266.1658
29,male,31.73,2,no,southeast,-21975.34508326894
18,male,30.03,0,no,southeast,1720.3537
52,male,29.64,5,no,southeast,5152.134
59,male,37.4,0,no,southwest,4667.60765
50,male,21.85,4,no,northeast,16073.788580930355
39,male,30.66339686098655,0,no,northeast,13974.45555
64,male,30.66339686098655,1,no,northwest,30166.61817
38,female,33.66,0,no,southeast,29925.924561479747
19,male,27.9,0,no,southwest,16884.924
34,female,22.61,0,no,northwest,13270.422265141257
41,male,25.1,3,yes,northwest,25382.297
39,female,26.28239202568735,1,no,southwest,10797.3362
50,female,40.47,2,no,southeast,7138.303427547692
39,male,34.1,2,no,southeast,13270.422265141257
34,female,27.5,1,no,southwest,5003.853
39,male,26.315,4,no,northeast,13270.422265141257
62,male,30.66339686098655,0,no,southwest,9957.7216
37,female,26.125,0,yes,southeast,19539.243
62,female,30.66339686098655,2,no,southeast,15019.76005
30,female,33.83753218073061,0,no,northeast,11455.28
39,female,21.755,2,yes,southeast,16657.71745
32,female,37.0,1,no,southeast,4830.63
55,male,16.582691619189738,0,yes,southeast,1981.5819
32,male,33.725,2,no,northwest,9222.4026
50,female,44.745,0,no,northeast,9541.69555
63,male,34.77,1,no,northwest,10594.2257
39,male,31.02,0,no,southeast,16586.49771
18,male,29.3600729498026,1,yes,northeast,1727.54
18,female,34.43,0,no,southeast,1137.4697
37,male,41.05035134057651,1,no,northwest,46113.511
29,female,32.11,0,no,northwest,4922.9159
