age,sex,bmi,children,smoker,region,charges
39,male,28.9,4,no,northwest,5926.846
32,male,38.23939891340403,0,no,southeast,13270.422265141257
13,male,48.07,2,no,northeast,26756.58661927889
44,male,25.6,2,no,southeast,23306.547
61,male,30.66339686098655,0,no,northwest,13415.0381
24,male,25.371545475894173,0,no,southwest,18955.22017
57,female,44.7,3,no,southeast,14456.746056380965
61,male,29.07,0,yes,northwest,29141.3603
39,male,30.5,1,no,southwest,18903.49141
63,male,29.80620326791747,3,no,northwest,4189.1131
42,female,26.07,2,yes,southwest,13779.054653326068
39,male,42.655,0,no,northeast,13270.422265141257
64,female,25.365,3,yes,northeast,9432.9253
58,female,33.1,3,no,southwest,11534.87265
49,male,40.565,0,yes,southeast,8124.4084
64,female,29.735,5,no,northeast,4529.477
29,female,30.66339686098655,1,no,southwest,2597.779
48,male,24.42,0,yes,northeast,1263.249
44,male,23.465,0,no,northeast,13270.422265141257
43,male,27.36,3,no,northeast,29757.18378004824
48,male,30.78,3,no,southeast,10141.1362
56,female,22.61,0,yes,southwest,34838.873
46,male,33.345,1,no,southeast,8334.45755
37,female,23.597260497317954,2,no,southwest,13270.422265141257
24,female,29.925,1,no,northwest,2850.68375
32,female,32.96583269774609,1,yes,northwest,9086.878157809533
37,female,28.303289476749235,1,no,southwest,6496.886
44,male,43.01,1,no,southwest,8062.764
31,female,36.63,1,no,southwest,-485.33189585300806
33,male,14.306436646214625,1,yes,southeast,19040.876
51,female,29.59,1,no,southeast,4562.8421
39,female,24.89,0,yes,northeast,21659.9301
18,male,36.38676235217139,0,no,southeast,2304.0022
48,male,30.66339686098655,3,no,southeast,13270.422265141257
53,female,31.4,3,yes,northeast,24873.3849
32,male,36.1,0,no,southeast,10085.846
43,male,29.6,0,no,southwest,2381.850583709731
58,female,27.17,2,no,northwest,1705.6245
39,female,47.6,2,no,southeast,3056.3881
39,male,24.31,1,no,southeast,33295.28472651347
49,male,31.35,1,no,northeast,9290.1395
57,male,29.0,1,no,northeast,11848.141
65,female,35.86,3,yes,southeast,61814.67958822109
39,male,30.115,1,no,northwest,16455.70785
63,male,30.66339686098655,0,no,southeast,13393.756
29,male,35.37774818505855,1,yes,southwest,32108.66282
58,male,44.22,0,no,northeast,15391.865801114109
45,male,36.86,1,no,southeast,35069.37452
35,male,45.43,1,no,southeast,6356.2707
0,female,24.993802241030213,3,yes,northwest,34166.273
24,male,26.79,-1,no,southwest,12609.88702
40,male,30.66339686098655,0,no,southeast,6435.6237
