age,sex,bmi,children,smoker,region,charges
64,male,30.8,0,no,northeast,14410.9321
55,male,29.64,1,no,northwest,5028.1466
26,male,30.66339686098655,0,no,northeast,-877.8875899816558
24,male,31.35,0,no,southwest,-4314.986464491951
56,male,39.6,1,no,southeast,22219.95923230025
39,male,45.43,0,no,southeast,27190.02520121127
29,male,30.66339686098655,1,no,southeast,33927.32119545847
52,male,38.6,2,no,southwest,10325.206
28,male,35.53,0,no,southeast,36950.2567
71,female,21.749439110410904,0,no,southeast,-4343.552468197606
42,female,35.8,2,no,northeast,7160.094
49,male,27.74,0,no,northwest,17758.1868882287
63,female,41.759133822331826,2,yes,southwest,47305.305
23,female,30.66339686098655,2,yes,southeast,4745.972910791857
40,female,30.66339686098655,1,no,northeast,3046.062
39,male,34.2,2,yes,southwest,42856.838
51,female,36.67,4,no,southeast,10848.1343
40,male,41.47,0,yes,southeast,11658.37915
59,male,36.385,3,no,southeast,11436.73815
59,female,30.66339686098655,1,no,northeast,12044.342
46,female,12.361620224906428,3,no,southeast,39871.7043
45,male,31.2,0,no,southwest,9625.92
28,male,29.45,0,no,southeast,2897.3235
25,male,41.47,0,no,southwest,17085.2676
56,female,28.785,0,no,southeast,36149.4835
37,male,27.455,1,no,northeast,7518.02535
26,male,31.065,0,no,southeast,2699.56835
19,male,38.83,2,no,northwest,2803.69785
29,male,30.18156006202204,0,no,northeast,2438.0552
35,female,26.49329348542936,3,no,southwest,6414.178
35,male,27.1,1,yes,southeast,13270.422265141257
37,female,29.7,2,yes,southwest,13270.422265141257
32,male,38.19,3,no,southwest,5253.524
45,female,39.93,0,no,northwest,7345.084
49,female,25.8,1,no,northeast,9290.1395
58,male,36.08,2,no,southeast,11363.2832
39,female,30.69211850396731,2,no,northeast,7209.4918
56,female,32.76200724548418,0,yes,southeast,11073.176
26,male,27.265,3,no,northeast,4661.28635
61,male,21.945,0,no,southeast,-1371.8733966320674
39,female,29.64,4,yes,southwest,24671.66334
25,female,28.888951652370597,1,no,southwest,3227.1211
41,male,30.78,0,yes,northeast,39597.4072
18,male,30.305,0,no,northeast,2203.73595
64,male,25.6,2,no,southwest,2730.10785
39,female,29.0,3,no,southwest,13270.422265141257
18,female,32.83587145518103,0,no,northeast,13270.422265141257
50,male,32.3,5,yes,northeast,13270.422265141257
74,male,26.84,1,yes,southeast,9504.3103
63,male,30.9,2,yes,northwest,51258.11429103906
39,female,33.433915099968935,1,no,southeast,7151.092
41,male,29.48,0,no,southeast,9487.6442
