age,sex,bmi,children,smoker,region,charges
25,female,23.465,0,no,northeast,3206.49135
30,male,43.12,2,yes,southeast,4753.6368
45,male,32.205,0,no,northwest,20609.998433600726
61,male,33.535,0,no,northeast,4149.736
55,male,36.85,0,no,southeast,8125.7845
20,male,30.685,0,no,northeast,33475.81715
16,male,38.28,0,yes,northwest,5630.45785
20,male,36.6879490631762,0,yes,southeast,16232.847
33,female,35.4,0,no,southeast,7985.815
7,female,30.66339686098655,0,yes,southeast,13270.422265141257
46,male,28.05,0,no,southeast,8233.0975
43,male,30.685,2,no,southwest,15315.90544704418
35,female,25.203113207764424,0,no,northwest,29330.98315
39,female,26.315,2,no,northwest,7201.70085
51,male,22.99,1,no,southeast,1704.5681
50,female,39.805,2,no,northwest,5857.798795142608
21,male,23.37,3,no,northeast,8252.2843
40,female,22.354686170148586,2,no,southeast,13270.422265141257
39,female,37.29,1,no,southeast,1141.4451
61,male,23.655,1,no,northeast,13129.60345
24,male,32.7,0,yes,southwest,34472.841
64,male,39.05,3,no,southwest,16085.1275
50,female,31.6,0,no,northwest,169.00825084672306
50,male,32.555164458125546,2,no,southeast,25333.33284
23,male,30.66339686098655,0,yes,southeast,2789.0574
58,male,27.94,0,no,southwest,11837.16
