haematocrit,haemoglobins,erythrocyte,leucocyte,thrombocyte,mch,mchc,mcv,age,sex,source
48.61575947208313,13.1,4.51,4.0,262,29.0,33.2,73.15320346892246,46,M,1
40.0,14.9,4.59,8.715533393774555,102,28.2300392867936,34.2002984111828,81.5,11,M,1
39.2,12.317507218178509,4.52,9.377439664808975,240,28.8,33.2,86.7,7,F,0
44.7,16.7,5.36,6.3,150,31.2,35.8,86.9,61,M,0
38.3,12.6,4.55,6.7,414,28.621121479692295,32.9,84.2,34,F,1
27.6,12.4,4.645661293193995,8.575772622346708,153,31.7,35.5,70.2,50,M,1
36.9,12.2,4.544802055001511,3.9,258,28.2300392867936,33.50399749268307,87.21455197266181,46,M,1
45.2,14.9,4.544802055001511,7.3,200,28.2,33.0,98.3,24,M,0
36.0,14.795862808244122,4.328902908184695,30.356029304680703,258,32.5,35.8,80.0,82,M,0
38.22611060743427,15.1,4.991296355551504,13.3,36,29.5,34.1,86.7,69,M,1
35.4,12.51848115383015,4.8,2.6,85,29.937394336357986,28.5,98.7,1,M,0
46.6,16.0,3.41,7.5,150,31.7,33.3,88.7,57,M,1
43.0,14.4,5.06,12.0,20,24.0,33.5,85.0,69,M,1
37.8,11.718423005640156,4.02,11.4,294,30.3,32.3,94.0,52,M,1
38.22611060743427,12.8,4.37,3.0,38,29.3,33.33647627682079,85.6,44,F,0
37.4,10.4,4.69,4.6,294,27.9,35.0,82.23652340838204,6,M,1
37.569488925686876,12.1,3.82,30.6,73,24.9,33.47643737612026,85.1815193954353,83,M,0
40.4,15.4,5.35,5.0,14,17.5,34.3,83.9,69,M,1
35.6,9.8,4.04,6.2,206,27.20205247619684,34.8,88.1,58,M,1
39.1,12.749350256875191,4.016877167492568,13.0,619,30.3,32.5,93.3,58,M,0
37.0,6.1,2.25,8.6,22,27.1,32.8,82.7,77,M,0
30.0,12.749350256875191,3.56,8.715533393774555,386,28.4,33.7,84.3,53,F,1
42.4,13.6,5.3,3.3,157,25.7,32.1,97.6,29,M,0
39.0,12.9,4.38,7.8,300,27.7278574618979,35.361826960950914,89.0,46,F,0
32.88367911069613,11.8,4.71,2.7916806170497983,253,28.7,33.0,84.61133272892113,38,M,0
32.74036423056685,13.7,4.91,8.2,66,29.8,33.33647627682079,84.61133272892113,44,M,0
