age,sex,bmi,children,smoker,region,charges
61,male,33.33,4,no,southeast,49613.53201085824
42,male,37.18,2,no,southeast,-609.9787082101193
32,male,30.66339686098655,1,no,southeast,10928.849
62,female,36.86,1,no,northeast,48824.45
47,male,19.19,1,no,northeast,5615.369
58,male,23.3,1,no,southeast,-5508.492047296455
32,male,24.6,1,yes,southeast,14350.697727171306
28,female,33.11,0,no,southeast,3171.6149
38,female,30.02,1,no,southwest,13352.0998
28,female,24.3,5,yes,northeast,37607.5277
34,male,21.3,1,yes,northwest,9566.9909
19,female,23.275,3,no,northwest,7986.47525
30,male,41.976726666842694,2,yes,northwest,17361.7661
61,male,22.135,0,no,southeast,13270.422265141257
64,male,24.42,3,no,southeast,51194.55914
39,male,29.26,2,no,northwest,5966.8874
18,female,30.66339686098655,1,no,southeast,2201.0971
33,male,36.52,4,yes,northwest,11385.72470503272
43,male,35.44917791248659,2,no,southeast,7160.3303
55,male,30.66339686098655,0,no,northwest,30063.58055
56,female,34.53594259379172,1,yes,southwest,13270.422265141257
30,male,24.78579743532667,2,no,southwest,-14470.774378186787
19,male,35.15,1,yes,northwest,2134.9015
39,female,27.74,4,no,southwest,20984.0936
24,female,27.6,0,no,southwest,5383.536
50,male,36.4,1,yes,southwest,19361.9988
29,female,28.93,0,no,southwest,15230.919259345006
39,male,24.55978454232989,0,yes,southwest,13844.506
19,male,31.06215122369635,3,no,southeast,1832.094
41,female,34.21,0,no,northwest,6289.7549
20,male,37.0,1,no,southwest,4830.63
20,male,28.025,1,yes,southeast,13270.422265141257
57,female,27.94,1,no,southeast,11554.2236
46,male,35.76384596508462,1,no,southwest,8825.086
40,female,32.8,0,no,southwest,13270.422265141257
18,female,26.15404577424769,0,yes,northeast,14283.4594
50,female,34.3632274263632,1,no,northeast,13270.422265141257
50,male,30.66339686098655,2,yes,northeast,39690.13469093168
39,female,23.18,1,no,northeast,2731.9122
39,male,33.0,2,no,southeast,4349.462
28,male,30.21,2,no,northeast,4438.2634
28,female,25.935,1,no,northeast,11763.0009
47,male,34.105,1,yes,northeast,6600.20595
34,female,42.13,2,no,northwest,14358.36437
31,male,29.81,0,yes,southeast,41919.097
23,female,26.63685954585031,2,no,southwest,17496.306
40,male,30.66339686098655,1,yes,southeast,39125.33225
21,male,23.21,0,no,southeast,1515.3449
39,female,37.4,0,no,southeast,21797.0004
54,female,27.7,3,no,northwest,-24305.70560523842
73,male,26.41,2,no,northeast,26894.914291314417
32,female,20.3,3,no,northeast,6334.34355
