haematocrit,haemoglobins,erythrocyte,leucocyte,thrombocyte,mch,mchc,mcv,age,sex,source
40.2,13.4,4.612232373108569,8.2,296,28.9,33.3,86.32283825309445,37,M,1
34.7,10.893550732117962,4.72,2.4,300,27.5,33.7,89.0,4,M,0
47.2,16.0,5.47,7.7,164,28.2300392867936,33.9,86.3,25,M,0
17.7,8.5,3.65,8.715533393774555,258,29.2,33.86293944758659,76.3,15,M,0
37.27678568419922,9.5,3.39,7.2,138,16.5,32.9,85.3,26,M,1
33.166055979461156,12.9,4.38,7.8,300,28.2300392867936,33.1,81.5,61,F,1
38.22611060743427,6.2,4.85,5.3,358,24.526061530514458,32.1,80.4,47,F,1
28.4,12.8,4.58,7.2,236,31.1,32.85020559402585,90.6,46,M,0
38.22611060743427,10.6,4.100217005078333,5.0,538,25.7,33.33647627682079,84.61133272892113,70,M,0
41.6,14.0,4.71,12.977826259587808,80,29.7,33.33647627682079,88.3,65,F,0
41.7,12.3,3.92,4.8,258,31.4,32.8,95.7,56,F,1
28.7,9.5,3.04,6.8,910,30.245414191017918,34.69094113448446,94.4,15,M,0
45.1,14.8,4.75,8.715533393774555,347,25.1,32.8,77.7,48,M,0
44.6,14.6,5.12,2.1,11,29.5,35.14531405277098,87.1,23,M,1
40.2,13.9,4.76,12.1,206,23.3,34.6,84.5,52,F,0
36.0,11.272509437119234,4.544802055001511,15.7,290,27.2,35.2,84.61133272892113,9,M,0
32.6,12.749350256875191,4.14,8.95896328544164,297,26.1,33.1,87.01291004213836,15,F,0
38.6,15.6,4.42,4.7,59,29.0,33.2,87.3,46,M,0
37.0,12.8,4.34,5.2,98,29.5,28.5,84.10759552799561,27,M,1
37.0,12.5,4.65,9.9,296,26.9,33.8,79.6,30,F,0
40.85174087508808,14.557223048348943,5.26867324167877,4.085845626870791,228,29.235705935481015,33.6,82.63981915939146,57,M,0
37.5,14.1,5.9,9.2,181,29.7,33.8,87.8,45,F,1
37.3,12.749350256875191,4.582395750991434,6.5,360,28.4,33.2,85.4,48,M,0
41.4,14.4,4.544802055001511,9.4,247,30.5,37.8,87.7,35,M,1
37.53116975035105,11.5,4.36,19.6,356,28.868636023296016,32.4,81.4,67,F,0
33.7,11.747063466252246,4.44,9.505539347570517,337,24.8,32.6,75.9,42,F,0
