age,sex,bmi,children,smoker,region,charges
19,male,31.255,0,no,northwest,2907.4622915366126
57,male,40.28,0,no,southeast,20709.02034
20,male,28.11825529741698,-2,yes,southwest,20167.33603
23,male,40.817062386352006,0,yes,northwest,1824.2854
58,male,32.11,0,no,northeast,13555.0049
56,male,35.66330763385473,2,yes,northwest,26109.32905
33,male,36.33418080392199,1,yes,northeast,10564.8845
55,female,39.27,2,no,southeast,11150.78
55,male,30.685,2,yes,northeast,1622.1885
34,female,26.41,1,no,northwest,28059.438181473197
49,female,42.68,1,no,southeast,9800.8882
30,male,30.66339686098655,1,no,southeast,3659.346
60,male,30.66339686098655,1,no,southeast,3956.07145
46,female,39.615,1,no,northwest,11214.501245424943
20,female,27.4999502902727,0,no,southeast,8457.818
26,female,31.92,0,no,northwest,14210.53595
39,male,34.86144132136686,1,no,southwest,17497.07901849267
38,female,33.7,1,no,southeast,5012.471
39,female,27.72,0,no,southeast,13270.422265141257
19,female,23.548881510841067,0,no,northeast,13270.422265141257
44,female,25.0,1,no,southeast,22448.162804601867
45,male,20.35,3,no,southeast,8605.3615
15,male,25.555,0,no,southwest,1253.936
29,female,27.925062651261136,4,no,southwest,5708.867
21,male,30.66339686098655,3,no,northeast,3861.20965
25,male,36.2,3,no,southwest,1877.9294
35,male,24.13,3,no,northeast,5125.2157
46,female,28.433333623681058,3,no,northeast,4403.296984828925
39,male,23.8,0,no,southwest,3847.674
39,male,28.8,1,no,southwest,13270.422265141257
59,male,31.635,-1,no,southeast,27218.43725
38,female,33.99,0,no,southeast,5400.9805
52,male,32.775,3,no,northwest,11289.10925
60,female,36.005,0,no,northeast,32815.53085374115
43,female,23.2,1,no,southwest,13270.422265141257
19,male,35.53,0,no,northeast,1646.4297
58,male,34.2,4,no,southeast,11345.519
28,male,30.66339686098655,1,no,southeast,36307.7983
-7,female,30.115,0,yes,southeast,2203.47185
39,female,30.66339686098655,0,no,southwest,-365.7331006223417
27,female,20.7,1,no,southwest,39722.7462
63,male,25.745,2,yes,northeast,3279.86855
43,female,24.1,1,yes,southwest,26236.57997
21,male,23.4,0,no,southeast,2205.9808
29,male,27.94,0,no,southwest,13270.422265141257
54,female,25.175,0,no,northwest,1632.03625
19,male,37.905,1,no,southwest,2913.569
21,male,26.98,0,yes,southeast,28950.4692
37,male,28.7,1,no,northeast,20296.86345
33,female,28.405,4,no,northwest,55135.40209
21,female,32.85732153883521,2,no,northeast,4114.364899130764
57,male,27.94,1,no,southwest,8508.431832217
