age,sex,bmi,children,smoker,region,charges
18,female,22.04,0,yes,southeast,44400.4064
54,female,21.47,3,no,southeast,12475.3513
24,male,28.5,2,no,northwest,3537.703
46,female,23.18,2,yes,northeast,1621.8827
24,male,25.174156128876675,1,no,northeast,8269.044
31,male,23.9,2,no,southwest,19013.531110514763
52,female,46.75,5,no,southeast,12592.5345
60,female,32.45,0,yes,southeast,45008.9555
19,male,42.24,1,no,southwest,1837.237
19,male,24.605,1,no,northeast,2709.24395
87,female,38.06,0,no,northwest,13616.3586
63,female,42.52248005030705,2,no,southwest,2690.1138
60,female,24.035,0,no,northwest,13012.20865
55,male,42.35,3,no,northwest,30063.58055
39,male,37.29,2,no,southeast,1285.7494701339529
44,male,41.07007202189168,2,no,northeast,32108.66282
57,male,40.28,0,no,northeast,20709.02034
39,female,32.3,1,no,northwest,860.010013188019
51,male,25.08,0,no,northeast,13270.422265141257
75,female,28.804624000472717,4,no,northeast,13270.422265141257
18,female,31.13,0,no,southwest,10197.7722
53,female,23.75,2,no,northeast,11729.6795
26,male,30.66339686098655,0,yes,southeast,3201.24515
43,male,27.835,1,no,northwest,17722.576269745154
37,female,30.66339686098655,1,no,southeast,6313.759
35,female,23.465,0,no,northwest,6402.29135
