age,sex,bmi,children,smoker,region,charges
58,male,36.08,0,no,northeast,21984.47061
9,male,18.94058983262955,2,no,southwest,1241.565
64,male,39.6,0,no,southwest,45154.95605967434
30,female,27.93,1,no,northeast,1121.8739
43,female,31.9,6,no,southeast,11552.904
42,male,28.6664691158154,0,no,southwest,5969.723
26,male,28.5,1,no,northwest,9877.6077
39,female,27.72,0,no,southeast,4415.1588
24,male,31.065,0,yes,northeast,34254.05335
57,female,28.785,-2,no,northeast,14394.39815
29,male,30.74423538593422,4,no,northeast,6640.54485
23,male,50.38,1,no,southwest,2438.0552
39,male,38.28,0,no,northeast,12146.971
66,female,32.395,1,no,southeast,13019.16105
42,female,33.10472510366283,0,no,southwest,3989.841
41,male,27.06,0,no,southeast,1826.843
39,female,29.735,1,no,northeast,32108.66282
61,male,22.705,2,no,northeast,13270.422265141257
45,male,31.0,1,no,southwest,22151.219666609224
51,female,25.08,3,no,northwest,16827.8639436218
58,male,31.255,0,no,southeast,11381.3254
32,male,30.66339686098655,3,no,northeast,2192.8171277916244
43,male,30.66339686098655,3,no,northeast,8606.2174
46,male,43.89,3,no,southeast,19000.872682566267
18,male,23.085,1,no,northeast,1704.70015
24,male,22.6,0,no,southwest,2457.502
31,male,31.065,0,no,southwest,4347.02335
20,male,30.66339686098655,0,yes,southwest,26125.67477
36,female,31.21405439474797,2,no,southeast,5584.3057
59,male,29.83,0,no,northeast,4982.2484307106715
52,female,32.775,3,no,southeast,11289.10925
39,male,28.572747491630857,0,no,southeast,6082.405
49,male,38.66212792888484,1,no,northeast,13270.422265141257
34,male,42.00756492607588,0,no,northwest,3935.1799
33,male,33.44,5,no,southeast,6653.7886
18,male,28.9,0,no,southeast,1704.70015
66,male,30.66339686098655,2,no,southwest,13270.422265141257
39,female,34.1,3,no,northeast,13270.422265141257
19,female,28.70837468793159,1,yes,northwest,14189.952811042596
39,male,30.34740109546122,3,no,southeast,13457.9608
18,male,27.265,1,no,southeast,1711.0268
54,female,31.24,0,no,southeast,14078.08051870799
33,male,36.19,0,no,southeast,11363.2832
48,male,28.595,3,yes,southeast,-805.3276478403313
27,male,30.5,0,no,southwest,2494.022
19,male,28.4,0,no,southeast,1842.519
39,male,33.11,1,yes,northwest,6548.19505
44,female,30.66339686098655,0,yes,northwest,14873.000317909722
48,male,23.8,0,no,northeast,13270.422265141257
32,female,29.0,1,no,southwest,7050.642
19,male,26.695,0,no,southeast,12638.195
63,female,37.73,1,no,southeast,3537.703
